"DESCRIPTION","DURATION IN MS","NAME","PARENT SUITE","START TIME","STATUS","STOP TIME","SUB SUITE","SUITE","TEST CLASS","TEST METHOD"
"","2","SPACE-SUBTRACTION-TESTS.02","","Sun Dec 22 12:17:40 GMT 2024","passed","Sun Dec 22 12:17:40 GMT 2024","","HYPERON-METTALOG-SANITY","HYPERON-METTALOG-SANITY",""
"","2","D4-TYPE-PROP.18","","Sun Dec 22 12:43:12 GMT 2024","passed","Sun Dec 22 12:43:12 GMT 2024","","QUICK","QUICK",""
"","15","D3-DEPTYPES.04","","Sun Dec 22 12:14:59 GMT 2024","passed","Sun Dec 22 12:14:59 GMT 2024","","HYPERON-EXPERIMENTAL-SCRIPTS","HYPERON-EXPERIMENTAL-SCRIPTS",""
"","2","E2-STATES.03","","Sun Dec 22 12:14:59 GMT 2024","passed","Sun Dec 22 12:14:59 GMT 2024","","HYPERON-EXPERIMENTAL-SCRIPTS","HYPERON-EXPERIMENTAL-SCRIPTS",""
"","2","MATCH-VOID.01","","Sun Dec 22 12:23:09 GMT 2024","passed","Sun Dec 22 12:23:09 GMT 2024","","METTA-MORPH-TESTS","METTA-MORPH-TESTS",""
"","3","METATYPES---METTA-LANGUAGE1.09","","Sun Dec 22 12:26:14 GMT 2024","passed","Sun Dec 22 12:26:14 GMT 2024","","METTA-LANG","METTA-LANG",""
"","2","D4-TYPE-PROP.09","","Sun Dec 22 12:43:12 GMT 2024","passed","Sun Dec 22 12:43:12 GMT 2024","","QUICK","QUICK",""
"","3","CONTROLLING-PATTERN-MATCHING---METTA-LANGUAGE11.03","","Sun Dec 22 12:26:14 GMT 2024","passed","Sun Dec 22 12:26:14 GMT 2024","","METTA-LANG","METTA-LANG",""
"","2","WORKING-WITH-SPACES---METTA-LANGUAGE8.04","","Sun Dec 22 12:26:14 GMT 2024","passed","Sun Dec 22 12:26:14 GMT 2024","","METTA-LANG","METTA-LANG",""
"","2","BASE-TEST-REPR-PARSE-INTERSECTION.04","","Sun Dec 22 12:17:40 GMT 2024","passed","Sun Dec 22 12:17:40 GMT 2024","","HYPERON-METTALOG-SANITY","HYPERON-METTALOG-SANITY",""
"","1","BCHAIN.03","","Sun Dec 22 12:10:56 GMT 2024","passed","Sun Dec 22 12:10:56 GMT 2024","","ANTI-REGRESSION","ANTI-REGRESSION",""
"","2","F1-MODULEA.07","","Sun Dec 22 12:10:42 GMT 2024","passed","Sun Dec 22 12:10:42 GMT 2024","","MODULE-SYSTEM","MODULE-SYSTEM",""
"","2","F1-IMPORTS.16","","Sun Dec 22 12:14:59 GMT 2024","passed","Sun Dec 22 12:14:59 GMT 2024","","HYPERON-EXPERIMENTAL-SCRIPTS","HYPERON-EXPERIMENTAL-SCRIPTS",""
"","2","FIND-ALL-TESTS.07","","Sun Dec 22 12:17:40 GMT 2024","passed","Sun Dec 22 12:17:40 GMT 2024","","HYPERON-METTALOG-SANITY","HYPERON-METTALOG-SANITY",""
"","6000","metta-morph_tests.let_superpose_list","","Sun Dec 22 12:10:49 GMT 2024","passed","Sun Dec 22 12:10:55 GMT 2024","","WHOLE-TESTS","WHOLE-TESTS",""
"","4","SEALED-TEST.02","","Sun Dec 22 12:17:40 GMT 2024","passed","Sun Dec 22 12:17:40 GMT 2024","","HYPERON-METTALOG-SANITY","HYPERON-METTALOG-SANITY",""
"","2","D4-TYPE-PROP.02","","Sun Dec 22 12:43:12 GMT 2024","passed","Sun Dec 22 12:43:12 GMT 2024","","QUICK","QUICK",""
"","4","SEALED-TEST.01","","Sun Dec 22 12:17:40 GMT 2024","passed","Sun Dec 22 12:17:40 GMT 2024","","HYPERON-METTALOG-SANITY","HYPERON-METTALOG-SANITY",""
"","7000","hyperon-mettalog_sanity.string-tests","","Sun Dec 22 12:10:49 GMT 2024","passed","Sun Dec 22 12:10:56 GMT 2024","","WHOLE-TESTS","WHOLE-TESTS",""
"","7000","metta_lang.Recursion_and_control___MeTTa_Language4","","Sun Dec 22 12:10:49 GMT 2024","passed","Sun Dec 22 12:10:56 GMT 2024","","WHOLE-TESTS","WHOLE-TESTS",""
"","2","B3-DIRECT.02","","Sun Dec 22 12:14:59 GMT 2024","passed","Sun Dec 22 12:14:59 GMT 2024","","HYPERON-EXPERIMENTAL-SCRIPTS","HYPERON-EXPERIMENTAL-SCRIPTS",""
"","2","00-LANG-CASE.02","","Sun Dec 22 12:17:40 GMT 2024","passed","Sun Dec 22 12:17:40 GMT 2024","","HYPERON-METTALOG-SANITY","HYPERON-METTALOG-SANITY",""
"","2","F1-IMPORTS.10","","Sun Dec 22 12:10:42 GMT 2024","passed","Sun Dec 22 12:10:42 GMT 2024","","MODULE-SYSTEM","MODULE-SYSTEM",""
"","2","06-MATCH-IN-SPACE.03","","Sun Dec 22 12:17:40 GMT 2024","passed","Sun Dec 22 12:17:40 GMT 2024","","HYPERON-METTALOG-SANITY","HYPERON-METTALOG-SANITY",""
"","7000","metta_lang.Operations_over_atoms___MeTTa_Language5","","Sun Dec 22 12:10:49 GMT 2024","passed","Sun Dec 22 12:10:56 GMT 2024","","WHOLE-TESTS","WHOLE-TESTS",""
"","2","C3-PLN-STV.01","","Sun Dec 22 12:14:59 GMT 2024","passed","Sun Dec 22 12:14:59 GMT 2024","","HYPERON-EXPERIMENTAL-SCRIPTS","HYPERON-EXPERIMENTAL-SCRIPTS",""
"","2","OR-TEST.19","","Sun Dec 22 12:17:40 GMT 2024","passed","Sun Dec 22 12:17:40 GMT 2024","","HYPERON-METTALOG-SANITY","HYPERON-METTALOG-SANITY",""
"","150","BASIC-EVALUATION---METTA-LANGUAGE11.02","","Sun Dec 22 12:26:14 GMT 2024","failed","Sun Dec 22 12:26:14 GMT 2024","","METTA-LANG","METTA-LANG",""
"","3","WORKING-WITH-SPACES---METTA-LANGUAGE11.01","","Sun Dec 22 12:26:14 GMT 2024","passed","Sun Dec 22 12:26:14 GMT 2024","","METTA-LANG","METTA-LANG",""
"","8000","hyperon-mettalog_sanity.space_intersection_tests","","Sun Dec 22 12:10:49 GMT 2024","passed","Sun Dec 22 12:10:57 GMT 2024","","WHOLE-TESTS","WHOLE-TESTS",""
"","2","CONSOLE-OUTPUT-AND-DEBUGGING---METTA-LANGUAGE5.06","","Sun Dec 22 12:26:14 GMT 2024","passed","Sun Dec 22 12:26:14 GMT 2024","","METTA-LANG","METTA-LANG",""
"","2","WORKING-WITH-SPACES---METTA-LANGUAGE8.05","","Sun Dec 22 12:26:14 GMT 2024","passed","Sun Dec 22 12:26:14 GMT 2024","","METTA-LANG","METTA-LANG",""
"","3","B0-CHAINING-PRELIM.04","","Sun Dec 22 12:14:59 GMT 2024","passed","Sun Dec 22 12:14:59 GMT 2024","","HYPERON-EXPERIMENTAL-SCRIPTS","HYPERON-EXPERIMENTAL-SCRIPTS",""
"","2","B0-CHAINING-PRELIM.02","","Sun Dec 22 12:14:59 GMT 2024","passed","Sun Dec 22 12:14:59 GMT 2024","","HYPERON-EXPERIMENTAL-SCRIPTS","HYPERON-EXPERIMENTAL-SCRIPTS",""
"","64","SEQUENTIAL-NESTED.11","","Sun Dec 22 12:23:09 GMT 2024","passed","Sun Dec 22 12:23:09 GMT 2024","","METTA-MORPH-TESTS","METTA-MORPH-TESTS",""
"","66","RECURSIVE-AND-PARAMETRIC-TYPES---METTA-LANGUAGE4.02","","Sun Dec 22 12:26:14 GMT 2024","failed","Sun Dec 22 12:26:14 GMT 2024","","METTA-LANG","METTA-LANG",""
"","2","B5-TYPES-PRELIM.09","","Sun Dec 22 12:14:59 GMT 2024","passed","Sun Dec 22 12:14:59 GMT 2024","","HYPERON-EXPERIMENTAL-SCRIPTS","HYPERON-EXPERIMENTAL-SCRIPTS",""
"","7000","metta_lang.Working_with_spaces___MeTTa_Language16","","Sun Dec 22 12:10:49 GMT 2024","passed","Sun Dec 22 12:10:56 GMT 2024","","WHOLE-TESTS","WHOLE-TESTS",""
"","7000","metta-morph_tests.add_atom_match","","Sun Dec 22 12:10:49 GMT 2024","passed","Sun Dec 22 12:10:56 GMT 2024","","WHOLE-TESTS","WHOLE-TESTS",""
"","2","C1-GROUNDED-BASIC.21","","Sun Dec 22 12:43:12 GMT 2024","passed","Sun Dec 22 12:43:12 GMT 2024","","QUICK","QUICK",""
"","3","STRING-TESTS.11","","Sun Dec 22 12:17:40 GMT 2024","passed","Sun Dec 22 12:17:40 GMT 2024","","HYPERON-METTALOG-SANITY","HYPERON-METTALOG-SANITY",""
"","3","INTERSECTION-TESTS.04","","Sun Dec 22 12:17:40 GMT 2024","passed","Sun Dec 22 12:17:40 GMT 2024","","HYPERON-METTALOG-SANITY","HYPERON-METTALOG-SANITY",""
"","3","CONCRETE-TYPES---METTA-LANGUAGE8.01","","Sun Dec 22 12:26:14 GMT 2024","passed","Sun Dec 22 12:26:14 GMT 2024","","METTA-LANG","METTA-LANG",""
"","62","D5-AUTO-TYPES.02","","Sun Dec 22 12:14:59 GMT 2024","failed","Sun Dec 22 12:14:59 GMT 2024","","HYPERON-EXPERIMENTAL-SCRIPTS","HYPERON-EXPERIMENTAL-SCRIPTS",""
"","2","SUPERCOLLAPSE.03","","Sun Dec 22 12:23:09 GMT 2024","passed","Sun Dec 22 12:23:09 GMT 2024","","METTA-MORPH-TESTS","METTA-MORPH-TESTS",""
"","13","RECURSIVE-AND-PARAMETRIC-TYPES---METTA-LANGUAGE7.08","","Sun Dec 22 12:26:14 GMT 2024","passed","Sun Dec 22 12:26:14 GMT 2024","","METTA-LANG","METTA-LANG",""
"","17","CONCRETE-TYPES---METTA-LANGUAGE2.01","","Sun Dec 22 12:26:14 GMT 2024","failed","Sun Dec 22 12:26:14 GMT 2024","","METTA-LANG","METTA-LANG",""
"","3","BASIC-EVALUATION---METTA-LANGUAGE14.03","","Sun Dec 22 12:26:14 GMT 2024","passed","Sun Dec 22 12:26:14 GMT 2024","","METTA-LANG","METTA-LANG",""
"","6000","metta_lang.Working_with_spaces___MeTTa_Language7","","Sun Dec 22 12:10:49 GMT 2024","passed","Sun Dec 22 12:10:55 GMT 2024","","WHOLE-TESTS","WHOLE-TESTS",""
"","2","STATES-SPACES.03","","Sun Dec 22 12:23:09 GMT 2024","passed","Sun Dec 22 12:23:09 GMT 2024","","METTA-MORPH-TESTS","METTA-MORPH-TESTS",""
"","2","CONTROLLING-PATTERN-MATCHING---METTA-LANGUAGE12.05","","Sun Dec 22 12:26:14 GMT 2024","passed","Sun Dec 22 12:26:14 GMT 2024","","METTA-LANG","METTA-LANG",""
"","2","D2-HIGHERFUNC.24","","Sun Dec 22 12:43:12 GMT 2024","passed","Sun Dec 22 12:43:12 GMT 2024","","QUICK","QUICK",""
"","3","E1-KB-WRITE.01","","Sun Dec 22 12:14:59 GMT 2024","passed","Sun Dec 22 12:14:59 GMT 2024","","HYPERON-EXPERIMENTAL-SCRIPTS","HYPERON-EXPERIMENTAL-SCRIPTS",""
"","2","CONTROLLING-PATTERN-MATCHING---METTA-LANGUAGE10.02","","Sun Dec 22 12:26:14 GMT 2024","passed","Sun Dec 22 12:26:14 GMT 2024","","METTA-LANG","METTA-LANG",""
"","2","CONCRETE-TYPES---METTA-LANGUAGE7.05","","Sun Dec 22 12:26:14 GMT 2024","passed","Sun Dec 22 12:26:14 GMT 2024","","METTA-LANG","METTA-LANG",""
"","2","C1-GROUNDED-BASIC.10","","Sun Dec 22 12:14:59 GMT 2024","passed","Sun Dec 22 12:14:59 GMT 2024","","HYPERON-EXPERIMENTAL-SCRIPTS","HYPERON-EXPERIMENTAL-SCRIPTS",""
"","6000","metta-morph_tests.collapse","","Sun Dec 22 12:10:49 GMT 2024","passed","Sun Dec 22 12:10:55 GMT 2024","","WHOLE-TESTS","WHOLE-TESTS",""
"","107","INTERSECTION-TESTS.21","","Sun Dec 22 12:17:40 GMT 2024","passed","Sun Dec 22 12:17:40 GMT 2024","","HYPERON-METTALOG-SANITY","HYPERON-METTALOG-SANITY",""
"","8","D2-HIGHERFUNC.20","","Sun Dec 22 12:43:12 GMT 2024","passed","Sun Dec 22 12:43:12 GMT 2024","","QUICK","QUICK",""
"","2","F1-IMPORTS.19","","Sun Dec 22 12:43:12 GMT 2024","passed","Sun Dec 22 12:43:12 GMT 2024","","QUICK","QUICK",""
"","7000","metta_lang.Nested_queries_and_recursive_graph_traversal___MeTTa_Language2","","Sun Dec 22 12:10:49 GMT 2024","passed","Sun Dec 22 12:10:56 GMT 2024","","WHOLE-TESTS","WHOLE-TESTS",""
"","54","CONSOLE-OUTPUT-AND-DEBUGGING---METTA-LANGUAGE2.07","","Sun Dec 22 12:26:14 GMT 2024","passed","Sun Dec 22 12:26:14 GMT 2024","","METTA-LANG","METTA-LANG",""
"","2","D2-HIGHERFUNC.09","","Sun Dec 22 12:14:59 GMT 2024","passed","Sun Dec 22 12:14:59 GMT 2024","","HYPERON-EXPERIMENTAL-SCRIPTS","HYPERON-EXPERIMENTAL-SCRIPTS",""
"","2","WORKING-WITH-SPACES---METTA-LANGUAGE3.06","","Sun Dec 22 12:26:14 GMT 2024","passed","Sun Dec 22 12:26:14 GMT 2024","","METTA-LANG","METTA-LANG",""
"","7000","metta-morph_tests.sequential_nested","","Sun Dec 22 12:10:49 GMT 2024","passed","Sun Dec 22 12:10:56 GMT 2024","","WHOLE-TESTS","WHOLE-TESTS",""
"","69","CONTROLLING-PATTERN-MATCHING---METTA-LANGUAGE9.02","","Sun Dec 22 12:26:14 GMT 2024","passed","Sun Dec 22 12:26:14 GMT 2024","","METTA-LANG","METTA-LANG",""
"","2","METATYPES---METTA-LANGUAGE2.05","","Sun Dec 22 12:26:14 GMT 2024","passed","Sun Dec 22 12:26:14 GMT 2024","","METTA-LANG","METTA-LANG",""
"","2","A1-SYMBOLS.03","","Sun Dec 22 12:14:59 GMT 2024","passed","Sun Dec 22 12:14:59 GMT 2024","","HYPERON-EXPERIMENTAL-SCRIPTS","HYPERON-EXPERIMENTAL-SCRIPTS",""
"","2","C1-GROUNDED-BASIC.02","","Sun Dec 22 12:14:59 GMT 2024","passed","Sun Dec 22 12:14:59 GMT 2024","","HYPERON-EXPERIMENTAL-SCRIPTS","HYPERON-EXPERIMENTAL-SCRIPTS",""
"","2","F1-IMPORTS.12","","Sun Dec 22 12:10:42 GMT 2024","passed","Sun Dec 22 12:10:42 GMT 2024","","MODULE-SYSTEM","MODULE-SYSTEM",""
"","3","WORKING-WITH-SPACES---METTA-LANGUAGE16.01","","Sun Dec 22 12:26:14 GMT 2024","passed","Sun Dec 22 12:26:14 GMT 2024","","METTA-LANG","METTA-LANG",""
"","7000","metta_lang.Recursive_and_parametric_types___MeTTa_Language2","","Sun Dec 22 12:10:49 GMT 2024","passed","Sun Dec 22 12:10:56 GMT 2024","","WHOLE-TESTS","WHOLE-TESTS",""
"","7000","hyperon-mettalog_sanity.flip_test","","Sun Dec 22 12:10:49 GMT 2024","passed","Sun Dec 22 12:10:56 GMT 2024","","WHOLE-TESTS","WHOLE-TESTS",""
"","7000","quick.f1_imports","","Sun Dec 22 12:10:49 GMT 2024","passed","Sun Dec 22 12:10:56 GMT 2024","","WHOLE-TESTS","WHOLE-TESTS",""
"","2","UNIQUE-TEST.08","","Sun Dec 22 12:17:40 GMT 2024","passed","Sun Dec 22 12:17:40 GMT 2024","","HYPERON-METTALOG-SANITY","HYPERON-METTALOG-SANITY",""
"","2","FREE-VARIABLES-AND-NONDETERMINISM-AGAIN,-RECURSIVELY---METTA-LANGUAGE1.01","","Sun Dec 22 12:26:14 GMT 2024","passed","Sun Dec 22 12:26:14 GMT 2024","","METTA-LANG","METTA-LANG",""
"","4","SPACE-INTERSECTION-TESTS.06","","Sun Dec 22 12:17:40 GMT 2024","passed","Sun Dec 22 12:17:40 GMT 2024","","HYPERON-METTALOG-SANITY","HYPERON-METTALOG-SANITY",""
"","2","D4-TYPE-PROP.07","","Sun Dec 22 12:14:59 GMT 2024","passed","Sun Dec 22 12:14:59 GMT 2024","","HYPERON-EXPERIMENTAL-SCRIPTS","HYPERON-EXPERIMENTAL-SCRIPTS",""
"","3","B3-DIRECT.01","","Sun Dec 22 12:14:59 GMT 2024","passed","Sun Dec 22 12:14:59 GMT 2024","","HYPERON-EXPERIMENTAL-SCRIPTS","HYPERON-EXPERIMENTAL-SCRIPTS",""
"","3","RECURSION-AND-CONTROL---METTA-LANGUAGE7.01","","Sun Dec 22 12:26:14 GMT 2024","passed","Sun Dec 22 12:26:14 GMT 2024","","METTA-LANG","METTA-LANG",""
"","2","BASIC-GROUNDED-FUNCTIONS---METTA-LANGUAGE1.05","","Sun Dec 22 12:26:14 GMT 2024","passed","Sun Dec 22 12:26:14 GMT 2024","","METTA-LANG","METTA-LANG",""
"","7000","metta_lang.Control_flow___MeTTa_Language2","","Sun Dec 22 12:10:49 GMT 2024","passed","Sun Dec 22 12:10:56 GMT 2024","","WHOLE-TESTS","WHOLE-TESTS",""
"","6000","metta_lang.Working_with_spaces___MeTTa_Language4","","Sun Dec 22 12:10:49 GMT 2024","passed","Sun Dec 22 12:10:55 GMT 2024","","WHOLE-TESTS","WHOLE-TESTS",""
"","3","D2-HIGHERFUNC.03","","Sun Dec 22 12:43:12 GMT 2024","passed","Sun Dec 22 12:43:12 GMT 2024","","QUICK","QUICK",""
"","3","SUPERPOSE-NESTED.04","","Sun Dec 22 12:23:09 GMT 2024","passed","Sun Dec 22 12:23:09 GMT 2024","","METTA-MORPH-TESTS","METTA-MORPH-TESTS",""
"","2","B4-NONDETERM.08","","Sun Dec 22 12:14:59 GMT 2024","passed","Sun Dec 22 12:14:59 GMT 2024","","HYPERON-EXPERIMENTAL-SCRIPTS","HYPERON-EXPERIMENTAL-SCRIPTS",""
"","3","D1-GADT.11","","Sun Dec 22 12:14:59 GMT 2024","passed","Sun Dec 22 12:14:59 GMT 2024","","HYPERON-EXPERIMENTAL-SCRIPTS","HYPERON-EXPERIMENTAL-SCRIPTS",""
"","3","OPERATIONS-OVER-ATOMS---METTA-LANGUAGE2.03","","Sun Dec 22 12:26:14 GMT 2024","passed","Sun Dec 22 12:26:14 GMT 2024","","METTA-LANG","METTA-LANG",""
"","2","F1-IMPORTS.20","","Sun Dec 22 12:43:12 GMT 2024","passed","Sun Dec 22 12:43:12 GMT 2024","","QUICK","QUICK",""
"","863","WORKING-WITH-SPACES---METTA-LANGUAGE13.02","","Sun Dec 22 12:26:14 GMT 2024","failed","Sun Dec 22 12:26:14 GMT 2024","","METTA-LANG","METTA-LANG",""
"","5","SEALED-TEST.07","","Sun Dec 22 12:17:40 GMT 2024","passed","Sun Dec 22 12:17:40 GMT 2024","","HYPERON-METTALOG-SANITY","HYPERON-METTALOG-SANITY",""
"","4","CONTROLLING-PATTERN-MATCHING---METTA-LANGUAGE7.01","","Sun Dec 22 12:26:14 GMT 2024","passed","Sun Dec 22 12:26:14 GMT 2024","","METTA-LANG","METTA-LANG",""
"","7000","metta_lang.Control_flow___MeTTa_Language4","","Sun Dec 22 12:10:49 GMT 2024","passed","Sun Dec 22 12:10:56 GMT 2024","","WHOLE-TESTS","WHOLE-TESTS",""
"","6000","metta_lang.Basic_grounded_functions___MeTTa_Language4","","Sun Dec 22 12:10:49 GMT 2024","passed","Sun Dec 22 12:10:55 GMT 2024","","WHOLE-TESTS","WHOLE-TESTS",""
"","3","C1-GROUNDED-BASIC.01","","Sun Dec 22 12:14:59 GMT 2024","passed","Sun Dec 22 12:14:59 GMT 2024","","HYPERON-EXPERIMENTAL-SCRIPTS","HYPERON-EXPERIMENTAL-SCRIPTS",""
"","2","B5-TYPES-PRELIM.20","","Sun Dec 22 12:14:59 GMT 2024","passed","Sun Dec 22 12:14:59 GMT 2024","","HYPERON-EXPERIMENTAL-SCRIPTS","HYPERON-EXPERIMENTAL-SCRIPTS",""
"","46","G1-DOCS.05","","Sun Dec 22 12:14:59 GMT 2024","failed","Sun Dec 22 12:14:59 GMT 2024","","HYPERON-EXPERIMENTAL-SCRIPTS","HYPERON-EXPERIMENTAL-SCRIPTS",""
"","3","IS-SPACE.01","","Sun Dec 22 12:17:40 GMT 2024","passed","Sun Dec 22 12:17:40 GMT 2024","","HYPERON-METTALOG-SANITY","HYPERON-METTALOG-SANITY",""
"","7000","module-system.f1_moduleA","","Sun Dec 22 12:10:49 GMT 2024","passed","Sun Dec 22 12:10:56 GMT 2024","","WHOLE-TESTS","WHOLE-TESTS",""
"","64","F1-IMPORTS.21","","Sun Dec 22 12:14:59 GMT 2024","passed","Sun Dec 22 12:14:59 GMT 2024","","HYPERON-EXPERIMENTAL-SCRIPTS","HYPERON-EXPERIMENTAL-SCRIPTS",""
"","3","HANDLING-NONDETERMINISTIC-RESULTS---METTA-LANGUAGE7.03","","Sun Dec 22 12:26:14 GMT 2024","passed","Sun Dec 22 12:26:14 GMT 2024","","METTA-LANG","METTA-LANG",""
"","2","HANDLING-NONDETERMINISTIC-RESULTS---METTA-LANGUAGE5.03","","Sun Dec 22 12:26:14 GMT 2024","passed","Sun Dec 22 12:26:14 GMT 2024","","METTA-LANG","METTA-LANG",""
"","1","STATES-SPACES.05","","Sun Dec 22 12:23:09 GMT 2024","passed","Sun Dec 22 12:23:09 GMT 2024","","METTA-MORPH-TESTS","METTA-MORPH-TESTS",""
"","2","B5-TYPES-PRELIM.26","","Sun Dec 22 12:14:59 GMT 2024","passed","Sun Dec 22 12:14:59 GMT 2024","","HYPERON-EXPERIMENTAL-SCRIPTS","HYPERON-EXPERIMENTAL-SCRIPTS",""
"","3","CONTROL-FLOW---METTA-LANGUAGE16.01","","Sun Dec 22 12:26:14 GMT 2024","passed","Sun Dec 22 12:26:14 GMT 2024","","METTA-LANG","METTA-LANG",""
"","2","CONTROLLING-PATTERN-MATCHING---METTA-LANGUAGE11.06","","Sun Dec 22 12:26:14 GMT 2024","passed","Sun Dec 22 12:26:14 GMT 2024","","METTA-LANG","METTA-LANG",""
"","2","F1-IMPORTS.16","","Sun Dec 22 12:43:12 GMT 2024","passed","Sun Dec 22 12:43:12 GMT 2024","","QUICK","QUICK",""
"","3","D2-HIGHERFUNC.15","","Sun Dec 22 12:14:59 GMT 2024","passed","Sun Dec 22 12:14:59 GMT 2024","","HYPERON-EXPERIMENTAL-SCRIPTS","HYPERON-EXPERIMENTAL-SCRIPTS",""
"","3","BASIC-EVALUATION---METTA-LANGUAGE6.02","","Sun Dec 22 12:26:14 GMT 2024","passed","Sun Dec 22 12:26:14 GMT 2024","","METTA-LANG","METTA-LANG",""
"","49","BASIC-GROUNDED-FUNCTIONS---METTA-LANGUAGE3.02","","Sun Dec 22 12:26:14 GMT 2024","failed","Sun Dec 22 12:26:14 GMT 2024","","METTA-LANG","METTA-LANG",""
"","3","FIND-ALL-TESTS.02","","Sun Dec 22 12:17:40 GMT 2024","passed","Sun Dec 22 12:17:40 GMT 2024","","HYPERON-METTALOG-SANITY","HYPERON-METTALOG-SANITY",""
"","2","C3-PLN-STV.02","","Sun Dec 22 12:14:59 GMT 2024","passed","Sun Dec 22 12:14:59 GMT 2024","","HYPERON-EXPERIMENTAL-SCRIPTS","HYPERON-EXPERIMENTAL-SCRIPTS",""
"","3","WORKING-WITH-SPACES---METTA-LANGUAGE1.05","","Sun Dec 22 12:26:14 GMT 2024","passed","Sun Dec 22 12:26:14 GMT 2024","","METTA-LANG","METTA-LANG",""
"","2","CONTROL-FLOW---METTA-LANGUAGE10.04","","Sun Dec 22 12:26:14 GMT 2024","passed","Sun Dec 22 12:26:14 GMT 2024","","METTA-LANG","METTA-LANG",""
"","8000","quick.c1_grounded_basic","","Sun Dec 22 12:10:49 GMT 2024","passed","Sun Dec 22 12:10:57 GMT 2024","","WHOLE-TESTS","WHOLE-TESTS",""
"","2","F1-MODULEA.04","","Sun Dec 22 12:43:12 GMT 2024","passed","Sun Dec 22 12:43:12 GMT 2024","","QUICK","QUICK",""
"","6000","metta-morph_tests.superpose_nested","","Sun Dec 22 12:10:49 GMT 2024","passed","Sun Dec 22 12:10:55 GMT 2024","","WHOLE-TESTS","WHOLE-TESTS",""
"","2","STRING-TESTS.13","","Sun Dec 22 12:17:40 GMT 2024","passed","Sun Dec 22 12:17:40 GMT 2024","","HYPERON-METTALOG-SANITY","HYPERON-METTALOG-SANITY",""
"","7000","metta_lang.Querying_space_content___MeTTa_Language4","","Sun Dec 22 12:10:49 GMT 2024","passed","Sun Dec 22 12:10:56 GMT 2024","","WHOLE-TESTS","WHOLE-TESTS",""
"","65","F1-IMPORTS.18","","Sun Dec 22 12:14:59 GMT 2024","passed","Sun Dec 22 12:14:59 GMT 2024","","HYPERON-EXPERIMENTAL-SCRIPTS","HYPERON-EXPERIMENTAL-SCRIPTS",""
"","2","D4-TYPE-PROP.18","","Sun Dec 22 12:14:59 GMT 2024","passed","Sun Dec 22 12:14:59 GMT 2024","","HYPERON-EXPERIMENTAL-SCRIPTS","HYPERON-EXPERIMENTAL-SCRIPTS",""
"","3","D2-HIGHERFUNC.17","","Sun Dec 22 12:43:12 GMT 2024","passed","Sun Dec 22 12:43:12 GMT 2024","","QUICK","QUICK",""
"","2","UNIQUE-TEST.06","","Sun Dec 22 12:17:40 GMT 2024","passed","Sun Dec 22 12:17:40 GMT 2024","","HYPERON-METTALOG-SANITY","HYPERON-METTALOG-SANITY",""
"","7000","metta_lang.Working_with_spaces___MeTTa_Language3","","Sun Dec 22 12:10:49 GMT 2024","passed","Sun Dec 22 12:10:56 GMT 2024","","WHOLE-TESTS","WHOLE-TESTS",""
"","14","D1-GADT.09","","Sun Dec 22 12:43:12 GMT 2024","passed","Sun Dec 22 12:43:12 GMT 2024","","QUICK","QUICK",""
"","3","BASIC-GROUNDED-FUNCTIONS---METTA-LANGUAGE3.01","","Sun Dec 22 12:26:14 GMT 2024","passed","Sun Dec 22 12:26:14 GMT 2024","","METTA-LANG","METTA-LANG",""
"","2","STRING-TESTS.03","","Sun Dec 22 12:17:40 GMT 2024","passed","Sun Dec 22 12:17:40 GMT 2024","","HYPERON-METTALOG-SANITY","HYPERON-METTALOG-SANITY",""
"","7000","metta-morph_tests.identity","","Sun Dec 22 12:10:49 GMT 2024","passed","Sun Dec 22 12:10:56 GMT 2024","","WHOLE-TESTS","WHOLE-TESTS",""
"","7000","metta_lang.Basic_grounded_functions___MeTTa_Language7","","Sun Dec 22 12:10:49 GMT 2024","passed","Sun Dec 22 12:10:56 GMT 2024","","WHOLE-TESTS","WHOLE-TESTS",""
"","3","CONTROLLING-PATTERN-MATCHING---METTA-LANGUAGE8.01","","Sun Dec 22 12:26:14 GMT 2024","passed","Sun Dec 22 12:26:14 GMT 2024","","METTA-LANG","METTA-LANG",""
"","2","D4-TYPE-PROP.08","","Sun Dec 22 12:43:12 GMT 2024","passed","Sun Dec 22 12:43:12 GMT 2024","","QUICK","QUICK",""
"","7000","metta_lang.Concrete_types___MeTTa_Language1","","Sun Dec 22 12:10:49 GMT 2024","passed","Sun Dec 22 12:10:56 GMT 2024","","WHOLE-TESTS","WHOLE-TESTS",""
"","2","E2-STATES.10","","Sun Dec 22 12:14:59 GMT 2024","passed","Sun Dec 22 12:14:59 GMT 2024","","HYPERON-EXPERIMENTAL-SCRIPTS","HYPERON-EXPERIMENTAL-SCRIPTS",""
"","1","B3-DIRECT.03","","Sun Dec 22 12:14:59 GMT 2024","passed","Sun Dec 22 12:14:59 GMT 2024","","HYPERON-EXPERIMENTAL-SCRIPTS","HYPERON-EXPERIMENTAL-SCRIPTS",""
"","6000","metta_lang.Basic_grounded_functions___MeTTa_Language5","","Sun Dec 22 12:10:49 GMT 2024","passed","Sun Dec 22 12:10:55 GMT 2024","","WHOLE-TESTS","WHOLE-TESTS",""
"","3","STRING-TESTS.12","","Sun Dec 22 12:17:40 GMT 2024","passed","Sun Dec 22 12:17:40 GMT 2024","","HYPERON-METTALOG-SANITY","HYPERON-METTALOG-SANITY",""
"","2","SEALED-TEST.06","","Sun Dec 22 12:17:40 GMT 2024","passed","Sun Dec 22 12:17:40 GMT 2024","","HYPERON-METTALOG-SANITY","HYPERON-METTALOG-SANITY",""
"","2","FIND-ALL-TESTS.03","","Sun Dec 22 12:17:40 GMT 2024","passed","Sun Dec 22 12:17:40 GMT 2024","","HYPERON-METTALOG-SANITY","HYPERON-METTALOG-SANITY",""
"","3","D2-HIGHERFUNC.25","","Sun Dec 22 12:43:12 GMT 2024","passed","Sun Dec 22 12:43:12 GMT 2024","","QUICK","QUICK",""
"","2","TMPMATCH2.04","","Sun Dec 22 12:10:56 GMT 2024","passed","Sun Dec 22 12:10:56 GMT 2024","","ANTI-REGRESSION","ANTI-REGRESSION",""
"","3","OPERATIONS-OVER-ATOMS---METTA-LANGUAGE9.02","","Sun Dec 22 12:26:14 GMT 2024","passed","Sun Dec 22 12:26:14 GMT 2024","","METTA-LANG","METTA-LANG",""
"","2","FUNCTIONAL-PROGRAMMING-TESTS.04","","Sun Dec 22 12:17:40 GMT 2024","passed","Sun Dec 22 12:17:40 GMT 2024","","HYPERON-METTALOG-SANITY","HYPERON-METTALOG-SANITY",""
"","2","CONSOLE-OUTPUT-AND-DEBUGGING---METTA-LANGUAGE3.04","","Sun Dec 22 12:26:14 GMT 2024","passed","Sun Dec 22 12:26:14 GMT 2024","","METTA-LANG","METTA-LANG",""
"","2","TEST-IF-CLOSED.10","","Sun Dec 22 12:10:56 GMT 2024","passed","Sun Dec 22 12:10:56 GMT 2024","","ANTI-REGRESSION","ANTI-REGRESSION",""
"","28","G1-DOCS.04","","Sun Dec 22 12:14:59 GMT 2024","failed","Sun Dec 22 12:14:59 GMT 2024","","HYPERON-EXPERIMENTAL-SCRIPTS","HYPERON-EXPERIMENTAL-SCRIPTS",""
"","58","B5-TYPES-PRELIM.15","","Sun Dec 22 12:14:59 GMT 2024","failed","Sun Dec 22 12:14:59 GMT 2024","","HYPERON-EXPERIMENTAL-SCRIPTS","HYPERON-EXPERIMENTAL-SCRIPTS",""
"","8000","metta_lang.Free_variables_and_nondeterminism_again,_recursively___MeTTa_Language4","","Sun Dec 22 12:10:49 GMT 2024","passed","Sun Dec 22 12:10:57 GMT 2024","","WHOLE-TESTS","WHOLE-TESTS",""
"","2","F1-IMPORTS.03","","Sun Dec 22 12:14:59 GMT 2024","passed","Sun Dec 22 12:14:59 GMT 2024","","HYPERON-EXPERIMENTAL-SCRIPTS","HYPERON-EXPERIMENTAL-SCRIPTS",""
"","6000","hyperon-experimental_scripts.e3_match_states","","Sun Dec 22 12:10:49 GMT 2024","passed","Sun Dec 22 12:10:55 GMT 2024","","WHOLE-TESTS","WHOLE-TESTS",""
"","3","RECURSION-AND-CONTROL---METTA-LANGUAGE9.02","","Sun Dec 22 12:26:14 GMT 2024","passed","Sun Dec 22 12:26:14 GMT 2024","","METTA-LANG","METTA-LANG",""
"","2","00-LANG-CASE.04","","Sun Dec 22 12:17:40 GMT 2024","passed","Sun Dec 22 12:17:40 GMT 2024","","HYPERON-METTALOG-SANITY","HYPERON-METTALOG-SANITY",""
"","7000","hyperon-experimental_scripts.b4_nondeterm","","Sun Dec 22 12:10:49 GMT 2024","passed","Sun Dec 22 12:10:56 GMT 2024","","WHOLE-TESTS","WHOLE-TESTS",""
"","11","CONTROLLING-PATTERN-MATCHING---METTA-LANGUAGE6.02","","Sun Dec 22 12:26:14 GMT 2024","failed","Sun Dec 22 12:26:14 GMT 2024","","METTA-LANG","METTA-LANG",""
"","2","F1-IMPORTS.16","","Sun Dec 22 12:10:42 GMT 2024","passed","Sun Dec 22 12:10:42 GMT 2024","","MODULE-SYSTEM","MODULE-SYSTEM",""
"","2","MATCH-VOID.02","","Sun Dec 22 12:23:09 GMT 2024","passed","Sun Dec 22 12:23:09 GMT 2024","","METTA-MORPH-TESTS","METTA-MORPH-TESTS",""
"","2","ZEROARGS.02","","Sun Dec 22 12:23:09 GMT 2024","passed","Sun Dec 22 12:23:09 GMT 2024","","METTA-MORPH-TESTS","METTA-MORPH-TESTS",""
"","120","CONTROLLING-PATTERN-MATCHING---METTA-LANGUAGE6.03","","Sun Dec 22 12:26:14 GMT 2024","failed","Sun Dec 22 12:26:14 GMT 2024","","METTA-LANG","METTA-LANG",""
"","7000","metta_lang.Control_flow___MeTTa_Language14","","Sun Dec 22 12:10:49 GMT 2024","passed","Sun Dec 22 12:10:56 GMT 2024","","WHOLE-TESTS","WHOLE-TESTS",""
"","2","D1-GADT.02","","Sun Dec 22 12:43:12 GMT 2024","passed","Sun Dec 22 12:43:12 GMT 2024","","QUICK","QUICK",""
"","6","OR-TEST.01","","Sun Dec 22 12:17:40 GMT 2024","passed","Sun Dec 22 12:17:40 GMT 2024","","HYPERON-METTALOG-SANITY","HYPERON-METTALOG-SANITY",""
"","2","INTERSECTION-TESTS.14","","Sun Dec 22 12:17:40 GMT 2024","passed","Sun Dec 22 12:17:40 GMT 2024","","HYPERON-METTALOG-SANITY","HYPERON-METTALOG-SANITY",""
"","2","BASIC-GROUNDED-FUNCTIONS---METTA-LANGUAGE4.02","","Sun Dec 22 12:26:14 GMT 2024","passed","Sun Dec 22 12:26:14 GMT 2024","","METTA-LANG","METTA-LANG",""
"","2","CONSOLE-OUTPUT-AND-DEBUGGING---METTA-LANGUAGE5.04","","Sun Dec 22 12:26:14 GMT 2024","passed","Sun Dec 22 12:26:14 GMT 2024","","METTA-LANG","METTA-LANG",""
"","7000","metta_lang.Control_flow___MeTTa_Language7","","Sun Dec 22 12:10:49 GMT 2024","passed","Sun Dec 22 12:10:56 GMT 2024","","WHOLE-TESTS","WHOLE-TESTS",""
"","2","RECURSION-AND-CONTROL---METTA-LANGUAGE2.01","","Sun Dec 22 12:26:14 GMT 2024","passed","Sun Dec 22 12:26:14 GMT 2024","","METTA-LANG","METTA-LANG",""
"","2","00-LANG-CASE.03","","Sun Dec 22 12:17:40 GMT 2024","passed","Sun Dec 22 12:17:40 GMT 2024","","HYPERON-METTALOG-SANITY","HYPERON-METTALOG-SANITY",""
"","3","FREE-VARIABLES-AND-NONDETERMINISM-AGAIN,-RECURSIVELY---METTA-LANGUAGE4.01","","Sun Dec 22 12:26:14 GMT 2024","passed","Sun Dec 22 12:26:14 GMT 2024","","METTA-LANG","METTA-LANG",""
"","5","SEALED-TEST.08","","Sun Dec 22 12:17:40 GMT 2024","passed","Sun Dec 22 12:17:40 GMT 2024","","HYPERON-METTALOG-SANITY","HYPERON-METTALOG-SANITY",""
"","2","BASIC-GROUNDED-FUNCTIONS---METTA-LANGUAGE6.04","","Sun Dec 22 12:26:14 GMT 2024","passed","Sun Dec 22 12:26:14 GMT 2024","","METTA-LANG","METTA-LANG",""
"","2","CONTROL-FLOW---METTA-LANGUAGE14.01","","Sun Dec 22 12:26:14 GMT 2024","passed","Sun Dec 22 12:26:14 GMT 2024","","METTA-LANG","METTA-LANG",""
"","2","SEQUENTIAL-NESTED.07","","Sun Dec 22 12:23:09 GMT 2024","passed","Sun Dec 22 12:23:09 GMT 2024","","METTA-MORPH-TESTS","METTA-MORPH-TESTS",""
"","89","FUNCTIONAL-PROGRAMMING-TESTS.06","","Sun Dec 22 12:17:40 GMT 2024","failed","Sun Dec 22 12:17:40 GMT 2024","","HYPERON-METTALOG-SANITY","HYPERON-METTALOG-SANITY",""
"","2","06-MATCH-IN-SPACE.05","","Sun Dec 22 12:17:40 GMT 2024","passed","Sun Dec 22 12:17:40 GMT 2024","","HYPERON-METTALOG-SANITY","HYPERON-METTALOG-SANITY",""
"","42000","anti-regression.mettalogTestCurried","","Sun Dec 22 12:10:49 GMT 2024","failed","Sun Dec 22 12:11:31 GMT 2024","","WHOLE-TESTS","WHOLE-TESTS",""
"","2","TYPES2.02","","Sun Dec 22 12:23:09 GMT 2024","passed","Sun Dec 22 12:23:09 GMT 2024","","METTA-MORPH-TESTS","METTA-MORPH-TESTS",""
"","7000","metta-morph_tests.types","","Sun Dec 22 12:10:49 GMT 2024","passed","Sun Dec 22 12:10:56 GMT 2024","","WHOLE-TESTS","WHOLE-TESTS",""
"","51","CONSOLE-OUTPUT-AND-DEBUGGING---METTA-LANGUAGE10.02","","Sun Dec 22 12:26:14 GMT 2024","failed","Sun Dec 22 12:26:14 GMT 2024","","METTA-LANG","METTA-LANG",""
"","7000","hyperon-experimental_scripts.b5_types_prelim","","Sun Dec 22 12:10:49 GMT 2024","passed","Sun Dec 22 12:10:56 GMT 2024","","WHOLE-TESTS","WHOLE-TESTS",""
"","2","STRING-TESTS.02","","Sun Dec 22 12:17:40 GMT 2024","passed","Sun Dec 22 12:17:40 GMT 2024","","HYPERON-METTALOG-SANITY","HYPERON-METTALOG-SANITY",""
"","7000","metta_lang.Controlling_pattern_matching___MeTTa_Language10","","Sun Dec 22 12:10:49 GMT 2024","passed","Sun Dec 22 12:10:56 GMT 2024","","WHOLE-TESTS","WHOLE-TESTS",""
"","74","F1-IMPORTS.13","","Sun Dec 22 12:43:12 GMT 2024","failed","Sun Dec 22 12:43:12 GMT 2024","","QUICK","QUICK",""
"","2","INTERSECTION-TESTS.12","","Sun Dec 22 12:17:40 GMT 2024","passed","Sun Dec 22 12:17:40 GMT 2024","","HYPERON-METTALOG-SANITY","HYPERON-METTALOG-SANITY",""
"","94","D5-AUTO-TYPES.06","","Sun Dec 22 12:14:59 GMT 2024","failed","Sun Dec 22 12:14:59 GMT 2024","","HYPERON-EXPERIMENTAL-SCRIPTS","HYPERON-EXPERIMENTAL-SCRIPTS",""
"","64","WORKING-WITH-SPACES---METTA-LANGUAGE12.05","","Sun Dec 22 12:26:14 GMT 2024","passed","Sun Dec 22 12:26:14 GMT 2024","","METTA-LANG","METTA-LANG",""
"","2","SEQUENTIAL-NESTED.08","","Sun Dec 22 12:23:09 GMT 2024","passed","Sun Dec 22 12:23:09 GMT 2024","","METTA-MORPH-TESTS","METTA-MORPH-TESTS",""
"","97","C1-GROUNDED-BASIC.14","","Sun Dec 22 12:14:59 GMT 2024","failed","Sun Dec 22 12:14:59 GMT 2024","","HYPERON-EXPERIMENTAL-SCRIPTS","HYPERON-EXPERIMENTAL-SCRIPTS",""
"","2","C1-GROUNDED-BASIC.16","","Sun Dec 22 12:43:12 GMT 2024","passed","Sun Dec 22 12:43:12 GMT 2024","","QUICK","QUICK",""
"","2","CONTROL-FLOW---METTA-LANGUAGE15.06","","Sun Dec 22 12:26:14 GMT 2024","passed","Sun Dec 22 12:26:14 GMT 2024","","METTA-LANG","METTA-LANG",""
"","3","WORKING-WITH-SPACES---METTA-LANGUAGE3.07","","Sun Dec 22 12:26:14 GMT 2024","passed","Sun Dec 22 12:26:14 GMT 2024","","METTA-LANG","METTA-LANG",""
"","1","XOR-TEST.10","","Sun Dec 22 12:17:40 GMT 2024","passed","Sun Dec 22 12:17:40 GMT 2024","","HYPERON-METTALOG-SANITY","HYPERON-METTALOG-SANITY",""
"","6000","metta-morph_tests.multifunction","","Sun Dec 22 12:10:49 GMT 2024","passed","Sun Dec 22 12:10:55 GMT 2024","","WHOLE-TESTS","WHOLE-TESTS",""
"","3","CONTROLLING-PATTERN-MATCHING---METTA-LANGUAGE1.01","","Sun Dec 22 12:26:14 GMT 2024","passed","Sun Dec 22 12:26:14 GMT 2024","","METTA-LANG","METTA-LANG",""
"","2","TEST-IF-CLOSED.11","","Sun Dec 22 12:10:56 GMT 2024","passed","Sun Dec 22 12:10:56 GMT 2024","","ANTI-REGRESSION","ANTI-REGRESSION",""
"","2","TEST-IF-CLOSED.02","","Sun Dec 22 12:10:56 GMT 2024","passed","Sun Dec 22 12:10:56 GMT 2024","","ANTI-REGRESSION","ANTI-REGRESSION",""
"","2","COMMA-IS-NOT-SPECIAL.01","","Sun Dec 22 12:10:56 GMT 2024","passed","Sun Dec 22 12:10:56 GMT 2024","","ANTI-REGRESSION","ANTI-REGRESSION",""
"","2","SPACE-SUBTRACTION-TESTS.03","","Sun Dec 22 12:17:40 GMT 2024","passed","Sun Dec 22 12:17:40 GMT 2024","","HYPERON-METTALOG-SANITY","HYPERON-METTALOG-SANITY",""
"","313","SPACE-SUBTRACTION-TESTS.07","","Sun Dec 22 12:17:40 GMT 2024","passed","Sun Dec 22 12:17:40 GMT 2024","","HYPERON-METTALOG-SANITY","HYPERON-METTALOG-SANITY",""
"","7000","quick.f1_moduleA","","Sun Dec 22 12:10:49 GMT 2024","passed","Sun Dec 22 12:10:56 GMT 2024","","WHOLE-TESTS","WHOLE-TESTS",""
"","6000","hyperon-mettalog_sanity.first_answer","","Sun Dec 22 12:10:49 GMT 2024","passed","Sun Dec 22 12:10:55 GMT 2024","","WHOLE-TESTS","WHOLE-TESTS",""
"","6000","metta_lang.Working_with_spaces___MeTTa_Language8","","Sun Dec 22 12:10:49 GMT 2024","passed","Sun Dec 22 12:10:55 GMT 2024","","WHOLE-TESTS","WHOLE-TESTS",""
"","49","CONTROL-FLOW---METTA-LANGUAGE2.01","","Sun Dec 22 12:26:14 GMT 2024","failed","Sun Dec 22 12:26:14 GMT 2024","","METTA-LANG","METTA-LANG",""
"","3","D4-TYPE-PROP.04","","Sun Dec 22 12:43:12 GMT 2024","passed","Sun Dec 22 12:43:12 GMT 2024","","QUICK","QUICK",""
"","115","RECURSIVE-AND-PARAMETRIC-TYPES---METTA-LANGUAGE1.02","","Sun Dec 22 12:26:14 GMT 2024","failed","Sun Dec 22 12:26:14 GMT 2024","","METTA-LANG","METTA-LANG",""
"","1","MATCH-VOID.06","","Sun Dec 22 12:23:09 GMT 2024","passed","Sun Dec 22 12:23:09 GMT 2024","","METTA-MORPH-TESTS","METTA-MORPH-TESTS",""
"","2","SEQUENTIAL-NESTED.02","","Sun Dec 22 12:23:09 GMT 2024","passed","Sun Dec 22 12:23:09 GMT 2024","","METTA-MORPH-TESTS","METTA-MORPH-TESTS",""
"","3","CONTROLLING-PATTERN-MATCHING---METTA-LANGUAGE11.01","","Sun Dec 22 12:26:14 GMT 2024","passed","Sun Dec 22 12:26:14 GMT 2024","","METTA-LANG","METTA-LANG",""
"","2","C2-SPACES.01","","Sun Dec 22 12:14:59 GMT 2024","passed","Sun Dec 22 12:14:59 GMT 2024","","HYPERON-EXPERIMENTAL-SCRIPTS","HYPERON-EXPERIMENTAL-SCRIPTS",""
"","2","CONCRETE-TYPES---METTA-LANGUAGE1.04","","Sun Dec 22 12:26:14 GMT 2024","passed","Sun Dec 22 12:26:14 GMT 2024","","METTA-LANG","METTA-LANG",""
"","1","METATYPES---METTA-LANGUAGE1.10","","Sun Dec 22 12:26:14 GMT 2024","passed","Sun Dec 22 12:26:14 GMT 2024","","METTA-LANG","METTA-LANG",""
"","2","F1-IMPORTS.08","","Sun Dec 22 12:10:42 GMT 2024","passed","Sun Dec 22 12:10:42 GMT 2024","","MODULE-SYSTEM","MODULE-SYSTEM",""
"","2","B5-TYPES-PRELIM.23","","Sun Dec 22 12:14:59 GMT 2024","passed","Sun Dec 22 12:14:59 GMT 2024","","HYPERON-EXPERIMENTAL-SCRIPTS","HYPERON-EXPERIMENTAL-SCRIPTS",""
"","2","F1-MODULEA.05","","Sun Dec 22 12:43:12 GMT 2024","passed","Sun Dec 22 12:43:12 GMT 2024","","QUICK","QUICK",""
"","3","METATYPES---METTA-LANGUAGE2.07","","Sun Dec 22 12:26:14 GMT 2024","passed","Sun Dec 22 12:26:14 GMT 2024","","METTA-LANG","METTA-LANG",""
"","2","METATYPES---METTA-LANGUAGE9.02","","Sun Dec 22 12:26:14 GMT 2024","passed","Sun Dec 22 12:26:14 GMT 2024","","METTA-LANG","METTA-LANG",""
"","1","D1-GADT.14","","Sun Dec 22 12:14:59 GMT 2024","passed","Sun Dec 22 12:14:59 GMT 2024","","HYPERON-EXPERIMENTAL-SCRIPTS","HYPERON-EXPERIMENTAL-SCRIPTS",""
"","3","INTERSECTION-TESTS.01","","Sun Dec 22 12:17:40 GMT 2024","passed","Sun Dec 22 12:17:40 GMT 2024","","HYPERON-METTALOG-SANITY","HYPERON-METTALOG-SANITY",""
"","3","BC-COMP.01","","Sun Dec 22 12:10:56 GMT 2024","passed","Sun Dec 22 12:10:56 GMT 2024","","ANTI-REGRESSION","ANTI-REGRESSION",""
"","2","OR-TEST.15","","Sun Dec 22 12:17:40 GMT 2024","passed","Sun Dec 22 12:17:40 GMT 2024","","HYPERON-METTALOG-SANITY","HYPERON-METTALOG-SANITY",""
"","47","CONTROLLING-PATTERN-MATCHING---METTA-LANGUAGE9.03","","Sun Dec 22 12:26:14 GMT 2024","passed","Sun Dec 22 12:26:14 GMT 2024","","METTA-LANG","METTA-LANG",""
"","3","INTERSECTION-TESTS.30","","Sun Dec 22 12:17:40 GMT 2024","passed","Sun Dec 22 12:17:40 GMT 2024","","HYPERON-METTALOG-SANITY","HYPERON-METTALOG-SANITY",""
"","3","HYPERPOSE.01","","Sun Dec 22 12:23:09 GMT 2024","passed","Sun Dec 22 12:23:09 GMT 2024","","METTA-MORPH-TESTS","METTA-MORPH-TESTS",""
"","3","SPACE-INTERSECTION-TESTS.20","","Sun Dec 22 12:17:40 GMT 2024","passed","Sun Dec 22 12:17:40 GMT 2024","","HYPERON-METTALOG-SANITY","HYPERON-METTALOG-SANITY",""
"","2","CONTROL-FLOW---METTA-LANGUAGE6.01","","Sun Dec 22 12:26:14 GMT 2024","passed","Sun Dec 22 12:26:14 GMT 2024","","METTA-LANG","METTA-LANG",""
"","2","FUNCTIONS-AND-UNIFICATION---METTA-LANGUAGE2.03","","Sun Dec 22 12:26:14 GMT 2024","passed","Sun Dec 22 12:26:14 GMT 2024","","METTA-LANG","METTA-LANG",""
"","3","RECURSIVE-AND-PARAMETRIC-TYPES---METTA-LANGUAGE5.01","","Sun Dec 22 12:26:14 GMT 2024","passed","Sun Dec 22 12:26:14 GMT 2024","","METTA-LANG","METTA-LANG",""
"","60","B5-TYPES-PRELIM.02","","Sun Dec 22 12:14:59 GMT 2024","failed","Sun Dec 22 12:14:59 GMT 2024","","HYPERON-EXPERIMENTAL-SCRIPTS","HYPERON-EXPERIMENTAL-SCRIPTS",""
"","7000","hyperon-mettalog_sanity.sealed_test","","Sun Dec 22 12:10:49 GMT 2024","passed","Sun Dec 22 12:10:56 GMT 2024","","WHOLE-TESTS","WHOLE-TESTS",""
"","12","D2-HIGHERFUNC.21","","Sun Dec 22 12:43:12 GMT 2024","passed","Sun Dec 22 12:43:12 GMT 2024","","QUICK","QUICK",""
"","3","F1-IMPORTS.06","","Sun Dec 22 12:43:12 GMT 2024","passed","Sun Dec 22 12:43:12 GMT 2024","","QUICK","QUICK",""
"","1","OR-TEST.13","","Sun Dec 22 12:17:40 GMT 2024","passed","Sun Dec 22 12:17:40 GMT 2024","","HYPERON-METTALOG-SANITY","HYPERON-METTALOG-SANITY",""
"","3","UNIQUE-TEST.11","","Sun Dec 22 12:17:40 GMT 2024","passed","Sun Dec 22 12:17:40 GMT 2024","","HYPERON-METTALOG-SANITY","HYPERON-METTALOG-SANITY",""
"","2","WORKING-WITH-SPACES---METTA-LANGUAGE12.01","","Sun Dec 22 12:26:14 GMT 2024","passed","Sun Dec 22 12:26:14 GMT 2024","","METTA-LANG","METTA-LANG",""
"","14","D1-GADT.04","","Sun Dec 22 12:43:12 GMT 2024","passed","Sun Dec 22 12:43:12 GMT 2024","","QUICK","QUICK",""
"","164","CONTROLLING-PATTERN-MATCHING---METTA-LANGUAGE12.08","","Sun Dec 22 12:26:14 GMT 2024","failed","Sun Dec 22 12:26:14 GMT 2024","","METTA-LANG","METTA-LANG",""
"","2","CONTROLLING-PATTERN-MATCHING---METTA-LANGUAGE11.02","","Sun Dec 22 12:26:14 GMT 2024","passed","Sun Dec 22 12:26:14 GMT 2024","","METTA-LANG","METTA-LANG",""
"","3","RECURSION-AND-CONTROL---METTA-LANGUAGE3.04","","Sun Dec 22 12:26:14 GMT 2024","passed","Sun Dec 22 12:26:14 GMT 2024","","METTA-LANG","METTA-LANG",""
"","49","CONSOLE-OUTPUT-AND-DEBUGGING---METTA-LANGUAGE5.08","","Sun Dec 22 12:26:14 GMT 2024","failed","Sun Dec 22 12:26:14 GMT 2024","","METTA-LANG","METTA-LANG",""
"","7000","metta_lang.Metatypes___MeTTa_Language2","","Sun Dec 22 12:10:49 GMT 2024","passed","Sun Dec 22 12:10:56 GMT 2024","","WHOLE-TESTS","WHOLE-TESTS",""
"","1","D2-HIGHERFUNC.11","","Sun Dec 22 12:43:12 GMT 2024","passed","Sun Dec 22 12:43:12 GMT 2024","","QUICK","QUICK",""
"","2","INTERSECTION-TESTS.16","","Sun Dec 22 12:17:40 GMT 2024","passed","Sun Dec 22 12:17:40 GMT 2024","","HYPERON-METTALOG-SANITY","HYPERON-METTALOG-SANITY",""
"","2","WORKING-WITH-SPACES---METTA-LANGUAGE10.01","","Sun Dec 22 12:26:14 GMT 2024","passed","Sun Dec 22 12:26:14 GMT 2024","","METTA-LANG","METTA-LANG",""
"","2","F1-IMPORTS.20","","Sun Dec 22 12:14:59 GMT 2024","passed","Sun Dec 22 12:14:59 GMT 2024","","HYPERON-EXPERIMENTAL-SCRIPTS","HYPERON-EXPERIMENTAL-SCRIPTS",""
"","2","INTERSECTION-TESTS.11","","Sun Dec 22 12:17:40 GMT 2024","passed","Sun Dec 22 12:17:40 GMT 2024","","HYPERON-METTALOG-SANITY","HYPERON-METTALOG-SANITY",""
"","2","B5-TYPES-PRELIM.18","","Sun Dec 22 12:14:59 GMT 2024","passed","Sun Dec 22 12:14:59 GMT 2024","","HYPERON-EXPERIMENTAL-SCRIPTS","HYPERON-EXPERIMENTAL-SCRIPTS",""
"","2","D4-TYPE-PROP.17","","Sun Dec 22 12:14:59 GMT 2024","passed","Sun Dec 22 12:14:59 GMT 2024","","HYPERON-EXPERIMENTAL-SCRIPTS","HYPERON-EXPERIMENTAL-SCRIPTS",""
"","7000","metta_lang.Recursion_and_control___MeTTa_Language9","","Sun Dec 22 12:10:49 GMT 2024","passed","Sun Dec 22 12:10:56 GMT 2024","","WHOLE-TESTS","WHOLE-TESTS",""
"","2","TYPES2.01","","Sun Dec 22 12:23:09 GMT 2024","passed","Sun Dec 22 12:23:09 GMT 2024","","METTA-MORPH-TESTS","METTA-MORPH-TESTS",""
"","2","OR-TEST.18","","Sun Dec 22 12:17:40 GMT 2024","passed","Sun Dec 22 12:17:40 GMT 2024","","HYPERON-METTALOG-SANITY","HYPERON-METTALOG-SANITY",""
"","2","MULTIFUNCTION.01","","Sun Dec 22 12:23:09 GMT 2024","passed","Sun Dec 22 12:23:09 GMT 2024","","METTA-MORPH-TESTS","METTA-MORPH-TESTS",""
"","3","RECURSIVE-AND-PARAMETRIC-TYPES---METTA-LANGUAGE3.03","","Sun Dec 22 12:26:14 GMT 2024","passed","Sun Dec 22 12:26:14 GMT 2024","","METTA-LANG","METTA-LANG",""
"","7000","module-system.c2_spaces","","Sun Dec 22 12:10:49 GMT 2024","passed","Sun Dec 22 12:10:56 GMT 2024","","WHOLE-TESTS","WHOLE-TESTS",""
"","7000","metta_lang.Recursion_and_control___MeTTa_Language7","","Sun Dec 22 12:10:49 GMT 2024","passed","Sun Dec 22 12:10:56 GMT 2024","","WHOLE-TESTS","WHOLE-TESTS",""
"","2","SUBTRACTION-TEST.02","","Sun Dec 22 12:17:40 GMT 2024","passed","Sun Dec 22 12:17:40 GMT 2024","","HYPERON-METTALOG-SANITY","HYPERON-METTALOG-SANITY",""
"","3","CONCRETE-TYPES---METTA-LANGUAGE12.02","","Sun Dec 22 12:26:14 GMT 2024","passed","Sun Dec 22 12:26:14 GMT 2024","","METTA-LANG","METTA-LANG",""
"","2","TMPMATCH1.03","","Sun Dec 22 12:10:56 GMT 2024","passed","Sun Dec 22 12:10:56 GMT 2024","","ANTI-REGRESSION","ANTI-REGRESSION",""
"","7000","hyperon-experimental_scripts.b0_chaining_prelim","","Sun Dec 22 12:10:49 GMT 2024","passed","Sun Dec 22 12:10:56 GMT 2024","","WHOLE-TESTS","WHOLE-TESTS",""
"","14","CONCRETE-TYPES---METTA-LANGUAGE9.02","","Sun Dec 22 12:26:14 GMT 2024","failed","Sun Dec 22 12:26:14 GMT 2024","","METTA-LANG","METTA-LANG",""
"","3","E2-STATES.01","","Sun Dec 22 12:14:59 GMT 2024","passed","Sun Dec 22 12:14:59 GMT 2024","","HYPERON-EXPERIMENTAL-SCRIPTS","HYPERON-EXPERIMENTAL-SCRIPTS",""
"","2","RECURSION-AND-CONTROL---METTA-LANGUAGE3.03","","Sun Dec 22 12:26:14 GMT 2024","passed","Sun Dec 22 12:26:14 GMT 2024","","METTA-LANG","METTA-LANG",""
"","2","CONTROL-FLOW---METTA-LANGUAGE16.03","","Sun Dec 22 12:26:14 GMT 2024","passed","Sun Dec 22 12:26:14 GMT 2024","","METTA-LANG","METTA-LANG",""
"","3","MAX-TIME-TESTS.01","","Sun Dec 22 12:17:40 GMT 2024","passed","Sun Dec 22 12:17:40 GMT 2024","","HYPERON-METTALOG-SANITY","HYPERON-METTALOG-SANITY",""
"","66","WORKING-WITH-SPACES---METTA-LANGUAGE11.04","","Sun Dec 22 12:26:14 GMT 2024","failed","Sun Dec 22 12:26:14 GMT 2024","","METTA-LANG","METTA-LANG",""
"","2","XOR-TEST.06","","Sun Dec 22 12:17:40 GMT 2024","passed","Sun Dec 22 12:17:40 GMT 2024","","HYPERON-METTALOG-SANITY","HYPERON-METTALOG-SANITY",""
"","6000","metta_lang.Working_with_spaces___MeTTa_Language1","","Sun Dec 22 12:10:49 GMT 2024","passed","Sun Dec 22 12:10:55 GMT 2024","","WHOLE-TESTS","WHOLE-TESTS",""
"","2","BCHAIN-COMP.06","","Sun Dec 22 12:10:56 GMT 2024","passed","Sun Dec 22 12:10:56 GMT 2024","","ANTI-REGRESSION","ANTI-REGRESSION",""
"","2","A1-SYMBOLS.05","","Sun Dec 22 12:14:59 GMT 2024","passed","Sun Dec 22 12:14:59 GMT 2024","","HYPERON-EXPERIMENTAL-SCRIPTS","HYPERON-EXPERIMENTAL-SCRIPTS",""
"","3","C2-SPACES.01","","Sun Dec 22 12:10:42 GMT 2024","passed","Sun Dec 22 12:10:42 GMT 2024","","MODULE-SYSTEM","MODULE-SYSTEM",""
"","2","B4-NONDETERM.05","","Sun Dec 22 12:14:59 GMT 2024","passed","Sun Dec 22 12:14:59 GMT 2024","","HYPERON-EXPERIMENTAL-SCRIPTS","HYPERON-EXPERIMENTAL-SCRIPTS",""
"","2","STATES-SPACES.02","","Sun Dec 22 12:23:09 GMT 2024","passed","Sun Dec 22 12:23:09 GMT 2024","","METTA-MORPH-TESTS","METTA-MORPH-TESTS",""
"","120","WORKING-WITH-SPACES---METTA-LANGUAGE1.10","","Sun Dec 22 12:26:14 GMT 2024","failed","Sun Dec 22 12:26:14 GMT 2024","","METTA-LANG","METTA-LANG",""
"","4","CONTROL-FLOW---METTA-LANGUAGE15.01","","Sun Dec 22 12:26:14 GMT 2024","passed","Sun Dec 22 12:26:14 GMT 2024","","METTA-LANG","METTA-LANG",""
"","3","WORKING-WITH-SPACES---METTA-LANGUAGE12.03","","Sun Dec 22 12:26:14 GMT 2024","passed","Sun Dec 22 12:26:14 GMT 2024","","METTA-LANG","METTA-LANG",""
"","3","F1-IMPORTS.01","","Sun Dec 22 12:43:12 GMT 2024","passed","Sun Dec 22 12:43:12 GMT 2024","","QUICK","QUICK",""
"","2","WORKING-WITH-SPACES---METTA-LANGUAGE6.02","","Sun Dec 22 12:26:14 GMT 2024","passed","Sun Dec 22 12:26:14 GMT 2024","","METTA-LANG","METTA-LANG",""
"","3","CONTROLLING-PATTERN-MATCHING---METTA-LANGUAGE12.13","","Sun Dec 22 12:26:14 GMT 2024","passed","Sun Dec 22 12:26:14 GMT 2024","","METTA-LANG","METTA-LANG",""
"","3","MATCH-FEVAL.01","","Sun Dec 22 12:23:09 GMT 2024","passed","Sun Dec 22 12:23:09 GMT 2024","","METTA-MORPH-TESTS","METTA-MORPH-TESTS",""
"","3","QUERYING-SPACE-CONTENT---METTA-LANGUAGE5.01","","Sun Dec 22 12:26:14 GMT 2024","passed","Sun Dec 22 12:26:14 GMT 2024","","METTA-LANG","METTA-LANG",""
"","3","B5-TYPES-PRELIM.07","","Sun Dec 22 12:14:59 GMT 2024","passed","Sun Dec 22 12:14:59 GMT 2024","","HYPERON-EXPERIMENTAL-SCRIPTS","HYPERON-EXPERIMENTAL-SCRIPTS",""
"","1","F1-MODULEA.07","","Sun Dec 22 12:14:59 GMT 2024","passed","Sun Dec 22 12:14:59 GMT 2024","","HYPERON-EXPERIMENTAL-SCRIPTS","HYPERON-EXPERIMENTAL-SCRIPTS",""
"","2","TEST-IF-CLOSED.08","","Sun Dec 22 12:10:56 GMT 2024","passed","Sun Dec 22 12:10:56 GMT 2024","","ANTI-REGRESSION","ANTI-REGRESSION",""
"","2","INTERSECTION-TESTS.02","","Sun Dec 22 12:17:40 GMT 2024","passed","Sun Dec 22 12:17:40 GMT 2024","","HYPERON-METTALOG-SANITY","HYPERON-METTALOG-SANITY",""
"","2","C1-GROUNDED-BASIC.05","","Sun Dec 22 12:14:59 GMT 2024","passed","Sun Dec 22 12:14:59 GMT 2024","","HYPERON-EXPERIMENTAL-SCRIPTS","HYPERON-EXPERIMENTAL-SCRIPTS",""
"","3","OPERATIONS-OVER-ATOMS---METTA-LANGUAGE7.02","","Sun Dec 22 12:26:14 GMT 2024","passed","Sun Dec 22 12:26:14 GMT 2024","","METTA-LANG","METTA-LANG",""
"","3","FUNCTIONS-AND-UNIFICATION---METTA-LANGUAGE4.03","","Sun Dec 22 12:26:14 GMT 2024","passed","Sun Dec 22 12:26:14 GMT 2024","","METTA-LANG","METTA-LANG",""
"","2","F1-IMPORTS.17","","Sun Dec 22 12:14:59 GMT 2024","passed","Sun Dec 22 12:14:59 GMT 2024","","HYPERON-EXPERIMENTAL-SCRIPTS","HYPERON-EXPERIMENTAL-SCRIPTS",""
"","2","CONSOLE-OUTPUT-AND-DEBUGGING---METTA-LANGUAGE5.01","","Sun Dec 22 12:26:14 GMT 2024","passed","Sun Dec 22 12:26:14 GMT 2024","","METTA-LANG","METTA-LANG",""
"","95","WORKING-WITH-SPACES---METTA-LANGUAGE9.05","","Sun Dec 22 12:26:14 GMT 2024","failed","Sun Dec 22 12:26:14 GMT 2024","","METTA-LANG","METTA-LANG",""
"","2","D1-GADT.02","","Sun Dec 22 12:14:59 GMT 2024","passed","Sun Dec 22 12:14:59 GMT 2024","","HYPERON-EXPERIMENTAL-SCRIPTS","HYPERON-EXPERIMENTAL-SCRIPTS",""
"","2","B1-EQUAL-CHAIN.02","","Sun Dec 22 12:14:59 GMT 2024","passed","Sun Dec 22 12:14:59 GMT 2024","","HYPERON-EXPERIMENTAL-SCRIPTS","HYPERON-EXPERIMENTAL-SCRIPTS",""
"","59","METATYPES---METTA-LANGUAGE7.04","","Sun Dec 22 12:26:14 GMT 2024","failed","Sun Dec 22 12:26:14 GMT 2024","","METTA-LANG","METTA-LANG",""
"","3","A3-TWOSIDE.03","","Sun Dec 22 12:14:59 GMT 2024","passed","Sun Dec 22 12:14:59 GMT 2024","","HYPERON-EXPERIMENTAL-SCRIPTS","HYPERON-EXPERIMENTAL-SCRIPTS",""
"","25143","TIME-SYNTHESIZE-SHORT.02","","Sun Dec 22 12:20:45 GMT 2024","passed","Sun Dec 22 12:21:10 GMT 2024","","SYNTH-BUFFER","SYNTH-BUFFER",""
"","12","FUNCTIONS-AND-UNIFICATION---METTA-LANGUAGE5.02","","Sun Dec 22 12:26:14 GMT 2024","failed","Sun Dec 22 12:26:14 GMT 2024","","METTA-LANG","METTA-LANG",""
"","3","CONCRETE-TYPES---METTA-LANGUAGE10.01","","Sun Dec 22 12:26:14 GMT 2024","passed","Sun Dec 22 12:26:14 GMT 2024","","METTA-LANG","METTA-LANG",""
"","2","MATCH-SUPERPOSED-SPACES.05","","Sun Dec 22 12:23:09 GMT 2024","passed","Sun Dec 22 12:23:09 GMT 2024","","METTA-MORPH-TESTS","METTA-MORPH-TESTS",""
"","3","HANDLING-NONDETERMINISTIC-RESULTS---METTA-LANGUAGE8.07","","Sun Dec 22 12:26:14 GMT 2024","passed","Sun Dec 22 12:26:14 GMT 2024","","METTA-LANG","METTA-LANG",""
"","2","UNIQUE-TEST.05","","Sun Dec 22 12:17:40 GMT 2024","passed","Sun Dec 22 12:17:40 GMT 2024","","HYPERON-METTALOG-SANITY","HYPERON-METTALOG-SANITY",""
"","89","B4-NONDETERM.01","","Sun Dec 22 12:14:59 GMT 2024","passed","Sun Dec 22 12:14:59 GMT 2024","","HYPERON-EXPERIMENTAL-SCRIPTS","HYPERON-EXPERIMENTAL-SCRIPTS",""
"","1","E3-MATCH-STATES.02","","Sun Dec 22 12:14:59 GMT 2024","passed","Sun Dec 22 12:14:59 GMT 2024","","HYPERON-EXPERIMENTAL-SCRIPTS","HYPERON-EXPERIMENTAL-SCRIPTS",""
"","2","LET-SUPERPOSE-IF-CASE.02","","Sun Dec 22 12:23:09 GMT 2024","passed","Sun Dec 22 12:23:09 GMT 2024","","METTA-MORPH-TESTS","METTA-MORPH-TESTS",""
"","4","LET-SUPERPOSE-IF-CASE.01","","Sun Dec 22 12:23:09 GMT 2024","passed","Sun Dec 22 12:23:09 GMT 2024","","METTA-MORPH-TESTS","METTA-MORPH-TESTS",""
"","1","METATYPES---METTA-LANGUAGE8.02","","Sun Dec 22 12:26:14 GMT 2024","passed","Sun Dec 22 12:26:14 GMT 2024","","METTA-LANG","METTA-LANG",""
"","3","STRING-TESTS.20","","Sun Dec 22 12:17:40 GMT 2024","passed","Sun Dec 22 12:17:40 GMT 2024","","HYPERON-METTALOG-SANITY","HYPERON-METTALOG-SANITY",""
"","2","RECURSIVE-AND-PARAMETRIC-TYPES---METTA-LANGUAGE3.02","","Sun Dec 22 12:26:14 GMT 2024","passed","Sun Dec 22 12:26:14 GMT 2024","","METTA-LANG","METTA-LANG",""
"","118","B4-NONDETERM.10","","Sun Dec 22 12:14:59 GMT 2024","passed","Sun Dec 22 12:14:59 GMT 2024","","HYPERON-EXPERIMENTAL-SCRIPTS","HYPERON-EXPERIMENTAL-SCRIPTS",""
"","3","FIND-ALL-TESTS.01","","Sun Dec 22 12:17:40 GMT 2024","passed","Sun Dec 22 12:17:40 GMT 2024","","HYPERON-METTALOG-SANITY","HYPERON-METTALOG-SANITY",""
"","2","D4-TYPE-PROP.02","","Sun Dec 22 12:14:59 GMT 2024","passed","Sun Dec 22 12:14:59 GMT 2024","","HYPERON-EXPERIMENTAL-SCRIPTS","HYPERON-EXPERIMENTAL-SCRIPTS",""
"","2","D2-HIGHERFUNC.10","","Sun Dec 22 12:14:59 GMT 2024","passed","Sun Dec 22 12:14:59 GMT 2024","","HYPERON-EXPERIMENTAL-SCRIPTS","HYPERON-EXPERIMENTAL-SCRIPTS",""
"","2","F1-MODULEA.07","","Sun Dec 22 12:43:12 GMT 2024","passed","Sun Dec 22 12:43:12 GMT 2024","","QUICK","QUICK",""
"","1","D4-TYPE-PROP.13","","Sun Dec 22 12:14:59 GMT 2024","passed","Sun Dec 22 12:14:59 GMT 2024","","HYPERON-EXPERIMENTAL-SCRIPTS","HYPERON-EXPERIMENTAL-SCRIPTS",""
"","2","SUPERPOSE-NESTED.03","","Sun Dec 22 12:23:09 GMT 2024","passed","Sun Dec 22 12:23:09 GMT 2024","","METTA-MORPH-TESTS","METTA-MORPH-TESTS",""
"","3","C2-SPACES.04","","Sun Dec 22 12:10:42 GMT 2024","passed","Sun Dec 22 12:10:42 GMT 2024","","MODULE-SYSTEM","MODULE-SYSTEM",""
"","4","FIRST-ANSWER.02","","Sun Dec 22 12:17:40 GMT 2024","passed","Sun Dec 22 12:17:40 GMT 2024","","HYPERON-METTALOG-SANITY","HYPERON-METTALOG-SANITY",""
"","3","INTERSECTION-TESTS.20","","Sun Dec 22 12:17:40 GMT 2024","passed","Sun Dec 22 12:17:40 GMT 2024","","HYPERON-METTALOG-SANITY","HYPERON-METTALOG-SANITY",""
"","92","OPERATIONS-OVER-ATOMS---METTA-LANGUAGE2.02","","Sun Dec 22 12:26:14 GMT 2024","failed","Sun Dec 22 12:26:14 GMT 2024","","METTA-LANG","METTA-LANG",""
"","7000","metta_lang.Console_output_and_debugging___MeTTa_Language3","","Sun Dec 22 12:10:49 GMT 2024","passed","Sun Dec 22 12:10:56 GMT 2024","","WHOLE-TESTS","WHOLE-TESTS",""
"","2","FREE-VARIABLES-AND-NONDETERMINISM-AGAIN,-RECURSIVELY---METTA-LANGUAGE1.04","","Sun Dec 22 12:26:14 GMT 2024","passed","Sun Dec 22 12:26:14 GMT 2024","","METTA-LANG","METTA-LANG",""
"","3","TEST-SPO-1000.01","","Sun Dec 22 12:11:54 GMT 2024","passed","Sun Dec 22 12:11:54 GMT 2024","","METTA-WAM-ISSUE-116","METTA-WAM-ISSUE-116",""
"","7000","metta-morph_tests.match_superposed_spaces","","Sun Dec 22 12:10:49 GMT 2024","passed","Sun Dec 22 12:10:56 GMT 2024","","WHOLE-TESTS","WHOLE-TESTS",""
"","12","RECURSIVE-AND-PARAMETRIC-TYPES---METTA-LANGUAGE6.02","","Sun Dec 22 12:26:14 GMT 2024","failed","Sun Dec 22 12:26:14 GMT 2024","","METTA-LANG","METTA-LANG",""
"","2","C1-GROUNDED-BASIC.17","","Sun Dec 22 12:14:59 GMT 2024","passed","Sun Dec 22 12:14:59 GMT 2024","","HYPERON-EXPERIMENTAL-SCRIPTS","HYPERON-EXPERIMENTAL-SCRIPTS",""
"","3","CONTROL-FLOW---METTA-LANGUAGE3.02","","Sun Dec 22 12:26:14 GMT 2024","passed","Sun Dec 22 12:26:14 GMT 2024","","METTA-LANG","METTA-LANG",""
"","2","TMPMATCH1.02","","Sun Dec 22 12:10:56 GMT 2024","passed","Sun Dec 22 12:10:56 GMT 2024","","ANTI-REGRESSION","ANTI-REGRESSION",""
"","3","FUNCTIONS-AND-UNIFICATION---METTA-LANGUAGE5.01","","Sun Dec 22 12:26:14 GMT 2024","passed","Sun Dec 22 12:26:14 GMT 2024","","METTA-LANG","METTA-LANG",""
"","2","FUNCTIONS-AND-UNIFICATION---METTA-LANGUAGE7.01","","Sun Dec 22 12:26:14 GMT 2024","passed","Sun Dec 22 12:26:14 GMT 2024","","METTA-LANG","METTA-LANG",""
"","46","CONSOLE-OUTPUT-AND-DEBUGGING---METTA-LANGUAGE5.03","","Sun Dec 22 12:26:14 GMT 2024","passed","Sun Dec 22 12:26:14 GMT 2024","","METTA-LANG","METTA-LANG",""
"","2","C1-GROUNDED-BASIC.16","","Sun Dec 22 12:14:59 GMT 2024","passed","Sun Dec 22 12:14:59 GMT 2024","","HYPERON-EXPERIMENTAL-SCRIPTS","HYPERON-EXPERIMENTAL-SCRIPTS",""
"","74","METATYPES---METTA-LANGUAGE8.04","","Sun Dec 22 12:26:14 GMT 2024","failed","Sun Dec 22 12:26:14 GMT 2024","","METTA-LANG","METTA-LANG",""
"","2","D4-TYPE-PROP.10","","Sun Dec 22 12:43:12 GMT 2024","passed","Sun Dec 22 12:43:12 GMT 2024","","QUICK","QUICK",""
"","2","SUPERCOLLAPSE.04","","Sun Dec 22 12:23:09 GMT 2024","passed","Sun Dec 22 12:23:09 GMT 2024","","METTA-MORPH-TESTS","METTA-MORPH-TESTS",""
"","3","METATYPES---METTA-LANGUAGE6.01","","Sun Dec 22 12:26:14 GMT 2024","passed","Sun Dec 22 12:26:14 GMT 2024","","METTA-LANG","METTA-LANG",""
"","2","D3-DEPTYPES.02","","Sun Dec 22 12:14:59 GMT 2024","passed","Sun Dec 22 12:14:59 GMT 2024","","HYPERON-EXPERIMENTAL-SCRIPTS","HYPERON-EXPERIMENTAL-SCRIPTS",""
"","3","TESTS0.02","","Sun Dec 22 12:23:09 GMT 2024","passed","Sun Dec 22 12:23:09 GMT 2024","","METTA-MORPH-TESTS","METTA-MORPH-TESTS",""
"","2","F1-IMPORTS.05","","Sun Dec 22 12:10:42 GMT 2024","passed","Sun Dec 22 12:10:42 GMT 2024","","MODULE-SYSTEM","MODULE-SYSTEM",""
"","6000","hyperon-mettalog_sanity.base_test_repr_parse_intersection","","Sun Dec 22 12:10:49 GMT 2024","passed","Sun Dec 22 12:10:55 GMT 2024","","WHOLE-TESTS","WHOLE-TESTS",""
"","2","MATCH-VOID.08","","Sun Dec 22 12:23:09 GMT 2024","passed","Sun Dec 22 12:23:09 GMT 2024","","METTA-MORPH-TESTS","METTA-MORPH-TESTS",""
"","2","F1-MODULEA.10","","Sun Dec 22 12:14:59 GMT 2024","passed","Sun Dec 22 12:14:59 GMT 2024","","HYPERON-EXPERIMENTAL-SCRIPTS","HYPERON-EXPERIMENTAL-SCRIPTS",""
"","3","HANDLING-NONDETERMINISTIC-RESULTS---METTA-LANGUAGE8.12","","Sun Dec 22 12:26:14 GMT 2024","passed","Sun Dec 22 12:26:14 GMT 2024","","METTA-LANG","METTA-LANG",""
"","1","TMPMATCH2.03","","Sun Dec 22 12:10:56 GMT 2024","passed","Sun Dec 22 12:10:56 GMT 2024","","ANTI-REGRESSION","ANTI-REGRESSION",""
"","3","F1-MODULEA.08","","Sun Dec 22 12:43:12 GMT 2024","passed","Sun Dec 22 12:43:12 GMT 2024","","QUICK","QUICK",""
"","56","F1-IMPORTS.21","","Sun Dec 22 12:43:12 GMT 2024","passed","Sun Dec 22 12:43:12 GMT 2024","","QUICK","QUICK",""
"","1","OPERATIONS-OVER-ATOMS---METTA-LANGUAGE1.05","","Sun Dec 22 12:26:14 GMT 2024","passed","Sun Dec 22 12:26:14 GMT 2024","","METTA-LANG","METTA-LANG",""
"","2","D4-TYPE-PROP.19","","Sun Dec 22 12:43:12 GMT 2024","passed","Sun Dec 22 12:43:12 GMT 2024","","QUICK","QUICK",""
"","3","WORKING-WITH-SPACES---METTA-LANGUAGE2.03","","Sun Dec 22 12:26:14 GMT 2024","passed","Sun Dec 22 12:26:14 GMT 2024","","METTA-LANG","METTA-LANG",""
"","3","CATCH-THROW-TESTS.08","","Sun Dec 22 12:17:40 GMT 2024","passed","Sun Dec 22 12:17:40 GMT 2024","","HYPERON-METTALOG-SANITY","HYPERON-METTALOG-SANITY",""
"","2","CONSOLE-OUTPUT-AND-DEBUGGING---METTA-LANGUAGE10.01","","Sun Dec 22 12:26:14 GMT 2024","passed","Sun Dec 22 12:26:14 GMT 2024","","METTA-LANG","METTA-LANG",""
"","108","BASE-TEST-REPR-PARSE-INTERSECTION.01","","Sun Dec 22 12:17:40 GMT 2024","passed","Sun Dec 22 12:17:40 GMT 2024","","HYPERON-METTALOG-SANITY","HYPERON-METTALOG-SANITY",""
"","86","INTERSECTION-TESTS.06","","Sun Dec 22 12:17:40 GMT 2024","passed","Sun Dec 22 12:17:40 GMT 2024","","HYPERON-METTALOG-SANITY","HYPERON-METTALOG-SANITY",""
"","2","CONTROLLING-PATTERN-MATCHING---METTA-LANGUAGE12.16","","Sun Dec 22 12:26:14 GMT 2024","passed","Sun Dec 22 12:26:14 GMT 2024","","METTA-LANG","METTA-LANG",""
"","2","NESTED-PARAMETERS.01","","Sun Dec 22 12:23:09 GMT 2024","passed","Sun Dec 22 12:23:09 GMT 2024","","METTA-MORPH-TESTS","METTA-MORPH-TESTS",""
"","2","METTALOGTESTCURRIED2.04","","Sun Dec 22 12:10:56 GMT 2024","passed","Sun Dec 22 12:10:56 GMT 2024","","ANTI-REGRESSION","ANTI-REGRESSION",""
"","2","B1-EQUAL-CHAIN.01","","Sun Dec 22 12:14:59 GMT 2024","passed","Sun Dec 22 12:14:59 GMT 2024","","HYPERON-EXPERIMENTAL-SCRIPTS","HYPERON-EXPERIMENTAL-SCRIPTS",""
"","3","D4-TYPE-PROP.14","","Sun Dec 22 12:43:12 GMT 2024","passed","Sun Dec 22 12:43:12 GMT 2024","","QUICK","QUICK",""
"","2","B4-NONDETERM.04","","Sun Dec 22 12:14:59 GMT 2024","passed","Sun Dec 22 12:14:59 GMT 2024","","HYPERON-EXPERIMENTAL-SCRIPTS","HYPERON-EXPERIMENTAL-SCRIPTS",""
"","2","CONCRETE-TYPES---METTA-LANGUAGE5.05","","Sun Dec 22 12:26:14 GMT 2024","passed","Sun Dec 22 12:26:14 GMT 2024","","METTA-LANG","METTA-LANG",""
"","3","B2-BACKCHAIN.01","","Sun Dec 22 12:14:59 GMT 2024","passed","Sun Dec 22 12:14:59 GMT 2024","","HYPERON-EXPERIMENTAL-SCRIPTS","HYPERON-EXPERIMENTAL-SCRIPTS",""
"","6000","hyperon-experimental_scripts.f1_moduleA","","Sun Dec 22 12:10:49 GMT 2024","passed","Sun Dec 22 12:10:55 GMT 2024","","WHOLE-TESTS","WHOLE-TESTS",""
"","3","RECURSION-AND-CONTROL---METTA-LANGUAGE8.04","","Sun Dec 22 12:26:14 GMT 2024","passed","Sun Dec 22 12:26:14 GMT 2024","","METTA-LANG","METTA-LANG",""
"","7000","metta_lang.Recursive_and_parametric_types___MeTTa_Language1","","Sun Dec 22 12:10:49 GMT 2024","passed","Sun Dec 22 12:10:56 GMT 2024","","WHOLE-TESTS","WHOLE-TESTS",""
"","3","METATYPES---METTA-LANGUAGE2.02","","Sun Dec 22 12:26:14 GMT 2024","passed","Sun Dec 22 12:26:14 GMT 2024","","METTA-LANG","METTA-LANG",""
"","3","BASIC-GROUNDED-FUNCTIONS---METTA-LANGUAGE1.02","","Sun Dec 22 12:26:14 GMT 2024","passed","Sun Dec 22 12:26:14 GMT 2024","","METTA-LANG","METTA-LANG",""
"","3","FIND-ALL-TESTS.04","","Sun Dec 22 12:17:40 GMT 2024","passed","Sun Dec 22 12:17:40 GMT 2024","","HYPERON-METTALOG-SANITY","HYPERON-METTALOG-SANITY",""
"","1","B5-TYPES-PRELIM.22","","Sun Dec 22 12:14:59 GMT 2024","passed","Sun Dec 22 12:14:59 GMT 2024","","HYPERON-EXPERIMENTAL-SCRIPTS","HYPERON-EXPERIMENTAL-SCRIPTS",""
"","3","HANDLING-NONDETERMINISTIC-RESULTS---METTA-LANGUAGE1.01","","Sun Dec 22 12:26:14 GMT 2024","passed","Sun Dec 22 12:26:14 GMT 2024","","METTA-LANG","METTA-LANG",""
"","2","CONSOLE-OUTPUT-AND-DEBUGGING---METTA-LANGUAGE2.08","","Sun Dec 22 12:26:14 GMT 2024","passed","Sun Dec 22 12:26:14 GMT 2024","","METTA-LANG","METTA-LANG",""
"","89","BASIC-EVALUATION---METTA-LANGUAGE15.03","","Sun Dec 22 12:26:14 GMT 2024","passed","Sun Dec 22 12:26:14 GMT 2024","","METTA-LANG","METTA-LANG",""
"","2","MAX-TIME-TESTS.03","","Sun Dec 22 12:17:40 GMT 2024","passed","Sun Dec 22 12:17:40 GMT 2024","","HYPERON-METTALOG-SANITY","HYPERON-METTALOG-SANITY",""
"","3","CONTROLLING-PATTERN-MATCHING---METTA-LANGUAGE12.12","","Sun Dec 22 12:26:14 GMT 2024","passed","Sun Dec 22 12:26:14 GMT 2024","","METTA-LANG","METTA-LANG",""
"","2","IS-SPACE.02","","Sun Dec 22 12:17:40 GMT 2024","passed","Sun Dec 22 12:17:40 GMT 2024","","HYPERON-METTALOG-SANITY","HYPERON-METTALOG-SANITY",""
"","3","CONSOLE-OUTPUT-AND-DEBUGGING---METTA-LANGUAGE2.05","","Sun Dec 22 12:26:14 GMT 2024","passed","Sun Dec 22 12:26:14 GMT 2024","","METTA-LANG","METTA-LANG",""
"","2","BCHAIN-COMP.04","","Sun Dec 22 12:10:56 GMT 2024","passed","Sun Dec 22 12:10:56 GMT 2024","","ANTI-REGRESSION","ANTI-REGRESSION",""
"","85","CONCRETE-TYPES---METTA-LANGUAGE13.04","","Sun Dec 22 12:26:14 GMT 2024","failed","Sun Dec 22 12:26:14 GMT 2024","","METTA-LANG","METTA-LANG",""
"","2","BASIC-EVALUATION---METTA-LANGUAGE9.01","","Sun Dec 22 12:26:14 GMT 2024","passed","Sun Dec 22 12:26:14 GMT 2024","","METTA-LANG","METTA-LANG",""
"","2","BCHAIN-COMP.01","","Sun Dec 22 12:10:56 GMT 2024","passed","Sun Dec 22 12:10:56 GMT 2024","","ANTI-REGRESSION","ANTI-REGRESSION",""
"","17","RECURSIVE-AND-PARAMETRIC-TYPES---METTA-LANGUAGE1.05","","Sun Dec 22 12:26:14 GMT 2024","failed","Sun Dec 22 12:26:14 GMT 2024","","METTA-LANG","METTA-LANG",""
"","2","RECURSION-AND-CONTROL---METTA-LANGUAGE2.03","","Sun Dec 22 12:26:14 GMT 2024","passed","Sun Dec 22 12:26:14 GMT 2024","","METTA-LANG","METTA-LANG",""
"","3","LETLET.01","","Sun Dec 22 12:23:09 GMT 2024","passed","Sun Dec 22 12:23:09 GMT 2024","","METTA-MORPH-TESTS","METTA-MORPH-TESTS",""
"","98","D5-AUTO-TYPES.04","","Sun Dec 22 12:14:59 GMT 2024","failed","Sun Dec 22 12:14:59 GMT 2024","","HYPERON-EXPERIMENTAL-SCRIPTS","HYPERON-EXPERIMENTAL-SCRIPTS",""
"","4","SEALED-TEST.09","","Sun Dec 22 12:17:40 GMT 2024","passed","Sun Dec 22 12:17:40 GMT 2024","","HYPERON-METTALOG-SANITY","HYPERON-METTALOG-SANITY",""
"","2","HANDLING-NONDETERMINISTIC-RESULTS---METTA-LANGUAGE1.02","","Sun Dec 22 12:26:14 GMT 2024","passed","Sun Dec 22 12:26:14 GMT 2024","","METTA-LANG","METTA-LANG",""
"","2","RECURSIVE-AND-PARAMETRIC-TYPES---METTA-LANGUAGE9.02","","Sun Dec 22 12:26:14 GMT 2024","passed","Sun Dec 22 12:26:14 GMT 2024","","METTA-LANG","METTA-LANG",""
"","46395","TEST-SPO-116378.01","","Sun Dec 22 12:11:54 GMT 2024","passed","Sun Dec 22 12:12:40 GMT 2024","","METTA-WAM-ISSUE-116","METTA-WAM-ISSUE-116",""
"","7000","metta_lang.Control_flow___MeTTa_Language8","","Sun Dec 22 12:10:49 GMT 2024","passed","Sun Dec 22 12:10:56 GMT 2024","","WHOLE-TESTS","WHOLE-TESTS",""
"","2","BASIC-EVALUATION---METTA-LANGUAGE3.01","","Sun Dec 22 12:26:14 GMT 2024","passed","Sun Dec 22 12:26:14 GMT 2024","","METTA-LANG","METTA-LANG",""
"","7000","hyperon-mettalog_sanity.is_space","","Sun Dec 22 12:10:49 GMT 2024","passed","Sun Dec 22 12:10:56 GMT 2024","","WHOLE-TESTS","WHOLE-TESTS",""
"","2","FACTORIAL.01","","Sun Dec 22 12:23:09 GMT 2024","passed","Sun Dec 22 12:23:09 GMT 2024","","METTA-MORPH-TESTS","METTA-MORPH-TESTS",""
"","1","D4-TYPE-PROP.11","","Sun Dec 22 12:43:12 GMT 2024","passed","Sun Dec 22 12:43:12 GMT 2024","","QUICK","QUICK",""
"","3","C3-PLN-STV.03","","Sun Dec 22 12:14:59 GMT 2024","passed","Sun Dec 22 12:14:59 GMT 2024","","HYPERON-EXPERIMENTAL-SCRIPTS","HYPERON-EXPERIMENTAL-SCRIPTS",""
"","2","CONTROLLING-PATTERN-MATCHING---METTA-LANGUAGE10.04","","Sun Dec 22 12:26:14 GMT 2024","passed","Sun Dec 22 12:26:14 GMT 2024","","METTA-LANG","METTA-LANG",""
"","2","QUERYING-SPACE-CONTENT---METTA-LANGUAGE2.02","","Sun Dec 22 12:26:14 GMT 2024","passed","Sun Dec 22 12:26:14 GMT 2024","","METTA-LANG","METTA-LANG",""
"","2","OPERATIONS-OVER-ATOMS---METTA-LANGUAGE2.05","","Sun Dec 22 12:26:14 GMT 2024","passed","Sun Dec 22 12:26:14 GMT 2024","","METTA-LANG","METTA-LANG",""
"","3","HANDLING-NONDETERMINISTIC-RESULTS---METTA-LANGUAGE6.01","","Sun Dec 22 12:26:14 GMT 2024","passed","Sun Dec 22 12:26:14 GMT 2024","","METTA-LANG","METTA-LANG",""
"","2","INTERSECTION-TESTS.07","","Sun Dec 22 12:17:40 GMT 2024","passed","Sun Dec 22 12:17:40 GMT 2024","","HYPERON-METTALOG-SANITY","HYPERON-METTALOG-SANITY",""
"","2","D2-HIGHERFUNC.18","","Sun Dec 22 12:43:12 GMT 2024","passed","Sun Dec 22 12:43:12 GMT 2024","","QUICK","QUICK",""
"","136","BASIC-EVALUATION---METTA-LANGUAGE15.02","","Sun Dec 22 12:26:14 GMT 2024","passed","Sun Dec 22 12:26:14 GMT 2024","","METTA-LANG","METTA-LANG",""
"","2","CONTROL-FLOW---METTA-LANGUAGE15.03","","Sun Dec 22 12:26:14 GMT 2024","passed","Sun Dec 22 12:26:14 GMT 2024","","METTA-LANG","METTA-LANG",""
"","3","RECURSIVE-AND-PARAMETRIC-TYPES---METTA-LANGUAGE2.02","","Sun Dec 22 12:26:14 GMT 2024","passed","Sun Dec 22 12:26:14 GMT 2024","","METTA-LANG","METTA-LANG",""
"","2","QUERYING-SPACE-CONTENT---METTA-LANGUAGE5.03","","Sun Dec 22 12:26:14 GMT 2024","passed","Sun Dec 22 12:26:14 GMT 2024","","METTA-LANG","METTA-LANG",""
"","4","BASIC-GROUNDED-FUNCTIONS---METTA-LANGUAGE5.01","","Sun Dec 22 12:26:14 GMT 2024","passed","Sun Dec 22 12:26:14 GMT 2024","","METTA-LANG","METTA-LANG",""
"","1","FACTORIAL.02","","Sun Dec 22 12:23:09 GMT 2024","passed","Sun Dec 22 12:23:09 GMT 2024","","METTA-MORPH-TESTS","METTA-MORPH-TESTS",""
"","78","HANDLING-NONDETERMINISTIC-RESULTS---METTA-LANGUAGE6.04","","Sun Dec 22 12:26:14 GMT 2024","passed","Sun Dec 22 12:26:14 GMT 2024","","METTA-LANG","METTA-LANG",""
"","2","C1-GROUNDED-BASIC.12","","Sun Dec 22 12:43:12 GMT 2024","passed","Sun Dec 22 12:43:12 GMT 2024","","QUICK","QUICK",""
"","2","RECURSIVE-AND-PARAMETRIC-TYPES---METTA-LANGUAGE5.04","","Sun Dec 22 12:26:14 GMT 2024","passed","Sun Dec 22 12:26:14 GMT 2024","","METTA-LANG","METTA-LANG",""
"","3","WORKING-WITH-SPACES---METTA-LANGUAGE8.03","","Sun Dec 22 12:26:14 GMT 2024","passed","Sun Dec 22 12:26:14 GMT 2024","","METTA-LANG","METTA-LANG",""
"","2","D1-GADT.01","","Sun Dec 22 12:43:12 GMT 2024","passed","Sun Dec 22 12:43:12 GMT 2024","","QUICK","QUICK",""
"","4","SEALED-TEST.04","","Sun Dec 22 12:17:40 GMT 2024","passed","Sun Dec 22 12:17:40 GMT 2024","","HYPERON-METTALOG-SANITY","HYPERON-METTALOG-SANITY",""
"","2","CATCH-THROW-TESTS.05","","Sun Dec 22 12:17:40 GMT 2024","passed","Sun Dec 22 12:17:40 GMT 2024","","HYPERON-METTALOG-SANITY","HYPERON-METTALOG-SANITY",""
"","2","C1-GROUNDED-BASIC.09","","Sun Dec 22 12:43:12 GMT 2024","passed","Sun Dec 22 12:43:12 GMT 2024","","QUICK","QUICK",""
"","7000","metta-morph_tests.types3","","Sun Dec 22 12:10:49 GMT 2024","passed","Sun Dec 22 12:10:56 GMT 2024","","WHOLE-TESTS","WHOLE-TESTS",""
"","7000","hyperon-experimental_scripts.c1_grounded_basic","","Sun Dec 22 12:10:49 GMT 2024","passed","Sun Dec 22 12:10:56 GMT 2024","","WHOLE-TESTS","WHOLE-TESTS",""
"","2","D1-GADT.12","","Sun Dec 22 12:14:59 GMT 2024","passed","Sun Dec 22 12:14:59 GMT 2024","","HYPERON-EXPERIMENTAL-SCRIPTS","HYPERON-EXPERIMENTAL-SCRIPTS",""
"","2","F1-MODULEA.10","","Sun Dec 22 12:43:12 GMT 2024","passed","Sun Dec 22 12:43:12 GMT 2024","","QUICK","QUICK",""
"","6000","metta_lang.Controlling_pattern_matching___MeTTa_Language5","","Sun Dec 22 12:10:49 GMT 2024","passed","Sun Dec 22 12:10:55 GMT 2024","","WHOLE-TESTS","WHOLE-TESTS",""
"","3","AND-OR.01","","Sun Dec 22 12:23:09 GMT 2024","passed","Sun Dec 22 12:23:09 GMT 2024","","METTA-MORPH-TESTS","METTA-MORPH-TESTS",""
"","2","CONCRETE-TYPES---METTA-LANGUAGE7.04","","Sun Dec 22 12:26:14 GMT 2024","passed","Sun Dec 22 12:26:14 GMT 2024","","METTA-LANG","METTA-LANG",""
"","2","BASIC-EVALUATION---METTA-LANGUAGE1.01","","Sun Dec 22 12:26:14 GMT 2024","passed","Sun Dec 22 12:26:14 GMT 2024","","METTA-LANG","METTA-LANG",""
"","2","SEQUENTIAL-NESTED.12","","Sun Dec 22 12:23:09 GMT 2024","passed","Sun Dec 22 12:23:09 GMT 2024","","METTA-MORPH-TESTS","METTA-MORPH-TESTS",""
"","2","TMPMATCH2.01","","Sun Dec 22 12:10:56 GMT 2024","passed","Sun Dec 22 12:10:56 GMT 2024","","ANTI-REGRESSION","ANTI-REGRESSION",""
"","3","HANDLING-NONDETERMINISTIC-RESULTS---METTA-LANGUAGE8.06","","Sun Dec 22 12:26:14 GMT 2024","passed","Sun Dec 22 12:26:14 GMT 2024","","METTA-LANG","METTA-LANG",""
"","3","BC-COMP.06","","Sun Dec 22 12:10:56 GMT 2024","passed","Sun Dec 22 12:10:56 GMT 2024","","ANTI-REGRESSION","ANTI-REGRESSION",""
"","114","OPERATIONS-OVER-ATOMS---METTA-LANGUAGE1.02","","Sun Dec 22 12:26:14 GMT 2024","failed","Sun Dec 22 12:26:14 GMT 2024","","METTA-LANG","METTA-LANG",""
"","3","BASIC-EVALUATION---METTA-LANGUAGE7.01","","Sun Dec 22 12:26:14 GMT 2024","passed","Sun Dec 22 12:26:14 GMT 2024","","METTA-LANG","METTA-LANG",""
"","3","D2-HIGHERFUNC.01","","Sun Dec 22 12:14:59 GMT 2024","passed","Sun Dec 22 12:14:59 GMT 2024","","HYPERON-EXPERIMENTAL-SCRIPTS","HYPERON-EXPERIMENTAL-SCRIPTS",""
"","6000","metta_lang.Concrete_types___MeTTa_Language8","","Sun Dec 22 12:10:49 GMT 2024","passed","Sun Dec 22 12:10:55 GMT 2024","","WHOLE-TESTS","WHOLE-TESTS",""
"","1","D4-TYPE-PROP.14","","Sun Dec 22 12:14:59 GMT 2024","passed","Sun Dec 22 12:14:59 GMT 2024","","HYPERON-EXPERIMENTAL-SCRIPTS","HYPERON-EXPERIMENTAL-SCRIPTS",""
"","3","CONTROLLING-PATTERN-MATCHING---METTA-LANGUAGE4.01","","Sun Dec 22 12:26:14 GMT 2024","passed","Sun Dec 22 12:26:14 GMT 2024","","METTA-LANG","METTA-LANG",""
"","2","MAX-TIME-TESTS.05","","Sun Dec 22 12:17:40 GMT 2024","passed","Sun Dec 22 12:17:40 GMT 2024","","HYPERON-METTALOG-SANITY","HYPERON-METTALOG-SANITY",""
"","3","CONSOLE-OUTPUT-AND-DEBUGGING---METTA-LANGUAGE2.02","","Sun Dec 22 12:26:14 GMT 2024","passed","Sun Dec 22 12:26:14 GMT 2024","","METTA-LANG","METTA-LANG",""
"","2","D1-GADT.06","","Sun Dec 22 12:14:59 GMT 2024","passed","Sun Dec 22 12:14:59 GMT 2024","","HYPERON-EXPERIMENTAL-SCRIPTS","HYPERON-EXPERIMENTAL-SCRIPTS",""
"","3","METATYPES---METTA-LANGUAGE7.03","","Sun Dec 22 12:26:14 GMT 2024","passed","Sun Dec 22 12:26:14 GMT 2024","","METTA-LANG","METTA-LANG",""
"","2","D4-TYPE-PROP.06","","Sun Dec 22 12:43:12 GMT 2024","passed","Sun Dec 22 12:43:12 GMT 2024","","QUICK","QUICK",""
"","2","BCHAIN-COMP.02","","Sun Dec 22 12:10:56 GMT 2024","passed","Sun Dec 22 12:10:56 GMT 2024","","ANTI-REGRESSION","ANTI-REGRESSION",""
"","7000","metta_lang.Recursion_and_control___MeTTa_Language6","","Sun Dec 22 12:10:49 GMT 2024","passed","Sun Dec 22 12:10:56 GMT 2024","","WHOLE-TESTS","WHOLE-TESTS",""
"","6000","metta-wam-issue-116.test_spo_100","","Sun Dec 22 12:10:49 GMT 2024","passed","Sun Dec 22 12:10:55 GMT 2024","","WHOLE-TESTS","WHOLE-TESTS",""
"","2","HANDLING-NONDETERMINISTIC-RESULTS---METTA-LANGUAGE1.04","","Sun Dec 22 12:26:14 GMT 2024","passed","Sun Dec 22 12:26:14 GMT 2024","","METTA-LANG","METTA-LANG",""
"","2","METATYPES---METTA-LANGUAGE1.03","","Sun Dec 22 12:26:14 GMT 2024","passed","Sun Dec 22 12:26:14 GMT 2024","","METTA-LANG","METTA-LANG",""
"","14","D1-GADT.05","","Sun Dec 22 12:14:59 GMT 2024","passed","Sun Dec 22 12:14:59 GMT 2024","","HYPERON-EXPERIMENTAL-SCRIPTS","HYPERON-EXPERIMENTAL-SCRIPTS",""
"","78","BASE-TEST-REPR-PARSE-INTERSECTION.02","","Sun Dec 22 12:17:40 GMT 2024","passed","Sun Dec 22 12:17:40 GMT 2024","","HYPERON-METTALOG-SANITY","HYPERON-METTALOG-SANITY",""
"","2","STRING-TESTS.14","","Sun Dec 22 12:17:40 GMT 2024","passed","Sun Dec 22 12:17:40 GMT 2024","","HYPERON-METTALOG-SANITY","HYPERON-METTALOG-SANITY",""
"","2","INTERSECTION-TESTS.25","","Sun Dec 22 12:17:40 GMT 2024","passed","Sun Dec 22 12:17:40 GMT 2024","","HYPERON-METTALOG-SANITY","HYPERON-METTALOG-SANITY",""
"","2","BASIC-GROUNDED-FUNCTIONS---METTA-LANGUAGE1.01","","Sun Dec 22 12:26:14 GMT 2024","passed","Sun Dec 22 12:26:14 GMT 2024","","METTA-LANG","METTA-LANG",""
"","3","CONTROLLING-PATTERN-MATCHING---METTA-LANGUAGE10.05","","Sun Dec 22 12:26:14 GMT 2024","passed","Sun Dec 22 12:26:14 GMT 2024","","METTA-LANG","METTA-LANG",""
"","3","BCHAIN.04","","Sun Dec 22 12:10:56 GMT 2024","passed","Sun Dec 22 12:10:56 GMT 2024","","ANTI-REGRESSION","ANTI-REGRESSION",""
"","3","D2-HIGHERFUNC.03","","Sun Dec 22 12:14:59 GMT 2024","passed","Sun Dec 22 12:14:59 GMT 2024","","HYPERON-EXPERIMENTAL-SCRIPTS","HYPERON-EXPERIMENTAL-SCRIPTS",""
"","2","CATCH-THROW-TESTS.03","","Sun Dec 22 12:17:40 GMT 2024","passed","Sun Dec 22 12:17:40 GMT 2024","","HYPERON-METTALOG-SANITY","HYPERON-METTALOG-SANITY",""
"","2","F1-MODULEA.08","","Sun Dec 22 12:14:59 GMT 2024","passed","Sun Dec 22 12:14:59 GMT 2024","","HYPERON-EXPERIMENTAL-SCRIPTS","HYPERON-EXPERIMENTAL-SCRIPTS",""
"","2","00-LANG-CASE.09","","Sun Dec 22 12:17:40 GMT 2024","passed","Sun Dec 22 12:17:40 GMT 2024","","HYPERON-METTALOG-SANITY","HYPERON-METTALOG-SANITY",""
"","2","RECURSIVE-AND-PARAMETRIC-TYPES---METTA-LANGUAGE7.07","","Sun Dec 22 12:26:14 GMT 2024","passed","Sun Dec 22 12:26:14 GMT 2024","","METTA-LANG","METTA-LANG",""
"","2","OPERATIONS-OVER-ATOMS---METTA-LANGUAGE1.03","","Sun Dec 22 12:26:14 GMT 2024","passed","Sun Dec 22 12:26:14 GMT 2024","","METTA-LANG","METTA-LANG",""
"","96","INTERSECTION-TESTS.28","","Sun Dec 22 12:17:40 GMT 2024","failed","Sun Dec 22 12:17:40 GMT 2024","","HYPERON-METTALOG-SANITY","HYPERON-METTALOG-SANITY",""
"","2","RECURSION-AND-CONTROL---METTA-LANGUAGE2.04","","Sun Dec 22 12:26:14 GMT 2024","passed","Sun Dec 22 12:26:14 GMT 2024","","METTA-LANG","METTA-LANG",""
"","6000","metta_lang.Recursive_and_parametric_types___MeTTa_Language8","","Sun Dec 22 12:10:49 GMT 2024","passed","Sun Dec 22 12:10:55 GMT 2024","","WHOLE-TESTS","WHOLE-TESTS",""
"","3","RECURSION-AND-CONTROL---METTA-LANGUAGE9.01","","Sun Dec 22 12:26:14 GMT 2024","passed","Sun Dec 22 12:26:14 GMT 2024","","METTA-LANG","METTA-LANG",""
"","3","OPERATIONS-OVER-ATOMS---METTA-LANGUAGE9.01","","Sun Dec 22 12:26:14 GMT 2024","passed","Sun Dec 22 12:26:14 GMT 2024","","METTA-LANG","METTA-LANG",""
"","3","OPERATIONS-OVER-ATOMS---METTA-LANGUAGE8.02","","Sun Dec 22 12:26:14 GMT 2024","passed","Sun Dec 22 12:26:14 GMT 2024","","METTA-LANG","METTA-LANG",""
"","13","MATCH-VOID.04","","Sun Dec 22 12:23:09 GMT 2024","passed","Sun Dec 22 12:23:09 GMT 2024","","METTA-MORPH-TESTS","METTA-MORPH-TESTS",""
"","2","METATYPES---METTA-LANGUAGE2.08","","Sun Dec 22 12:26:14 GMT 2024","passed","Sun Dec 22 12:26:14 GMT 2024","","METTA-LANG","METTA-LANG",""
"","7000","metta_lang.Concrete_types___MeTTa_Language11","","Sun Dec 22 12:10:49 GMT 2024","passed","Sun Dec 22 12:10:56 GMT 2024","","WHOLE-TESTS","WHOLE-TESTS",""
"","3","D3-DEPTYPES.06","","Sun Dec 22 12:14:59 GMT 2024","passed","Sun Dec 22 12:14:59 GMT 2024","","HYPERON-EXPERIMENTAL-SCRIPTS","HYPERON-EXPERIMENTAL-SCRIPTS",""
"","3","COLLAPSE.01","","Sun Dec 22 12:23:09 GMT 2024","passed","Sun Dec 22 12:23:09 GMT 2024","","METTA-MORPH-TESTS","METTA-MORPH-TESTS",""
"","3","WORKING-WITH-SPACES---METTA-LANGUAGE7.01","","Sun Dec 22 12:26:14 GMT 2024","passed","Sun Dec 22 12:26:14 GMT 2024","","METTA-LANG","METTA-LANG",""
"","2","RECURSION-AND-CONTROL---METTA-LANGUAGE1.01","","Sun Dec 22 12:26:14 GMT 2024","passed","Sun Dec 22 12:26:14 GMT 2024","","METTA-LANG","METTA-LANG",""
"","7000","metta_lang.Basic_grounded_functions___MeTTa_Language1","","Sun Dec 22 12:10:49 GMT 2024","passed","Sun Dec 22 12:10:56 GMT 2024","","WHOLE-TESTS","WHOLE-TESTS",""
"","3","RECURSION-AND-CONTROL---METTA-LANGUAGE6.02","","Sun Dec 22 12:26:14 GMT 2024","passed","Sun Dec 22 12:26:14 GMT 2024","","METTA-LANG","METTA-LANG",""
"","3","FUNCTIONS-AND-UNIFICATION---METTA-LANGUAGE4.02","","Sun Dec 22 12:26:14 GMT 2024","passed","Sun Dec 22 12:26:14 GMT 2024","","METTA-LANG","METTA-LANG",""
"","7000","metta_lang.Control_flow___MeTTa_Language12","","Sun Dec 22 12:10:49 GMT 2024","passed","Sun Dec 22 12:10:56 GMT 2024","","WHOLE-TESTS","WHOLE-TESTS",""
"","1","CONCRETE-TYPES---METTA-LANGUAGE5.03","","Sun Dec 22 12:26:14 GMT 2024","passed","Sun Dec 22 12:26:14 GMT 2024","","METTA-LANG","METTA-LANG",""
"","2","FUNCTIONAL-PROGRAMMING-TESTS.02","","Sun Dec 22 12:17:40 GMT 2024","passed","Sun Dec 22 12:17:40 GMT 2024","","HYPERON-METTALOG-SANITY","HYPERON-METTALOG-SANITY",""
"","3","RECURSION-AND-CONTROL---METTA-LANGUAGE3.02","","Sun Dec 22 12:26:14 GMT 2024","passed","Sun Dec 22 12:26:14 GMT 2024","","METTA-LANG","METTA-LANG",""
"","7000","metta-morph_tests.peano","","Sun Dec 22 12:10:49 GMT 2024","passed","Sun Dec 22 12:10:56 GMT 2024","","WHOLE-TESTS","WHOLE-TESTS",""
"","6000","metta_lang.Working_with_spaces___MeTTa_Language5","","Sun Dec 22 12:10:49 GMT 2024","passed","Sun Dec 22 12:10:55 GMT 2024","","WHOLE-TESTS","WHOLE-TESTS",""
"","3","D2-HIGHERFUNC.27","","Sun Dec 22 12:14:59 GMT 2024","passed","Sun Dec 22 12:14:59 GMT 2024","","HYPERON-EXPERIMENTAL-SCRIPTS","HYPERON-EXPERIMENTAL-SCRIPTS",""
"","2","CONTROL-FLOW---METTA-LANGUAGE11.02","","Sun Dec 22 12:26:14 GMT 2024","passed","Sun Dec 22 12:26:14 GMT 2024","","METTA-LANG","METTA-LANG",""
"","2","D4-TYPE-PROP.16","","Sun Dec 22 12:14:59 GMT 2024","passed","Sun Dec 22 12:14:59 GMT 2024","","HYPERON-EXPERIMENTAL-SCRIPTS","HYPERON-EXPERIMENTAL-SCRIPTS",""
"","2","B4-NONDETERM.06","","Sun Dec 22 12:14:59 GMT 2024","passed","Sun Dec 22 12:14:59 GMT 2024","","HYPERON-EXPERIMENTAL-SCRIPTS","HYPERON-EXPERIMENTAL-SCRIPTS",""
"","112","C1-GROUNDED-BASIC.14","","Sun Dec 22 12:43:12 GMT 2024","failed","Sun Dec 22 12:43:12 GMT 2024","","QUICK","QUICK",""
"","2","RECURSIVE-AND-PARAMETRIC-TYPES---METTA-LANGUAGE5.02","","Sun Dec 22 12:26:14 GMT 2024","passed","Sun Dec 22 12:26:14 GMT 2024","","METTA-LANG","METTA-LANG",""
"","7000","hyperon-experimental_scripts.d1_gadt","","Sun Dec 22 12:10:49 GMT 2024","passed","Sun Dec 22 12:10:56 GMT 2024","","WHOLE-TESTS","WHOLE-TESTS",""
"","2","MATCH-SUPERPOSED-SPACES.03","","Sun Dec 22 12:23:09 GMT 2024","passed","Sun Dec 22 12:23:09 GMT 2024","","METTA-MORPH-TESTS","METTA-MORPH-TESTS",""
"","7000","metta_lang.Functions_and_unification___MeTTa_Language3","","Sun Dec 22 12:10:49 GMT 2024","passed","Sun Dec 22 12:10:56 GMT 2024","","WHOLE-TESTS","WHOLE-TESTS",""
"","1","D4-TYPE-PROP.05","","Sun Dec 22 12:43:12 GMT 2024","passed","Sun Dec 22 12:43:12 GMT 2024","","QUICK","QUICK",""
"","7000","metta_lang.Handling_nondeterministic_results___MeTTa_Language7","","Sun Dec 22 12:10:49 GMT 2024","passed","Sun Dec 22 12:10:56 GMT 2024","","WHOLE-TESTS","WHOLE-TESTS",""
"","7000","metta_lang.Basic_evaluation___MeTTa_Language4","","Sun Dec 22 12:10:49 GMT 2024","passed","Sun Dec 22 12:10:56 GMT 2024","","WHOLE-TESTS","WHOLE-TESTS",""
"","3","CONTROLLING-PATTERN-MATCHING---METTA-LANGUAGE11.05","","Sun Dec 22 12:26:14 GMT 2024","passed","Sun Dec 22 12:26:14 GMT 2024","","METTA-LANG","METTA-LANG",""
"","2","WORKING-WITH-SPACES---METTA-LANGUAGE1.02","","Sun Dec 22 12:26:14 GMT 2024","passed","Sun Dec 22 12:26:14 GMT 2024","","METTA-LANG","METTA-LANG",""
"","3","D1-GADT.07","","Sun Dec 22 12:43:12 GMT 2024","passed","Sun Dec 22 12:43:12 GMT 2024","","QUICK","QUICK",""
"","2","CONCRETE-TYPES---METTA-LANGUAGE7.06","","Sun Dec 22 12:26:14 GMT 2024","passed","Sun Dec 22 12:26:14 GMT 2024","","METTA-LANG","METTA-LANG",""
"","81","B5-TYPES-PRELIM.11","","Sun Dec 22 12:14:59 GMT 2024","failed","Sun Dec 22 12:14:59 GMT 2024","","HYPERON-EXPERIMENTAL-SCRIPTS","HYPERON-EXPERIMENTAL-SCRIPTS",""
"","2","E2-STATES.04","","Sun Dec 22 12:14:59 GMT 2024","passed","Sun Dec 22 12:14:59 GMT 2024","","HYPERON-EXPERIMENTAL-SCRIPTS","HYPERON-EXPERIMENTAL-SCRIPTS",""
"","2","B5-TYPES-PRELIM.17","","Sun Dec 22 12:14:59 GMT 2024","passed","Sun Dec 22 12:14:59 GMT 2024","","HYPERON-EXPERIMENTAL-SCRIPTS","HYPERON-EXPERIMENTAL-SCRIPTS",""
"","7000","metta_lang.Working_with_spaces___MeTTa_Language13","","Sun Dec 22 12:10:49 GMT 2024","passed","Sun Dec 22 12:10:56 GMT 2024","","WHOLE-TESTS","WHOLE-TESTS",""
"","61","CONSOLE-OUTPUT-AND-DEBUGGING---METTA-LANGUAGE5.02","","Sun Dec 22 12:26:14 GMT 2024","failed","Sun Dec 22 12:26:14 GMT 2024","","METTA-LANG","METTA-LANG",""
"","2","MATCH-VOID.09","","Sun Dec 22 12:23:09 GMT 2024","passed","Sun Dec 22 12:23:09 GMT 2024","","METTA-MORPH-TESTS","METTA-MORPH-TESTS",""
"","3","UNIQUE-TEST.10","","Sun Dec 22 12:17:40 GMT 2024","passed","Sun Dec 22 12:17:40 GMT 2024","","HYPERON-METTALOG-SANITY","HYPERON-METTALOG-SANITY",""
"","5","OR-TEST.07","","Sun Dec 22 12:17:40 GMT 2024","passed","Sun Dec 22 12:17:40 GMT 2024","","HYPERON-METTALOG-SANITY","HYPERON-METTALOG-SANITY",""
"","2","F1-MODULEA.09","","Sun Dec 22 12:14:59 GMT 2024","passed","Sun Dec 22 12:14:59 GMT 2024","","HYPERON-EXPERIMENTAL-SCRIPTS","HYPERON-EXPERIMENTAL-SCRIPTS",""
"","3","SPACE-INTERSECTION-TESTS.15","","Sun Dec 22 12:17:40 GMT 2024","passed","Sun Dec 22 12:17:40 GMT 2024","","HYPERON-METTALOG-SANITY","HYPERON-METTALOG-SANITY",""
"","3","XOR-TEST.01","","Sun Dec 22 12:17:40 GMT 2024","passed","Sun Dec 22 12:17:40 GMT 2024","","HYPERON-METTALOG-SANITY","HYPERON-METTALOG-SANITY",""
"","28000","anti-regression.system_proofTestCurried","","Sun Dec 22 12:10:49 GMT 2024","passed","Sun Dec 22 12:11:17 GMT 2024","","WHOLE-TESTS","WHOLE-TESTS",""
"","3","B5-TYPES-PRELIM.01","","Sun Dec 22 12:14:59 GMT 2024","passed","Sun Dec 22 12:14:59 GMT 2024","","HYPERON-EXPERIMENTAL-SCRIPTS","HYPERON-EXPERIMENTAL-SCRIPTS",""
"","7000","hyperon-mettalog_sanity.unique_test","","Sun Dec 22 12:10:49 GMT 2024","passed","Sun Dec 22 12:10:56 GMT 2024","","WHOLE-TESTS","WHOLE-TESTS",""
"","7000","hyperon-experimental_scripts.b1_equal_chain","","Sun Dec 22 12:10:49 GMT 2024","passed","Sun Dec 22 12:10:56 GMT 2024","","WHOLE-TESTS","WHOLE-TESTS",""
"","2","CONSOLE-OUTPUT-AND-DEBUGGING---METTA-LANGUAGE5.05","","Sun Dec 22 12:26:14 GMT 2024","passed","Sun Dec 22 12:26:14 GMT 2024","","METTA-LANG","METTA-LANG",""
"","2","STRING-TESTS.18","","Sun Dec 22 12:17:40 GMT 2024","passed","Sun Dec 22 12:17:40 GMT 2024","","HYPERON-METTALOG-SANITY","HYPERON-METTALOG-SANITY",""
"","2","STATES-SPACES.04","","Sun Dec 22 12:23:09 GMT 2024","passed","Sun Dec 22 12:23:09 GMT 2024","","METTA-MORPH-TESTS","METTA-MORPH-TESTS",""
"","2","CATCH-THROW-TESTS.04","","Sun Dec 22 12:17:40 GMT 2024","passed","Sun Dec 22 12:17:40 GMT 2024","","HYPERON-METTALOG-SANITY","HYPERON-METTALOG-SANITY",""
"","5","OR-TEST.17","","Sun Dec 22 12:17:40 GMT 2024","passed","Sun Dec 22 12:17:40 GMT 2024","","HYPERON-METTALOG-SANITY","HYPERON-METTALOG-SANITY",""
"","2","WORKING-WITH-SPACES---METTA-LANGUAGE4.03","","Sun Dec 22 12:26:14 GMT 2024","passed","Sun Dec 22 12:26:14 GMT 2024","","METTA-LANG","METTA-LANG",""
"","2","HANDLING-NONDETERMINISTIC-RESULTS---METTA-LANGUAGE8.04","","Sun Dec 22 12:26:14 GMT 2024","passed","Sun Dec 22 12:26:14 GMT 2024","","METTA-LANG","METTA-LANG",""
"","2","INTERSECTION-TESTS.32","","Sun Dec 22 12:17:40 GMT 2024","passed","Sun Dec 22 12:17:40 GMT 2024","","HYPERON-METTALOG-SANITY","HYPERON-METTALOG-SANITY",""
"","3","INTERSECTION-TESTS.15","","Sun Dec 22 12:17:40 GMT 2024","passed","Sun Dec 22 12:17:40 GMT 2024","","HYPERON-METTALOG-SANITY","HYPERON-METTALOG-SANITY",""
"","2","CONSOLE-OUTPUT-AND-DEBUGGING---METTA-LANGUAGE3.06","","Sun Dec 22 12:26:14 GMT 2024","passed","Sun Dec 22 12:26:14 GMT 2024","","METTA-LANG","METTA-LANG",""
"","2","FUNCTIONS-AND-UNIFICATION---METTA-LANGUAGE3.02","","Sun Dec 22 12:26:14 GMT 2024","passed","Sun Dec 22 12:26:14 GMT 2024","","METTA-LANG","METTA-LANG",""
"","6000","metta_lang.Basic_grounded_functions___MeTTa_Language3","","Sun Dec 22 12:10:49 GMT 2024","passed","Sun Dec 22 12:10:55 GMT 2024","","WHOLE-TESTS","WHOLE-TESTS",""
"","3","WORKING-WITH-SPACES---METTA-LANGUAGE3.03","","Sun Dec 22 12:26:14 GMT 2024","passed","Sun Dec 22 12:26:14 GMT 2024","","METTA-LANG","METTA-LANG",""
"","2","BCHAIN.05","","Sun Dec 22 12:10:56 GMT 2024","passed","Sun Dec 22 12:10:56 GMT 2024","","ANTI-REGRESSION","ANTI-REGRESSION",""
"","3","TMPMATCH1.01","","Sun Dec 22 12:10:56 GMT 2024","passed","Sun Dec 22 12:10:56 GMT 2024","","ANTI-REGRESSION","ANTI-REGRESSION",""
"","14","CONCRETE-TYPES---METTA-LANGUAGE7.02","","Sun Dec 22 12:26:14 GMT 2024","passed","Sun Dec 22 12:26:14 GMT 2024","","METTA-LANG","METTA-LANG",""
"","2","HANDLING-NONDETERMINISTIC-RESULTS---METTA-LANGUAGE4.02","","Sun Dec 22 12:26:14 GMT 2024","passed","Sun Dec 22 12:26:14 GMT 2024","","METTA-LANG","METTA-LANG",""
"","2","D3-DEPTYPES.03","","Sun Dec 22 12:14:59 GMT 2024","passed","Sun Dec 22 12:14:59 GMT 2024","","HYPERON-EXPERIMENTAL-SCRIPTS","HYPERON-EXPERIMENTAL-SCRIPTS",""
"","3","A3-TWOSIDE.04","","Sun Dec 22 12:14:59 GMT 2024","passed","Sun Dec 22 12:14:59 GMT 2024","","HYPERON-EXPERIMENTAL-SCRIPTS","HYPERON-EXPERIMENTAL-SCRIPTS",""
"","2","CONCRETE-TYPES---METTA-LANGUAGE1.03","","Sun Dec 22 12:26:14 GMT 2024","passed","Sun Dec 22 12:26:14 GMT 2024","","METTA-LANG","METTA-LANG",""
"","2","CONTROLLING-PATTERN-MATCHING---METTA-LANGUAGE12.04","","Sun Dec 22 12:26:14 GMT 2024","passed","Sun Dec 22 12:26:14 GMT 2024","","METTA-LANG","METTA-LANG",""
"","3","CONTROLLING-PATTERN-MATCHING---METTA-LANGUAGE12.03","","Sun Dec 22 12:26:14 GMT 2024","passed","Sun Dec 22 12:26:14 GMT 2024","","METTA-LANG","METTA-LANG",""
"","2","RECURSIVE-AND-PARAMETRIC-TYPES---METTA-LANGUAGE7.02","","Sun Dec 22 12:26:14 GMT 2024","passed","Sun Dec 22 12:26:14 GMT 2024","","METTA-LANG","METTA-LANG",""
"","2","F1-IMPORTS.15","","Sun Dec 22 12:10:42 GMT 2024","passed","Sun Dec 22 12:10:42 GMT 2024","","MODULE-SYSTEM","MODULE-SYSTEM",""
"","2","WORKING-WITH-SPACES---METTA-LANGUAGE9.03","","Sun Dec 22 12:26:14 GMT 2024","passed","Sun Dec 22 12:26:14 GMT 2024","","METTA-LANG","METTA-LANG",""
"","2","BASIC-GROUNDED-FUNCTIONS---METTA-LANGUAGE8.02","","Sun Dec 22 12:26:14 GMT 2024","passed","Sun Dec 22 12:26:14 GMT 2024","","METTA-LANG","METTA-LANG",""
"","7000","metta_lang.Control_flow___MeTTa_Language10","","Sun Dec 22 12:10:49 GMT 2024","passed","Sun Dec 22 12:10:56 GMT 2024","","WHOLE-TESTS","WHOLE-TESTS",""
"","3","D2-HIGHERFUNC.26","","Sun Dec 22 12:14:59 GMT 2024","passed","Sun Dec 22 12:14:59 GMT 2024","","HYPERON-EXPERIMENTAL-SCRIPTS","HYPERON-EXPERIMENTAL-SCRIPTS",""
"","2","TEST-IF-CLOSED.04","","Sun Dec 22 12:10:56 GMT 2024","passed","Sun Dec 22 12:10:56 GMT 2024","","ANTI-REGRESSION","ANTI-REGRESSION",""
"","3","SPACE-INTERSECTION-TESTS.19","","Sun Dec 22 12:17:40 GMT 2024","passed","Sun Dec 22 12:17:40 GMT 2024","","HYPERON-METTALOG-SANITY","HYPERON-METTALOG-SANITY",""
"","2","METATYPES---METTA-LANGUAGE1.11","","Sun Dec 22 12:26:14 GMT 2024","passed","Sun Dec 22 12:26:14 GMT 2024","","METTA-LANG","METTA-LANG",""
"","2","BASIC-EVALUATION---METTA-LANGUAGE11.01","","Sun Dec 22 12:26:14 GMT 2024","passed","Sun Dec 22 12:26:14 GMT 2024","","METTA-LANG","METTA-LANG",""
"","2","F1-IMPORTS.12","","Sun Dec 22 12:14:59 GMT 2024","passed","Sun Dec 22 12:14:59 GMT 2024","","HYPERON-EXPERIMENTAL-SCRIPTS","HYPERON-EXPERIMENTAL-SCRIPTS",""
"","2","F1-IMPORTS.02","","Sun Dec 22 12:10:42 GMT 2024","passed","Sun Dec 22 12:10:42 GMT 2024","","MODULE-SYSTEM","MODULE-SYSTEM",""
"","7000","synth_buffer.time_synthesize_short","","Sun Dec 22 12:10:49 GMT 2024","passed","Sun Dec 22 12:10:56 GMT 2024","","WHOLE-TESTS","WHOLE-TESTS",""
"","9","MATCH-VOID.11","","Sun Dec 22 12:23:09 GMT 2024","passed","Sun Dec 22 12:23:09 GMT 2024","","METTA-MORPH-TESTS","METTA-MORPH-TESTS",""
"","2","RECURSION-AND-CONTROL---METTA-LANGUAGE8.01","","Sun Dec 22 12:26:14 GMT 2024","passed","Sun Dec 22 12:26:14 GMT 2024","","METTA-LANG","METTA-LANG",""
"","3","METTALOGTESTCURRIED2.01","","Sun Dec 22 12:10:56 GMT 2024","passed","Sun Dec 22 12:10:56 GMT 2024","","ANTI-REGRESSION","ANTI-REGRESSION",""
"","14","D2-HIGHERFUNC.20","","Sun Dec 22 12:14:59 GMT 2024","passed","Sun Dec 22 12:14:59 GMT 2024","","HYPERON-EXPERIMENTAL-SCRIPTS","HYPERON-EXPERIMENTAL-SCRIPTS",""
"","2","00-LANG-CASE.06","","Sun Dec 22 12:17:40 GMT 2024","passed","Sun Dec 22 12:17:40 GMT 2024","","HYPERON-METTALOG-SANITY","HYPERON-METTALOG-SANITY",""
"","2","C1-GROUNDED-BASIC.11","","Sun Dec 22 12:43:12 GMT 2024","passed","Sun Dec 22 12:43:12 GMT 2024","","QUICK","QUICK",""
"","14","D1-GADT.13","","Sun Dec 22 12:14:59 GMT 2024","passed","Sun Dec 22 12:14:59 GMT 2024","","HYPERON-EXPERIMENTAL-SCRIPTS","HYPERON-EXPERIMENTAL-SCRIPTS",""
"","2","F1-IMPORTS.15","","Sun Dec 22 12:14:59 GMT 2024","passed","Sun Dec 22 12:14:59 GMT 2024","","HYPERON-EXPERIMENTAL-SCRIPTS","HYPERON-EXPERIMENTAL-SCRIPTS",""
"","1","C1-GROUNDED-BASIC.22","","Sun Dec 22 12:14:59 GMT 2024","passed","Sun Dec 22 12:14:59 GMT 2024","","HYPERON-EXPERIMENTAL-SCRIPTS","HYPERON-EXPERIMENTAL-SCRIPTS",""
"","2","BCHAIN.01","","Sun Dec 22 12:10:56 GMT 2024","passed","Sun Dec 22 12:10:56 GMT 2024","","ANTI-REGRESSION","ANTI-REGRESSION",""
"","3","SUBTRACTION-TEST.08","","Sun Dec 22 12:17:40 GMT 2024","passed","Sun Dec 22 12:17:40 GMT 2024","","HYPERON-METTALOG-SANITY","HYPERON-METTALOG-SANITY",""
"","15","CONCRETE-TYPES---METTA-LANGUAGE10.02","","Sun Dec 22 12:26:14 GMT 2024","passed","Sun Dec 22 12:26:14 GMT 2024","","METTA-LANG","METTA-LANG",""
"","15","HANDLING-NONDETERMINISTIC-RESULTS---METTA-LANGUAGE4.01","","Sun Dec 22 12:26:14 GMT 2024","failed","Sun Dec 22 12:26:14 GMT 2024","","METTA-LANG","METTA-LANG",""
"","2","RECURSIVE-AND-PARAMETRIC-TYPES---METTA-LANGUAGE2.03","","Sun Dec 22 12:26:14 GMT 2024","passed","Sun Dec 22 12:26:14 GMT 2024","","METTA-LANG","METTA-LANG",""
"","8","D2-HIGHERFUNC.22","","Sun Dec 22 12:43:12 GMT 2024","passed","Sun Dec 22 12:43:12 GMT 2024","","QUICK","QUICK",""
"","2","WORKING-WITH-SPACES---METTA-LANGUAGE1.01","","Sun Dec 22 12:26:14 GMT 2024","passed","Sun Dec 22 12:26:14 GMT 2024","","METTA-LANG","METTA-LANG",""
"","2","C1-GROUNDED-BASIC.20","","Sun Dec 22 12:43:12 GMT 2024","passed","Sun Dec 22 12:43:12 GMT 2024","","QUICK","QUICK",""
"","3","FUNCTIONS-AND-UNIFICATION---METTA-LANGUAGE6.01","","Sun Dec 22 12:26:14 GMT 2024","passed","Sun Dec 22 12:26:14 GMT 2024","","METTA-LANG","METTA-LANG",""
"","102","WORKING-WITH-SPACES---METTA-LANGUAGE8.02","","Sun Dec 22 12:26:14 GMT 2024","failed","Sun Dec 22 12:26:14 GMT 2024","","METTA-LANG","METTA-LANG",""
"","3","F1-IMPORTS.01","","Sun Dec 22 12:14:59 GMT 2024","passed","Sun Dec 22 12:14:59 GMT 2024","","HYPERON-EXPERIMENTAL-SCRIPTS","HYPERON-EXPERIMENTAL-SCRIPTS",""
"","6000","metta_lang.Operations_over_atoms___MeTTa_Language9","","Sun Dec 22 12:10:49 GMT 2024","passed","Sun Dec 22 12:10:55 GMT 2024","","WHOLE-TESTS","WHOLE-TESTS",""
"","1","D4-TYPE-PROP.07","","Sun Dec 22 12:43:12 GMT 2024","passed","Sun Dec 22 12:43:12 GMT 2024","","QUICK","QUICK",""
"","7000","metta_lang.Querying_space_content___MeTTa_Language5","","Sun Dec 22 12:10:49 GMT 2024","passed","Sun Dec 22 12:10:56 GMT 2024","","WHOLE-TESTS","WHOLE-TESTS",""
"","2","E2-STATES.05","","Sun Dec 22 12:14:59 GMT 2024","passed","Sun Dec 22 12:14:59 GMT 2024","","HYPERON-EXPERIMENTAL-SCRIPTS","HYPERON-EXPERIMENTAL-SCRIPTS",""
"","7000","metta_lang.Handling_nondeterministic_results___MeTTa_Language6","","Sun Dec 22 12:10:49 GMT 2024","passed","Sun Dec 22 12:10:56 GMT 2024","","WHOLE-TESTS","WHOLE-TESTS",""
"","7000","metta_lang.Concrete_types___MeTTa_Language5","","Sun Dec 22 12:10:49 GMT 2024","passed","Sun Dec 22 12:10:56 GMT 2024","","WHOLE-TESTS","WHOLE-TESTS",""
"","2","01-LANG-INC.01","","Sun Dec 22 12:17:40 GMT 2024","passed","Sun Dec 22 12:17:40 GMT 2024","","HYPERON-METTALOG-SANITY","HYPERON-METTALOG-SANITY",""
"","2","OPERATIONS-OVER-ATOMS---METTA-LANGUAGE3.01","","Sun Dec 22 12:26:14 GMT 2024","passed","Sun Dec 22 12:26:14 GMT 2024","","METTA-LANG","METTA-LANG",""
"","2","INTERSECTION-TESTS.17","","Sun Dec 22 12:17:40 GMT 2024","passed","Sun Dec 22 12:17:40 GMT 2024","","HYPERON-METTALOG-SANITY","HYPERON-METTALOG-SANITY",""
"","3","HANDLING-NONDETERMINISTIC-RESULTS---METTA-LANGUAGE8.01","","Sun Dec 22 12:26:14 GMT 2024","passed","Sun Dec 22 12:26:14 GMT 2024","","METTA-LANG","METTA-LANG",""
"","6000","metta_lang.Controlling_pattern_matching___MeTTa_Language4","","Sun Dec 22 12:10:49 GMT 2024","passed","Sun Dec 22 12:10:55 GMT 2024","","WHOLE-TESTS","WHOLE-TESTS",""
"","3","TEST-IF-CLOSED.01","","Sun Dec 22 12:10:56 GMT 2024","passed","Sun Dec 22 12:10:56 GMT 2024","","ANTI-REGRESSION","ANTI-REGRESSION",""
"","2","OPERATIONS-OVER-ATOMS---METTA-LANGUAGE1.04","","Sun Dec 22 12:26:14 GMT 2024","passed","Sun Dec 22 12:26:14 GMT 2024","","METTA-LANG","METTA-LANG",""
"","1","D4-TYPE-PROP.06","","Sun Dec 22 12:14:59 GMT 2024","passed","Sun Dec 22 12:14:59 GMT 2024","","HYPERON-EXPERIMENTAL-SCRIPTS","HYPERON-EXPERIMENTAL-SCRIPTS",""
"","2","B5-TYPES-PRELIM.16","","Sun Dec 22 12:14:59 GMT 2024","passed","Sun Dec 22 12:14:59 GMT 2024","","HYPERON-EXPERIMENTAL-SCRIPTS","HYPERON-EXPERIMENTAL-SCRIPTS",""
"","72","HANDLING-NONDETERMINISTIC-RESULTS---METTA-LANGUAGE3.01","","Sun Dec 22 12:26:14 GMT 2024","passed","Sun Dec 22 12:26:14 GMT 2024","","METTA-LANG","METTA-LANG",""
"","2","C2-SPACES.02","","Sun Dec 22 12:10:42 GMT 2024","passed","Sun Dec 22 12:10:42 GMT 2024","","MODULE-SYSTEM","MODULE-SYSTEM",""
"","2","D2-HIGHERFUNC.08","","Sun Dec 22 12:14:59 GMT 2024","passed","Sun Dec 22 12:14:59 GMT 2024","","HYPERON-EXPERIMENTAL-SCRIPTS","HYPERON-EXPERIMENTAL-SCRIPTS",""
"","7000","metta_lang.Controlling_pattern_matching___MeTTa_Language12","","Sun Dec 22 12:10:49 GMT 2024","passed","Sun Dec 22 12:10:56 GMT 2024","","WHOLE-TESTS","WHOLE-TESTS",""
"","3","FUNCTIONAL-PROGRAMMING-TESTS.01","","Sun Dec 22 12:17:40 GMT 2024","passed","Sun Dec 22 12:17:40 GMT 2024","","HYPERON-METTALOG-SANITY","HYPERON-METTALOG-SANITY",""
"","4","F1-IMPORTS.02","","Sun Dec 22 12:43:12 GMT 2024","passed","Sun Dec 22 12:43:12 GMT 2024","","QUICK","QUICK",""
"","9000","anti-regression.bc_comp","","Sun Dec 22 12:10:49 GMT 2024","passed","Sun Dec 22 12:10:58 GMT 2024","","WHOLE-TESTS","WHOLE-TESTS",""
"","61","E2-STATES.07","","Sun Dec 22 12:14:59 GMT 2024","failed","Sun Dec 22 12:14:59 GMT 2024","","HYPERON-EXPERIMENTAL-SCRIPTS","HYPERON-EXPERIMENTAL-SCRIPTS",""
"","45000","synth_buffer.time_synthesize","","Sun Dec 22 12:10:49 GMT 2024","failed","Sun Dec 22 12:11:34 GMT 2024","","WHOLE-TESTS","WHOLE-TESTS",""
"","3","RECURSION-AND-CONTROL---METTA-LANGUAGE5.01","","Sun Dec 22 12:26:14 GMT 2024","passed","Sun Dec 22 12:26:14 GMT 2024","","METTA-LANG","METTA-LANG",""
"","2","BCHAIN.02","","Sun Dec 22 12:10:56 GMT 2024","passed","Sun Dec 22 12:10:56 GMT 2024","","ANTI-REGRESSION","ANTI-REGRESSION",""
"","52","OR-TEST.02","","Sun Dec 22 12:17:40 GMT 2024","failed","Sun Dec 22 12:17:40 GMT 2024","","HYPERON-METTALOG-SANITY","HYPERON-METTALOG-SANITY",""
"","2","RECURSION-AND-CONTROL---METTA-LANGUAGE2.06","","Sun Dec 22 12:26:14 GMT 2024","passed","Sun Dec 22 12:26:14 GMT 2024","","METTA-LANG","METTA-LANG",""
"","2","C1-GROUNDED-BASIC.03","","Sun Dec 22 12:43:12 GMT 2024","passed","Sun Dec 22 12:43:12 GMT 2024","","QUICK","QUICK",""
"","7000","metta_lang.Handling_nondeterministic_results___MeTTa_Language8","","Sun Dec 22 12:10:49 GMT 2024","passed","Sun Dec 22 12:10:56 GMT 2024","","WHOLE-TESTS","WHOLE-TESTS",""
"","2","HYPERPOSE.07","","Sun Dec 22 12:23:09 GMT 2024","passed","Sun Dec 22 12:23:09 GMT 2024","","METTA-MORPH-TESTS","METTA-MORPH-TESTS",""
"","123","RECURSIVE-AND-PARAMETRIC-TYPES---METTA-LANGUAGE1.03","","Sun Dec 22 12:26:14 GMT 2024","failed","Sun Dec 22 12:26:14 GMT 2024","","METTA-LANG","METTA-LANG",""
"","2","HANDLING-NONDETERMINISTIC-RESULTS---METTA-LANGUAGE8.02","","Sun Dec 22 12:26:14 GMT 2024","passed","Sun Dec 22 12:26:14 GMT 2024","","METTA-LANG","METTA-LANG",""
"","2","B5-TYPES-PRELIM.06","","Sun Dec 22 12:14:59 GMT 2024","passed","Sun Dec 22 12:14:59 GMT 2024","","HYPERON-EXPERIMENTAL-SCRIPTS","HYPERON-EXPERIMENTAL-SCRIPTS",""
"","2","HYPERPOSE.08","","Sun Dec 22 12:23:09 GMT 2024","passed","Sun Dec 22 12:23:09 GMT 2024","","METTA-MORPH-TESTS","METTA-MORPH-TESTS",""
"","4","INTERSECTION-TESTS.18","","Sun Dec 22 12:17:40 GMT 2024","passed","Sun Dec 22 12:17:40 GMT 2024","","HYPERON-METTALOG-SANITY","HYPERON-METTALOG-SANITY",""
"","2","SPACE-INTERSECTION-TESTS.05","","Sun Dec 22 12:17:40 GMT 2024","passed","Sun Dec 22 12:17:40 GMT 2024","","HYPERON-METTALOG-SANITY","HYPERON-METTALOG-SANITY",""
"","2","CONCRETE-TYPES---METTA-LANGUAGE8.02","","Sun Dec 22 12:26:14 GMT 2024","passed","Sun Dec 22 12:26:14 GMT 2024","","METTA-LANG","METTA-LANG",""
"","3","RECURSION-AND-CONTROL---METTA-LANGUAGE2.05","","Sun Dec 22 12:26:14 GMT 2024","passed","Sun Dec 22 12:26:14 GMT 2024","","METTA-LANG","METTA-LANG",""
"","1","METTALOGTESTCURRIED2.05","","Sun Dec 22 12:10:56 GMT 2024","passed","Sun Dec 22 12:10:56 GMT 2024","","ANTI-REGRESSION","ANTI-REGRESSION",""
"","3","OPERATIONS-OVER-ATOMS---METTA-LANGUAGE2.01","","Sun Dec 22 12:26:14 GMT 2024","passed","Sun Dec 22 12:26:14 GMT 2024","","METTA-LANG","METTA-LANG",""
"","2","D2-HIGHERFUNC.14","","Sun Dec 22 12:14:59 GMT 2024","passed","Sun Dec 22 12:14:59 GMT 2024","","HYPERON-EXPERIMENTAL-SCRIPTS","HYPERON-EXPERIMENTAL-SCRIPTS",""
"","2","C1-GROUNDED-BASIC.18","","Sun Dec 22 12:43:12 GMT 2024","passed","Sun Dec 22 12:43:12 GMT 2024","","QUICK","QUICK",""
"","13","D2-HIGHERFUNC.22","","Sun Dec 22 12:14:59 GMT 2024","passed","Sun Dec 22 12:14:59 GMT 2024","","HYPERON-EXPERIMENTAL-SCRIPTS","HYPERON-EXPERIMENTAL-SCRIPTS",""
"","7000","anti-regression.tmpMatch2","","Sun Dec 22 12:10:49 GMT 2024","passed","Sun Dec 22 12:10:56 GMT 2024","","WHOLE-TESTS","WHOLE-TESTS",""
"","7000","hyperon-experimental_scripts.d2_higherfunc","","Sun Dec 22 12:10:49 GMT 2024","passed","Sun Dec 22 12:10:56 GMT 2024","","WHOLE-TESTS","WHOLE-TESTS",""
"","4","OPERATIONS-OVER-ATOMS---METTA-LANGUAGE4.01","","Sun Dec 22 12:26:14 GMT 2024","passed","Sun Dec 22 12:26:14 GMT 2024","","METTA-LANG","METTA-LANG",""
"","2","METATYPES---METTA-LANGUAGE2.03","","Sun Dec 22 12:26:14 GMT 2024","passed","Sun Dec 22 12:26:14 GMT 2024","","METTA-LANG","METTA-LANG",""
"","9","D4-TYPE-PROP.03","","Sun Dec 22 12:14:59 GMT 2024","passed","Sun Dec 22 12:14:59 GMT 2024","","HYPERON-EXPERIMENTAL-SCRIPTS","HYPERON-EXPERIMENTAL-SCRIPTS",""
"","3","RECURSIVE-AND-PARAMETRIC-TYPES---METTA-LANGUAGE5.03","","Sun Dec 22 12:26:14 GMT 2024","passed","Sun Dec 22 12:26:14 GMT 2024","","METTA-LANG","METTA-LANG",""
"","3","FUNCTIONS-AND-UNIFICATION---METTA-LANGUAGE3.01","","Sun Dec 22 12:26:14 GMT 2024","passed","Sun Dec 22 12:26:14 GMT 2024","","METTA-LANG","METTA-LANG",""
"","14","RECURSIVE-AND-PARAMETRIC-TYPES---METTA-LANGUAGE6.03","","Sun Dec 22 12:26:14 GMT 2024","passed","Sun Dec 22 12:26:14 GMT 2024","","METTA-LANG","METTA-LANG",""
"","2","C1-GROUNDED-BASIC.19","","Sun Dec 22 12:14:59 GMT 2024","passed","Sun Dec 22 12:14:59 GMT 2024","","HYPERON-EXPERIMENTAL-SCRIPTS","HYPERON-EXPERIMENTAL-SCRIPTS",""
"","2","CONSOLE-OUTPUT-AND-DEBUGGING---METTA-LANGUAGE3.05","","Sun Dec 22 12:26:14 GMT 2024","passed","Sun Dec 22 12:26:14 GMT 2024","","METTA-LANG","METTA-LANG",""
"","2","B5-TYPES-PRELIM.21","","Sun Dec 22 12:14:59 GMT 2024","passed","Sun Dec 22 12:14:59 GMT 2024","","HYPERON-EXPERIMENTAL-SCRIPTS","HYPERON-EXPERIMENTAL-SCRIPTS",""
"","2","CATCH-THROW-TESTS.01","","Sun Dec 22 12:17:40 GMT 2024","passed","Sun Dec 22 12:17:40 GMT 2024","","HYPERON-METTALOG-SANITY","HYPERON-METTALOG-SANITY",""
"","4","C1-GROUNDED-BASIC.08","","Sun Dec 22 12:14:59 GMT 2024","passed","Sun Dec 22 12:14:59 GMT 2024","","HYPERON-EXPERIMENTAL-SCRIPTS","HYPERON-EXPERIMENTAL-SCRIPTS",""
"","14","CONTROLLING-PATTERN-MATCHING---METTA-LANGUAGE10.08","","Sun Dec 22 12:26:14 GMT 2024","passed","Sun Dec 22 12:26:14 GMT 2024","","METTA-LANG","METTA-LANG",""
"","7000","baseline_compat.rust_02","","Sun Dec 22 12:10:49 GMT 2024","passed","Sun Dec 22 12:10:56 GMT 2024","","WHOLE-TESTS","WHOLE-TESTS",""
"","6000","metta-morph_tests.and_or","","Sun Dec 22 12:10:49 GMT 2024","passed","Sun Dec 22 12:10:55 GMT 2024","","WHOLE-TESTS","WHOLE-TESTS",""
"","3","FUNCTIONS-AND-UNIFICATION---METTA-LANGUAGE2.01","","Sun Dec 22 12:26:14 GMT 2024","passed","Sun Dec 22 12:26:14 GMT 2024","","METTA-LANG","METTA-LANG",""
"","7000","metta_lang.Basic_grounded_functions___MeTTa_Language2","","Sun Dec 22 12:10:49 GMT 2024","passed","Sun Dec 22 12:10:56 GMT 2024","","WHOLE-TESTS","WHOLE-TESTS",""
"","1","UNIQUE-TEST.02","","Sun Dec 22 12:17:40 GMT 2024","passed","Sun Dec 22 12:17:40 GMT 2024","","HYPERON-METTALOG-SANITY","HYPERON-METTALOG-SANITY",""
"","2","CONTROLLING-PATTERN-MATCHING---METTA-LANGUAGE1.02","","Sun Dec 22 12:26:14 GMT 2024","passed","Sun Dec 22 12:26:14 GMT 2024","","METTA-LANG","METTA-LANG",""
"","3","TYPES2.05","","Sun Dec 22 12:23:09 GMT 2024","passed","Sun Dec 22 12:23:09 GMT 2024","","METTA-MORPH-TESTS","METTA-MORPH-TESTS",""
"","3","C1-GROUNDED-BASIC.06","","Sun Dec 22 12:14:59 GMT 2024","passed","Sun Dec 22 12:14:59 GMT 2024","","HYPERON-EXPERIMENTAL-SCRIPTS","HYPERON-EXPERIMENTAL-SCRIPTS",""
"","6000","hyperon-experimental_scripts.f1_imports","","Sun Dec 22 12:10:49 GMT 2024","passed","Sun Dec 22 12:10:55 GMT 2024","","WHOLE-TESTS","WHOLE-TESTS",""
"","59","BASIC-GROUNDED-FUNCTIONS---METTA-LANGUAGE4.04","","Sun Dec 22 12:26:14 GMT 2024","failed","Sun Dec 22 12:26:14 GMT 2024","","METTA-LANG","METTA-LANG",""
"","2","RUST-02.01","","Sun Dec 22 12:43:54 GMT 2024","passed","Sun Dec 22 12:43:54 GMT 2024","","BASELINE-COMPAT","BASELINE-COMPAT",""
"","7000","metta-morph_tests.supercollapse","","Sun Dec 22 12:10:49 GMT 2024","passed","Sun Dec 22 12:10:56 GMT 2024","","WHOLE-TESTS","WHOLE-TESTS",""
"","7000","metta-morph_tests.factorial","","Sun Dec 22 12:10:49 GMT 2024","passed","Sun Dec 22 12:10:56 GMT 2024","","WHOLE-TESTS","WHOLE-TESTS",""
"","2","HYPERPOSE.04","","Sun Dec 22 12:23:09 GMT 2024","passed","Sun Dec 22 12:23:09 GMT 2024","","METTA-MORPH-TESTS","METTA-MORPH-TESTS",""
"","1","CONSOLE-OUTPUT-AND-DEBUGGING---METTA-LANGUAGE3.02","","Sun Dec 22 12:26:14 GMT 2024","passed","Sun Dec 22 12:26:14 GMT 2024","","METTA-LANG","METTA-LANG",""
"","5","SEALED-TEST.10","","Sun Dec 22 12:17:40 GMT 2024","passed","Sun Dec 22 12:17:40 GMT 2024","","HYPERON-METTALOG-SANITY","HYPERON-METTALOG-SANITY",""
"","4","CONTROLLING-PATTERN-MATCHING---METTA-LANGUAGE12.01","","Sun Dec 22 12:26:14 GMT 2024","passed","Sun Dec 22 12:26:14 GMT 2024","","METTA-LANG","METTA-LANG",""
"","2","B5-TYPES-PRELIM.05","","Sun Dec 22 12:14:59 GMT 2024","passed","Sun Dec 22 12:14:59 GMT 2024","","HYPERON-EXPERIMENTAL-SCRIPTS","HYPERON-EXPERIMENTAL-SCRIPTS",""
"","2","METTALOGTESTCURRIED2.06","","Sun Dec 22 12:10:56 GMT 2024","passed","Sun Dec 22 12:10:56 GMT 2024","","ANTI-REGRESSION","ANTI-REGRESSION",""
"","2","SEQUENTIAL-NESTED.03","","Sun Dec 22 12:23:09 GMT 2024","passed","Sun Dec 22 12:23:09 GMT 2024","","METTA-MORPH-TESTS","METTA-MORPH-TESTS",""
"","2","D4-TYPE-PROP.15","","Sun Dec 22 12:43:12 GMT 2024","passed","Sun Dec 22 12:43:12 GMT 2024","","QUICK","QUICK",""
"","3","D1-GADT.01","","Sun Dec 22 12:14:59 GMT 2024","passed","Sun Dec 22 12:14:59 GMT 2024","","HYPERON-EXPERIMENTAL-SCRIPTS","HYPERON-EXPERIMENTAL-SCRIPTS",""
"","2","02-CURRIED-PLUS.01","","Sun Dec 22 12:17:40 GMT 2024","passed","Sun Dec 22 12:17:40 GMT 2024","","HYPERON-METTALOG-SANITY","HYPERON-METTALOG-SANITY",""
"","2","D2-HIGHERFUNC.19","","Sun Dec 22 12:43:12 GMT 2024","passed","Sun Dec 22 12:43:12 GMT 2024","","QUICK","QUICK",""
"","2","CONCRETE-TYPES---METTA-LANGUAGE14.01","","Sun Dec 22 12:26:14 GMT 2024","passed","Sun Dec 22 12:26:14 GMT 2024","","METTA-LANG","METTA-LANG",""
"","1","F1-MODULEA.06","","Sun Dec 22 12:10:42 GMT 2024","passed","Sun Dec 22 12:10:42 GMT 2024","","MODULE-SYSTEM","MODULE-SYSTEM",""
"","1","E3-MATCH-STATES.04","","Sun Dec 22 12:14:59 GMT 2024","passed","Sun Dec 22 12:14:59 GMT 2024","","HYPERON-EXPERIMENTAL-SCRIPTS","HYPERON-EXPERIMENTAL-SCRIPTS",""
"","7000","metta_lang.Controlling_pattern_matching___MeTTa_Language8","","Sun Dec 22 12:10:49 GMT 2024","passed","Sun Dec 22 12:10:56 GMT 2024","","WHOLE-TESTS","WHOLE-TESTS",""
"","12","WORKING-WITH-SPACES---METTA-LANGUAGE11.02","","Sun Dec 22 12:26:14 GMT 2024","failed","Sun Dec 22 12:26:14 GMT 2024","","METTA-LANG","METTA-LANG",""
"","6000","metta_lang.Handling_nondeterministic_results___MeTTa_Language4","","Sun Dec 22 12:10:49 GMT 2024","passed","Sun Dec 22 12:10:55 GMT 2024","","WHOLE-TESTS","WHOLE-TESTS",""
"","903","FREE-VARIABLES-AND-NONDETERMINISM-AGAIN,-RECURSIVELY---METTA-LANGUAGE3.02","","Sun Dec 22 12:26:14 GMT 2024","passed","Sun Dec 22 12:26:14 GMT 2024","","METTA-LANG","METTA-LANG",""
"","2","XOR-TEST.07","","Sun Dec 22 12:17:40 GMT 2024","passed","Sun Dec 22 12:17:40 GMT 2024","","HYPERON-METTALOG-SANITY","HYPERON-METTALOG-SANITY",""
"","2","B2-BACKCHAIN.03","","Sun Dec 22 12:14:59 GMT 2024","passed","Sun Dec 22 12:14:59 GMT 2024","","HYPERON-EXPERIMENTAL-SCRIPTS","HYPERON-EXPERIMENTAL-SCRIPTS",""
"","2","C1-GROUNDED-BASIC.10","","Sun Dec 22 12:43:12 GMT 2024","passed","Sun Dec 22 12:43:12 GMT 2024","","QUICK","QUICK",""
"","3","SEQUENTIAL-NESTED.01","","Sun Dec 22 12:23:09 GMT 2024","passed","Sun Dec 22 12:23:09 GMT 2024","","METTA-MORPH-TESTS","METTA-MORPH-TESTS",""
"","5","UNIQUE-TEST.12","","Sun Dec 22 12:17:40 GMT 2024","passed","Sun Dec 22 12:17:40 GMT 2024","","HYPERON-METTALOG-SANITY","HYPERON-METTALOG-SANITY",""
"","8000","metta-morph_tests.minnars","","Sun Dec 22 12:10:49 GMT 2024","passed","Sun Dec 22 12:10:57 GMT 2024","","WHOLE-TESTS","WHOLE-TESTS",""
"","2","C1-GROUNDED-BASIC.23","","Sun Dec 22 12:14:59 GMT 2024","passed","Sun Dec 22 12:14:59 GMT 2024","","HYPERON-EXPERIMENTAL-SCRIPTS","HYPERON-EXPERIMENTAL-SCRIPTS",""
"","7000","metta_lang.Console_output_and_debugging___MeTTa_Language5","","Sun Dec 22 12:10:49 GMT 2024","passed","Sun Dec 22 12:10:56 GMT 2024","","WHOLE-TESTS","WHOLE-TESTS",""
"","3","CONCRETE-TYPES---METTA-LANGUAGE12.04","","Sun Dec 22 12:26:14 GMT 2024","passed","Sun Dec 22 12:26:14 GMT 2024","","METTA-LANG","METTA-LANG",""
"","3","06-MATCH-IN-SPACE.01","","Sun Dec 22 12:17:40 GMT 2024","passed","Sun Dec 22 12:17:40 GMT 2024","","HYPERON-METTALOG-SANITY","HYPERON-METTALOG-SANITY",""
"","2","C1-GROUNDED-BASIC.09","","Sun Dec 22 12:14:59 GMT 2024","passed","Sun Dec 22 12:14:59 GMT 2024","","HYPERON-EXPERIMENTAL-SCRIPTS","HYPERON-EXPERIMENTAL-SCRIPTS",""
"","2","TYPES2.04","","Sun Dec 22 12:23:09 GMT 2024","passed","Sun Dec 22 12:23:09 GMT 2024","","METTA-MORPH-TESTS","METTA-MORPH-TESTS",""
"","2","00-LANG-CASE.05","","Sun Dec 22 12:17:40 GMT 2024","passed","Sun Dec 22 12:17:40 GMT 2024","","HYPERON-METTALOG-SANITY","HYPERON-METTALOG-SANITY",""
"","2","BASIC-GROUNDED-FUNCTIONS---METTA-LANGUAGE2.01","","Sun Dec 22 12:26:14 GMT 2024","passed","Sun Dec 22 12:26:14 GMT 2024","","METTA-LANG","METTA-LANG",""
"","3","CONSOLE-OUTPUT-AND-DEBUGGING---METTA-LANGUAGE3.01","","Sun Dec 22 12:26:14 GMT 2024","passed","Sun Dec 22 12:26:14 GMT 2024","","METTA-LANG","METTA-LANG",""
"","2","A1-SYMBOLS.07","","Sun Dec 22 12:14:59 GMT 2024","passed","Sun Dec 22 12:14:59 GMT 2024","","HYPERON-EXPERIMENTAL-SCRIPTS","HYPERON-EXPERIMENTAL-SCRIPTS",""
"","7","SPACE-SUBTRACTION-TESTS.10","","Sun Dec 22 12:17:40 GMT 2024","passed","Sun Dec 22 12:17:40 GMT 2024","","HYPERON-METTALOG-SANITY","HYPERON-METTALOG-SANITY",""
"","2","UNIQUE-TEST.03","","Sun Dec 22 12:17:40 GMT 2024","passed","Sun Dec 22 12:17:40 GMT 2024","","HYPERON-METTALOG-SANITY","HYPERON-METTALOG-SANITY",""
"","2","C3-PLN-STV.04","","Sun Dec 22 12:14:59 GMT 2024","passed","Sun Dec 22 12:14:59 GMT 2024","","HYPERON-EXPERIMENTAL-SCRIPTS","HYPERON-EXPERIMENTAL-SCRIPTS",""
"","107","FREE-VARIABLES-AND-NONDETERMINISM-AGAIN,-RECURSIVELY---METTA-LANGUAGE1.02","","Sun Dec 22 12:26:14 GMT 2024","failed","Sun Dec 22 12:26:14 GMT 2024","","METTA-LANG","METTA-LANG",""
"","5","WORKING-WITH-SPACES---METTA-LANGUAGE4.02","","Sun Dec 22 12:26:14 GMT 2024","passed","Sun Dec 22 12:26:14 GMT 2024","","METTA-LANG","METTA-LANG",""
"","3","B5-TYPES-PRELIM.10","","Sun Dec 22 12:14:59 GMT 2024","passed","Sun Dec 22 12:14:59 GMT 2024","","HYPERON-EXPERIMENTAL-SCRIPTS","HYPERON-EXPERIMENTAL-SCRIPTS",""
"","3","STRING-TESTS.08","","Sun Dec 22 12:17:40 GMT 2024","passed","Sun Dec 22 12:17:40 GMT 2024","","HYPERON-METTALOG-SANITY","HYPERON-METTALOG-SANITY",""
"","2","WORKING-WITH-SPACES---METTA-LANGUAGE1.06","","Sun Dec 22 12:26:14 GMT 2024","passed","Sun Dec 22 12:26:14 GMT 2024","","METTA-LANG","METTA-LANG",""
"","122","TESTS0.01","","Sun Dec 22 12:23:09 GMT 2024","passed","Sun Dec 22 12:23:09 GMT 2024","","METTA-MORPH-TESTS","METTA-MORPH-TESTS",""
"","7000","hyperon-experimental_scripts.d5_auto_types","","Sun Dec 22 12:10:49 GMT 2024","passed","Sun Dec 22 12:10:56 GMT 2024","","WHOLE-TESTS","WHOLE-TESTS",""
"","124","BASIC-EVALUATION---METTA-LANGUAGE4.01","","Sun Dec 22 12:26:14 GMT 2024","failed","Sun Dec 22 12:26:14 GMT 2024","","METTA-LANG","METTA-LANG",""
"","13","CONTROLLING-PATTERN-MATCHING---METTA-LANGUAGE10.06","","Sun Dec 22 12:26:14 GMT 2024","passed","Sun Dec 22 12:26:14 GMT 2024","","METTA-LANG","METTA-LANG",""
"","130","SPACE-INTERSECTION-TESTS.07","","Sun Dec 22 12:17:40 GMT 2024","failed","Sun Dec 22 12:17:40 GMT 2024","","HYPERON-METTALOG-SANITY","HYPERON-METTALOG-SANITY",""
"","7000","metta-morph_tests.tests0","","Sun Dec 22 12:10:49 GMT 2024","passed","Sun Dec 22 12:10:56 GMT 2024","","WHOLE-TESTS","WHOLE-TESTS",""
"","7000","metta_lang.Operations_over_atoms___MeTTa_Language8","","Sun Dec 22 12:10:49 GMT 2024","passed","Sun Dec 22 12:10:56 GMT 2024","","WHOLE-TESTS","WHOLE-TESTS",""
"","2","OPERATIONS-OVER-ATOMS---METTA-LANGUAGE5.01","","Sun Dec 22 12:26:14 GMT 2024","passed","Sun Dec 22 12:26:14 GMT 2024","","METTA-LANG","METTA-LANG",""
"","2","SUPERPOSE-NESTED.02","","Sun Dec 22 12:23:09 GMT 2024","passed","Sun Dec 22 12:23:09 GMT 2024","","METTA-MORPH-TESTS","METTA-MORPH-TESTS",""
"","7000","metta_lang.Recursion_and_control___MeTTa_Language3","","Sun Dec 22 12:10:49 GMT 2024","passed","Sun Dec 22 12:10:56 GMT 2024","","WHOLE-TESTS","WHOLE-TESTS",""
"","2","XOR-TEST.05","","Sun Dec 22 12:17:40 GMT 2024","passed","Sun Dec 22 12:17:40 GMT 2024","","HYPERON-METTALOG-SANITY","HYPERON-METTALOG-SANITY",""
"","7000","metta_lang.Basic_evaluation___MeTTa_Language15","","Sun Dec 22 12:10:49 GMT 2024","passed","Sun Dec 22 12:10:56 GMT 2024","","WHOLE-TESTS","WHOLE-TESTS",""
"","3","BASIC-EVALUATION---METTA-LANGUAGE1.02","","Sun Dec 22 12:26:14 GMT 2024","passed","Sun Dec 22 12:26:14 GMT 2024","","METTA-LANG","METTA-LANG",""
"","7000","hyperon-mettalog_sanity.subtraction_test","","Sun Dec 22 12:10:49 GMT 2024","passed","Sun Dec 22 12:10:56 GMT 2024","","WHOLE-TESTS","WHOLE-TESTS",""
"","3","FREE-VARIABLES-AND-NONDETERMINISM-AGAIN,-RECURSIVELY---METTA-LANGUAGE1.03","","Sun Dec 22 12:26:14 GMT 2024","passed","Sun Dec 22 12:26:14 GMT 2024","","METTA-LANG","METTA-LANG",""
"","2","FREE-VARIABLES-AND-NONDETERMINISM-AGAIN-RECURSIVELY---METTA-LANGUAGE5.01","","Sun Dec 22 12:26:14 GMT 2024","passed","Sun Dec 22 12:26:14 GMT 2024","","METTA-LANG","METTA-LANG",""
"","2","BASIC-EVALUATION---METTA-LANGUAGE3.02","","Sun Dec 22 12:26:14 GMT 2024","passed","Sun Dec 22 12:26:14 GMT 2024","","METTA-LANG","METTA-LANG",""
"","3","C1-GROUNDED-BASIC.23","","Sun Dec 22 12:43:12 GMT 2024","passed","Sun Dec 22 12:43:12 GMT 2024","","QUICK","QUICK",""
"","7000","hyperon-experimental_scripts.a3_twoside","","Sun Dec 22 12:10:49 GMT 2024","passed","Sun Dec 22 12:10:56 GMT 2024","","WHOLE-TESTS","WHOLE-TESTS",""
"","3","RECURSION-AND-CONTROL---METTA-LANGUAGE7.03","","Sun Dec 22 12:26:14 GMT 2024","passed","Sun Dec 22 12:26:14 GMT 2024","","METTA-LANG","METTA-LANG",""
"","7000","metta_lang.Controlling_pattern_matching___MeTTa_Language1","","Sun Dec 22 12:10:49 GMT 2024","passed","Sun Dec 22 12:10:56 GMT 2024","","WHOLE-TESTS","WHOLE-TESTS",""
"","2","D2-HIGHERFUNC.09","","Sun Dec 22 12:43:12 GMT 2024","passed","Sun Dec 22 12:43:12 GMT 2024","","QUICK","QUICK",""
"","2","NESTED-QUERIES-AND-RECURSIVE-GRAPH-TRAVERSAL---METTA-LANGUAGE2.01","","Sun Dec 22 12:26:14 GMT 2024","passed","Sun Dec 22 12:26:14 GMT 2024","","METTA-LANG","METTA-LANG",""
"","7000","metta-morph_tests.hyperpose","","Sun Dec 22 12:10:49 GMT 2024","passed","Sun Dec 22 12:10:56 GMT 2024","","WHOLE-TESTS","WHOLE-TESTS",""
"","2","QUERYING-SPACE-CONTENT---METTA-LANGUAGE2.03","","Sun Dec 22 12:26:14 GMT 2024","passed","Sun Dec 22 12:26:14 GMT 2024","","METTA-LANG","METTA-LANG",""
"","7000","metta_lang.Control_flow___MeTTa_Language6","","Sun Dec 22 12:10:49 GMT 2024","passed","Sun Dec 22 12:10:56 GMT 2024","","WHOLE-TESTS","WHOLE-TESTS",""
"","106","SPACE-INTERSECTION-TESTS.08","","Sun Dec 22 12:17:40 GMT 2024","failed","Sun Dec 22 12:17:40 GMT 2024","","HYPERON-METTALOG-SANITY","HYPERON-METTALOG-SANITY",""
"","7000","metta_lang.Metatypes___MeTTa_Language7","","Sun Dec 22 12:10:49 GMT 2024","passed","Sun Dec 22 12:10:56 GMT 2024","","WHOLE-TESTS","WHOLE-TESTS",""
"","2","E1-KB-WRITE.02","","Sun Dec 22 12:14:59 GMT 2024","passed","Sun Dec 22 12:14:59 GMT 2024","","HYPERON-EXPERIMENTAL-SCRIPTS","HYPERON-EXPERIMENTAL-SCRIPTS",""
"","7","SPACE-SUBTRACTION-TESTS.09","","Sun Dec 22 12:17:40 GMT 2024","passed","Sun Dec 22 12:17:40 GMT 2024","","HYPERON-METTALOG-SANITY","HYPERON-METTALOG-SANITY",""
"","2","E3-MATCH-STATES.01","","Sun Dec 22 12:14:59 GMT 2024","passed","Sun Dec 22 12:14:59 GMT 2024","","HYPERON-EXPERIMENTAL-SCRIPTS","HYPERON-EXPERIMENTAL-SCRIPTS",""
"","1","D2-HIGHERFUNC.12","","Sun Dec 22 12:14:59 GMT 2024","passed","Sun Dec 22 12:14:59 GMT 2024","","HYPERON-EXPERIMENTAL-SCRIPTS","HYPERON-EXPERIMENTAL-SCRIPTS",""
"","15","D1-GADT.13","","Sun Dec 22 12:43:12 GMT 2024","passed","Sun Dec 22 12:43:12 GMT 2024","","QUICK","QUICK",""
"","2","INTERSECTION-TESTS.08","","Sun Dec 22 12:17:40 GMT 2024","passed","Sun Dec 22 12:17:40 GMT 2024","","HYPERON-METTALOG-SANITY","HYPERON-METTALOG-SANITY",""
"","3","RECURSIVE-AND-PARAMETRIC-TYPES---METTA-LANGUAGE7.01","","Sun Dec 22 12:26:14 GMT 2024","passed","Sun Dec 22 12:26:14 GMT 2024","","METTA-LANG","METTA-LANG",""
"","6","SPACE-INTERSECTION-TESTS.03","","Sun Dec 22 12:17:40 GMT 2024","passed","Sun Dec 22 12:17:40 GMT 2024","","HYPERON-METTALOG-SANITY","HYPERON-METTALOG-SANITY",""
"","52","METATYPES---METTA-LANGUAGE1.06","","Sun Dec 22 12:26:14 GMT 2024","failed","Sun Dec 22 12:26:14 GMT 2024","","METTA-LANG","METTA-LANG",""
"","3","BASIC-EVALUATION---METTA-LANGUAGE8.01","","Sun Dec 22 12:26:14 GMT 2024","passed","Sun Dec 22 12:26:14 GMT 2024","","METTA-LANG","METTA-LANG",""
"","2","SUPERCOLLAPSE.05","","Sun Dec 22 12:23:09 GMT 2024","passed","Sun Dec 22 12:23:09 GMT 2024","","METTA-MORPH-TESTS","METTA-MORPH-TESTS",""
"","2","FUNCTIONS-AND-UNIFICATION---METTA-LANGUAGE2.06","","Sun Dec 22 12:26:14 GMT 2024","passed","Sun Dec 22 12:26:14 GMT 2024","","METTA-LANG","METTA-LANG",""
"","7000","hyperon-mettalog_sanity.intersection_tests","","Sun Dec 22 12:10:49 GMT 2024","passed","Sun Dec 22 12:10:56 GMT 2024","","WHOLE-TESTS","WHOLE-TESTS",""
"","2","BASIC-GROUNDED-FUNCTIONS---METTA-LANGUAGE8.01","","Sun Dec 22 12:26:14 GMT 2024","passed","Sun Dec 22 12:26:14 GMT 2024","","METTA-LANG","METTA-LANG",""
"","3","F1-IMPORTS.19","","Sun Dec 22 12:14:59 GMT 2024","passed","Sun Dec 22 12:14:59 GMT 2024","","HYPERON-EXPERIMENTAL-SCRIPTS","HYPERON-EXPERIMENTAL-SCRIPTS",""
"","2","D1-GADT.03","","Sun Dec 22 12:43:12 GMT 2024","passed","Sun Dec 22 12:43:12 GMT 2024","","QUICK","QUICK",""
"","2","FUNCTIONS-AND-UNIFICATION---METTA-LANGUAGE1.02","","Sun Dec 22 12:26:14 GMT 2024","passed","Sun Dec 22 12:26:14 GMT 2024","","METTA-LANG","METTA-LANG",""
"","11","METATYPES---METTA-LANGUAGE2.06","","Sun Dec 22 12:26:14 GMT 2024","failed","Sun Dec 22 12:26:14 GMT 2024","","METTA-LANG","METTA-LANG",""
"","6000","metta_lang.Working_with_spaces___MeTTa_Language10","","Sun Dec 22 12:10:49 GMT 2024","passed","Sun Dec 22 12:10:55 GMT 2024","","WHOLE-TESTS","WHOLE-TESTS",""
"","68","WORKING-WITH-SPACES---METTA-LANGUAGE11.03","","Sun Dec 22 12:26:14 GMT 2024","failed","Sun Dec 22 12:26:14 GMT 2024","","METTA-LANG","METTA-LANG",""
"","2","OR-TEST.09","","Sun Dec 22 12:17:40 GMT 2024","passed","Sun Dec 22 12:17:40 GMT 2024","","HYPERON-METTALOG-SANITY","HYPERON-METTALOG-SANITY",""
"","7000","metta-morph_tests.if","","Sun Dec 22 12:10:49 GMT 2024","passed","Sun Dec 22 12:10:56 GMT 2024","","WHOLE-TESTS","WHOLE-TESTS",""
"","114","CONTROL-FLOW---METTA-LANGUAGE5.01","","Sun Dec 22 12:26:14 GMT 2024","passed","Sun Dec 22 12:26:14 GMT 2024","","METTA-LANG","METTA-LANG",""
"","1","WORKING-WITH-SPACES---METTA-LANGUAGE12.04","","Sun Dec 22 12:26:14 GMT 2024","passed","Sun Dec 22 12:26:14 GMT 2024","","METTA-LANG","METTA-LANG",""
"","3","RECURSIVE-AND-PARAMETRIC-TYPES---METTA-LANGUAGE8.01","","Sun Dec 22 12:26:14 GMT 2024","passed","Sun Dec 22 12:26:14 GMT 2024","","METTA-LANG","METTA-LANG",""
"","2","CONTROL-FLOW---METTA-LANGUAGE8.02","","Sun Dec 22 12:26:14 GMT 2024","passed","Sun Dec 22 12:26:14 GMT 2024","","METTA-LANG","METTA-LANG",""
"","2","CONTROL-FLOW---METTA-LANGUAGE13.01","","Sun Dec 22 12:26:14 GMT 2024","passed","Sun Dec 22 12:26:14 GMT 2024","","METTA-LANG","METTA-LANG",""
"","1","F1-MODULEA.03","","Sun Dec 22 12:10:42 GMT 2024","passed","Sun Dec 22 12:10:42 GMT 2024","","MODULE-SYSTEM","MODULE-SYSTEM",""
"","2","WORKING-WITH-SPACES---METTA-LANGUAGE6.03","","Sun Dec 22 12:26:14 GMT 2024","passed","Sun Dec 22 12:26:14 GMT 2024","","METTA-LANG","METTA-LANG",""
"","2","TESTS0.04","","Sun Dec 22 12:23:09 GMT 2024","passed","Sun Dec 22 12:23:09 GMT 2024","","METTA-MORPH-TESTS","METTA-MORPH-TESTS",""
"","7000","metta_lang.Metatypes___MeTTa_Language4","","Sun Dec 22 12:10:49 GMT 2024","passed","Sun Dec 22 12:10:56 GMT 2024","","WHOLE-TESTS","WHOLE-TESTS",""
"","2","C1-GROUNDED-BASIC.04","","Sun Dec 22 12:14:59 GMT 2024","passed","Sun Dec 22 12:14:59 GMT 2024","","HYPERON-EXPERIMENTAL-SCRIPTS","HYPERON-EXPERIMENTAL-SCRIPTS",""
"","3","RECURSION-AND-CONTROL---METTA-LANGUAGE6.01","","Sun Dec 22 12:26:14 GMT 2024","passed","Sun Dec 22 12:26:14 GMT 2024","","METTA-LANG","METTA-LANG",""
"","1","HYPERPOSE.06","","Sun Dec 22 12:23:09 GMT 2024","passed","Sun Dec 22 12:23:09 GMT 2024","","METTA-MORPH-TESTS","METTA-MORPH-TESTS",""
"","7000","metta_lang.Handling_nondeterministic_results___MeTTa_Language5","","Sun Dec 22 12:10:49 GMT 2024","passed","Sun Dec 22 12:10:56 GMT 2024","","WHOLE-TESTS","WHOLE-TESTS",""
"","5","SPACE-SUBTRACTION-TESTS.11","","Sun Dec 22 12:17:40 GMT 2024","passed","Sun Dec 22 12:17:40 GMT 2024","","HYPERON-METTALOG-SANITY","HYPERON-METTALOG-SANITY",""
"","7000","metta_lang.Metatypes___MeTTa_Language1","","Sun Dec 22 12:10:49 GMT 2024","passed","Sun Dec 22 12:10:56 GMT 2024","","WHOLE-TESTS","WHOLE-TESTS",""
"","6000","metta_lang.Recursive_and_parametric_types___MeTTa_Language9","","Sun Dec 22 12:10:49 GMT 2024","passed","Sun Dec 22 12:10:55 GMT 2024","","WHOLE-TESTS","WHOLE-TESTS",""
"","2","METATYPES---METTA-LANGUAGE7.02","","Sun Dec 22 12:26:14 GMT 2024","passed","Sun Dec 22 12:26:14 GMT 2024","","METTA-LANG","METTA-LANG",""
"","2","IS-SPACE.03","","Sun Dec 22 12:17:40 GMT 2024","passed","Sun Dec 22 12:17:40 GMT 2024","","HYPERON-METTALOG-SANITY","HYPERON-METTALOG-SANITY",""
"","2","CONTROLLING-PATTERN-MATCHING---METTA-LANGUAGE12.11","","Sun Dec 22 12:26:14 GMT 2024","passed","Sun Dec 22 12:26:14 GMT 2024","","METTA-LANG","METTA-LANG",""
"","64","SPACE-INTERSECTION-TESTS.12","","Sun Dec 22 12:17:40 GMT 2024","failed","Sun Dec 22 12:17:40 GMT 2024","","HYPERON-METTALOG-SANITY","HYPERON-METTALOG-SANITY",""
"","3","UNIQUE-TEST.07","","Sun Dec 22 12:17:40 GMT 2024","passed","Sun Dec 22 12:17:40 GMT 2024","","HYPERON-METTALOG-SANITY","HYPERON-METTALOG-SANITY",""
"","2","HANDLING-NONDETERMINISTIC-RESULTS---METTA-LANGUAGE8.09","","Sun Dec 22 12:26:14 GMT 2024","passed","Sun Dec 22 12:26:14 GMT 2024","","METTA-LANG","METTA-LANG",""
"","8000","metta_lang.Free_variables_and_nondeterminism_again,_recursively___MeTTa_Language3","","Sun Dec 22 12:10:49 GMT 2024","passed","Sun Dec 22 12:10:57 GMT 2024","","WHOLE-TESTS","WHOLE-TESTS",""
"","2","D4-TYPE-PROP.05","","Sun Dec 22 12:14:59 GMT 2024","passed","Sun Dec 22 12:14:59 GMT 2024","","HYPERON-EXPERIMENTAL-SCRIPTS","HYPERON-EXPERIMENTAL-SCRIPTS",""
"","7000","metta_lang.Recursive_and_parametric_types___MeTTa_Language6","","Sun Dec 22 12:10:49 GMT 2024","passed","Sun Dec 22 12:10:56 GMT 2024","","WHOLE-TESTS","WHOLE-TESTS",""
"","3","HANDLING-NONDETERMINISTIC-RESULTS---METTA-LANGUAGE8.11","","Sun Dec 22 12:26:14 GMT 2024","passed","Sun Dec 22 12:26:14 GMT 2024","","METTA-LANG","METTA-LANG",""
"","2","ZEROARGS.01","","Sun Dec 22 12:23:09 GMT 2024","passed","Sun Dec 22 12:23:09 GMT 2024","","METTA-MORPH-TESTS","METTA-MORPH-TESTS",""
"","2","CONTROL-FLOW---METTA-LANGUAGE16.04","","Sun Dec 22 12:26:14 GMT 2024","passed","Sun Dec 22 12:26:14 GMT 2024","","METTA-LANG","METTA-LANG",""
"","2","BASIC-EVALUATION---METTA-LANGUAGE15.04","","Sun Dec 22 12:26:14 GMT 2024","passed","Sun Dec 22 12:26:14 GMT 2024","","METTA-LANG","METTA-LANG",""
"","1","D4-TYPE-PROP.16","","Sun Dec 22 12:43:12 GMT 2024","passed","Sun Dec 22 12:43:12 GMT 2024","","QUICK","QUICK",""
"","7000","hyperon-experimental_scripts.b3_direct","","Sun Dec 22 12:10:49 GMT 2024","passed","Sun Dec 22 12:10:56 GMT 2024","","WHOLE-TESTS","WHOLE-TESTS",""
"","2","D4-TYPE-PROP.17","","Sun Dec 22 12:43:12 GMT 2024","passed","Sun Dec 22 12:43:12 GMT 2024","","QUICK","QUICK",""
"","2","HYPERPOSE.10","","Sun Dec 22 12:23:09 GMT 2024","passed","Sun Dec 22 12:23:09 GMT 2024","","METTA-MORPH-TESTS","METTA-MORPH-TESTS",""
"","2","UNIQUE-TEST.01","","Sun Dec 22 12:17:40 GMT 2024","passed","Sun Dec 22 12:17:40 GMT 2024","","HYPERON-METTALOG-SANITY","HYPERON-METTALOG-SANITY",""
"","42000","metta_lang.Nested_queries_and_recursive_graph_traversal___MeTTa_Language3","","Sun Dec 22 12:10:49 GMT 2024","failed","Sun Dec 22 12:11:31 GMT 2024","","WHOLE-TESTS","WHOLE-TESTS",""
"","7000","metta_lang.Basic_evaluation___MeTTa_Language8","","Sun Dec 22 12:10:49 GMT 2024","passed","Sun Dec 22 12:10:56 GMT 2024","","WHOLE-TESTS","WHOLE-TESTS",""
"","114","WORKING-WITH-SPACES---METTA-LANGUAGE2.01","","Sun Dec 22 12:26:14 GMT 2024","failed","Sun Dec 22 12:26:14 GMT 2024","","METTA-LANG","METTA-LANG",""
"","3","D2-HIGHERFUNC.25","","Sun Dec 22 12:14:59 GMT 2024","passed","Sun Dec 22 12:14:59 GMT 2024","","HYPERON-EXPERIMENTAL-SCRIPTS","HYPERON-EXPERIMENTAL-SCRIPTS",""
"","2","B1-EQUAL-CHAIN.04","","Sun Dec 22 12:14:59 GMT 2024","passed","Sun Dec 22 12:14:59 GMT 2024","","HYPERON-EXPERIMENTAL-SCRIPTS","HYPERON-EXPERIMENTAL-SCRIPTS",""
"","162","CONTROLLING-PATTERN-MATCHING---METTA-LANGUAGE10.07","","Sun Dec 22 12:26:14 GMT 2024","failed","Sun Dec 22 12:26:14 GMT 2024","","METTA-LANG","METTA-LANG",""
"","3","CONTROL-FLOW---METTA-LANGUAGE16.07","","Sun Dec 22 12:26:14 GMT 2024","passed","Sun Dec 22 12:26:14 GMT 2024","","METTA-LANG","METTA-LANG",""
"","6000","metta_lang.Handling_nondeterministic_results___MeTTa_Language3","","Sun Dec 22 12:10:49 GMT 2024","passed","Sun Dec 22 12:10:55 GMT 2024","","WHOLE-TESTS","WHOLE-TESTS",""
"","2","F1-IMPORTS.14","","Sun Dec 22 12:14:59 GMT 2024","passed","Sun Dec 22 12:14:59 GMT 2024","","HYPERON-EXPERIMENTAL-SCRIPTS","HYPERON-EXPERIMENTAL-SCRIPTS",""
"","7000","metta_lang.Recursion_and_control___MeTTa_Language2","","Sun Dec 22 12:10:49 GMT 2024","passed","Sun Dec 22 12:10:56 GMT 2024","","WHOLE-TESTS","WHOLE-TESTS",""
"","15","E3-MATCH-STATES.06","","Sun Dec 22 12:14:59 GMT 2024","failed","Sun Dec 22 12:14:59 GMT 2024","","HYPERON-EXPERIMENTAL-SCRIPTS","HYPERON-EXPERIMENTAL-SCRIPTS",""
"","7000","metta_lang.Recursive_and_parametric_types___MeTTa_Language3","","Sun Dec 22 12:10:49 GMT 2024","passed","Sun Dec 22 12:10:56 GMT 2024","","WHOLE-TESTS","WHOLE-TESTS",""
"","7000","metta_lang.Controlling_pattern_matching___MeTTa_Language6","","Sun Dec 22 12:10:49 GMT 2024","passed","Sun Dec 22 12:10:56 GMT 2024","","WHOLE-TESTS","WHOLE-TESTS",""
"","2","CONCRETE-TYPES---METTA-LANGUAGE7.01","","Sun Dec 22 12:26:14 GMT 2024","passed","Sun Dec 22 12:26:14 GMT 2024","","METTA-LANG","METTA-LANG",""
"","3","RECURSION-AND-CONTROL---METTA-LANGUAGE3.06","","Sun Dec 22 12:26:14 GMT 2024","passed","Sun Dec 22 12:26:14 GMT 2024","","METTA-LANG","METTA-LANG",""
"","2","METATYPES---METTA-LANGUAGE4.02","","Sun Dec 22 12:26:14 GMT 2024","passed","Sun Dec 22 12:26:14 GMT 2024","","METTA-LANG","METTA-LANG",""
"","3","OPERATIONS-OVER-ATOMS---METTA-LANGUAGE4.02","","Sun Dec 22 12:26:14 GMT 2024","passed","Sun Dec 22 12:26:14 GMT 2024","","METTA-LANG","METTA-LANG",""
"","6000","metta_lang.Basic_evaluation___MeTTa_Language10","","Sun Dec 22 12:10:49 GMT 2024","passed","Sun Dec 22 12:10:55 GMT 2024","","WHOLE-TESTS","WHOLE-TESTS",""
"","2","SUPERCOLLAPSE.07","","Sun Dec 22 12:23:09 GMT 2024","passed","Sun Dec 22 12:23:09 GMT 2024","","METTA-MORPH-TESTS","METTA-MORPH-TESTS",""
"","3","CONTROL-FLOW---METTA-LANGUAGE11.01","","Sun Dec 22 12:26:14 GMT 2024","passed","Sun Dec 22 12:26:14 GMT 2024","","METTA-LANG","METTA-LANG",""
"","1","XOR-TEST.03","","Sun Dec 22 12:17:40 GMT 2024","passed","Sun Dec 22 12:17:40 GMT 2024","","HYPERON-METTALOG-SANITY","HYPERON-METTALOG-SANITY",""
"","3","CATCH-THROW-TESTS.06","","Sun Dec 22 12:17:40 GMT 2024","passed","Sun Dec 22 12:17:40 GMT 2024","","HYPERON-METTALOG-SANITY","HYPERON-METTALOG-SANITY",""
"","74","D2-HIGHERFUNC.07","","Sun Dec 22 12:14:59 GMT 2024","failed","Sun Dec 22 12:14:59 GMT 2024","","HYPERON-EXPERIMENTAL-SCRIPTS","HYPERON-EXPERIMENTAL-SCRIPTS",""
"","2","06-MATCH-IN-SPACE.02","","Sun Dec 22 12:17:40 GMT 2024","passed","Sun Dec 22 12:17:40 GMT 2024","","HYPERON-METTALOG-SANITY","HYPERON-METTALOG-SANITY",""
"","3","F1-MODULEA.02","","Sun Dec 22 12:43:12 GMT 2024","passed","Sun Dec 22 12:43:12 GMT 2024","","QUICK","QUICK",""
"","7000","metta_lang.Operations_over_atoms___MeTTa_Language2","","Sun Dec 22 12:10:49 GMT 2024","passed","Sun Dec 22 12:10:56 GMT 2024","","WHOLE-TESTS","WHOLE-TESTS",""
"","3","RECURSION-AND-CONTROL---METTA-LANGUAGE6.04","","Sun Dec 22 12:26:14 GMT 2024","passed","Sun Dec 22 12:26:14 GMT 2024","","METTA-LANG","METTA-LANG",""
"","25","WORKING-WITH-SPACES---METTA-LANGUAGE17.02","","Sun Dec 22 12:26:14 GMT 2024","failed","Sun Dec 22 12:26:14 GMT 2024","","METTA-LANG","METTA-LANG",""
"","3","B2-BACKCHAIN.05","","Sun Dec 22 12:14:59 GMT 2024","passed","Sun Dec 22 12:14:59 GMT 2024","","HYPERON-EXPERIMENTAL-SCRIPTS","HYPERON-EXPERIMENTAL-SCRIPTS",""
"","3","CONTROLLING-PATTERN-MATCHING---METTA-LANGUAGE5.01","","Sun Dec 22 12:26:14 GMT 2024","passed","Sun Dec 22 12:26:14 GMT 2024","","METTA-LANG","METTA-LANG",""
"","11","CONCRETE-TYPES---METTA-LANGUAGE7.03","","Sun Dec 22 12:26:14 GMT 2024","passed","Sun Dec 22 12:26:14 GMT 2024","","METTA-LANG","METTA-LANG",""
"","3","SUBTRACTION-TEST.01","","Sun Dec 22 12:17:40 GMT 2024","passed","Sun Dec 22 12:17:40 GMT 2024","","HYPERON-METTALOG-SANITY","HYPERON-METTALOG-SANITY",""
"","7000","hyperon-experimental_scripts.c3_pln_stv","","Sun Dec 22 12:10:49 GMT 2024","passed","Sun Dec 22 12:10:56 GMT 2024","","WHOLE-TESTS","WHOLE-TESTS",""
"","6000","quick.d1_gadt","","Sun Dec 22 12:10:49 GMT 2024","passed","Sun Dec 22 12:10:55 GMT 2024","","WHOLE-TESTS","WHOLE-TESTS",""
"","3","INTERSECTION-TESTS.24","","Sun Dec 22 12:17:40 GMT 2024","passed","Sun Dec 22 12:17:40 GMT 2024","","HYPERON-METTALOG-SANITY","HYPERON-METTALOG-SANITY",""
"","2","CONCRETE-TYPES---METTA-LANGUAGE1.02","","Sun Dec 22 12:26:14 GMT 2024","passed","Sun Dec 22 12:26:14 GMT 2024","","METTA-LANG","METTA-LANG",""
"","2","TMPMATCH2.02","","Sun Dec 22 12:10:56 GMT 2024","passed","Sun Dec 22 12:10:56 GMT 2024","","ANTI-REGRESSION","ANTI-REGRESSION",""
"","81","FUNCTIONS-AND-UNIFICATION---METTA-LANGUAGE3.04","","Sun Dec 22 12:26:14 GMT 2024","passed","Sun Dec 22 12:26:14 GMT 2024","","METTA-LANG","METTA-LANG",""
"","7000","quick.d2_higherfunc","","Sun Dec 22 12:10:49 GMT 2024","passed","Sun Dec 22 12:10:56 GMT 2024","","WHOLE-TESTS","WHOLE-TESTS",""
"","3","WORKING-WITH-SPACES---METTA-LANGUAGE17.01","","Sun Dec 22 12:26:14 GMT 2024","passed","Sun Dec 22 12:26:14 GMT 2024","","METTA-LANG","METTA-LANG",""
"","2","C1-GROUNDED-BASIC.20","","Sun Dec 22 12:14:59 GMT 2024","passed","Sun Dec 22 12:14:59 GMT 2024","","HYPERON-EXPERIMENTAL-SCRIPTS","HYPERON-EXPERIMENTAL-SCRIPTS",""
"","2","WORKING-WITH-SPACES---METTA-LANGUAGE3.05","","Sun Dec 22 12:26:14 GMT 2024","passed","Sun Dec 22 12:26:14 GMT 2024","","METTA-LANG","METTA-LANG",""
"","15","D2-HIGHERFUNC.21","","Sun Dec 22 12:14:59 GMT 2024","passed","Sun Dec 22 12:14:59 GMT 2024","","HYPERON-EXPERIMENTAL-SCRIPTS","HYPERON-EXPERIMENTAL-SCRIPTS",""
"","1","WORKING-WITH-SPACES---METTA-LANGUAGE3.08","","Sun Dec 22 12:26:14 GMT 2024","passed","Sun Dec 22 12:26:14 GMT 2024","","METTA-LANG","METTA-LANG",""
"","2","06-MATCH-IN-SPACE.04","","Sun Dec 22 12:17:40 GMT 2024","passed","Sun Dec 22 12:17:40 GMT 2024","","HYPERON-METTALOG-SANITY","HYPERON-METTALOG-SANITY",""
"","2","METATYPES---METTA-LANGUAGE1.04","","Sun Dec 22 12:26:14 GMT 2024","passed","Sun Dec 22 12:26:14 GMT 2024","","METTA-LANG","METTA-LANG",""
"","2","SPACE-INTERSECTION-TESTS.18","","Sun Dec 22 12:17:40 GMT 2024","passed","Sun Dec 22 12:17:40 GMT 2024","","HYPERON-METTALOG-SANITY","HYPERON-METTALOG-SANITY",""
"","3","CONCRETE-TYPES---METTA-LANGUAGE3.01","","Sun Dec 22 12:26:14 GMT 2024","passed","Sun Dec 22 12:26:14 GMT 2024","","METTA-LANG","METTA-LANG",""
"","2","CONTROL-FLOW---METTA-LANGUAGE7.02","","Sun Dec 22 12:26:14 GMT 2024","passed","Sun Dec 22 12:26:14 GMT 2024","","METTA-LANG","METTA-LANG",""
"","6000","metta_lang.Concrete_types___MeTTa_Language7","","Sun Dec 22 12:10:49 GMT 2024","passed","Sun Dec 22 12:10:55 GMT 2024","","WHOLE-TESTS","WHOLE-TESTS",""
"","382","TESTS0.06","","Sun Dec 22 12:23:09 GMT 2024","passed","Sun Dec 22 12:23:09 GMT 2024","","METTA-MORPH-TESTS","METTA-MORPH-TESTS",""
"","2","HANDLING-NONDETERMINISTIC-RESULTS---METTA-LANGUAGE8.08","","Sun Dec 22 12:26:14 GMT 2024","passed","Sun Dec 22 12:26:14 GMT 2024","","METTA-LANG","METTA-LANG",""
"","2","D4-TYPE-PROP.09","","Sun Dec 22 12:14:59 GMT 2024","passed","Sun Dec 22 12:14:59 GMT 2024","","HYPERON-EXPERIMENTAL-SCRIPTS","HYPERON-EXPERIMENTAL-SCRIPTS",""
"","2","SUBTRACTION-TEST.05","","Sun Dec 22 12:17:40 GMT 2024","passed","Sun Dec 22 12:17:40 GMT 2024","","HYPERON-METTALOG-SANITY","HYPERON-METTALOG-SANITY",""
"","2","A1-SYMBOLS.02","","Sun Dec 22 12:14:59 GMT 2024","passed","Sun Dec 22 12:14:59 GMT 2024","","HYPERON-EXPERIMENTAL-SCRIPTS","HYPERON-EXPERIMENTAL-SCRIPTS",""
"","12","CONCRETE-TYPES---METTA-LANGUAGE9.01","","Sun Dec 22 12:26:14 GMT 2024","passed","Sun Dec 22 12:26:14 GMT 2024","","METTA-LANG","METTA-LANG",""
"","2","D2-HIGHERFUNC.23","","Sun Dec 22 12:43:12 GMT 2024","passed","Sun Dec 22 12:43:12 GMT 2024","","QUICK","QUICK",""
"","4","SUPERCOLLAPSE.01","","Sun Dec 22 12:23:09 GMT 2024","passed","Sun Dec 22 12:23:09 GMT 2024","","METTA-MORPH-TESTS","METTA-MORPH-TESTS",""
"","2","CONTROL-FLOW---METTA-LANGUAGE15.05","","Sun Dec 22 12:26:14 GMT 2024","passed","Sun Dec 22 12:26:14 GMT 2024","","METTA-LANG","METTA-LANG",""
"","2","D2-HIGHERFUNC.16","","Sun Dec 22 12:14:59 GMT 2024","passed","Sun Dec 22 12:14:59 GMT 2024","","HYPERON-EXPERIMENTAL-SCRIPTS","HYPERON-EXPERIMENTAL-SCRIPTS",""
"","1","C1-GROUNDED-BASIC.13","","Sun Dec 22 12:14:59 GMT 2024","passed","Sun Dec 22 12:14:59 GMT 2024","","HYPERON-EXPERIMENTAL-SCRIPTS","HYPERON-EXPERIMENTAL-SCRIPTS",""
"","2","MINNARS.01","","Sun Dec 22 12:23:09 GMT 2024","passed","Sun Dec 22 12:23:09 GMT 2024","","METTA-MORPH-TESTS","METTA-MORPH-TESTS",""
"","6000","metta_lang.Concrete_types___MeTTa_Language9","","Sun Dec 22 12:10:49 GMT 2024","passed","Sun Dec 22 12:10:55 GMT 2024","","WHOLE-TESTS","WHOLE-TESTS",""
"","15","CONCRETE-TYPES---METTA-LANGUAGE11.01","","Sun Dec 22 12:26:14 GMT 2024","passed","Sun Dec 22 12:26:14 GMT 2024","","METTA-LANG","METTA-LANG",""
"","2","00-LANG-CASE.07","","Sun Dec 22 12:17:40 GMT 2024","passed","Sun Dec 22 12:17:40 GMT 2024","","HYPERON-METTALOG-SANITY","HYPERON-METTALOG-SANITY",""
"","2","STRING-TESTS.16","","Sun Dec 22 12:17:40 GMT 2024","passed","Sun Dec 22 12:17:40 GMT 2024","","HYPERON-METTALOG-SANITY","HYPERON-METTALOG-SANITY",""
"","7000","metta_lang.Querying_space_content___MeTTa_Language2","","Sun Dec 22 12:10:49 GMT 2024","passed","Sun Dec 22 12:10:56 GMT 2024","","WHOLE-TESTS","WHOLE-TESTS",""
"","9000","metta-morph_tests.nalifier","","Sun Dec 22 12:10:49 GMT 2024","passed","Sun Dec 22 12:10:58 GMT 2024","","WHOLE-TESTS","WHOLE-TESTS",""
"","2","C2-SPACES.03","","Sun Dec 22 12:14:59 GMT 2024","passed","Sun Dec 22 12:14:59 GMT 2024","","HYPERON-EXPERIMENTAL-SCRIPTS","HYPERON-EXPERIMENTAL-SCRIPTS",""
"","2","MATCH-VOID.07","","Sun Dec 22 12:23:09 GMT 2024","passed","Sun Dec 22 12:23:09 GMT 2024","","METTA-MORPH-TESTS","METTA-MORPH-TESTS",""
"","2","CONTROLLING-PATTERN-MATCHING---METTA-LANGUAGE4.04","","Sun Dec 22 12:26:14 GMT 2024","passed","Sun Dec 22 12:26:14 GMT 2024","","METTA-LANG","METTA-LANG",""
"","3","CONSOLE-OUTPUT-AND-DEBUGGING---METTA-LANGUAGE2.04","","Sun Dec 22 12:26:14 GMT 2024","passed","Sun Dec 22 12:26:14 GMT 2024","","METTA-LANG","METTA-LANG",""
"","2","SPACE-INTERSECTION-TESTS.02","","Sun Dec 22 12:17:40 GMT 2024","passed","Sun Dec 22 12:17:40 GMT 2024","","HYPERON-METTALOG-SANITY","HYPERON-METTALOG-SANITY",""
"","3","WORKING-WITH-SPACES---METTA-LANGUAGE8.01","","Sun Dec 22 12:26:14 GMT 2024","passed","Sun Dec 22 12:26:14 GMT 2024","","METTA-LANG","METTA-LANG",""
"","7000","metta_lang.Concrete_types___MeTTa_Language2","","Sun Dec 22 12:10:49 GMT 2024","passed","Sun Dec 22 12:10:56 GMT 2024","","WHOLE-TESTS","WHOLE-TESTS",""
"","7000","metta_lang.Recursion_and_control___MeTTa_Language5","","Sun Dec 22 12:10:49 GMT 2024","passed","Sun Dec 22 12:10:56 GMT 2024","","WHOLE-TESTS","WHOLE-TESTS",""
"","3","BASIC-EVALUATION---METTA-LANGUAGE6.01","","Sun Dec 22 12:26:14 GMT 2024","passed","Sun Dec 22 12:26:14 GMT 2024","","METTA-LANG","METTA-LANG",""
"","3","CONTROLLING-PATTERN-MATCHING---METTA-LANGUAGE2.01","","Sun Dec 22 12:26:14 GMT 2024","passed","Sun Dec 22 12:26:14 GMT 2024","","METTA-LANG","METTA-LANG",""
"","14","MATCH-VOID.05","","Sun Dec 22 12:23:09 GMT 2024","passed","Sun Dec 22 12:23:09 GMT 2024","","METTA-MORPH-TESTS","METTA-MORPH-TESTS",""
"","2","D2-HIGHERFUNC.12","","Sun Dec 22 12:43:12 GMT 2024","passed","Sun Dec 22 12:43:12 GMT 2024","","QUICK","QUICK",""
"","3","OPERATIONS-OVER-ATOMS---METTA-LANGUAGE7.01","","Sun Dec 22 12:26:14 GMT 2024","passed","Sun Dec 22 12:26:14 GMT 2024","","METTA-LANG","METTA-LANG",""
"","3","WORKING-WITH-SPACES---METTA-LANGUAGE2.05","","Sun Dec 22 12:26:14 GMT 2024","passed","Sun Dec 22 12:26:14 GMT 2024","","METTA-LANG","METTA-LANG",""
"","2","STRING-TESTS.04","","Sun Dec 22 12:17:40 GMT 2024","passed","Sun Dec 22 12:17:40 GMT 2024","","HYPERON-METTALOG-SANITY","HYPERON-METTALOG-SANITY",""
"","3","RECURSIVE-AND-PARAMETRIC-TYPES---METTA-LANGUAGE9.01","","Sun Dec 22 12:26:14 GMT 2024","passed","Sun Dec 22 12:26:14 GMT 2024","","METTA-LANG","METTA-LANG",""
"","2","RECURSIVE-AND-PARAMETRIC-TYPES---METTA-LANGUAGE5.05","","Sun Dec 22 12:26:14 GMT 2024","passed","Sun Dec 22 12:26:14 GMT 2024","","METTA-LANG","METTA-LANG",""
"","2","CATCH-THROW-TESTS.07","","Sun Dec 22 12:17:40 GMT 2024","passed","Sun Dec 22 12:17:40 GMT 2024","","HYPERON-METTALOG-SANITY","HYPERON-METTALOG-SANITY",""
"","2","A1-SYMBOLS.06","","Sun Dec 22 12:14:59 GMT 2024","passed","Sun Dec 22 12:14:59 GMT 2024","","HYPERON-EXPERIMENTAL-SCRIPTS","HYPERON-EXPERIMENTAL-SCRIPTS",""
"","9000","hyperon-mettalog_sanity.functional_programming_tests","","Sun Dec 22 12:10:49 GMT 2024","passed","Sun Dec 22 12:10:58 GMT 2024","","WHOLE-TESTS","WHOLE-TESTS",""
"","7000","anti-regression.bchain_comp","","Sun Dec 22 12:10:49 GMT 2024","passed","Sun Dec 22 12:10:56 GMT 2024","","WHOLE-TESTS","WHOLE-TESTS",""
"","2","FLIP-TEST.01","","Sun Dec 22 12:17:40 GMT 2024","passed","Sun Dec 22 12:17:40 GMT 2024","","HYPERON-METTALOG-SANITY","HYPERON-METTALOG-SANITY",""
"","7000","metta_lang.Console_output_and_debugging___MeTTa_Language4","","Sun Dec 22 12:10:49 GMT 2024","passed","Sun Dec 22 12:10:56 GMT 2024","","WHOLE-TESTS","WHOLE-TESTS",""
"","7000","metta_lang.Control_flow___MeTTa_Language3","","Sun Dec 22 12:10:49 GMT 2024","passed","Sun Dec 22 12:10:56 GMT 2024","","WHOLE-TESTS","WHOLE-TESTS",""
"","6000","metta_lang.Operations_over_atoms___MeTTa_Language4","","Sun Dec 22 12:10:49 GMT 2024","passed","Sun Dec 22 12:10:55 GMT 2024","","WHOLE-TESTS","WHOLE-TESTS",""
"","1","C1-GROUNDED-BASIC.12","","Sun Dec 22 12:14:59 GMT 2024","passed","Sun Dec 22 12:14:59 GMT 2024","","HYPERON-EXPERIMENTAL-SCRIPTS","HYPERON-EXPERIMENTAL-SCRIPTS",""
"","2","STRING-TESTS.15","","Sun Dec 22 12:17:40 GMT 2024","passed","Sun Dec 22 12:17:40 GMT 2024","","HYPERON-METTALOG-SANITY","HYPERON-METTALOG-SANITY",""
"","77","F1-IMPORTS.18","","Sun Dec 22 12:43:12 GMT 2024","passed","Sun Dec 22 12:43:12 GMT 2024","","QUICK","QUICK",""
"","5","G1-DOCS.01","","Sun Dec 22 12:14:59 GMT 2024","passed","Sun Dec 22 12:14:59 GMT 2024","","HYPERON-EXPERIMENTAL-SCRIPTS","HYPERON-EXPERIMENTAL-SCRIPTS",""
"","2","MATCH-SUPERPOSED-SPACES.04","","Sun Dec 22 12:23:09 GMT 2024","passed","Sun Dec 22 12:23:09 GMT 2024","","METTA-MORPH-TESTS","METTA-MORPH-TESTS",""
"","207","WORKING-WITH-SPACES---METTA-LANGUAGE4.04","","Sun Dec 22 12:26:14 GMT 2024","failed","Sun Dec 22 12:26:14 GMT 2024","","METTA-LANG","METTA-LANG",""
"","2","HYPERPOSE.03","","Sun Dec 22 12:23:09 GMT 2024","passed","Sun Dec 22 12:23:09 GMT 2024","","METTA-MORPH-TESTS","METTA-MORPH-TESTS",""
"","2","CONTROLLING-PATTERN-MATCHING---METTA-LANGUAGE12.10","","Sun Dec 22 12:26:14 GMT 2024","passed","Sun Dec 22 12:26:14 GMT 2024","","METTA-LANG","METTA-LANG",""
"","133","WORKING-WITH-SPACES---METTA-LANGUAGE10.03","","Sun Dec 22 12:26:14 GMT 2024","failed","Sun Dec 22 12:26:14 GMT 2024","","METTA-LANG","METTA-LANG",""
"","7000","metta_lang.Functions_and_unification___MeTTa_Language1","","Sun Dec 22 12:10:49 GMT 2024","passed","Sun Dec 22 12:10:56 GMT 2024","","WHOLE-TESTS","WHOLE-TESTS",""
"","2","CONTROL-FLOW---METTA-LANGUAGE11.03","","Sun Dec 22 12:26:14 GMT 2024","passed","Sun Dec 22 12:26:14 GMT 2024","","METTA-LANG","METTA-LANG",""
"","2","D1-GADT.06","","Sun Dec 22 12:43:12 GMT 2024","passed","Sun Dec 22 12:43:12 GMT 2024","","QUICK","QUICK",""
"","3","FIND-ALL-TESTS.05","","Sun Dec 22 12:17:40 GMT 2024","passed","Sun Dec 22 12:17:40 GMT 2024","","HYPERON-METTALOG-SANITY","HYPERON-METTALOG-SANITY",""
"","3","D4-TYPE-PROP.04","","Sun Dec 22 12:14:59 GMT 2024","passed","Sun Dec 22 12:14:59 GMT 2024","","HYPERON-EXPERIMENTAL-SCRIPTS","HYPERON-EXPERIMENTAL-SCRIPTS",""
"","2","CONSOLE-OUTPUT-AND-DEBUGGING---METTA-LANGUAGE2.03","","Sun Dec 22 12:26:14 GMT 2024","passed","Sun Dec 22 12:26:14 GMT 2024","","METTA-LANG","METTA-LANG",""
"","5","UNIQUE-TEST.13","","Sun Dec 22 12:17:40 GMT 2024","passed","Sun Dec 22 12:17:40 GMT 2024","","HYPERON-METTALOG-SANITY","HYPERON-METTALOG-SANITY",""
"","6000","metta_lang.Functions_and_unification___MeTTa_Language4","","Sun Dec 22 12:10:49 GMT 2024","passed","Sun Dec 22 12:10:55 GMT 2024","","WHOLE-TESTS","WHOLE-TESTS",""
"","4","E2-STATES.12","","Sun Dec 22 12:14:59 GMT 2024","passed","Sun Dec 22 12:14:59 GMT 2024","","HYPERON-EXPERIMENTAL-SCRIPTS","HYPERON-EXPERIMENTAL-SCRIPTS",""
"","2","QUERYING-SPACE-CONTENT---METTA-LANGUAGE5.02","","Sun Dec 22 12:26:14 GMT 2024","passed","Sun Dec 22 12:26:14 GMT 2024","","METTA-LANG","METTA-LANG",""
"","3","CONTROLLING-PATTERN-MATCHING---METTA-LANGUAGE9.01","","Sun Dec 22 12:26:14 GMT 2024","passed","Sun Dec 22 12:26:14 GMT 2024","","METTA-LANG","METTA-LANG",""
"","2","D1-GADT.11","","Sun Dec 22 12:43:12 GMT 2024","passed","Sun Dec 22 12:43:12 GMT 2024","","QUICK","QUICK",""
"","7000","hyperon-mettalog_sanity.represent_and_parse_tests","","Sun Dec 22 12:10:49 GMT 2024","passed","Sun Dec 22 12:10:56 GMT 2024","","WHOLE-TESTS","WHOLE-TESTS",""
"","50","BASIC-GROUNDED-FUNCTIONS---METTA-LANGUAGE1.04","","Sun Dec 22 12:26:14 GMT 2024","passed","Sun Dec 22 12:26:14 GMT 2024","","METTA-LANG","METTA-LANG",""
"","3","CONTROLLING-PATTERN-MATCHING---METTA-LANGUAGE6.04","","Sun Dec 22 12:26:14 GMT 2024","passed","Sun Dec 22 12:26:14 GMT 2024","","METTA-LANG","METTA-LANG",""
"","8000","metta_lang.Free_variables_and_nondeterminism_again_recursively___MeTTa_Language5","","Sun Dec 22 12:10:49 GMT 2024","passed","Sun Dec 22 12:10:57 GMT 2024","","WHOLE-TESTS","WHOLE-TESTS",""
"","2","C1-GROUNDED-BASIC.06","","Sun Dec 22 12:43:12 GMT 2024","passed","Sun Dec 22 12:43:12 GMT 2024","","QUICK","QUICK",""
"","2","C1-GROUNDED-BASIC.07","","Sun Dec 22 12:43:12 GMT 2024","passed","Sun Dec 22 12:43:12 GMT 2024","","QUICK","QUICK",""
"","6000","metta_lang.Working_with_spaces___MeTTa_Language9","","Sun Dec 22 12:10:49 GMT 2024","passed","Sun Dec 22 12:10:55 GMT 2024","","WHOLE-TESTS","WHOLE-TESTS",""
"","2","WORKING-WITH-SPACES---METTA-LANGUAGE9.04","","Sun Dec 22 12:26:14 GMT 2024","passed","Sun Dec 22 12:26:14 GMT 2024","","METTA-LANG","METTA-LANG",""
"","8000","hyperon-mettalog_sanity.max_time_tests","","Sun Dec 22 12:10:49 GMT 2024","passed","Sun Dec 22 12:10:57 GMT 2024","","WHOLE-TESTS","WHOLE-TESTS",""
"","2","MATCH-SUPERPOSED-SPACES.02","","Sun Dec 22 12:23:09 GMT 2024","passed","Sun Dec 22 12:23:09 GMT 2024","","METTA-MORPH-TESTS","METTA-MORPH-TESTS",""
"","3","G1-DOCS.02","","Sun Dec 22 12:14:59 GMT 2024","passed","Sun Dec 22 12:14:59 GMT 2024","","HYPERON-EXPERIMENTAL-SCRIPTS","HYPERON-EXPERIMENTAL-SCRIPTS",""
"","2","F1-IMPORTS.03","","Sun Dec 22 12:43:12 GMT 2024","passed","Sun Dec 22 12:43:12 GMT 2024","","QUICK","QUICK",""
"","2","WORKING-WITH-SPACES---METTA-LANGUAGE6.04","","Sun Dec 22 12:26:14 GMT 2024","passed","Sun Dec 22 12:26:14 GMT 2024","","METTA-LANG","METTA-LANG",""
"","3","03-SORING-VIA-INSERT.02","","Sun Dec 22 12:17:40 GMT 2024","passed","Sun Dec 22 12:17:40 GMT 2024","","HYPERON-METTALOG-SANITY","HYPERON-METTALOG-SANITY",""
"","2","BASIC-EVALUATION---METTA-LANGUAGE15.06","","Sun Dec 22 12:26:14 GMT 2024","passed","Sun Dec 22 12:26:14 GMT 2024","","METTA-LANG","METTA-LANG",""
"","2","WORKING-WITH-SPACES---METTA-LANGUAGE6.01","","Sun Dec 22 12:26:14 GMT 2024","passed","Sun Dec 22 12:26:14 GMT 2024","","METTA-LANG","METTA-LANG",""
"","3","SPACE-INTERSECTION-TESTS.14","","Sun Dec 22 12:17:40 GMT 2024","passed","Sun Dec 22 12:17:40 GMT 2024","","HYPERON-METTALOG-SANITY","HYPERON-METTALOG-SANITY",""
"","2","HANDLING-NONDETERMINISTIC-RESULTS---METTA-LANGUAGE8.05","","Sun Dec 22 12:26:14 GMT 2024","passed","Sun Dec 22 12:26:14 GMT 2024","","METTA-LANG","METTA-LANG",""
"","3","SEQUENTIAL-NESTED.05","","Sun Dec 22 12:23:09 GMT 2024","passed","Sun Dec 22 12:23:09 GMT 2024","","METTA-MORPH-TESTS","METTA-MORPH-TESTS",""
"","6000","metta-morph_tests.zeroargs","","Sun Dec 22 12:10:49 GMT 2024","passed","Sun Dec 22 12:10:55 GMT 2024","","WHOLE-TESTS","WHOLE-TESTS",""
"","132","HANDLING-NONDETERMINISTIC-RESULTS---METTA-LANGUAGE3.02","","Sun Dec 22 12:26:14 GMT 2024","failed","Sun Dec 22 12:26:14 GMT 2024","","METTA-LANG","METTA-LANG",""
"","7000","anti-regression.mettalogTestCurried2","","Sun Dec 22 12:10:49 GMT 2024","passed","Sun Dec 22 12:10:56 GMT 2024","","WHOLE-TESTS","WHOLE-TESTS",""
"","3","TIME-SYNTHESIZE-SHORT.03","","Sun Dec 22 12:20:45 GMT 2024","passed","Sun Dec 22 12:20:45 GMT 2024","","SYNTH-BUFFER","SYNTH-BUFFER",""
"","3","FUNCTIONAL-PROGRAMMING-TESTS.09","","Sun Dec 22 12:17:40 GMT 2024","passed","Sun Dec 22 12:17:40 GMT 2024","","HYPERON-METTALOG-SANITY","HYPERON-METTALOG-SANITY",""
"","6000","metta_lang.Handling_nondeterministic_results___MeTTa_Language1","","Sun Dec 22 12:10:49 GMT 2024","passed","Sun Dec 22 12:10:55 GMT 2024","","WHOLE-TESTS","WHOLE-TESTS",""
"","60","B5-TYPES-PRELIM.24","","Sun Dec 22 12:14:59 GMT 2024","failed","Sun Dec 22 12:14:59 GMT 2024","","HYPERON-EXPERIMENTAL-SCRIPTS","HYPERON-EXPERIMENTAL-SCRIPTS",""
"","2","STRING-TESTS.07","","Sun Dec 22 12:17:40 GMT 2024","passed","Sun Dec 22 12:17:40 GMT 2024","","HYPERON-METTALOG-SANITY","HYPERON-METTALOG-SANITY",""
"","2","OR-TEST.06","","Sun Dec 22 12:17:40 GMT 2024","passed","Sun Dec 22 12:17:40 GMT 2024","","HYPERON-METTALOG-SANITY","HYPERON-METTALOG-SANITY",""
"","64","WORKING-WITH-SPACES---METTA-LANGUAGE8.06","","Sun Dec 22 12:26:14 GMT 2024","failed","Sun Dec 22 12:26:14 GMT 2024","","METTA-LANG","METTA-LANG",""
"","3","HANDLING-NONDETERMINISTIC-RESULTS---METTA-LANGUAGE5.01","","Sun Dec 22 12:26:14 GMT 2024","passed","Sun Dec 22 12:26:14 GMT 2024","","METTA-LANG","METTA-LANG",""
"","7000","metta_lang.Control_flow___MeTTa_Language16","","Sun Dec 22 12:10:49 GMT 2024","passed","Sun Dec 22 12:10:56 GMT 2024","","WHOLE-TESTS","WHOLE-TESTS",""
"","2","CONTROLLING-PATTERN-MATCHING---METTA-LANGUAGE4.03","","Sun Dec 22 12:26:14 GMT 2024","passed","Sun Dec 22 12:26:14 GMT 2024","","METTA-LANG","METTA-LANG",""
"","88","HANDLING-NONDETERMINISTIC-RESULTS---METTA-LANGUAGE7.02","","Sun Dec 22 12:26:14 GMT 2024","passed","Sun Dec 22 12:26:14 GMT 2024","","METTA-LANG","METTA-LANG",""
"","16","F1-IMPORTS.04","","Sun Dec 22 12:10:42 GMT 2024","failed","Sun Dec 22 12:10:42 GMT 2024","","MODULE-SYSTEM","MODULE-SYSTEM",""
"","1","BASIC-GROUNDED-FUNCTIONS---METTA-LANGUAGE8.04","","Sun Dec 22 12:26:14 GMT 2024","passed","Sun Dec 22 12:26:14 GMT 2024","","METTA-LANG","METTA-LANG",""
"","2","RECURSIVE-AND-PARAMETRIC-TYPES---METTA-LANGUAGE7.06","","Sun Dec 22 12:26:14 GMT 2024","passed","Sun Dec 22 12:26:14 GMT 2024","","METTA-LANG","METTA-LANG",""
"","4","TESTS0.03","","Sun Dec 22 12:23:09 GMT 2024","passed","Sun Dec 22 12:23:09 GMT 2024","","METTA-MORPH-TESTS","METTA-MORPH-TESTS",""
"","3","BASIC-EVALUATION---METTA-LANGUAGE12.01","","Sun Dec 22 12:26:14 GMT 2024","passed","Sun Dec 22 12:26:14 GMT 2024","","METTA-LANG","METTA-LANG",""
"","2","B5-TYPES-PRELIM.19","","Sun Dec 22 12:14:59 GMT 2024","passed","Sun Dec 22 12:14:59 GMT 2024","","HYPERON-EXPERIMENTAL-SCRIPTS","HYPERON-EXPERIMENTAL-SCRIPTS",""
"","1","CONTROLLING-PATTERN-MATCHING---METTA-LANGUAGE5.02","","Sun Dec 22 12:26:14 GMT 2024","passed","Sun Dec 22 12:26:14 GMT 2024","","METTA-LANG","METTA-LANG",""
"","7000","metta_lang.Working_with_spaces___MeTTa_Language12","","Sun Dec 22 12:10:49 GMT 2024","passed","Sun Dec 22 12:10:56 GMT 2024","","WHOLE-TESTS","WHOLE-TESTS",""
"","2","INTERSECTION-TESTS.03","","Sun Dec 22 12:17:40 GMT 2024","passed","Sun Dec 22 12:17:40 GMT 2024","","HYPERON-METTALOG-SANITY","HYPERON-METTALOG-SANITY",""
"","2","OR-TEST.16","","Sun Dec 22 12:17:40 GMT 2024","passed","Sun Dec 22 12:17:40 GMT 2024","","HYPERON-METTALOG-SANITY","HYPERON-METTALOG-SANITY",""
"","2","D4-TYPE-PROP.01","","Sun Dec 22 12:14:59 GMT 2024","passed","Sun Dec 22 12:14:59 GMT 2024","","HYPERON-EXPERIMENTAL-SCRIPTS","HYPERON-EXPERIMENTAL-SCRIPTS",""
"","5","A3-TWOSIDE.01","","Sun Dec 22 12:14:59 GMT 2024","passed","Sun Dec 22 12:14:59 GMT 2024","","HYPERON-EXPERIMENTAL-SCRIPTS","HYPERON-EXPERIMENTAL-SCRIPTS",""
"","2","STRING-TESTS.06","","Sun Dec 22 12:17:40 GMT 2024","passed","Sun Dec 22 12:17:40 GMT 2024","","HYPERON-METTALOG-SANITY","HYPERON-METTALOG-SANITY",""
"","2","D1-GADT.07","","Sun Dec 22 12:14:59 GMT 2024","passed","Sun Dec 22 12:14:59 GMT 2024","","HYPERON-EXPERIMENTAL-SCRIPTS","HYPERON-EXPERIMENTAL-SCRIPTS",""
"","3","FUNCTIONS-AND-UNIFICATION---METTA-LANGUAGE7.06","","Sun Dec 22 12:26:14 GMT 2024","passed","Sun Dec 22 12:26:14 GMT 2024","","METTA-LANG","METTA-LANG",""
"","3","CONTROL-FLOW---METTA-LANGUAGE10.01","","Sun Dec 22 12:26:14 GMT 2024","passed","Sun Dec 22 12:26:14 GMT 2024","","METTA-LANG","METTA-LANG",""
"","6000","metta_lang.Basic_grounded_functions___MeTTa_Language6","","Sun Dec 22 12:10:49 GMT 2024","passed","Sun Dec 22 12:10:55 GMT 2024","","WHOLE-TESTS","WHOLE-TESTS",""
"","2","TEST-IF-CLOSED.09","","Sun Dec 22 12:10:56 GMT 2024","passed","Sun Dec 22 12:10:56 GMT 2024","","ANTI-REGRESSION","ANTI-REGRESSION",""
"","7000","hyperon-mettalog_sanity.xor_test","","Sun Dec 22 12:10:49 GMT 2024","passed","Sun Dec 22 12:10:56 GMT 2024","","WHOLE-TESTS","WHOLE-TESTS",""
"","2","TEST-IF-CLOSED.06","","Sun Dec 22 12:10:56 GMT 2024","passed","Sun Dec 22 12:10:56 GMT 2024","","ANTI-REGRESSION","ANTI-REGRESSION",""
"","6000","metta_lang.Console_output_and_debugging___MeTTa_Language1","","Sun Dec 22 12:10:49 GMT 2024","passed","Sun Dec 22 12:10:55 GMT 2024","","WHOLE-TESTS","WHOLE-TESTS",""
"","2","C2-SPACES.05","","Sun Dec 22 12:14:59 GMT 2024","passed","Sun Dec 22 12:14:59 GMT 2024","","HYPERON-EXPERIMENTAL-SCRIPTS","HYPERON-EXPERIMENTAL-SCRIPTS",""
"","3","STATES-SPACES.01","","Sun Dec 22 12:23:09 GMT 2024","passed","Sun Dec 22 12:23:09 GMT 2024","","METTA-MORPH-TESTS","METTA-MORPH-TESTS",""
"","1","C2-SPACES.04","","Sun Dec 22 12:14:59 GMT 2024","passed","Sun Dec 22 12:14:59 GMT 2024","","HYPERON-EXPERIMENTAL-SCRIPTS","HYPERON-EXPERIMENTAL-SCRIPTS",""
"","14","00-LANG-CASE.12","","Sun Dec 22 12:17:40 GMT 2024","passed","Sun Dec 22 12:17:40 GMT 2024","","HYPERON-METTALOG-SANITY","HYPERON-METTALOG-SANITY",""
"","2","XOR-TEST.04","","Sun Dec 22 12:17:40 GMT 2024","passed","Sun Dec 22 12:17:40 GMT 2024","","HYPERON-METTALOG-SANITY","HYPERON-METTALOG-SANITY",""
"","2","FUNCTIONS-AND-UNIFICATION---METTA-LANGUAGE6.02","","Sun Dec 22 12:26:14 GMT 2024","passed","Sun Dec 22 12:26:14 GMT 2024","","METTA-LANG","METTA-LANG",""
"","2","D4-TYPE-PROP.13","","Sun Dec 22 12:43:12 GMT 2024","passed","Sun Dec 22 12:43:12 GMT 2024","","QUICK","QUICK",""
"","3","IF.01","","Sun Dec 22 12:23:09 GMT 2024","passed","Sun Dec 22 12:23:09 GMT 2024","","METTA-MORPH-TESTS","METTA-MORPH-TESTS",""
"","1","CONTROL-FLOW---METTA-LANGUAGE2.02","","Sun Dec 22 12:26:14 GMT 2024","passed","Sun Dec 22 12:26:14 GMT 2024","","METTA-LANG","METTA-LANG",""
"","3","TYPES.01","","Sun Dec 22 12:23:09 GMT 2024","passed","Sun Dec 22 12:23:09 GMT 2024","","METTA-MORPH-TESTS","METTA-MORPH-TESTS",""
"","7000","metta_lang.Concrete_types___MeTTa_Language3","","Sun Dec 22 12:10:49 GMT 2024","passed","Sun Dec 22 12:10:56 GMT 2024","","WHOLE-TESTS","WHOLE-TESTS",""
"","3","D2-HIGHERFUNC.15","","Sun Dec 22 12:43:12 GMT 2024","passed","Sun Dec 22 12:43:12 GMT 2024","","QUICK","QUICK",""
"","2","CONCRETE-TYPES---METTA-LANGUAGE12.03","","Sun Dec 22 12:26:14 GMT 2024","passed","Sun Dec 22 12:26:14 GMT 2024","","METTA-LANG","METTA-LANG",""
"","3","CONCRETE-TYPES---METTA-LANGUAGE4.01","","Sun Dec 22 12:26:14 GMT 2024","passed","Sun Dec 22 12:26:14 GMT 2024","","METTA-LANG","METTA-LANG",""
"","7000","hyperon-experimental_scripts.d4_type_prop","","Sun Dec 22 12:10:49 GMT 2024","passed","Sun Dec 22 12:10:56 GMT 2024","","WHOLE-TESTS","WHOLE-TESTS",""
"","2","D2-HIGHERFUNC.10","","Sun Dec 22 12:43:12 GMT 2024","passed","Sun Dec 22 12:43:12 GMT 2024","","QUICK","QUICK",""
"","2","D4-TYPE-PROP.10","","Sun Dec 22 12:14:59 GMT 2024","passed","Sun Dec 22 12:14:59 GMT 2024","","HYPERON-EXPERIMENTAL-SCRIPTS","HYPERON-EXPERIMENTAL-SCRIPTS",""
"","1","D4-TYPE-PROP.12","","Sun Dec 22 12:43:12 GMT 2024","passed","Sun Dec 22 12:43:12 GMT 2024","","QUICK","QUICK",""
"","17","E2-STATES.09","","Sun Dec 22 12:14:59 GMT 2024","passed","Sun Dec 22 12:14:59 GMT 2024","","HYPERON-EXPERIMENTAL-SCRIPTS","HYPERON-EXPERIMENTAL-SCRIPTS",""
"","3","QUERYING-SPACE-CONTENT---METTA-LANGUAGE4.02","","Sun Dec 22 12:26:14 GMT 2024","passed","Sun Dec 22 12:26:14 GMT 2024","","METTA-LANG","METTA-LANG",""
"","2","CONSOLE-OUTPUT-AND-DEBUGGING---METTA-LANGUAGE5.07","","Sun Dec 22 12:26:14 GMT 2024","passed","Sun Dec 22 12:26:14 GMT 2024","","METTA-LANG","METTA-LANG",""
"","2","D2-HIGHERFUNC.05","","Sun Dec 22 12:43:12 GMT 2024","passed","Sun Dec 22 12:43:12 GMT 2024","","QUICK","QUICK",""
"","2","F1-IMPORTS.12","","Sun Dec 22 12:43:12 GMT 2024","passed","Sun Dec 22 12:43:12 GMT 2024","","QUICK","QUICK",""
"","2","D2-HIGHERFUNC.04","","Sun Dec 22 12:14:59 GMT 2024","passed","Sun Dec 22 12:14:59 GMT 2024","","HYPERON-EXPERIMENTAL-SCRIPTS","HYPERON-EXPERIMENTAL-SCRIPTS",""
"","2","HANDLING-NONDETERMINISTIC-RESULTS---METTA-LANGUAGE5.02","","Sun Dec 22 12:26:14 GMT 2024","passed","Sun Dec 22 12:26:14 GMT 2024","","METTA-LANG","METTA-LANG",""
"","6000","hyperon-mettalog_sanity.find_all_tests","","Sun Dec 22 12:10:49 GMT 2024","passed","Sun Dec 22 12:10:55 GMT 2024","","WHOLE-TESTS","WHOLE-TESTS",""
"","2","WORKING-WITH-SPACES---METTA-LANGUAGE5.01","","Sun Dec 22 12:26:14 GMT 2024","passed","Sun Dec 22 12:26:14 GMT 2024","","METTA-LANG","METTA-LANG",""
"","2","F1-IMPORTS.15","","Sun Dec 22 12:43:12 GMT 2024","passed","Sun Dec 22 12:43:12 GMT 2024","","QUICK","QUICK",""
"","10","CONCRETE-TYPES---METTA-LANGUAGE13.02","","Sun Dec 22 12:26:14 GMT 2024","failed","Sun Dec 22 12:26:14 GMT 2024","","METTA-LANG","METTA-LANG",""
"","2","BCHAIN-COMP.05","","Sun Dec 22 12:10:56 GMT 2024","passed","Sun Dec 22 12:10:56 GMT 2024","","ANTI-REGRESSION","ANTI-REGRESSION",""
"","2","FIND-ALL-TESTS.06","","Sun Dec 22 12:17:40 GMT 2024","passed","Sun Dec 22 12:17:40 GMT 2024","","HYPERON-METTALOG-SANITY","HYPERON-METTALOG-SANITY",""
"","3","FLIP-TEST.02","","Sun Dec 22 12:17:40 GMT 2024","passed","Sun Dec 22 12:17:40 GMT 2024","","HYPERON-METTALOG-SANITY","HYPERON-METTALOG-SANITY",""
"","2","CONSOLE-OUTPUT-AND-DEBUGGING---METTA-LANGUAGE2.01","","Sun Dec 22 12:26:14 GMT 2024","passed","Sun Dec 22 12:26:14 GMT 2024","","METTA-LANG","METTA-LANG",""
"","3","RECURSION-AND-CONTROL---METTA-LANGUAGE3.05","","Sun Dec 22 12:26:14 GMT 2024","passed","Sun Dec 22 12:26:14 GMT 2024","","METTA-LANG","METTA-LANG",""
"","2","RECURSIVE-AND-PARAMETRIC-TYPES---METTA-LANGUAGE7.04","","Sun Dec 22 12:26:14 GMT 2024","passed","Sun Dec 22 12:26:14 GMT 2024","","METTA-LANG","METTA-LANG",""
"","3","RECURSION-AND-CONTROL---METTA-LANGUAGE3.01","","Sun Dec 22 12:26:14 GMT 2024","passed","Sun Dec 22 12:26:14 GMT 2024","","METTA-LANG","METTA-LANG",""
"","2","C1-GROUNDED-BASIC.03","","Sun Dec 22 12:14:59 GMT 2024","passed","Sun Dec 22 12:14:59 GMT 2024","","HYPERON-EXPERIMENTAL-SCRIPTS","HYPERON-EXPERIMENTAL-SCRIPTS",""
"","4","SEALED-TEST.05","","Sun Dec 22 12:17:40 GMT 2024","passed","Sun Dec 22 12:17:40 GMT 2024","","HYPERON-METTALOG-SANITY","HYPERON-METTALOG-SANITY",""
"","3","QUERYING-SPACE-CONTENT---METTA-LANGUAGE2.01","","Sun Dec 22 12:26:14 GMT 2024","passed","Sun Dec 22 12:26:14 GMT 2024","","METTA-LANG","METTA-LANG",""
"","2","C3-PLN-STV.05","","Sun Dec 22 12:14:59 GMT 2024","passed","Sun Dec 22 12:14:59 GMT 2024","","HYPERON-EXPERIMENTAL-SCRIPTS","HYPERON-EXPERIMENTAL-SCRIPTS",""
"","51","WORKING-WITH-SPACES---METTA-LANGUAGE9.06","","Sun Dec 22 12:26:14 GMT 2024","failed","Sun Dec 22 12:26:14 GMT 2024","","METTA-LANG","METTA-LANG",""
"","2","B5-TYPES-PRELIM.13","","Sun Dec 22 12:14:59 GMT 2024","passed","Sun Dec 22 12:14:59 GMT 2024","","HYPERON-EXPERIMENTAL-SCRIPTS","HYPERON-EXPERIMENTAL-SCRIPTS",""
"","2","BASIC-GROUNDED-FUNCTIONS---METTA-LANGUAGE4.01","","Sun Dec 22 12:26:14 GMT 2024","passed","Sun Dec 22 12:26:14 GMT 2024","","METTA-LANG","METTA-LANG",""
"","2","QUERYING-SPACE-CONTENT---METTA-LANGUAGE2.04","","Sun Dec 22 12:26:14 GMT 2024","passed","Sun Dec 22 12:26:14 GMT 2024","","METTA-LANG","METTA-LANG",""
"","7000","metta_lang.Concrete_types___MeTTa_Language10","","Sun Dec 22 12:10:49 GMT 2024","passed","Sun Dec 22 12:10:56 GMT 2024","","WHOLE-TESTS","WHOLE-TESTS",""
"","2","00-LANG-CASE.17","","Sun Dec 22 12:17:40 GMT 2024","passed","Sun Dec 22 12:17:40 GMT 2024","","HYPERON-METTALOG-SANITY","HYPERON-METTALOG-SANITY",""
"","2","OR-TEST.10","","Sun Dec 22 12:17:40 GMT 2024","passed","Sun Dec 22 12:17:40 GMT 2024","","HYPERON-METTALOG-SANITY","HYPERON-METTALOG-SANITY",""
"","2","CONSOLE-OUTPUT-AND-DEBUGGING---METTA-LANGUAGE2.06","","Sun Dec 22 12:26:14 GMT 2024","passed","Sun Dec 22 12:26:14 GMT 2024","","METTA-LANG","METTA-LANG",""
"","60","BASIC-GROUNDED-FUNCTIONS---METTA-LANGUAGE5.03","","Sun Dec 22 12:26:14 GMT 2024","failed","Sun Dec 22 12:26:14 GMT 2024","","METTA-LANG","METTA-LANG",""
"","2","D4-TYPE-PROP.12","","Sun Dec 22 12:14:59 GMT 2024","passed","Sun Dec 22 12:14:59 GMT 2024","","HYPERON-EXPERIMENTAL-SCRIPTS","HYPERON-EXPERIMENTAL-SCRIPTS",""
"","2","03-SORING-VIA-INSERT.03","","Sun Dec 22 12:17:40 GMT 2024","passed","Sun Dec 22 12:17:40 GMT 2024","","HYPERON-METTALOG-SANITY","HYPERON-METTALOG-SANITY",""
"","2","WORKING-WITH-SPACES---METTA-LANGUAGE12.07","","Sun Dec 22 12:26:14 GMT 2024","passed","Sun Dec 22 12:26:14 GMT 2024","","METTA-LANG","METTA-LANG",""
"","2","RECURSIVE-AND-PARAMETRIC-TYPES---METTA-LANGUAGE7.05","","Sun Dec 22 12:26:14 GMT 2024","passed","Sun Dec 22 12:26:14 GMT 2024","","METTA-LANG","METTA-LANG",""
"","2","OPERATIONS-OVER-ATOMS---METTA-LANGUAGE2.04","","Sun Dec 22 12:26:14 GMT 2024","passed","Sun Dec 22 12:26:14 GMT 2024","","METTA-LANG","METTA-LANG",""
"","3","CONTROLLING-PATTERN-MATCHING---METTA-LANGUAGE10.03","","Sun Dec 22 12:26:14 GMT 2024","passed","Sun Dec 22 12:26:14 GMT 2024","","METTA-LANG","METTA-LANG",""
"","3","WORKING-WITH-SPACES---METTA-LANGUAGE4.01","","Sun Dec 22 12:26:14 GMT 2024","passed","Sun Dec 22 12:26:14 GMT 2024","","METTA-LANG","METTA-LANG",""
"","7000","anti-regression.tmpMatch1","","Sun Dec 22 12:10:49 GMT 2024","passed","Sun Dec 22 12:10:56 GMT 2024","","WHOLE-TESTS","WHOLE-TESTS",""
"","3","CONTROLLING-PATTERN-MATCHING---METTA-LANGUAGE3.01","","Sun Dec 22 12:26:14 GMT 2024","passed","Sun Dec 22 12:26:14 GMT 2024","","METTA-LANG","METTA-LANG",""
"","2","STRING-TESTS.21","","Sun Dec 22 12:17:40 GMT 2024","passed","Sun Dec 22 12:17:40 GMT 2024","","HYPERON-METTALOG-SANITY","HYPERON-METTALOG-SANITY",""
"","2","F1-MODULEA.05","","Sun Dec 22 12:14:59 GMT 2024","passed","Sun Dec 22 12:14:59 GMT 2024","","HYPERON-EXPERIMENTAL-SCRIPTS","HYPERON-EXPERIMENTAL-SCRIPTS",""
"","5","OR-TEST.14","","Sun Dec 22 12:17:40 GMT 2024","passed","Sun Dec 22 12:17:40 GMT 2024","","HYPERON-METTALOG-SANITY","HYPERON-METTALOG-SANITY",""
"","2","OR-TEST.03","","Sun Dec 22 12:17:40 GMT 2024","passed","Sun Dec 22 12:17:40 GMT 2024","","HYPERON-METTALOG-SANITY","HYPERON-METTALOG-SANITY",""
"","3","METATYPES---METTA-LANGUAGE4.01","","Sun Dec 22 12:26:14 GMT 2024","passed","Sun Dec 22 12:26:14 GMT 2024","","METTA-LANG","METTA-LANG",""
"","7000","metta_lang.Basic_evaluation___MeTTa_Language3","","Sun Dec 22 12:10:49 GMT 2024","passed","Sun Dec 22 12:10:56 GMT 2024","","WHOLE-TESTS","WHOLE-TESTS",""
"","3","03-SORING-VIA-INSERT.01","","Sun Dec 22 12:17:40 GMT 2024","passed","Sun Dec 22 12:17:40 GMT 2024","","HYPERON-METTALOG-SANITY","HYPERON-METTALOG-SANITY",""
"","3","A2-OPENCOGGY.01","","Sun Dec 22 12:14:59 GMT 2024","passed","Sun Dec 22 12:14:59 GMT 2024","","HYPERON-EXPERIMENTAL-SCRIPTS","HYPERON-EXPERIMENTAL-SCRIPTS",""
"","93","INTERSECTION-TESTS.29","","Sun Dec 22 12:17:40 GMT 2024","failed","Sun Dec 22 12:17:40 GMT 2024","","HYPERON-METTALOG-SANITY","HYPERON-METTALOG-SANITY",""
"","2","D2-HIGHERFUNC.26","","Sun Dec 22 12:43:12 GMT 2024","passed","Sun Dec 22 12:43:12 GMT 2024","","QUICK","QUICK",""
"","7000","hyperon-experimental_scripts.e2_states","","Sun Dec 22 12:10:49 GMT 2024","passed","Sun Dec 22 12:10:56 GMT 2024","","WHOLE-TESTS","WHOLE-TESTS",""
"","2","CONTROLLING-PATTERN-MATCHING---METTA-LANGUAGE12.07","","Sun Dec 22 12:26:14 GMT 2024","passed","Sun Dec 22 12:26:14 GMT 2024","","METTA-LANG","METTA-LANG",""
"","2","F1-IMPORTS.17","","Sun Dec 22 12:43:12 GMT 2024","passed","Sun Dec 22 12:43:12 GMT 2024","","QUICK","QUICK",""
"","2","METTALOGTESTCURRIED2.02","","Sun Dec 22 12:10:56 GMT 2024","passed","Sun Dec 22 12:10:56 GMT 2024","","ANTI-REGRESSION","ANTI-REGRESSION",""
"","76","F1-IMPORTS.14","","Sun Dec 22 12:10:42 GMT 2024","passed","Sun Dec 22 12:10:42 GMT 2024","","MODULE-SYSTEM","MODULE-SYSTEM",""
"","3","SUPERCOLLAPSE.08","","Sun Dec 22 12:23:09 GMT 2024","passed","Sun Dec 22 12:23:09 GMT 2024","","METTA-MORPH-TESTS","METTA-MORPH-TESTS",""
"","2","F1-IMPORTS.11","","Sun Dec 22 12:14:59 GMT 2024","passed","Sun Dec 22 12:14:59 GMT 2024","","HYPERON-EXPERIMENTAL-SCRIPTS","HYPERON-EXPERIMENTAL-SCRIPTS",""
"","7000","metta_lang.Operations_over_atoms___MeTTa_Language3","","Sun Dec 22 12:10:49 GMT 2024","passed","Sun Dec 22 12:10:56 GMT 2024","","WHOLE-TESTS","WHOLE-TESTS",""
"","7000","metta_lang.Basic_evaluation___MeTTa_Language7","","Sun Dec 22 12:10:49 GMT 2024","passed","Sun Dec 22 12:10:56 GMT 2024","","WHOLE-TESTS","WHOLE-TESTS",""
"","7000","hyperon-experimental_scripts.e1_kb_write","","Sun Dec 22 12:10:49 GMT 2024","passed","Sun Dec 22 12:10:56 GMT 2024","","WHOLE-TESTS","WHOLE-TESTS",""
"","7000","metta_lang.Control_flow___MeTTa_Language9","","Sun Dec 22 12:10:49 GMT 2024","passed","Sun Dec 22 12:10:56 GMT 2024","","WHOLE-TESTS","WHOLE-TESTS",""
"","2","SEQUENTIAL-NESTED.06","","Sun Dec 22 12:23:09 GMT 2024","passed","Sun Dec 22 12:23:09 GMT 2024","","METTA-MORPH-TESTS","METTA-MORPH-TESTS",""
"","7000","baseline_compat.rust_01","","Sun Dec 22 12:10:49 GMT 2024","passed","Sun Dec 22 12:10:56 GMT 2024","","WHOLE-TESTS","WHOLE-TESTS",""
"","3","OPERATIONS-OVER-ATOMS---METTA-LANGUAGE6.01","","Sun Dec 22 12:26:14 GMT 2024","passed","Sun Dec 22 12:26:14 GMT 2024","","METTA-LANG","METTA-LANG",""
"","2","CONSOLE-OUTPUT-AND-DEBUGGING---METTA-LANGUAGE2.09","","Sun Dec 22 12:26:14 GMT 2024","passed","Sun Dec 22 12:26:14 GMT 2024","","METTA-LANG","METTA-LANG",""
"","3","FREE-VARIABLES-AND-NONDETERMINISM-AGAIN,-RECURSIVELY---METTA-LANGUAGE3.01","","Sun Dec 22 12:26:14 GMT 2024","passed","Sun Dec 22 12:26:14 GMT 2024","","METTA-LANG","METTA-LANG",""
"","2","E2-STATES.06","","Sun Dec 22 12:14:59 GMT 2024","passed","Sun Dec 22 12:14:59 GMT 2024","","HYPERON-EXPERIMENTAL-SCRIPTS","HYPERON-EXPERIMENTAL-SCRIPTS",""
"","7000","metta_lang.Basic_evaluation___MeTTa_Language6","","Sun Dec 22 12:10:49 GMT 2024","passed","Sun Dec 22 12:10:56 GMT 2024","","WHOLE-TESTS","WHOLE-TESTS",""
"","2","D2-HIGHERFUNC.02","","Sun Dec 22 12:43:12 GMT 2024","passed","Sun Dec 22 12:43:12 GMT 2024","","QUICK","QUICK",""
"","107","B5-TYPES-PRELIM.08","","Sun Dec 22 12:14:59 GMT 2024","failed","Sun Dec 22 12:14:59 GMT 2024","","HYPERON-EXPERIMENTAL-SCRIPTS","HYPERON-EXPERIMENTAL-SCRIPTS",""
"","3","RECURSIVE-AND-PARAMETRIC-TYPES---METTA-LANGUAGE2.01","","Sun Dec 22 12:26:14 GMT 2024","passed","Sun Dec 22 12:26:14 GMT 2024","","METTA-LANG","METTA-LANG",""
"","39","RECURSIVE-AND-PARAMETRIC-TYPES---METTA-LANGUAGE5.08","","Sun Dec 22 12:26:14 GMT 2024","failed","Sun Dec 22 12:26:14 GMT 2024","","METTA-LANG","METTA-LANG",""
"","2","CONTROLLING-PATTERN-MATCHING---METTA-LANGUAGE10.01","","Sun Dec 22 12:26:14 GMT 2024","passed","Sun Dec 22 12:26:14 GMT 2024","","METTA-LANG","METTA-LANG",""
"","2","SEALED-TEST.03","","Sun Dec 22 12:17:40 GMT 2024","passed","Sun Dec 22 12:17:40 GMT 2024","","HYPERON-METTALOG-SANITY","HYPERON-METTALOG-SANITY",""
"","7000","quick.d4_type_prop","","Sun Dec 22 12:10:49 GMT 2024","passed","Sun Dec 22 12:10:56 GMT 2024","","WHOLE-TESTS","WHOLE-TESTS",""
"","2","D4-TYPE-PROP.08","","Sun Dec 22 12:14:59 GMT 2024","passed","Sun Dec 22 12:14:59 GMT 2024","","HYPERON-EXPERIMENTAL-SCRIPTS","HYPERON-EXPERIMENTAL-SCRIPTS",""
"","535","TMPMATCH2.05","","Sun Dec 22 12:10:56 GMT 2024","passed","Sun Dec 22 12:10:56 GMT 2024","","ANTI-REGRESSION","ANTI-REGRESSION",""
"","4","RECURSIVE-AND-PARAMETRIC-TYPES---METTA-LANGUAGE4.01","","Sun Dec 22 12:26:14 GMT 2024","passed","Sun Dec 22 12:26:14 GMT 2024","","METTA-LANG","METTA-LANG",""
"","4","INTERSECTION-TESTS.27","","Sun Dec 22 12:17:40 GMT 2024","passed","Sun Dec 22 12:17:40 GMT 2024","","HYPERON-METTALOG-SANITY","HYPERON-METTALOG-SANITY",""
"","2","C1-GROUNDED-BASIC.11","","Sun Dec 22 12:14:59 GMT 2024","passed","Sun Dec 22 12:14:59 GMT 2024","","HYPERON-EXPERIMENTAL-SCRIPTS","HYPERON-EXPERIMENTAL-SCRIPTS",""
"","2","F1-MODULEA.01","","Sun Dec 22 12:10:42 GMT 2024","passed","Sun Dec 22 12:10:42 GMT 2024","","MODULE-SYSTEM","MODULE-SYSTEM",""
"","3","FUNCTIONS-AND-UNIFICATION---METTA-LANGUAGE3.03","","Sun Dec 22 12:26:14 GMT 2024","passed","Sun Dec 22 12:26:14 GMT 2024","","METTA-LANG","METTA-LANG",""
"","7000","hyperon-experimental_scripts.g1_docs","","Sun Dec 22 12:10:49 GMT 2024","passed","Sun Dec 22 12:10:56 GMT 2024","","WHOLE-TESTS","WHOLE-TESTS",""
"","185","SPACE-SUBTRACTION-TESTS.08","","Sun Dec 22 12:17:40 GMT 2024","passed","Sun Dec 22 12:17:40 GMT 2024","","HYPERON-METTALOG-SANITY","HYPERON-METTALOG-SANITY",""
"","2","FUNCTIONS-AND-UNIFICATION---METTA-LANGUAGE4.04","","Sun Dec 22 12:26:14 GMT 2024","passed","Sun Dec 22 12:26:14 GMT 2024","","METTA-LANG","METTA-LANG",""
"","2","A3-TWOSIDE.02","","Sun Dec 22 12:14:59 GMT 2024","passed","Sun Dec 22 12:14:59 GMT 2024","","HYPERON-EXPERIMENTAL-SCRIPTS","HYPERON-EXPERIMENTAL-SCRIPTS",""
"","3","OPERATIONS-OVER-ATOMS---METTA-LANGUAGE5.02","","Sun Dec 22 12:26:14 GMT 2024","passed","Sun Dec 22 12:26:14 GMT 2024","","METTA-LANG","METTA-LANG",""
"","3","C1-GROUNDED-BASIC.01","","Sun Dec 22 12:43:12 GMT 2024","passed","Sun Dec 22 12:43:12 GMT 2024","","QUICK","QUICK",""
"","16","D4-TYPE-PROP.03","","Sun Dec 22 12:43:12 GMT 2024","passed","Sun Dec 22 12:43:12 GMT 2024","","QUICK","QUICK",""
"","14","CONCRETE-TYPES---METTA-LANGUAGE5.02","","Sun Dec 22 12:26:14 GMT 2024","passed","Sun Dec 22 12:26:14 GMT 2024","","METTA-LANG","METTA-LANG",""
"","1","TEST-IF-CLOSED.03","","Sun Dec 22 12:10:56 GMT 2024","passed","Sun Dec 22 12:10:56 GMT 2024","","ANTI-REGRESSION","ANTI-REGRESSION",""
"","78","HANDLING-NONDETERMINISTIC-RESULTS---METTA-LANGUAGE7.04","","Sun Dec 22 12:26:14 GMT 2024","passed","Sun Dec 22 12:26:14 GMT 2024","","METTA-LANG","METTA-LANG",""
"","4","OR-TEST.11","","Sun Dec 22 12:17:40 GMT 2024","passed","Sun Dec 22 12:17:40 GMT 2024","","HYPERON-METTALOG-SANITY","HYPERON-METTALOG-SANITY",""
"","3","F1-MODULEA.01","","Sun Dec 22 12:14:59 GMT 2024","passed","Sun Dec 22 12:14:59 GMT 2024","","HYPERON-EXPERIMENTAL-SCRIPTS","HYPERON-EXPERIMENTAL-SCRIPTS",""
"","4","SUBTRACTION-TEST.10","","Sun Dec 22 12:17:40 GMT 2024","passed","Sun Dec 22 12:17:40 GMT 2024","","HYPERON-METTALOG-SANITY","HYPERON-METTALOG-SANITY",""
"","3","INTERSECTION-TESTS.13","","Sun Dec 22 12:17:40 GMT 2024","passed","Sun Dec 22 12:17:40 GMT 2024","","HYPERON-METTALOG-SANITY","HYPERON-METTALOG-SANITY",""
"","2","00-LANG-CASE.15","","Sun Dec 22 12:17:40 GMT 2024","passed","Sun Dec 22 12:17:40 GMT 2024","","HYPERON-METTALOG-SANITY","HYPERON-METTALOG-SANITY",""
"","145","NALIFIER.01","","Sun Dec 22 12:23:09 GMT 2024","passed","Sun Dec 22 12:23:09 GMT 2024","","METTA-MORPH-TESTS","METTA-MORPH-TESTS",""
"","2","CONTROLLING-PATTERN-MATCHING---METTA-LANGUAGE12.15","","Sun Dec 22 12:26:14 GMT 2024","passed","Sun Dec 22 12:26:14 GMT 2024","","METTA-LANG","METTA-LANG",""
"","2","XOR-TEST.02","","Sun Dec 22 12:17:40 GMT 2024","passed","Sun Dec 22 12:17:40 GMT 2024","","HYPERON-METTALOG-SANITY","HYPERON-METTALOG-SANITY",""
"","22974","SYNTHESIZE.01","","Sun Dec 22 12:20:45 GMT 2024","passed","Sun Dec 22 12:21:07 GMT 2024","","SYNTH-BUFFER","SYNTH-BUFFER",""
"","7000","metta_lang.Concrete_types___MeTTa_Language13","","Sun Dec 22 12:10:49 GMT 2024","passed","Sun Dec 22 12:10:56 GMT 2024","","WHOLE-TESTS","WHOLE-TESTS",""
"","2","CONTROL-FLOW---METTA-LANGUAGE15.04","","Sun Dec 22 12:26:14 GMT 2024","passed","Sun Dec 22 12:26:14 GMT 2024","","METTA-LANG","METTA-LANG",""
"","2","WORKING-WITH-SPACES---METTA-LANGUAGE1.07","","Sun Dec 22 12:26:14 GMT 2024","passed","Sun Dec 22 12:26:14 GMT 2024","","METTA-LANG","METTA-LANG",""
"","6000","metta_lang.Controlling_pattern_matching___MeTTa_Language2","","Sun Dec 22 12:10:49 GMT 2024","passed","Sun Dec 22 12:10:55 GMT 2024","","WHOLE-TESTS","WHOLE-TESTS",""
"","4","STRING-TESTS.01","","Sun Dec 22 12:17:40 GMT 2024","passed","Sun Dec 22 12:17:40 GMT 2024","","HYPERON-METTALOG-SANITY","HYPERON-METTALOG-SANITY",""
"","320","QUERYING-SPACE-CONTENT---METTA-LANGUAGE5.04","","Sun Dec 22 12:26:14 GMT 2024","failed","Sun Dec 22 12:26:14 GMT 2024","","METTA-LANG","METTA-LANG",""
"","7000","metta_lang.Control_flow___MeTTa_Language11","","Sun Dec 22 12:10:49 GMT 2024","passed","Sun Dec 22 12:10:56 GMT 2024","","WHOLE-TESTS","WHOLE-TESTS",""
"","6000","metta_lang.Functions_and_unification___MeTTa_Language6","","Sun Dec 22 12:10:49 GMT 2024","passed","Sun Dec 22 12:10:55 GMT 2024","","WHOLE-TESTS","WHOLE-TESTS",""
"","2","PEANO.01","","Sun Dec 22 12:23:09 GMT 2024","passed","Sun Dec 22 12:23:09 GMT 2024","","METTA-MORPH-TESTS","METTA-MORPH-TESTS",""
"","3","B4-NONDETERM.07","","Sun Dec 22 12:14:59 GMT 2024","passed","Sun Dec 22 12:14:59 GMT 2024","","HYPERON-EXPERIMENTAL-SCRIPTS","HYPERON-EXPERIMENTAL-SCRIPTS",""
"","108","CONTROL-FLOW---METTA-LANGUAGE12.02","","Sun Dec 22 12:26:14 GMT 2024","passed","Sun Dec 22 12:26:14 GMT 2024","","METTA-LANG","METTA-LANG",""
"","108","B4-NONDETERM.11","","Sun Dec 22 12:14:59 GMT 2024","passed","Sun Dec 22 12:14:59 GMT 2024","","HYPERON-EXPERIMENTAL-SCRIPTS","HYPERON-EXPERIMENTAL-SCRIPTS",""
"","2","F1-IMPORTS.06","","Sun Dec 22 12:14:59 GMT 2024","passed","Sun Dec 22 12:14:59 GMT 2024","","HYPERON-EXPERIMENTAL-SCRIPTS","HYPERON-EXPERIMENTAL-SCRIPTS",""
"","3","C2-SPACES.05","","Sun Dec 22 12:10:42 GMT 2024","passed","Sun Dec 22 12:10:42 GMT 2024","","MODULE-SYSTEM","MODULE-SYSTEM",""
"","2","CONTROL-FLOW---METTA-LANGUAGE11.04","","Sun Dec 22 12:26:14 GMT 2024","passed","Sun Dec 22 12:26:14 GMT 2024","","METTA-LANG","METTA-LANG",""
"","15","CONCRETE-TYPES---METTA-LANGUAGE13.01","","Sun Dec 22 12:26:14 GMT 2024","passed","Sun Dec 22 12:26:14 GMT 2024","","METTA-LANG","METTA-LANG",""
"","3","OPERATIONS-OVER-ATOMS---METTA-LANGUAGE3.03","","Sun Dec 22 12:26:14 GMT 2024","passed","Sun Dec 22 12:26:14 GMT 2024","","METTA-LANG","METTA-LANG",""
"","2","TEST-IF-CLOSED.07","","Sun Dec 22 12:10:56 GMT 2024","passed","Sun Dec 22 12:10:56 GMT 2024","","ANTI-REGRESSION","ANTI-REGRESSION",""
"","3","F1-MODULEA.01","","Sun Dec 22 12:43:12 GMT 2024","passed","Sun Dec 22 12:43:12 GMT 2024","","QUICK","QUICK",""
"","2","03-SORING-VIA-INSERT.06","","Sun Dec 22 12:17:40 GMT 2024","passed","Sun Dec 22 12:17:40 GMT 2024","","HYPERON-METTALOG-SANITY","HYPERON-METTALOG-SANITY",""
"","2","B5-TYPES-PRELIM.25","","Sun Dec 22 12:14:59 GMT 2024","passed","Sun Dec 22 12:14:59 GMT 2024","","HYPERON-EXPERIMENTAL-SCRIPTS","HYPERON-EXPERIMENTAL-SCRIPTS",""
"","2","BASIC-GROUNDED-FUNCTIONS---METTA-LANGUAGE6.02","","Sun Dec 22 12:26:14 GMT 2024","passed","Sun Dec 22 12:26:14 GMT 2024","","METTA-LANG","METTA-LANG",""
"","4","C1-GROUNDED-BASIC.08","","Sun Dec 22 12:43:12 GMT 2024","passed","Sun Dec 22 12:43:12 GMT 2024","","QUICK","QUICK",""
"","3","F1-IMPORTS.01","","Sun Dec 22 12:10:42 GMT 2024","passed","Sun Dec 22 12:10:42 GMT 2024","","MODULE-SYSTEM","MODULE-SYSTEM",""
"","1","B2-BACKCHAIN.04","","Sun Dec 22 12:14:59 GMT 2024","passed","Sun Dec 22 12:14:59 GMT 2024","","HYPERON-EXPERIMENTAL-SCRIPTS","HYPERON-EXPERIMENTAL-SCRIPTS",""
"","2","D1-GADT.03","","Sun Dec 22 12:14:59 GMT 2024","passed","Sun Dec 22 12:14:59 GMT 2024","","HYPERON-EXPERIMENTAL-SCRIPTS","HYPERON-EXPERIMENTAL-SCRIPTS",""
"","2","BASIC-EVALUATION---METTA-LANGUAGE15.05","","Sun Dec 22 12:26:14 GMT 2024","passed","Sun Dec 22 12:26:14 GMT 2024","","METTA-LANG","METTA-LANG",""
"","2","CONTROL-FLOW---METTA-LANGUAGE16.08","","Sun Dec 22 12:26:14 GMT 2024","passed","Sun Dec 22 12:26:14 GMT 2024","","METTA-LANG","METTA-LANG",""
"","6000","metta_lang.Working_with_spaces___MeTTa_Language11","","Sun Dec 22 12:10:49 GMT 2024","passed","Sun Dec 22 12:10:55 GMT 2024","","WHOLE-TESTS","WHOLE-TESTS",""
"","2","SEQUENTIAL-NESTED.10","","Sun Dec 22 12:23:09 GMT 2024","passed","Sun Dec 22 12:23:09 GMT 2024","","METTA-MORPH-TESTS","METTA-MORPH-TESTS",""
"","55","BASIC-EVALUATION---METTA-LANGUAGE10.01","","Sun Dec 22 12:26:14 GMT 2024","passed","Sun Dec 22 12:26:14 GMT 2024","","METTA-LANG","METTA-LANG",""
"","2","UNIQUE-TEST.09","","Sun Dec 22 12:17:40 GMT 2024","passed","Sun Dec 22 12:17:40 GMT 2024","","HYPERON-METTALOG-SANITY","HYPERON-METTALOG-SANITY",""
"","7000","hyperon-mettalog_sanity.first_answer_long","","Sun Dec 22 12:10:49 GMT 2024","passed","Sun Dec 22 12:10:56 GMT 2024","","WHOLE-TESTS","WHOLE-TESTS",""
"","3","CONTROL-FLOW---METTA-LANGUAGE10.03","","Sun Dec 22 12:26:14 GMT 2024","passed","Sun Dec 22 12:26:14 GMT 2024","","METTA-LANG","METTA-LANG",""
"","1","F1-IMPORTS.11","","Sun Dec 22 12:43:12 GMT 2024","passed","Sun Dec 22 12:43:12 GMT 2024","","QUICK","QUICK",""
"","3","00-LANG-CASE.16","","Sun Dec 22 12:17:40 GMT 2024","passed","Sun Dec 22 12:17:40 GMT 2024","","HYPERON-METTALOG-SANITY","HYPERON-METTALOG-SANITY",""
"","5","SPACE-SUBTRACTION-TESTS.04","","Sun Dec 22 12:17:40 GMT 2024","passed","Sun Dec 22 12:17:40 GMT 2024","","HYPERON-METTALOG-SANITY","HYPERON-METTALOG-SANITY",""
"","6000","metta_lang.Handling_nondeterministic_results___MeTTa_Language2","","Sun Dec 22 12:10:49 GMT 2024","passed","Sun Dec 22 12:10:55 GMT 2024","","WHOLE-TESTS","WHOLE-TESTS",""
"","131","TEST-SPO-5000.01","","Sun Dec 22 12:11:54 GMT 2024","passed","Sun Dec 22 12:11:54 GMT 2024","","METTA-WAM-ISSUE-116","METTA-WAM-ISSUE-116",""
"","3","STRING-TESTS.05","","Sun Dec 22 12:17:40 GMT 2024","passed","Sun Dec 22 12:17:40 GMT 2024","","HYPERON-METTALOG-SANITY","HYPERON-METTALOG-SANITY",""
"","2","SUBTRACTION-TEST.09","","Sun Dec 22 12:17:40 GMT 2024","passed","Sun Dec 22 12:17:40 GMT 2024","","HYPERON-METTALOG-SANITY","HYPERON-METTALOG-SANITY",""
"","2","SUBTRACTION-TEST.03","","Sun Dec 22 12:17:40 GMT 2024","passed","Sun Dec 22 12:17:40 GMT 2024","","HYPERON-METTALOG-SANITY","HYPERON-METTALOG-SANITY",""
"","7000","metta_lang.Basic_evaluation___MeTTa_Language9","","Sun Dec 22 12:10:49 GMT 2024","passed","Sun Dec 22 12:10:56 GMT 2024","","WHOLE-TESTS","WHOLE-TESTS",""
"","2","INTERSECTION-TESTS.05","","Sun Dec 22 12:17:40 GMT 2024","passed","Sun Dec 22 12:17:40 GMT 2024","","HYPERON-METTALOG-SANITY","HYPERON-METTALOG-SANITY",""
"","3","00-LANG-CASE.14","","Sun Dec 22 12:17:40 GMT 2024","passed","Sun Dec 22 12:17:40 GMT 2024","","HYPERON-METTALOG-SANITY","HYPERON-METTALOG-SANITY",""
"","2","D2-HIGHERFUNC.16","","Sun Dec 22 12:43:12 GMT 2024","passed","Sun Dec 22 12:43:12 GMT 2024","","QUICK","QUICK",""
"","7000","hyperon-experimental_scripts.a1_symbols","","Sun Dec 22 12:10:49 GMT 2024","passed","Sun Dec 22 12:10:56 GMT 2024","","WHOLE-TESTS","WHOLE-TESTS",""
"","2","WORKING-WITH-SPACES---METTA-LANGUAGE10.02","","Sun Dec 22 12:26:14 GMT 2024","passed","Sun Dec 22 12:26:14 GMT 2024","","METTA-LANG","METTA-LANG",""
"","2","00-LANG-CASE.18","","Sun Dec 22 12:17:40 GMT 2024","passed","Sun Dec 22 12:17:40 GMT 2024","","HYPERON-METTALOG-SANITY","HYPERON-METTALOG-SANITY",""
"","2","WORKING-WITH-SPACES---METTA-LANGUAGE3.02","","Sun Dec 22 12:26:14 GMT 2024","passed","Sun Dec 22 12:26:14 GMT 2024","","METTA-LANG","METTA-LANG",""
"","55","D5-AUTO-TYPES.05","","Sun Dec 22 12:14:59 GMT 2024","failed","Sun Dec 22 12:14:59 GMT 2024","","HYPERON-EXPERIMENTAL-SCRIPTS","HYPERON-EXPERIMENTAL-SCRIPTS",""
"","94","MAX-TIME-TESTS.04","","Sun Dec 22 12:17:40 GMT 2024","failed","Sun Dec 22 12:17:40 GMT 2024","","HYPERON-METTALOG-SANITY","HYPERON-METTALOG-SANITY",""
"","45000","synth_buffer.time_synthesize_long","","Sun Dec 22 12:10:49 GMT 2024","failed","Sun Dec 22 12:11:34 GMT 2024","","WHOLE-TESTS","WHOLE-TESTS",""
"","90","CONTROLLING-PATTERN-MATCHING---METTA-LANGUAGE4.02","","Sun Dec 22 12:26:14 GMT 2024","passed","Sun Dec 22 12:26:14 GMT 2024","","METTA-LANG","METTA-LANG",""
"","7000","metta_lang.Functions_and_unification___MeTTa_Language2","","Sun Dec 22 12:10:49 GMT 2024","passed","Sun Dec 22 12:10:56 GMT 2024","","WHOLE-TESTS","WHOLE-TESTS",""
"","55","D5-AUTO-TYPES.03","","Sun Dec 22 12:14:59 GMT 2024","failed","Sun Dec 22 12:14:59 GMT 2024","","HYPERON-EXPERIMENTAL-SCRIPTS","HYPERON-EXPERIMENTAL-SCRIPTS",""
"","3","FUNCTIONS-AND-UNIFICATION---METTA-LANGUAGE7.03","","Sun Dec 22 12:26:14 GMT 2024","passed","Sun Dec 22 12:26:14 GMT 2024","","METTA-LANG","METTA-LANG",""
"","3","METATYPES---METTA-LANGUAGE8.01","","Sun Dec 22 12:26:14 GMT 2024","passed","Sun Dec 22 12:26:14 GMT 2024","","METTA-LANG","METTA-LANG",""
"","2","C1-GROUNDED-BASIC.05","","Sun Dec 22 12:43:12 GMT 2024","passed","Sun Dec 22 12:43:12 GMT 2024","","QUICK","QUICK",""
"","2","D4-TYPE-PROP.15","","Sun Dec 22 12:14:59 GMT 2024","passed","Sun Dec 22 12:14:59 GMT 2024","","HYPERON-EXPERIMENTAL-SCRIPTS","HYPERON-EXPERIMENTAL-SCRIPTS",""
"","57","B5-TYPES-PRELIM.14","","Sun Dec 22 12:14:59 GMT 2024","failed","Sun Dec 22 12:14:59 GMT 2024","","HYPERON-EXPERIMENTAL-SCRIPTS","HYPERON-EXPERIMENTAL-SCRIPTS",""
"","3","D4-TYPE-PROP.01","","Sun Dec 22 12:43:12 GMT 2024","passed","Sun Dec 22 12:43:12 GMT 2024","","QUICK","QUICK",""
"","1","BASE-TEST-REPR-PARSE-INTERSECTION.03","","Sun Dec 22 12:17:40 GMT 2024","passed","Sun Dec 22 12:17:40 GMT 2024","","HYPERON-METTALOG-SANITY","HYPERON-METTALOG-SANITY",""
"","4","METATYPES---METTA-LANGUAGE3.01","","Sun Dec 22 12:26:14 GMT 2024","passed","Sun Dec 22 12:26:14 GMT 2024","","METTA-LANG","METTA-LANG",""
"","2","SPACE-INTERSECTION-TESTS.04","","Sun Dec 22 12:17:40 GMT 2024","passed","Sun Dec 22 12:17:40 GMT 2024","","HYPERON-METTALOG-SANITY","HYPERON-METTALOG-SANITY",""
"","3","RECURSIVE-AND-PARAMETRIC-TYPES---METTA-LANGUAGE6.01","","Sun Dec 22 12:26:14 GMT 2024","passed","Sun Dec 22 12:26:14 GMT 2024","","METTA-LANG","METTA-LANG",""
"","15","D1-GADT.05","","Sun Dec 22 12:43:12 GMT 2024","passed","Sun Dec 22 12:43:12 GMT 2024","","QUICK","QUICK",""
"","7000","hyperon-mettalog_sanity.03-soring-via-insert","","Sun Dec 22 12:10:49 GMT 2024","passed","Sun Dec 22 12:10:56 GMT 2024","","WHOLE-TESTS","WHOLE-TESTS",""
"","3","FUNCTIONS-AND-UNIFICATION---METTA-LANGUAGE7.05","","Sun Dec 22 12:26:14 GMT 2024","passed","Sun Dec 22 12:26:14 GMT 2024","","METTA-LANG","METTA-LANG",""
"","2","B5-TYPES-PRELIM.04","","Sun Dec 22 12:14:59 GMT 2024","passed","Sun Dec 22 12:14:59 GMT 2024","","HYPERON-EXPERIMENTAL-SCRIPTS","HYPERON-EXPERIMENTAL-SCRIPTS",""
"","2","RUST-01.01","","Sun Dec 22 12:43:54 GMT 2024","passed","Sun Dec 22 12:43:54 GMT 2024","","BASELINE-COMPAT","BASELINE-COMPAT",""
"","6000","metta_lang.Functions_and_unification___MeTTa_Language7","","Sun Dec 22 12:10:49 GMT 2024","passed","Sun Dec 22 12:10:55 GMT 2024","","WHOLE-TESTS","WHOLE-TESTS",""
"","7000","metta_lang.Metatypes___MeTTa_Language6","","Sun Dec 22 12:10:49 GMT 2024","passed","Sun Dec 22 12:10:56 GMT 2024","","WHOLE-TESTS","WHOLE-TESTS",""
"","14","D1-GADT.09","","Sun Dec 22 12:14:59 GMT 2024","passed","Sun Dec 22 12:14:59 GMT 2024","","HYPERON-EXPERIMENTAL-SCRIPTS","HYPERON-EXPERIMENTAL-SCRIPTS",""
"","2","STRING-TESTS.17","","Sun Dec 22 12:17:40 GMT 2024","passed","Sun Dec 22 12:17:40 GMT 2024","","HYPERON-METTALOG-SANITY","HYPERON-METTALOG-SANITY",""
"","79","D2-HIGHERFUNC.07","","Sun Dec 22 12:43:12 GMT 2024","failed","Sun Dec 22 12:43:12 GMT 2024","","QUICK","QUICK",""
"","6000","metta_lang.Working_with_spaces___MeTTa_Language17","","Sun Dec 22 12:10:49 GMT 2024","passed","Sun Dec 22 12:10:55 GMT 2024","","WHOLE-TESTS","WHOLE-TESTS",""
"","3","RECURSION-AND-CONTROL---METTA-LANGUAGE7.04","","Sun Dec 22 12:26:14 GMT 2024","passed","Sun Dec 22 12:26:14 GMT 2024","","METTA-LANG","METTA-LANG",""
"","7000","metta_lang.Control_flow___MeTTa_Language5","","Sun Dec 22 12:10:49 GMT 2024","passed","Sun Dec 22 12:10:56 GMT 2024","","WHOLE-TESTS","WHOLE-TESTS",""
"","67","RECURSIVE-AND-PARAMETRIC-TYPES---METTA-LANGUAGE3.04","","Sun Dec 22 12:26:14 GMT 2024","failed","Sun Dec 22 12:26:14 GMT 2024","","METTA-LANG","METTA-LANG",""
"","2","SEQUENTIAL-NESTED.04","","Sun Dec 22 12:23:09 GMT 2024","passed","Sun Dec 22 12:23:09 GMT 2024","","METTA-MORPH-TESTS","METTA-MORPH-TESTS",""
"","2","FUNCTIONS-AND-UNIFICATION---METTA-LANGUAGE2.04","","Sun Dec 22 12:26:14 GMT 2024","passed","Sun Dec 22 12:26:14 GMT 2024","","METTA-LANG","METTA-LANG",""
"","2","RECURSIVE-AND-PARAMETRIC-TYPES---METTA-LANGUAGE1.01","","Sun Dec 22 12:26:14 GMT 2024","passed","Sun Dec 22 12:26:14 GMT 2024","","METTA-LANG","METTA-LANG",""
"","7000","metta_lang.Recursion_and_control___MeTTa_Language8","","Sun Dec 22 12:10:49 GMT 2024","passed","Sun Dec 22 12:10:56 GMT 2024","","WHOLE-TESTS","WHOLE-TESTS",""
"","3","D3-DEPTYPES.01","","Sun Dec 22 12:14:59 GMT 2024","passed","Sun Dec 22 12:14:59 GMT 2024","","HYPERON-EXPERIMENTAL-SCRIPTS","HYPERON-EXPERIMENTAL-SCRIPTS",""
"","7000","metta_lang.Recursive_and_parametric_types___MeTTa_Language5","","Sun Dec 22 12:10:49 GMT 2024","passed","Sun Dec 22 12:10:56 GMT 2024","","WHOLE-TESTS","WHOLE-TESTS",""
"","1","TMPMATCH1.04","","Sun Dec 22 12:10:56 GMT 2024","passed","Sun Dec 22 12:10:56 GMT 2024","","ANTI-REGRESSION","ANTI-REGRESSION",""
"","2","MATCH-VOID.03","","Sun Dec 22 12:23:09 GMT 2024","passed","Sun Dec 22 12:23:09 GMT 2024","","METTA-MORPH-TESTS","METTA-MORPH-TESTS",""
"","3","WORKING-WITH-SPACES---METTA-LANGUAGE1.09","","Sun Dec 22 12:26:14 GMT 2024","passed","Sun Dec 22 12:26:14 GMT 2024","","METTA-LANG","METTA-LANG",""
"","3","RECURSION-AND-CONTROL---METTA-LANGUAGE7.02","","Sun Dec 22 12:26:14 GMT 2024","passed","Sun Dec 22 12:26:14 GMT 2024","","METTA-LANG","METTA-LANG",""
"","6000","hyperon-mettalog_sanity.catch_throw_tests","","Sun Dec 22 12:10:49 GMT 2024","passed","Sun Dec 22 12:10:55 GMT 2024","","WHOLE-TESTS","WHOLE-TESTS",""
"","51","RECURSIVE-AND-PARAMETRIC-TYPES---METTA-LANGUAGE5.06","","Sun Dec 22 12:26:14 GMT 2024","failed","Sun Dec 22 12:26:14 GMT 2024","","METTA-LANG","METTA-LANG",""
"","2","METATYPES---METTA-LANGUAGE1.08","","Sun Dec 22 12:26:14 GMT 2024","passed","Sun Dec 22 12:26:14 GMT 2024","","METTA-LANG","METTA-LANG",""
"","3","RECURSION-AND-CONTROL---METTA-LANGUAGE8.03","","Sun Dec 22 12:26:14 GMT 2024","passed","Sun Dec 22 12:26:14 GMT 2024","","METTA-LANG","METTA-LANG",""
"","2","METATYPES---METTA-LANGUAGE1.05","","Sun Dec 22 12:26:14 GMT 2024","passed","Sun Dec 22 12:26:14 GMT 2024","","METTA-LANG","METTA-LANG",""
"","7000","metta_lang.Metatypes___MeTTa_Language9","","Sun Dec 22 12:10:49 GMT 2024","passed","Sun Dec 22 12:10:56 GMT 2024","","WHOLE-TESTS","WHOLE-TESTS",""
"","2","D2-HIGHERFUNC.24","","Sun Dec 22 12:14:59 GMT 2024","passed","Sun Dec 22 12:14:59 GMT 2024","","HYPERON-EXPERIMENTAL-SCRIPTS","HYPERON-EXPERIMENTAL-SCRIPTS",""
"","7000","metta_lang.Basic_grounded_functions___MeTTa_Language8","","Sun Dec 22 12:10:49 GMT 2024","passed","Sun Dec 22 12:10:56 GMT 2024","","WHOLE-TESTS","WHOLE-TESTS",""
"","2","CONTROLLING-PATTERN-MATCHING---METTA-LANGUAGE12.02","","Sun Dec 22 12:26:14 GMT 2024","passed","Sun Dec 22 12:26:14 GMT 2024","","METTA-LANG","METTA-LANG",""
"","2","RECURSIVE-AND-PARAMETRIC-TYPES---METTA-LANGUAGE1.04","","Sun Dec 22 12:26:14 GMT 2024","passed","Sun Dec 22 12:26:14 GMT 2024","","METTA-LANG","METTA-LANG",""
"","3","FUNCTIONAL-PROGRAMMING-TESTS.07","","Sun Dec 22 12:17:40 GMT 2024","passed","Sun Dec 22 12:17:40 GMT 2024","","HYPERON-METTALOG-SANITY","HYPERON-METTALOG-SANITY",""
"","3","C1-GROUNDED-BASIC.07","","Sun Dec 22 12:14:59 GMT 2024","passed","Sun Dec 22 12:14:59 GMT 2024","","HYPERON-EXPERIMENTAL-SCRIPTS","HYPERON-EXPERIMENTAL-SCRIPTS",""
"","2","OR-TEST.12","","Sun Dec 22 12:17:40 GMT 2024","passed","Sun Dec 22 12:17:40 GMT 2024","","HYPERON-METTALOG-SANITY","HYPERON-METTALOG-SANITY",""
"","2","BASIC-GROUNDED-FUNCTIONS---METTA-LANGUAGE6.01","","Sun Dec 22 12:26:14 GMT 2024","passed","Sun Dec 22 12:26:14 GMT 2024","","METTA-LANG","METTA-LANG",""
"","3","WORKING-WITH-SPACES---METTA-LANGUAGE9.01","","Sun Dec 22 12:26:14 GMT 2024","passed","Sun Dec 22 12:26:14 GMT 2024","","METTA-LANG","METTA-LANG",""
"","2","C1-GROUNDED-BASIC.18","","Sun Dec 22 12:14:59 GMT 2024","passed","Sun Dec 22 12:14:59 GMT 2024","","HYPERON-EXPERIMENTAL-SCRIPTS","HYPERON-EXPERIMENTAL-SCRIPTS",""
"","2","WORKING-WITH-SPACES---METTA-LANGUAGE1.03","","Sun Dec 22 12:26:14 GMT 2024","passed","Sun Dec 22 12:26:14 GMT 2024","","METTA-LANG","METTA-LANG",""
"","2","06-MATCH-IN-SPACE.06","","Sun Dec 22 12:17:40 GMT 2024","passed","Sun Dec 22 12:17:40 GMT 2024","","HYPERON-METTALOG-SANITY","HYPERON-METTALOG-SANITY",""
"","2","CATCH-THROW-TESTS.02","","Sun Dec 22 12:17:40 GMT 2024","passed","Sun Dec 22 12:17:40 GMT 2024","","HYPERON-METTALOG-SANITY","HYPERON-METTALOG-SANITY",""
"","2","03-SORING-VIA-INSERT.04","","Sun Dec 22 12:17:40 GMT 2024","passed","Sun Dec 22 12:17:40 GMT 2024","","HYPERON-METTALOG-SANITY","HYPERON-METTALOG-SANITY",""
"","2","MATCH-VOID.10","","Sun Dec 22 12:23:09 GMT 2024","passed","Sun Dec 22 12:23:09 GMT 2024","","METTA-MORPH-TESTS","METTA-MORPH-TESTS",""
"","3","SPACE-INTERSECTION-TESTS.13","","Sun Dec 22 12:17:40 GMT 2024","passed","Sun Dec 22 12:17:40 GMT 2024","","HYPERON-METTALOG-SANITY","HYPERON-METTALOG-SANITY",""
"","28000","anti-regression.debug_mettalogTestCurried","","Sun Dec 22 12:10:49 GMT 2024","passed","Sun Dec 22 12:11:17 GMT 2024","","WHOLE-TESTS","WHOLE-TESTS",""
"","7000","metta_lang.Recursive_and_parametric_types___MeTTa_Language4","","Sun Dec 22 12:10:49 GMT 2024","passed","Sun Dec 22 12:10:56 GMT 2024","","WHOLE-TESTS","WHOLE-TESTS",""
"","2","F1-IMPORTS.11","","Sun Dec 22 12:10:42 GMT 2024","passed","Sun Dec 22 12:10:42 GMT 2024","","MODULE-SYSTEM","MODULE-SYSTEM",""
"","2","RECURSIVE-AND-PARAMETRIC-TYPES---METTA-LANGUAGE5.07","","Sun Dec 22 12:26:14 GMT 2024","passed","Sun Dec 22 12:26:14 GMT 2024","","METTA-LANG","METTA-LANG",""
"","2","C1-GROUNDED-BASIC.17","","Sun Dec 22 12:43:12 GMT 2024","passed","Sun Dec 22 12:43:12 GMT 2024","","QUICK","QUICK",""
"","2","D2-HIGHERFUNC.18","","Sun Dec 22 12:14:59 GMT 2024","passed","Sun Dec 22 12:14:59 GMT 2024","","HYPERON-EXPERIMENTAL-SCRIPTS","HYPERON-EXPERIMENTAL-SCRIPTS",""
"","7000","metta_lang.Concrete_types___MeTTa_Language4","","Sun Dec 22 12:10:49 GMT 2024","passed","Sun Dec 22 12:10:56 GMT 2024","","WHOLE-TESTS","WHOLE-TESTS",""
"","2","BC-COMP.05","","Sun Dec 22 12:10:56 GMT 2024","passed","Sun Dec 22 12:10:56 GMT 2024","","ANTI-REGRESSION","ANTI-REGRESSION",""
"","2","HYPERPOSE.05","","Sun Dec 22 12:23:09 GMT 2024","passed","Sun Dec 22 12:23:09 GMT 2024","","METTA-MORPH-TESTS","METTA-MORPH-TESTS",""
"","7000","metta_lang.Controlling_pattern_matching___MeTTa_Language11","","Sun Dec 22 12:10:49 GMT 2024","passed","Sun Dec 22 12:10:56 GMT 2024","","WHOLE-TESTS","WHOLE-TESTS",""
"","5","CONTROL-FLOW---METTA-LANGUAGE4.01","","Sun Dec 22 12:26:14 GMT 2024","passed","Sun Dec 22 12:26:14 GMT 2024","","METTA-LANG","METTA-LANG",""
"","3","FUNCTIONS-AND-UNIFICATION---METTA-LANGUAGE1.06","","Sun Dec 22 12:26:14 GMT 2024","passed","Sun Dec 22 12:26:14 GMT 2024","","METTA-LANG","METTA-LANG",""
"","2","HANDLING-NONDETERMINISTIC-RESULTS---METTA-LANGUAGE6.03","","Sun Dec 22 12:26:14 GMT 2024","passed","Sun Dec 22 12:26:14 GMT 2024","","METTA-LANG","METTA-LANG",""
"","2","WORKING-WITH-SPACES---METTA-LANGUAGE3.04","","Sun Dec 22 12:26:14 GMT 2024","passed","Sun Dec 22 12:26:14 GMT 2024","","METTA-LANG","METTA-LANG",""
"","2","B5-TYPES-PRELIM.12","","Sun Dec 22 12:14:59 GMT 2024","passed","Sun Dec 22 12:14:59 GMT 2024","","HYPERON-EXPERIMENTAL-SCRIPTS","HYPERON-EXPERIMENTAL-SCRIPTS",""
"","69","WORKING-WITH-SPACES---METTA-LANGUAGE5.02","","Sun Dec 22 12:26:14 GMT 2024","passed","Sun Dec 22 12:26:14 GMT 2024","","METTA-LANG","METTA-LANG",""
"","84","INTERSECTION-TESTS.31","","Sun Dec 22 12:17:40 GMT 2024","failed","Sun Dec 22 12:17:40 GMT 2024","","HYPERON-METTALOG-SANITY","HYPERON-METTALOG-SANITY",""
"","2","HYPERPOSE.09","","Sun Dec 22 12:23:09 GMT 2024","passed","Sun Dec 22 12:23:09 GMT 2024","","METTA-MORPH-TESTS","METTA-MORPH-TESTS",""
"","7000","hyperon-mettalog_sanity.structure-tests","","Sun Dec 22 12:10:49 GMT 2024","passed","Sun Dec 22 12:10:56 GMT 2024","","WHOLE-TESTS","WHOLE-TESTS",""
"","1","BASIC-GROUNDED-FUNCTIONS---METTA-LANGUAGE6.03","","Sun Dec 22 12:26:14 GMT 2024","passed","Sun Dec 22 12:26:14 GMT 2024","","METTA-LANG","METTA-LANG",""
"","2","C1-GROUNDED-BASIC.04","","Sun Dec 22 12:43:12 GMT 2024","passed","Sun Dec 22 12:43:12 GMT 2024","","QUICK","QUICK",""
"","49","C1-GROUNDED-BASIC.15","","Sun Dec 22 12:14:59 GMT 2024","failed","Sun Dec 22 12:14:59 GMT 2024","","HYPERON-EXPERIMENTAL-SCRIPTS","HYPERON-EXPERIMENTAL-SCRIPTS",""
"","2","SUPERCOLLAPSE.02","","Sun Dec 22 12:23:09 GMT 2024","passed","Sun Dec 22 12:23:09 GMT 2024","","METTA-MORPH-TESTS","METTA-MORPH-TESTS",""
"","2","XOR-TEST.08","","Sun Dec 22 12:17:40 GMT 2024","passed","Sun Dec 22 12:17:40 GMT 2024","","HYPERON-METTALOG-SANITY","HYPERON-METTALOG-SANITY",""
"","2","UNIQUE-TEST.04","","Sun Dec 22 12:17:40 GMT 2024","passed","Sun Dec 22 12:17:40 GMT 2024","","HYPERON-METTALOG-SANITY","HYPERON-METTALOG-SANITY",""
"","3","HANDLING-NONDETERMINISTIC-RESULTS---METTA-LANGUAGE7.01","","Sun Dec 22 12:26:14 GMT 2024","passed","Sun Dec 22 12:26:14 GMT 2024","","METTA-LANG","METTA-LANG",""
"","2","00-LANG-CASE.01","","Sun Dec 22 12:17:40 GMT 2024","passed","Sun Dec 22 12:17:40 GMT 2024","","HYPERON-METTALOG-SANITY","HYPERON-METTALOG-SANITY",""
"","2","D1-GADT.12","","Sun Dec 22 12:43:12 GMT 2024","passed","Sun Dec 22 12:43:12 GMT 2024","","QUICK","QUICK",""
"","2","HANDLING-NONDETERMINISTIC-RESULTS---METTA-LANGUAGE1.03","","Sun Dec 22 12:26:14 GMT 2024","passed","Sun Dec 22 12:26:14 GMT 2024","","METTA-LANG","METTA-LANG",""
"","2","CONTROL-FLOW---METTA-LANGUAGE13.02","","Sun Dec 22 12:26:14 GMT 2024","passed","Sun Dec 22 12:26:14 GMT 2024","","METTA-LANG","METTA-LANG",""
"","2","INTERSECTION-TESTS.19","","Sun Dec 22 12:17:40 GMT 2024","passed","Sun Dec 22 12:17:40 GMT 2024","","HYPERON-METTALOG-SANITY","HYPERON-METTALOG-SANITY",""
"","18","FUNCTIONS-AND-UNIFICATION---METTA-LANGUAGE7.02","","Sun Dec 22 12:26:14 GMT 2024","failed","Sun Dec 22 12:26:14 GMT 2024","","METTA-LANG","METTA-LANG",""
"","15","WORKING-WITH-SPACES---METTA-LANGUAGE16.02","","Sun Dec 22 12:26:14 GMT 2024","failed","Sun Dec 22 12:26:14 GMT 2024","","METTA-LANG","METTA-LANG",""
"","2","SUPERCOLLAPSE.06","","Sun Dec 22 12:23:09 GMT 2024","passed","Sun Dec 22 12:23:09 GMT 2024","","METTA-MORPH-TESTS","METTA-MORPH-TESTS",""
"","7000","metta_lang.Controlling_pattern_matching___MeTTa_Language9","","Sun Dec 22 12:10:49 GMT 2024","passed","Sun Dec 22 12:10:56 GMT 2024","","WHOLE-TESTS","WHOLE-TESTS",""
"","3","D4-TYPE-PROP.11","","Sun Dec 22 12:14:59 GMT 2024","passed","Sun Dec 22 12:14:59 GMT 2024","","HYPERON-EXPERIMENTAL-SCRIPTS","HYPERON-EXPERIMENTAL-SCRIPTS",""
"","2","D3-DEPTYPES.07","","Sun Dec 22 12:14:59 GMT 2024","passed","Sun Dec 22 12:14:59 GMT 2024","","HYPERON-EXPERIMENTAL-SCRIPTS","HYPERON-EXPERIMENTAL-SCRIPTS",""
"","16","CONSOLE-OUTPUT-AND-DEBUGGING---METTA-LANGUAGE1.02","","Sun Dec 22 12:26:14 GMT 2024","failed","Sun Dec 22 12:26:14 GMT 2024","","METTA-LANG","METTA-LANG",""
"","1","D2-HIGHERFUNC.08","","Sun Dec 22 12:43:12 GMT 2024","passed","Sun Dec 22 12:43:12 GMT 2024","","QUICK","QUICK",""
"","2","SUBTRACTION-TEST.07","","Sun Dec 22 12:17:40 GMT 2024","passed","Sun Dec 22 12:17:40 GMT 2024","","HYPERON-METTALOG-SANITY","HYPERON-METTALOG-SANITY",""
"","7000","synth_buffer.synthesize","","Sun Dec 22 12:10:49 GMT 2024","passed","Sun Dec 22 12:10:56 GMT 2024","","WHOLE-TESTS","WHOLE-TESTS",""
"","83","MAX-TIME-TESTS.02","","Sun Dec 22 12:17:40 GMT 2024","failed","Sun Dec 22 12:17:40 GMT 2024","","HYPERON-METTALOG-SANITY","HYPERON-METTALOG-SANITY",""
"","3","D2-HIGHERFUNC.01","","Sun Dec 22 12:43:12 GMT 2024","passed","Sun Dec 22 12:43:12 GMT 2024","","QUICK","QUICK",""
"","2","B2-BACKCHAIN.02","","Sun Dec 22 12:14:59 GMT 2024","passed","Sun Dec 22 12:14:59 GMT 2024","","HYPERON-EXPERIMENTAL-SCRIPTS","HYPERON-EXPERIMENTAL-SCRIPTS",""
"","7000","hyperon-mettalog_sanity.02-curried-plus","","Sun Dec 22 12:10:49 GMT 2024","passed","Sun Dec 22 12:10:56 GMT 2024","","WHOLE-TESTS","WHOLE-TESTS",""
"","7000","hyperon-experimental_scripts.d3_deptypes","","Sun Dec 22 12:10:49 GMT 2024","passed","Sun Dec 22 12:10:56 GMT 2024","","WHOLE-TESTS","WHOLE-TESTS",""
"","2","METATYPES---METTA-LANGUAGE1.02","","Sun Dec 22 12:26:14 GMT 2024","passed","Sun Dec 22 12:26:14 GMT 2024","","METTA-LANG","METTA-LANG",""
"","51","METATYPES---METTA-LANGUAGE2.04","","Sun Dec 22 12:26:14 GMT 2024","failed","Sun Dec 22 12:26:14 GMT 2024","","METTA-LANG","METTA-LANG",""
"","1","OR-TEST.05","","Sun Dec 22 12:17:40 GMT 2024","passed","Sun Dec 22 12:17:40 GMT 2024","","HYPERON-METTALOG-SANITY","HYPERON-METTALOG-SANITY",""
"","54","C1-GROUNDED-BASIC.15","","Sun Dec 22 12:43:12 GMT 2024","failed","Sun Dec 22 12:43:12 GMT 2024","","QUICK","QUICK",""
"","2","CONSOLE-OUTPUT-AND-DEBUGGING---METTA-LANGUAGE3.03","","Sun Dec 22 12:26:14 GMT 2024","passed","Sun Dec 22 12:26:14 GMT 2024","","METTA-LANG","METTA-LANG",""
"","7000","metta_lang.Basic_evaluation___MeTTa_Language12","","Sun Dec 22 12:10:49 GMT 2024","passed","Sun Dec 22 12:10:56 GMT 2024","","WHOLE-TESTS","WHOLE-TESTS",""
"","70","RECURSIVE-AND-PARAMETRIC-TYPES---METTA-LANGUAGE8.02","","Sun Dec 22 12:26:14 GMT 2024","failed","Sun Dec 22 12:26:14 GMT 2024","","METTA-LANG","METTA-LANG",""
"","7000","metta_lang.Working_with_spaces___MeTTa_Language2","","Sun Dec 22 12:10:49 GMT 2024","passed","Sun Dec 22 12:10:56 GMT 2024","","WHOLE-TESTS","WHOLE-TESTS",""
"","3","SPACE-SUBTRACTION-TESTS.01","","Sun Dec 22 12:17:40 GMT 2024","passed","Sun Dec 22 12:17:40 GMT 2024","","HYPERON-METTALOG-SANITY","HYPERON-METTALOG-SANITY",""
"","2","BASIC-GROUNDED-FUNCTIONS---METTA-LANGUAGE7.02","","Sun Dec 22 12:26:14 GMT 2024","passed","Sun Dec 22 12:26:14 GMT 2024","","METTA-LANG","METTA-LANG",""
"","15","E3-MATCH-STATES.05","","Sun Dec 22 12:14:59 GMT 2024","failed","Sun Dec 22 12:14:59 GMT 2024","","HYPERON-EXPERIMENTAL-SCRIPTS","HYPERON-EXPERIMENTAL-SCRIPTS",""
"","3","E2-STATES.02","","Sun Dec 22 12:14:59 GMT 2024","passed","Sun Dec 22 12:14:59 GMT 2024","","HYPERON-EXPERIMENTAL-SCRIPTS","HYPERON-EXPERIMENTAL-SCRIPTS",""
"","7000","metta_lang.Free_variables_and_nondeterminism_again,_recursively___MeTTa_Language1","","Sun Dec 22 12:10:49 GMT 2024","passed","Sun Dec 22 12:10:56 GMT 2024","","WHOLE-TESTS","WHOLE-TESTS",""
"","9000","metta-wam-issue-116.test_spo_1000","","Sun Dec 22 12:10:49 GMT 2024","passed","Sun Dec 22 12:10:58 GMT 2024","","WHOLE-TESTS","WHOLE-TESTS",""
"","2","LET-SUPERPOSE-LIST.01","","Sun Dec 22 12:23:09 GMT 2024","passed","Sun Dec 22 12:23:09 GMT 2024","","METTA-MORPH-TESTS","METTA-MORPH-TESTS",""
"","3","METATYPES---METTA-LANGUAGE9.01","","Sun Dec 22 12:26:14 GMT 2024","passed","Sun Dec 22 12:26:14 GMT 2024","","METTA-LANG","METTA-LANG",""
"","2","MATCH-SUPERPOSED-SPACES.01","","Sun Dec 22 12:23:09 GMT 2024","passed","Sun Dec 22 12:23:09 GMT 2024","","METTA-MORPH-TESTS","METTA-MORPH-TESTS",""
"","3","WORKING-WITH-SPACES---METTA-LANGUAGE3.01","","Sun Dec 22 12:26:14 GMT 2024","passed","Sun Dec 22 12:26:14 GMT 2024","","METTA-LANG","METTA-LANG",""
"","1","D2-HIGHERFUNC.13","","Sun Dec 22 12:43:12 GMT 2024","passed","Sun Dec 22 12:43:12 GMT 2024","","QUICK","QUICK",""
"","64","B4-NONDETERM.03","","Sun Dec 22 12:14:59 GMT 2024","passed","Sun Dec 22 12:14:59 GMT 2024","","HYPERON-EXPERIMENTAL-SCRIPTS","HYPERON-EXPERIMENTAL-SCRIPTS",""
"","3","B4-NONDETERM.09","","Sun Dec 22 12:14:59 GMT 2024","passed","Sun Dec 22 12:14:59 GMT 2024","","HYPERON-EXPERIMENTAL-SCRIPTS","HYPERON-EXPERIMENTAL-SCRIPTS",""
"","2","WORKING-WITH-SPACES---METTA-LANGUAGE13.01","","Sun Dec 22 12:26:14 GMT 2024","passed","Sun Dec 22 12:26:14 GMT 2024","","METTA-LANG","METTA-LANG",""
"","2","CONTROL-FLOW---METTA-LANGUAGE7.01","","Sun Dec 22 12:26:14 GMT 2024","passed","Sun Dec 22 12:26:14 GMT 2024","","METTA-LANG","METTA-LANG",""
"","3","FUNCTIONS-AND-UNIFICATION---METTA-LANGUAGE1.01","","Sun Dec 22 12:26:14 GMT 2024","passed","Sun Dec 22 12:26:14 GMT 2024","","METTA-LANG","METTA-LANG",""
"","2","HANDLING-NONDETERMINISTIC-RESULTS---METTA-LANGUAGE8.03","","Sun Dec 22 12:26:14 GMT 2024","passed","Sun Dec 22 12:26:14 GMT 2024","","METTA-LANG","METTA-LANG",""
"","68","BASIC-EVALUATION---METTA-LANGUAGE13.01","","Sun Dec 22 12:26:14 GMT 2024","passed","Sun Dec 22 12:26:14 GMT 2024","","METTA-LANG","METTA-LANG",""
"","7000","metta-wam-issue-116.test_spo_5000","","Sun Dec 22 12:10:49 GMT 2024","passed","Sun Dec 22 12:10:56 GMT 2024","","WHOLE-TESTS","WHOLE-TESTS",""
"","3","B0-CHAINING-PRELIM.01","","Sun Dec 22 12:14:59 GMT 2024","passed","Sun Dec 22 12:14:59 GMT 2024","","HYPERON-EXPERIMENTAL-SCRIPTS","HYPERON-EXPERIMENTAL-SCRIPTS",""
"","2","D2-HIGHERFUNC.13","","Sun Dec 22 12:14:59 GMT 2024","passed","Sun Dec 22 12:14:59 GMT 2024","","HYPERON-EXPERIMENTAL-SCRIPTS","HYPERON-EXPERIMENTAL-SCRIPTS",""
"","16","WORKING-WITH-SPACES---METTA-LANGUAGE7.02","","Sun Dec 22 12:26:14 GMT 2024","failed","Sun Dec 22 12:26:14 GMT 2024","","METTA-LANG","METTA-LANG",""
"","58","E2-STATES.08","","Sun Dec 22 12:14:59 GMT 2024","failed","Sun Dec 22 12:14:59 GMT 2024","","HYPERON-EXPERIMENTAL-SCRIPTS","HYPERON-EXPERIMENTAL-SCRIPTS",""
"","2","D1-GADT.10","","Sun Dec 22 12:43:12 GMT 2024","passed","Sun Dec 22 12:43:12 GMT 2024","","QUICK","QUICK",""
"","7000","metta_lang.Concrete_types___MeTTa_Language6","","Sun Dec 22 12:10:49 GMT 2024","passed","Sun Dec 22 12:10:56 GMT 2024","","WHOLE-TESTS","WHOLE-TESTS",""
"","7000","metta_lang.Basic_evaluation___MeTTa_Language14","","Sun Dec 22 12:10:49 GMT 2024","passed","Sun Dec 22 12:10:56 GMT 2024","","WHOLE-TESTS","WHOLE-TESTS",""
"","5","UNIQUE-TEST.14","","Sun Dec 22 12:17:40 GMT 2024","passed","Sun Dec 22 12:17:40 GMT 2024","","HYPERON-METTALOG-SANITY","HYPERON-METTALOG-SANITY",""
"","2","METATYPES---METTA-LANGUAGE1.07","","Sun Dec 22 12:26:14 GMT 2024","passed","Sun Dec 22 12:26:14 GMT 2024","","METTA-LANG","METTA-LANG",""
"","3","C1-GROUNDED-BASIC.13","","Sun Dec 22 12:43:12 GMT 2024","passed","Sun Dec 22 12:43:12 GMT 2024","","QUICK","QUICK",""
"","7000","metta_lang.Metatypes___MeTTa_Language3","","Sun Dec 22 12:10:49 GMT 2024","passed","Sun Dec 22 12:10:56 GMT 2024","","WHOLE-TESTS","WHOLE-TESTS",""
"","3","E2-STATES.11","","Sun Dec 22 12:14:59 GMT 2024","passed","Sun Dec 22 12:14:59 GMT 2024","","HYPERON-EXPERIMENTAL-SCRIPTS","HYPERON-EXPERIMENTAL-SCRIPTS",""
"","7000","metta_lang.Control_flow___MeTTa_Language13","","Sun Dec 22 12:10:49 GMT 2024","passed","Sun Dec 22 12:10:56 GMT 2024","","WHOLE-TESTS","WHOLE-TESTS",""
"","2","OPERATIONS-OVER-ATOMS---METTA-LANGUAGE3.02","","Sun Dec 22 12:26:14 GMT 2024","passed","Sun Dec 22 12:26:14 GMT 2024","","METTA-LANG","METTA-LANG",""
"","3","OPERATIONS-OVER-ATOMS---METTA-LANGUAGE1.01","","Sun Dec 22 12:26:14 GMT 2024","passed","Sun Dec 22 12:26:14 GMT 2024","","METTA-LANG","METTA-LANG",""
"","3","BC-COMP.04","","Sun Dec 22 12:10:56 GMT 2024","passed","Sun Dec 22 12:10:56 GMT 2024","","ANTI-REGRESSION","ANTI-REGRESSION",""
"","10","METTALOGTESTCURRIED2.07","","Sun Dec 22 12:10:56 GMT 2024","passed","Sun Dec 22 12:10:56 GMT 2024","","ANTI-REGRESSION","ANTI-REGRESSION",""
"","3","FIRST-ANSWER.01","","Sun Dec 22 12:17:40 GMT 2024","passed","Sun Dec 22 12:17:40 GMT 2024","","HYPERON-METTALOG-SANITY","HYPERON-METTALOG-SANITY",""
"","3","B1-EQUAL-CHAIN.06","","Sun Dec 22 12:14:59 GMT 2024","passed","Sun Dec 22 12:14:59 GMT 2024","","HYPERON-EXPERIMENTAL-SCRIPTS","HYPERON-EXPERIMENTAL-SCRIPTS",""
"","2","C2-SPACES.02","","Sun Dec 22 12:14:59 GMT 2024","passed","Sun Dec 22 12:14:59 GMT 2024","","HYPERON-EXPERIMENTAL-SCRIPTS","HYPERON-EXPERIMENTAL-SCRIPTS",""
"","71","CONSOLE-OUTPUT-AND-DEBUGGING---METTA-LANGUAGE4.02","","Sun Dec 22 12:26:14 GMT 2024","passed","Sun Dec 22 12:26:14 GMT 2024","","METTA-LANG","METTA-LANG",""
"","7000","metta_lang.Metatypes___MeTTa_Language8","","Sun Dec 22 12:10:49 GMT 2024","passed","Sun Dec 22 12:10:56 GMT 2024","","WHOLE-TESTS","WHOLE-TESTS",""
"","3","RECURSION-AND-CONTROL---METTA-LANGUAGE9.04","","Sun Dec 22 12:26:14 GMT 2024","passed","Sun Dec 22 12:26:14 GMT 2024","","METTA-LANG","METTA-LANG",""
"","3","BASIC-GROUNDED-FUNCTIONS---METTA-LANGUAGE1.03","","Sun Dec 22 12:26:14 GMT 2024","passed","Sun Dec 22 12:26:14 GMT 2024","","METTA-LANG","METTA-LANG",""
"","1","WORKING-WITH-SPACES---METTA-LANGUAGE12.02","","Sun Dec 22 12:26:14 GMT 2024","passed","Sun Dec 22 12:26:14 GMT 2024","","METTA-LANG","METTA-LANG",""
"","2","D4-TYPE-PROP.19","","Sun Dec 22 12:14:59 GMT 2024","passed","Sun Dec 22 12:14:59 GMT 2024","","HYPERON-EXPERIMENTAL-SCRIPTS","HYPERON-EXPERIMENTAL-SCRIPTS",""
"","7000","anti-regression.bchain","","Sun Dec 22 12:10:49 GMT 2024","passed","Sun Dec 22 12:10:56 GMT 2024","","WHOLE-TESTS","WHOLE-TESTS",""
"","2","FUNCTIONS-AND-UNIFICATION---METTA-LANGUAGE2.05","","Sun Dec 22 12:26:14 GMT 2024","passed","Sun Dec 22 12:26:14 GMT 2024","","METTA-LANG","METTA-LANG",""
"","1","HANDLING-NONDETERMINISTIC-RESULTS---METTA-LANGUAGE5.04","","Sun Dec 22 12:26:14 GMT 2024","passed","Sun Dec 22 12:26:14 GMT 2024","","METTA-LANG","METTA-LANG",""
"","2","METTALOGTESTCURRIED2.03","","Sun Dec 22 12:10:56 GMT 2024","passed","Sun Dec 22 12:10:56 GMT 2024","","ANTI-REGRESSION","ANTI-REGRESSION",""
"","3","HYPERPOSE.02","","Sun Dec 22 12:23:09 GMT 2024","passed","Sun Dec 22 12:23:09 GMT 2024","","METTA-MORPH-TESTS","METTA-MORPH-TESTS",""
"","3","D2-HIGHERFUNC.05","","Sun Dec 22 12:14:59 GMT 2024","passed","Sun Dec 22 12:14:59 GMT 2024","","HYPERON-EXPERIMENTAL-SCRIPTS","HYPERON-EXPERIMENTAL-SCRIPTS",""
"","2","OR-TEST.04","","Sun Dec 22 12:17:40 GMT 2024","passed","Sun Dec 22 12:17:40 GMT 2024","","HYPERON-METTALOG-SANITY","HYPERON-METTALOG-SANITY",""
"","2","BASIC-EVALUATION---METTA-LANGUAGE2.01","","Sun Dec 22 12:26:14 GMT 2024","passed","Sun Dec 22 12:26:14 GMT 2024","","METTA-LANG","METTA-LANG",""
"","2","BASIC-GROUNDED-FUNCTIONS---METTA-LANGUAGE4.03","","Sun Dec 22 12:26:14 GMT 2024","passed","Sun Dec 22 12:26:14 GMT 2024","","METTA-LANG","METTA-LANG",""
"","2","IDENTITY.01","","Sun Dec 22 12:23:09 GMT 2024","passed","Sun Dec 22 12:23:09 GMT 2024","","METTA-MORPH-TESTS","METTA-MORPH-TESTS",""
"","2","BC-COMP.02","","Sun Dec 22 12:10:56 GMT 2024","passed","Sun Dec 22 12:10:56 GMT 2024","","ANTI-REGRESSION","ANTI-REGRESSION",""
"","1","SPACE-INTERSECTION-TESTS.11","","Sun Dec 22 12:17:40 GMT 2024","passed","Sun Dec 22 12:17:40 GMT 2024","","HYPERON-METTALOG-SANITY","HYPERON-METTALOG-SANITY",""
"","7000","metta-morph_tests.let_superpose_if_case","","Sun Dec 22 12:10:49 GMT 2024","passed","Sun Dec 22 12:10:56 GMT 2024","","WHOLE-TESTS","WHOLE-TESTS",""
"","3","CONTROL-FLOW---METTA-LANGUAGE12.01","","Sun Dec 22 12:26:14 GMT 2024","passed","Sun Dec 22 12:26:14 GMT 2024","","METTA-LANG","METTA-LANG",""
"","2","D2-HIGHERFUNC.06","","Sun Dec 22 12:14:59 GMT 2024","passed","Sun Dec 22 12:14:59 GMT 2024","","HYPERON-EXPERIMENTAL-SCRIPTS","HYPERON-EXPERIMENTAL-SCRIPTS",""
"","4","RECURSION-AND-CONTROL---METTA-LANGUAGE4.01","","Sun Dec 22 12:26:14 GMT 2024","passed","Sun Dec 22 12:26:14 GMT 2024","","METTA-LANG","METTA-LANG",""
"","7000","anti-regression.test_if_closed","","Sun Dec 22 12:10:49 GMT 2024","passed","Sun Dec 22 12:10:56 GMT 2024","","WHOLE-TESTS","WHOLE-TESTS",""
"","2","B5-TYPES-PRELIM.03","","Sun Dec 22 12:14:59 GMT 2024","passed","Sun Dec 22 12:14:59 GMT 2024","","HYPERON-EXPERIMENTAL-SCRIPTS","HYPERON-EXPERIMENTAL-SCRIPTS",""
"","2","C1-GROUNDED-BASIC.19","","Sun Dec 22 12:43:12 GMT 2024","passed","Sun Dec 22 12:43:12 GMT 2024","","QUICK","QUICK",""
"","1","STATES-SPACES.06","","Sun Dec 22 12:23:09 GMT 2024","passed","Sun Dec 22 12:23:09 GMT 2024","","METTA-MORPH-TESTS","METTA-MORPH-TESTS",""
"","7000","metta_lang.Basic_evaluation___MeTTa_Language13","","Sun Dec 22 12:10:49 GMT 2024","passed","Sun Dec 22 12:10:56 GMT 2024","","WHOLE-TESTS","WHOLE-TESTS",""
"","3","ADD-ATOM-MATCH.01","","Sun Dec 22 12:23:09 GMT 2024","passed","Sun Dec 22 12:23:09 GMT 2024","","METTA-MORPH-TESTS","METTA-MORPH-TESTS",""
"","2","FUNCTIONS-AND-UNIFICATION---METTA-LANGUAGE1.05","","Sun Dec 22 12:26:14 GMT 2024","passed","Sun Dec 22 12:26:14 GMT 2024","","METTA-LANG","METTA-LANG",""
"","3","FREE-VARIABLES-AND-NONDETERMINISM-AGAIN-RECURSIVELY---METTA-LANGUAGE5.02","","Sun Dec 22 12:26:14 GMT 2024","passed","Sun Dec 22 12:26:14 GMT 2024","","METTA-LANG","METTA-LANG",""
"","2","C1-GROUNDED-BASIC.21","","Sun Dec 22 12:14:59 GMT 2024","passed","Sun Dec 22 12:14:59 GMT 2024","","HYPERON-EXPERIMENTAL-SCRIPTS","HYPERON-EXPERIMENTAL-SCRIPTS",""
"","2","CONTROL-FLOW---METTA-LANGUAGE16.02","","Sun Dec 22 12:26:14 GMT 2024","passed","Sun Dec 22 12:26:14 GMT 2024","","METTA-LANG","METTA-LANG",""
"","4","TESTS0.05","","Sun Dec 22 12:23:09 GMT 2024","passed","Sun Dec 22 12:23:09 GMT 2024","","METTA-MORPH-TESTS","METTA-MORPH-TESTS",""
"","7000","metta-morph_tests.match_void","","Sun Dec 22 12:10:49 GMT 2024","passed","Sun Dec 22 12:10:56 GMT 2024","","WHOLE-TESTS","WHOLE-TESTS",""
"","2","LET-SUPERPOSE-LIST.02","","Sun Dec 22 12:23:09 GMT 2024","passed","Sun Dec 22 12:23:09 GMT 2024","","METTA-MORPH-TESTS","METTA-MORPH-TESTS",""
"","2","B0-CHAINING-PRELIM.05","","Sun Dec 22 12:14:59 GMT 2024","passed","Sun Dec 22 12:14:59 GMT 2024","","HYPERON-EXPERIMENTAL-SCRIPTS","HYPERON-EXPERIMENTAL-SCRIPTS",""
"","3","BASIC-EVALUATION---METTA-LANGUAGE2.02","","Sun Dec 22 12:26:14 GMT 2024","passed","Sun Dec 22 12:26:14 GMT 2024","","METTA-LANG","METTA-LANG",""
"","2","F1-IMPORTS.14","","Sun Dec 22 12:43:12 GMT 2024","passed","Sun Dec 22 12:43:12 GMT 2024","","QUICK","QUICK",""
"","3","SUPERPOSE-NESTED.01","","Sun Dec 22 12:23:09 GMT 2024","passed","Sun Dec 22 12:23:09 GMT 2024","","METTA-MORPH-TESTS","METTA-MORPH-TESTS",""
"","63","METATYPES---METTA-LANGUAGE6.02","","Sun Dec 22 12:26:14 GMT 2024","failed","Sun Dec 22 12:26:14 GMT 2024","","METTA-LANG","METTA-LANG",""
"","6000","metta_lang.Console_output_and_debugging___MeTTa_Language10","","Sun Dec 22 12:10:49 GMT 2024","passed","Sun Dec 22 12:10:55 GMT 2024","","WHOLE-TESTS","WHOLE-TESTS",""
"","14","D1-GADT.04","","Sun Dec 22 12:14:59 GMT 2024","passed","Sun Dec 22 12:14:59 GMT 2024","","HYPERON-EXPERIMENTAL-SCRIPTS","HYPERON-EXPERIMENTAL-SCRIPTS",""
"","105","SPACE-INTERSECTION-TESTS.10","","Sun Dec 22 12:17:40 GMT 2024","failed","Sun Dec 22 12:17:40 GMT 2024","","HYPERON-METTALOG-SANITY","HYPERON-METTALOG-SANITY",""
"","12","CONTROLLING-PATTERN-MATCHING---METTA-LANGUAGE6.01","","Sun Dec 22 12:26:14 GMT 2024","failed","Sun Dec 22 12:26:14 GMT 2024","","METTA-LANG","METTA-LANG",""
"","59","WORKING-WITH-SPACES---METTA-LANGUAGE2.04","","Sun Dec 22 12:26:14 GMT 2024","failed","Sun Dec 22 12:26:14 GMT 2024","","METTA-LANG","METTA-LANG",""
"","2","TEST-IF-CLOSED.05","","Sun Dec 22 12:10:56 GMT 2024","passed","Sun Dec 22 12:10:56 GMT 2024","","ANTI-REGRESSION","ANTI-REGRESSION",""
"","3","OPERATIONS-OVER-ATOMS---METTA-LANGUAGE8.01","","Sun Dec 22 12:26:14 GMT 2024","passed","Sun Dec 22 12:26:14 GMT 2024","","METTA-LANG","METTA-LANG",""
"","7000","metta_lang.Recursion_and_control___MeTTa_Language1","","Sun Dec 22 12:10:49 GMT 2024","passed","Sun Dec 22 12:10:56 GMT 2024","","WHOLE-TESTS","WHOLE-TESTS",""
"","3","BASIC-EVALUATION---METTA-LANGUAGE14.01","","Sun Dec 22 12:26:14 GMT 2024","passed","Sun Dec 22 12:26:14 GMT 2024","","METTA-LANG","METTA-LANG",""
"","2","SUBTRACTION-TEST.06","","Sun Dec 22 12:17:40 GMT 2024","passed","Sun Dec 22 12:17:40 GMT 2024","","HYPERON-METTALOG-SANITY","HYPERON-METTALOG-SANITY",""
"","2","FUNCTIONAL-PROGRAMMING-TESTS.03","","Sun Dec 22 12:17:40 GMT 2024","passed","Sun Dec 22 12:17:40 GMT 2024","","HYPERON-METTALOG-SANITY","HYPERON-METTALOG-SANITY",""
"","2","D1-GADT.08","","Sun Dec 22 12:43:12 GMT 2024","passed","Sun Dec 22 12:43:12 GMT 2024","","QUICK","QUICK",""
"","2","D2-HIGHERFUNC.11","","Sun Dec 22 12:14:59 GMT 2024","passed","Sun Dec 22 12:14:59 GMT 2024","","HYPERON-EXPERIMENTAL-SCRIPTS","HYPERON-EXPERIMENTAL-SCRIPTS",""
"","2","F1-MODULEA.02","","Sun Dec 22 12:14:59 GMT 2024","passed","Sun Dec 22 12:14:59 GMT 2024","","HYPERON-EXPERIMENTAL-SCRIPTS","HYPERON-EXPERIMENTAL-SCRIPTS",""
"","2","D3-DEPTYPES.05","","Sun Dec 22 12:14:59 GMT 2024","passed","Sun Dec 22 12:14:59 GMT 2024","","HYPERON-EXPERIMENTAL-SCRIPTS","HYPERON-EXPERIMENTAL-SCRIPTS",""
"","7000","hyperon-experimental_scripts.b2_backchain","","Sun Dec 22 12:10:49 GMT 2024","passed","Sun Dec 22 12:10:56 GMT 2024","","WHOLE-TESTS","WHOLE-TESTS",""
"","7000","metta_lang.Operations_over_atoms___MeTTa_Language7","","Sun Dec 22 12:10:49 GMT 2024","passed","Sun Dec 22 12:10:56 GMT 2024","","WHOLE-TESTS","WHOLE-TESTS",""
"","2","FUNCTIONS-AND-UNIFICATION---METTA-LANGUAGE2.02","","Sun Dec 22 12:26:14 GMT 2024","passed","Sun Dec 22 12:26:14 GMT 2024","","METTA-LANG","METTA-LANG",""
"","1","CONTROL-FLOW---METTA-LANGUAGE10.02","","Sun Dec 22 12:26:14 GMT 2024","passed","Sun Dec 22 12:26:14 GMT 2024","","METTA-LANG","METTA-LANG",""
"","7000","metta_lang.Controlling_pattern_matching___MeTTa_Language7","","Sun Dec 22 12:10:49 GMT 2024","passed","Sun Dec 22 12:10:56 GMT 2024","","WHOLE-TESTS","WHOLE-TESTS",""
"","7000","metta-morph_tests.states_spaces","","Sun Dec 22 12:10:49 GMT 2024","passed","Sun Dec 22 12:10:56 GMT 2024","","WHOLE-TESTS","WHOLE-TESTS",""
"","2","C2-SPACES.03","","Sun Dec 22 12:10:42 GMT 2024","passed","Sun Dec 22 12:10:42 GMT 2024","","MODULE-SYSTEM","MODULE-SYSTEM",""
"","12","CONCRETE-TYPES---METTA-LANGUAGE6.01","","Sun Dec 22 12:26:14 GMT 2024","failed","Sun Dec 22 12:26:14 GMT 2024","","METTA-LANG","METTA-LANG",""
"","7000","hyperon-mettalog_sanity.01_lang_inc","","Sun Dec 22 12:10:49 GMT 2024","passed","Sun Dec 22 12:10:56 GMT 2024","","WHOLE-TESTS","WHOLE-TESTS",""
"","2","CONTROLLING-PATTERN-MATCHING---METTA-LANGUAGE11.04","","Sun Dec 22 12:26:14 GMT 2024","passed","Sun Dec 22 12:26:14 GMT 2024","","METTA-LANG","METTA-LANG",""
"","2","D1-GADT.14","","Sun Dec 22 12:43:12 GMT 2024","passed","Sun Dec 22 12:43:12 GMT 2024","","QUICK","QUICK",""
"","3","CONTROLLING-PATTERN-MATCHING---METTA-LANGUAGE12.09","","Sun Dec 22 12:26:14 GMT 2024","passed","Sun Dec 22 12:26:14 GMT 2024","","METTA-LANG","METTA-LANG",""
"","7000","metta_lang.Basic_evaluation___MeTTa_Language11","","Sun Dec 22 12:10:49 GMT 2024","passed","Sun Dec 22 12:10:56 GMT 2024","","WHOLE-TESTS","WHOLE-TESTS",""
"","2","INTERSECTION-TESTS.09","","Sun Dec 22 12:17:40 GMT 2024","passed","Sun Dec 22 12:17:40 GMT 2024","","HYPERON-METTALOG-SANITY","HYPERON-METTALOG-SANITY",""
"","2","HANDLING-NONDETERMINISTIC-RESULTS---METTA-LANGUAGE8.10","","Sun Dec 22 12:26:14 GMT 2024","passed","Sun Dec 22 12:26:14 GMT 2024","","METTA-LANG","METTA-LANG",""
"","2","01-LANG-INC.02","","Sun Dec 22 12:17:40 GMT 2024","passed","Sun Dec 22 12:17:40 GMT 2024","","HYPERON-METTALOG-SANITY","HYPERON-METTALOG-SANITY",""
"","2","METATYPES---METTA-LANGUAGE1.12","","Sun Dec 22 12:26:14 GMT 2024","passed","Sun Dec 22 12:26:14 GMT 2024","","METTA-LANG","METTA-LANG",""
"","74","F1-IMPORTS.13","","Sun Dec 22 12:14:59 GMT 2024","failed","Sun Dec 22 12:14:59 GMT 2024","","HYPERON-EXPERIMENTAL-SCRIPTS","HYPERON-EXPERIMENTAL-SCRIPTS",""
"","7000","hyperon-mettalog_sanity.space_subtraction_tests","","Sun Dec 22 12:10:49 GMT 2024","passed","Sun Dec 22 12:10:56 GMT 2024","","WHOLE-TESTS","WHOLE-TESTS",""
"","3","OPERATIONS-OVER-ATOMS---METTA-LANGUAGE6.02","","Sun Dec 22 12:26:14 GMT 2024","passed","Sun Dec 22 12:26:14 GMT 2024","","METTA-LANG","METTA-LANG",""
"","3","FUNCTIONS-AND-UNIFICATION---METTA-LANGUAGE1.04","","Sun Dec 22 12:26:14 GMT 2024","passed","Sun Dec 22 12:26:14 GMT 2024","","METTA-LANG","METTA-LANG",""
"","2","FUNCTIONS-AND-UNIFICATION---METTA-LANGUAGE1.03","","Sun Dec 22 12:26:14 GMT 2024","passed","Sun Dec 22 12:26:14 GMT 2024","","METTA-LANG","METTA-LANG",""
"","6000","metta_lang.Controlling_pattern_matching___MeTTa_Language3","","Sun Dec 22 12:10:49 GMT 2024","passed","Sun Dec 22 12:10:55 GMT 2024","","WHOLE-TESTS","WHOLE-TESTS",""
"","2","D2-HIGHERFUNC.02","","Sun Dec 22 12:14:59 GMT 2024","passed","Sun Dec 22 12:14:59 GMT 2024","","HYPERON-EXPERIMENTAL-SCRIPTS","HYPERON-EXPERIMENTAL-SCRIPTS",""
"","1","03-SORING-VIA-INSERT.05","","Sun Dec 22 12:17:40 GMT 2024","passed","Sun Dec 22 12:17:40 GMT 2024","","HYPERON-METTALOG-SANITY","HYPERON-METTALOG-SANITY",""
"","2","RECURSION-AND-CONTROL---METTA-LANGUAGE2.02","","Sun Dec 22 12:26:14 GMT 2024","passed","Sun Dec 22 12:26:14 GMT 2024","","METTA-LANG","METTA-LANG",""
"","7000","metta_lang.Concrete_types___MeTTa_Language12","","Sun Dec 22 12:10:49 GMT 2024","passed","Sun Dec 22 12:10:56 GMT 2024","","WHOLE-TESTS","WHOLE-TESTS",""
"","104","WORKING-WITH-SPACES---METTA-LANGUAGE1.08","","Sun Dec 22 12:26:14 GMT 2024","failed","Sun Dec 22 12:26:14 GMT 2024","","METTA-LANG","METTA-LANG",""
"","3","OPERATIONS-OVER-ATOMS---METTA-LANGUAGE3.04","","Sun Dec 22 12:26:14 GMT 2024","passed","Sun Dec 22 12:26:14 GMT 2024","","METTA-LANG","METTA-LANG",""
"","7000","metta_lang.Console_output_and_debugging___MeTTa_Language2","","Sun Dec 22 12:10:49 GMT 2024","passed","Sun Dec 22 12:10:56 GMT 2024","","WHOLE-TESTS","WHOLE-TESTS",""
"","3","CONCRETE-TYPES---METTA-LANGUAGE1.01","","Sun Dec 22 12:26:14 GMT 2024","passed","Sun Dec 22 12:26:14 GMT 2024","","METTA-LANG","METTA-LANG",""
"","1","D2-HIGHERFUNC.06","","Sun Dec 22 12:43:12 GMT 2024","passed","Sun Dec 22 12:43:12 GMT 2024","","QUICK","QUICK",""
"","2","BCHAIN-COMP.03","","Sun Dec 22 12:10:56 GMT 2024","passed","Sun Dec 22 12:10:56 GMT 2024","","ANTI-REGRESSION","ANTI-REGRESSION",""
"","3","RECURSION-AND-CONTROL---METTA-LANGUAGE8.02","","Sun Dec 22 12:26:14 GMT 2024","passed","Sun Dec 22 12:26:14 GMT 2024","","METTA-LANG","METTA-LANG",""
"","653","TESTS0.07","","Sun Dec 22 12:23:09 GMT 2024","passed","Sun Dec 22 12:23:09 GMT 2024","","METTA-MORPH-TESTS","METTA-MORPH-TESTS",""
"","3","A1-SYMBOLS.04","","Sun Dec 22 12:14:59 GMT 2024","passed","Sun Dec 22 12:14:59 GMT 2024","","HYPERON-EXPERIMENTAL-SCRIPTS","HYPERON-EXPERIMENTAL-SCRIPTS",""
"","2","TYPES2.03","","Sun Dec 22 12:23:09 GMT 2024","passed","Sun Dec 22 12:23:09 GMT 2024","","METTA-MORPH-TESTS","METTA-MORPH-TESTS",""
"","3","D2-HIGHERFUNC.14","","Sun Dec 22 12:43:12 GMT 2024","passed","Sun Dec 22 12:43:12 GMT 2024","","QUICK","QUICK",""
"","2","WORKING-WITH-SPACES---METTA-LANGUAGE8.07","","Sun Dec 22 12:26:14 GMT 2024","passed","Sun Dec 22 12:26:14 GMT 2024","","METTA-LANG","METTA-LANG",""
"","2","INTERSECTION-TESTS.22","","Sun Dec 22 12:17:40 GMT 2024","passed","Sun Dec 22 12:17:40 GMT 2024","","HYPERON-METTALOG-SANITY","HYPERON-METTALOG-SANITY",""
"","7000","metta_lang.Operations_over_atoms___MeTTa_Language6","","Sun Dec 22 12:10:49 GMT 2024","passed","Sun Dec 22 12:10:56 GMT 2024","","WHOLE-TESTS","WHOLE-TESTS",""
"","1","D1-GADT.08","","Sun Dec 22 12:14:59 GMT 2024","passed","Sun Dec 22 12:14:59 GMT 2024","","HYPERON-EXPERIMENTAL-SCRIPTS","HYPERON-EXPERIMENTAL-SCRIPTS",""
"","72","D5-AUTO-TYPES.01","","Sun Dec 22 12:14:59 GMT 2024","failed","Sun Dec 22 12:14:59 GMT 2024","","HYPERON-EXPERIMENTAL-SCRIPTS","HYPERON-EXPERIMENTAL-SCRIPTS",""
"","2","STRING-TESTS.09","","Sun Dec 22 12:17:40 GMT 2024","passed","Sun Dec 22 12:17:40 GMT 2024","","HYPERON-METTALOG-SANITY","HYPERON-METTALOG-SANITY",""
"","85","OR-TEST.20","","Sun Dec 22 12:17:40 GMT 2024","failed","Sun Dec 22 12:17:40 GMT 2024","","HYPERON-METTALOG-SANITY","HYPERON-METTALOG-SANITY",""
"","2","F1-IMPORTS.13","","Sun Dec 22 12:10:42 GMT 2024","passed","Sun Dec 22 12:10:42 GMT 2024","","MODULE-SYSTEM","MODULE-SYSTEM",""
"","3","BASIC-EVALUATION---METTA-LANGUAGE15.01","","Sun Dec 22 12:26:14 GMT 2024","passed","Sun Dec 22 12:26:14 GMT 2024","","METTA-LANG","METTA-LANG",""
"","245","TIME-SYNTHESIZE-SHORT.01","","Sun Dec 22 12:20:45 GMT 2024","passed","Sun Dec 22 12:20:45 GMT 2024","","SYNTH-BUFFER","SYNTH-BUFFER",""
"","2","BASIC-EVALUATION---METTA-LANGUAGE6.03","","Sun Dec 22 12:26:14 GMT 2024","passed","Sun Dec 22 12:26:14 GMT 2024","","METTA-LANG","METTA-LANG",""
"","2","F1-MODULEA.09","","Sun Dec 22 12:43:12 GMT 2024","passed","Sun Dec 22 12:43:12 GMT 2024","","QUICK","QUICK",""
"","3","WORKING-WITH-SPACES---METTA-LANGUAGE2.02","","Sun Dec 22 12:26:14 GMT 2024","passed","Sun Dec 22 12:26:14 GMT 2024","","METTA-LANG","METTA-LANG",""
"","2","STRING-TESTS.10","","Sun Dec 22 12:17:40 GMT 2024","passed","Sun Dec 22 12:17:40 GMT 2024","","HYPERON-METTALOG-SANITY","HYPERON-METTALOG-SANITY",""
"","2","INTERSECTION-TESTS.10","","Sun Dec 22 12:17:40 GMT 2024","passed","Sun Dec 22 12:17:40 GMT 2024","","HYPERON-METTALOG-SANITY","HYPERON-METTALOG-SANITY",""
"","18000","metta-wam-issue-116.test_spo_116378","","Sun Dec 22 12:10:49 GMT 2024","passed","Sun Dec 22 12:11:07 GMT 2024","","WHOLE-TESTS","WHOLE-TESTS",""
"","2","CONTROL-FLOW---METTA-LANGUAGE8.01","","Sun Dec 22 12:26:14 GMT 2024","passed","Sun Dec 22 12:26:14 GMT 2024","","METTA-LANG","METTA-LANG",""
"","2","C1-GROUNDED-BASIC.02","","Sun Dec 22 12:43:12 GMT 2024","passed","Sun Dec 22 12:43:12 GMT 2024","","QUICK","QUICK",""
"","3","TYPES3.01","","Sun Dec 22 12:23:09 GMT 2024","passed","Sun Dec 22 12:23:09 GMT 2024","","METTA-MORPH-TESTS","METTA-MORPH-TESTS",""
"","2","SEQUENTIAL-NESTED.09","","Sun Dec 22 12:23:09 GMT 2024","passed","Sun Dec 22 12:23:09 GMT 2024","","METTA-MORPH-TESTS","METTA-MORPH-TESTS",""
"","2","BC-COMP.03","","Sun Dec 22 12:10:56 GMT 2024","passed","Sun Dec 22 12:10:56 GMT 2024","","ANTI-REGRESSION","ANTI-REGRESSION",""
"","3","FUNCTIONS-AND-UNIFICATION---METTA-LANGUAGE4.01","","Sun Dec 22 12:26:14 GMT 2024","passed","Sun Dec 22 12:26:14 GMT 2024","","METTA-LANG","METTA-LANG",""
"","6000","hyperon-mettalog_sanity.06_match_in_space","","Sun Dec 22 12:10:49 GMT 2024","passed","Sun Dec 22 12:10:55 GMT 2024","","WHOLE-TESTS","WHOLE-TESTS",""
"","13","WORKING-WITH-SPACES---METTA-LANGUAGE2.06","","Sun Dec 22 12:26:14 GMT 2024","failed","Sun Dec 22 12:26:14 GMT 2024","","METTA-LANG","METTA-LANG",""
"","3","00-LANG-CASE.13","","Sun Dec 22 12:17:40 GMT 2024","passed","Sun Dec 22 12:17:40 GMT 2024","","HYPERON-METTALOG-SANITY","HYPERON-METTALOG-SANITY",""
"","46","STRUCTURE-TESTS.01","","Sun Dec 22 12:17:40 GMT 2024","passed","Sun Dec 22 12:17:40 GMT 2024","","HYPERON-METTALOG-SANITY","HYPERON-METTALOG-SANITY",""
"","2","D2-HIGHERFUNC.23","","Sun Dec 22 12:14:59 GMT 2024","passed","Sun Dec 22 12:14:59 GMT 2024","","HYPERON-EXPERIMENTAL-SCRIPTS","HYPERON-EXPERIMENTAL-SCRIPTS",""
"","3","METATYPES---METTA-LANGUAGE2.01","","Sun Dec 22 12:26:14 GMT 2024","passed","Sun Dec 22 12:26:14 GMT 2024","","METTA-LANG","METTA-LANG",""
"","15","SPACE-INTERSECTION-TESTS.16","","Sun Dec 22 12:17:40 GMT 2024","failed","Sun Dec 22 12:17:40 GMT 2024","","HYPERON-METTALOG-SANITY","HYPERON-METTALOG-SANITY",""
"","2","XOR-TEST.09","","Sun Dec 22 12:17:40 GMT 2024","passed","Sun Dec 22 12:17:40 GMT 2024","","HYPERON-METTALOG-SANITY","HYPERON-METTALOG-SANITY",""
"","2","CONTROL-FLOW---METTA-LANGUAGE16.05","","Sun Dec 22 12:26:14 GMT 2024","passed","Sun Dec 22 12:26:14 GMT 2024","","METTA-LANG","METTA-LANG",""
"","13","CONSOLE-OUTPUT-AND-DEBUGGING---METTA-LANGUAGE1.01","","Sun Dec 22 12:26:14 GMT 2024","failed","Sun Dec 22 12:26:14 GMT 2024","","METTA-LANG","METTA-LANG",""
"","88","FUNCTIONAL-PROGRAMMING-TESTS.08","","Sun Dec 22 12:17:40 GMT 2024","failed","Sun Dec 22 12:17:40 GMT 2024","","HYPERON-METTALOG-SANITY","HYPERON-METTALOG-SANITY",""
"","3","A1-SYMBOLS.01","","Sun Dec 22 12:14:59 GMT 2024","passed","Sun Dec 22 12:14:59 GMT 2024","","HYPERON-EXPERIMENTAL-SCRIPTS","HYPERON-EXPERIMENTAL-SCRIPTS",""
"","2","RECURSION-AND-CONTROL---METTA-LANGUAGE4.02","","Sun Dec 22 12:26:14 GMT 2024","passed","Sun Dec 22 12:26:14 GMT 2024","","METTA-LANG","METTA-LANG",""
"","2","CONSOLE-OUTPUT-AND-DEBUGGING---METTA-LANGUAGE4.01","","Sun Dec 22 12:26:14 GMT 2024","passed","Sun Dec 22 12:26:14 GMT 2024","","METTA-LANG","METTA-LANG",""
"","3","SPACE-INTERSECTION-TESTS.01","","Sun Dec 22 12:17:40 GMT 2024","passed","Sun Dec 22 12:17:40 GMT 2024","","HYPERON-METTALOG-SANITY","HYPERON-METTALOG-SANITY",""
"","4","INTERSECTION-TESTS.26","","Sun Dec 22 12:17:40 GMT 2024","passed","Sun Dec 22 12:17:40 GMT 2024","","HYPERON-METTALOG-SANITY","HYPERON-METTALOG-SANITY",""
"","2","TEST-SPO-100.01","","Sun Dec 22 12:11:54 GMT 2024","passed","Sun Dec 22 12:11:54 GMT 2024","","METTA-WAM-ISSUE-116","METTA-WAM-ISSUE-116",""
"","2","XOR-TEST.11","","Sun Dec 22 12:17:40 GMT 2024","passed","Sun Dec 22 12:17:40 GMT 2024","","HYPERON-METTALOG-SANITY","HYPERON-METTALOG-SANITY",""
"","7000","hyperon-experimental_scripts.a2_opencoggy","","Sun Dec 22 12:10:49 GMT 2024","passed","Sun Dec 22 12:10:56 GMT 2024","","WHOLE-TESTS","WHOLE-TESTS",""
"","3","QUERYING-SPACE-CONTENT---METTA-LANGUAGE4.01","","Sun Dec 22 12:26:14 GMT 2024","passed","Sun Dec 22 12:26:14 GMT 2024","","METTA-LANG","METTA-LANG",""
"","5","SPACE-SUBTRACTION-TESTS.05","","Sun Dec 22 12:17:40 GMT 2024","passed","Sun Dec 22 12:17:40 GMT 2024","","HYPERON-METTALOG-SANITY","HYPERON-METTALOG-SANITY",""
"","2","CONTROL-FLOW---METTA-LANGUAGE9.01","","Sun Dec 22 12:26:14 GMT 2024","passed","Sun Dec 22 12:26:14 GMT 2024","","METTA-LANG","METTA-LANG",""
"","6000","metta_lang.Functions_and_unification___MeTTa_Language5","","Sun Dec 22 12:10:49 GMT 2024","passed","Sun Dec 22 12:10:55 GMT 2024","","WHOLE-TESTS","WHOLE-TESTS",""
"","6000","metta-morph_tests.letlet","","Sun Dec 22 12:10:49 GMT 2024","passed","Sun Dec 22 12:10:55 GMT 2024","","WHOLE-TESTS","WHOLE-TESTS",""
"","2","CONTROL-FLOW---METTA-LANGUAGE15.02","","Sun Dec 22 12:26:14 GMT 2024","passed","Sun Dec 22 12:26:14 GMT 2024","","METTA-LANG","METTA-LANG",""
"","6000","metta_lang.Working_with_spaces___MeTTa_Language6","","Sun Dec 22 12:10:49 GMT 2024","passed","Sun Dec 22 12:10:55 GMT 2024","","WHOLE-TESTS","WHOLE-TESTS",""
"","7000","hyperon-mettalog_sanity.00_lang_case","","Sun Dec 22 12:10:49 GMT 2024","passed","Sun Dec 22 12:10:56 GMT 2024","","WHOLE-TESTS","WHOLE-TESTS",""
"","2","D2-HIGHERFUNC.19","","Sun Dec 22 12:14:59 GMT 2024","passed","Sun Dec 22 12:14:59 GMT 2024","","HYPERON-EXPERIMENTAL-SCRIPTS","HYPERON-EXPERIMENTAL-SCRIPTS",""
"","2","RECURSIVE-AND-PARAMETRIC-TYPES---METTA-LANGUAGE2.04","","Sun Dec 22 12:26:14 GMT 2024","passed","Sun Dec 22 12:26:14 GMT 2024","","METTA-LANG","METTA-LANG",""
"","3","B1-EQUAL-CHAIN.03","","Sun Dec 22 12:14:59 GMT 2024","passed","Sun Dec 22 12:14:59 GMT 2024","","HYPERON-EXPERIMENTAL-SCRIPTS","HYPERON-EXPERIMENTAL-SCRIPTS",""
"","7000","metta-morph_tests.nested_parameters","","Sun Dec 22 12:10:49 GMT 2024","passed","Sun Dec 22 12:10:56 GMT 2024","","WHOLE-TESTS","WHOLE-TESTS",""
"","7000","metta_lang.Basic_evaluation___MeTTa_Language2","","Sun Dec 22 12:10:49 GMT 2024","passed","Sun Dec 22 12:10:56 GMT 2024","","WHOLE-TESTS","WHOLE-TESTS",""
"","4","F1-IMPORTS.02","","Sun Dec 22 12:14:59 GMT 2024","passed","Sun Dec 22 12:14:59 GMT 2024","","HYPERON-EXPERIMENTAL-SCRIPTS","HYPERON-EXPERIMENTAL-SCRIPTS",""
"","2","D2-HIGHERFUNC.17","","Sun Dec 22 12:14:59 GMT 2024","passed","Sun Dec 22 12:14:59 GMT 2024","","HYPERON-EXPERIMENTAL-SCRIPTS","HYPERON-EXPERIMENTAL-SCRIPTS",""
"","7000","metta_lang.Operations_over_atoms___MeTTa_Language1","","Sun Dec 22 12:10:49 GMT 2024","passed","Sun Dec 22 12:10:56 GMT 2024","","WHOLE-TESTS","WHOLE-TESTS",""
"","2","WORKING-WITH-SPACES---METTA-LANGUAGE1.04","","Sun Dec 22 12:26:14 GMT 2024","passed","Sun Dec 22 12:26:14 GMT 2024","","METTA-LANG","METTA-LANG",""
"","3","METATYPES---METTA-LANGUAGE1.01","","Sun Dec 22 12:26:14 GMT 2024","passed","Sun Dec 22 12:26:14 GMT 2024","","METTA-LANG","METTA-LANG",""
"","2","CONTROLLING-PATTERN-MATCHING---METTA-LANGUAGE12.06","","Sun Dec 22 12:26:14 GMT 2024","passed","Sun Dec 22 12:26:14 GMT 2024","","METTA-LANG","METTA-LANG",""
"","2","BCHAIN.06","","Sun Dec 22 12:10:56 GMT 2024","passed","Sun Dec 22 12:10:56 GMT 2024","","ANTI-REGRESSION","ANTI-REGRESSION",""
"","2","RECURSIVE-AND-PARAMETRIC-TYPES---METTA-LANGUAGE7.03","","Sun Dec 22 12:26:14 GMT 2024","passed","Sun Dec 22 12:26:14 GMT 2024","","METTA-LANG","METTA-LANG",""
"","2","STRING-TESTS.19","","Sun Dec 22 12:17:40 GMT 2024","passed","Sun Dec 22 12:17:40 GMT 2024","","HYPERON-METTALOG-SANITY","HYPERON-METTALOG-SANITY",""
"","6000","metta-morph_tests.match_feval","","Sun Dec 22 12:10:49 GMT 2024","passed","Sun Dec 22 12:10:55 GMT 2024","","WHOLE-TESTS","WHOLE-TESTS",""
"","2","FUNCTIONAL-PROGRAMMING-TESTS.05","","Sun Dec 22 12:17:40 GMT 2024","passed","Sun Dec 22 12:17:40 GMT 2024","","HYPERON-METTALOG-SANITY","HYPERON-METTALOG-SANITY",""
"","2","BASIC-EVALUATION---METTA-LANGUAGE10.02","","Sun Dec 22 12:26:14 GMT 2024","passed","Sun Dec 22 12:26:14 GMT 2024","","METTA-LANG","METTA-LANG",""
"","2","WORKING-WITH-SPACES---METTA-LANGUAGE9.02","","Sun Dec 22 12:26:14 GMT 2024","passed","Sun Dec 22 12:26:14 GMT 2024","","METTA-LANG","METTA-LANG",""
"","7000","metta_lang.Control_flow___MeTTa_Language15","","Sun Dec 22 12:10:49 GMT 2024","passed","Sun Dec 22 12:10:56 GMT 2024","","WHOLE-TESTS","WHOLE-TESTS",""
"","3","WORKING-WITH-SPACES---METTA-LANGUAGE12.06","","Sun Dec 22 12:26:14 GMT 2024","passed","Sun Dec 22 12:26:14 GMT 2024","","METTA-LANG","METTA-LANG",""
"","103","CONCRETE-TYPES---METTA-LANGUAGE13.03","","Sun Dec 22 12:26:14 GMT 2024","failed","Sun Dec 22 12:26:14 GMT 2024","","METTA-LANG","METTA-LANG",""
"","2","00-LANG-CASE.10","","Sun Dec 22 12:17:40 GMT 2024","passed","Sun Dec 22 12:17:40 GMT 2024","","HYPERON-METTALOG-SANITY","HYPERON-METTALOG-SANITY",""
"","6000","metta_lang.Basic_evaluation___MeTTa_Language1","","Sun Dec 22 12:10:49 GMT 2024","passed","Sun Dec 22 12:10:55 GMT 2024","","WHOLE-TESTS","WHOLE-TESTS",""
"","2","HANDLING-NONDETERMINISTIC-RESULTS---METTA-LANGUAGE6.02","","Sun Dec 22 12:26:14 GMT 2024","passed","Sun Dec 22 12:26:14 GMT 2024","","METTA-LANG","METTA-LANG",""
"","7000","anti-regression.comma_is_not_special","","Sun Dec 22 12:10:49 GMT 2024","passed","Sun Dec 22 12:10:56 GMT 2024","","WHOLE-TESTS","WHOLE-TESTS",""
"","2","BASIC-EVALUATION---METTA-LANGUAGE14.02","","Sun Dec 22 12:26:14 GMT 2024","passed","Sun Dec 22 12:26:14 GMT 2024","","METTA-LANG","METTA-LANG",""
"","2","00-LANG-CASE.08","","Sun Dec 22 12:17:40 GMT 2024","passed","Sun Dec 22 12:17:40 GMT 2024","","HYPERON-METTALOG-SANITY","HYPERON-METTALOG-SANITY",""
"","11","CONCRETE-TYPES---METTA-LANGUAGE5.04","","Sun Dec 22 12:26:14 GMT 2024","failed","Sun Dec 22 12:26:14 GMT 2024","","METTA-LANG","METTA-LANG",""
"","7000","hyperon-mettalog_sanity.or_test","","Sun Dec 22 12:10:49 GMT 2024","passed","Sun Dec 22 12:10:56 GMT 2024","","WHOLE-TESTS","WHOLE-TESTS",""
"","7000","metta_lang.Concrete_types___MeTTa_Language14","","Sun Dec 22 12:10:49 GMT 2024","passed","Sun Dec 22 12:10:56 GMT 2024","","WHOLE-TESTS","WHOLE-TESTS",""
"","12","CONCRETE-TYPES---METTA-LANGUAGE6.02","","Sun Dec 22 12:26:14 GMT 2024","failed","Sun Dec 22 12:26:14 GMT 2024","","METTA-LANG","METTA-LANG",""
"","2","F1-IMPORTS.09","","Sun Dec 22 12:10:42 GMT 2024","passed","Sun Dec 22 12:10:42 GMT 2024","","MODULE-SYSTEM","MODULE-SYSTEM",""
"","2","C1-GROUNDED-BASIC.22","","Sun Dec 22 12:43:12 GMT 2024","passed","Sun Dec 22 12:43:12 GMT 2024","","QUICK","QUICK",""
"","2","RECURSION-AND-CONTROL---METTA-LANGUAGE5.02","","Sun Dec 22 12:26:14 GMT 2024","passed","Sun Dec 22 12:26:14 GMT 2024","","METTA-LANG","METTA-LANG",""
"","15","CONTROL-FLOW---METTA-LANGUAGE14.02","","Sun Dec 22 12:26:14 GMT 2024","failed","Sun Dec 22 12:26:14 GMT 2024","","METTA-LANG","METTA-LANG",""
"","2","D1-GADT.10","","Sun Dec 22 12:14:59 GMT 2024","passed","Sun Dec 22 12:14:59 GMT 2024","","HYPERON-EXPERIMENTAL-SCRIPTS","HYPERON-EXPERIMENTAL-SCRIPTS",""
"","1","D2-HIGHERFUNC.04","","Sun Dec 22 12:43:12 GMT 2024","passed","Sun Dec 22 12:43:12 GMT 2024","","QUICK","QUICK",""
"","3","D2-HIGHERFUNC.27","","Sun Dec 22 12:43:12 GMT 2024","passed","Sun Dec 22 12:43:12 GMT 2024","","QUICK","QUICK",""
"","2","F1-MODULEA.04","","Sun Dec 22 12:14:59 GMT 2024","passed","Sun Dec 22 12:14:59 GMT 2024","","HYPERON-EXPERIMENTAL-SCRIPTS","HYPERON-EXPERIMENTAL-SCRIPTS",""
"","3","METATYPES---METTA-LANGUAGE8.03","","Sun Dec 22 12:26:14 GMT 2024","passed","Sun Dec 22 12:26:14 GMT 2024","","METTA-LANG","METTA-LANG",""
"","46","G1-DOCS.03","","Sun Dec 22 12:14:59 GMT 2024","failed","Sun Dec 22 12:14:59 GMT 2024","","HYPERON-EXPERIMENTAL-SCRIPTS","HYPERON-EXPERIMENTAL-SCRIPTS",""
"","2","OR-TEST.08","","Sun Dec 22 12:17:40 GMT 2024","passed","Sun Dec 22 12:17:40 GMT 2024","","HYPERON-METTALOG-SANITY","HYPERON-METTALOG-SANITY",""
"","35","E3-MATCH-STATES.03","","Sun Dec 22 12:14:59 GMT 2024","failed","Sun Dec 22 12:14:59 GMT 2024","","HYPERON-EXPERIMENTAL-SCRIPTS","HYPERON-EXPERIMENTAL-SCRIPTS",""
"","113","SPACE-INTERSECTION-TESTS.09","","Sun Dec 22 12:17:40 GMT 2024","failed","Sun Dec 22 12:17:40 GMT 2024","","HYPERON-METTALOG-SANITY","HYPERON-METTALOG-SANITY",""
"","2","SPACE-SUBTRACTION-TESTS.06","","Sun Dec 22 12:17:40 GMT 2024","passed","Sun Dec 22 12:17:40 GMT 2024","","HYPERON-METTALOG-SANITY","HYPERON-METTALOG-SANITY",""
"","3","METATYPES---METTA-LANGUAGE7.01","","Sun Dec 22 12:26:14 GMT 2024","passed","Sun Dec 22 12:26:14 GMT 2024","","METTA-LANG","METTA-LANG",""
"","1","B0-CHAINING-PRELIM.03","","Sun Dec 22 12:14:59 GMT 2024","passed","Sun Dec 22 12:14:59 GMT 2024","","HYPERON-EXPERIMENTAL-SCRIPTS","HYPERON-EXPERIMENTAL-SCRIPTS",""
"","2","CATCH-THROW-TESTS.09","","Sun Dec 22 12:17:40 GMT 2024","passed","Sun Dec 22 12:17:40 GMT 2024","","HYPERON-METTALOG-SANITY","HYPERON-METTALOG-SANITY",""
"","2","RECURSION-AND-CONTROL---METTA-LANGUAGE9.03","","Sun Dec 22 12:26:14 GMT 2024","passed","Sun Dec 22 12:26:14 GMT 2024","","METTA-LANG","METTA-LANG",""
"","3","CONTROLLING-PATTERN-MATCHING---METTA-LANGUAGE12.14","","Sun Dec 22 12:26:14 GMT 2024","passed","Sun Dec 22 12:26:14 GMT 2024","","METTA-LANG","METTA-LANG",""
"","2","B1-EQUAL-CHAIN.05","","Sun Dec 22 12:14:59 GMT 2024","passed","Sun Dec 22 12:14:59 GMT 2024","","HYPERON-EXPERIMENTAL-SCRIPTS","HYPERON-EXPERIMENTAL-SCRIPTS",""
"","2","BASIC-GROUNDED-FUNCTIONS---METTA-LANGUAGE8.03","","Sun Dec 22 12:26:14 GMT 2024","passed","Sun Dec 22 12:26:14 GMT 2024","","METTA-LANG","METTA-LANG",""
"","2","FUNCTIONS-AND-UNIFICATION---METTA-LANGUAGE7.04","","Sun Dec 22 12:26:14 GMT 2024","passed","Sun Dec 22 12:26:14 GMT 2024","","METTA-LANG","METTA-LANG",""
"","2","BASIC-GROUNDED-FUNCTIONS---METTA-LANGUAGE2.02","","Sun Dec 22 12:26:14 GMT 2024","passed","Sun Dec 22 12:26:14 GMT 2024","","METTA-LANG","METTA-LANG",""
"","2","CONCRETE-TYPES---METTA-LANGUAGE5.01","","Sun Dec 22 12:26:14 GMT 2024","passed","Sun Dec 22 12:26:14 GMT 2024","","METTA-LANG","METTA-LANG",""
"","2","BASIC-GROUNDED-FUNCTIONS---METTA-LANGUAGE5.02","","Sun Dec 22 12:26:14 GMT 2024","passed","Sun Dec 22 12:26:14 GMT 2024","","METTA-LANG","METTA-LANG",""
"","12","00-LANG-CASE.11","","Sun Dec 22 12:17:40 GMT 2024","passed","Sun Dec 22 12:17:40 GMT 2024","","HYPERON-METTALOG-SANITY","HYPERON-METTALOG-SANITY",""
"","1","B4-NONDETERM.02","","Sun Dec 22 12:14:59 GMT 2024","passed","Sun Dec 22 12:14:59 GMT 2024","","HYPERON-EXPERIMENTAL-SCRIPTS","HYPERON-EXPERIMENTAL-SCRIPTS",""
"","3","CONTROL-FLOW---METTA-LANGUAGE3.01","","Sun Dec 22 12:26:14 GMT 2024","passed","Sun Dec 22 12:26:14 GMT 2024","","METTA-LANG","METTA-LANG",""
"","3","RECURSIVE-AND-PARAMETRIC-TYPES---METTA-LANGUAGE3.01","","Sun Dec 22 12:26:14 GMT 2024","passed","Sun Dec 22 12:26:14 GMT 2024","","METTA-LANG","METTA-LANG",""
"","3","HANDLING-NONDETERMINISTIC-RESULTS---METTA-LANGUAGE2.01","","Sun Dec 22 12:26:14 GMT 2024","passed","Sun Dec 22 12:26:14 GMT 2024","","METTA-LANG","METTA-LANG",""
"","3","CONCRETE-TYPES---METTA-LANGUAGE12.01","","Sun Dec 22 12:26:14 GMT 2024","passed","Sun Dec 22 12:26:14 GMT 2024","","METTA-LANG","METTA-LANG",""
"","2","CONTROL-FLOW---METTA-LANGUAGE16.06","","Sun Dec 22 12:26:14 GMT 2024","passed","Sun Dec 22 12:26:14 GMT 2024","","METTA-LANG","METTA-LANG",""
"","6000","metta_lang.Recursive_and_parametric_types___MeTTa_Language7","","Sun Dec 22 12:10:49 GMT 2024","passed","Sun Dec 22 12:10:55 GMT 2024","","WHOLE-TESTS","WHOLE-TESTS",""
"","7000","module-system.f1_imports","","Sun Dec 22 12:10:49 GMT 2024","passed","Sun Dec 22 12:10:56 GMT 2024","","WHOLE-TESTS","WHOLE-TESTS",""
"","3","BASIC-GROUNDED-FUNCTIONS---METTA-LANGUAGE7.01","","Sun Dec 22 12:26:14 GMT 2024","passed","Sun Dec 22 12:26:14 GMT 2024","","METTA-LANG","METTA-LANG",""
"","103","SPACE-INTERSECTION-TESTS.17","","Sun Dec 22 12:17:40 GMT 2024","failed","Sun Dec 22 12:17:40 GMT 2024","","HYPERON-METTALOG-SANITY","HYPERON-METTALOG-SANITY",""
"","3","CATCH-THROW-TESTS.10","","Sun Dec 22 12:17:40 GMT 2024","passed","Sun Dec 22 12:17:40 GMT 2024","","HYPERON-METTALOG-SANITY","HYPERON-METTALOG-SANITY",""
"","59","F1-IMPORTS.17","","Sun Dec 22 12:10:42 GMT 2024","passed","Sun Dec 22 12:10:42 GMT 2024","","MODULE-SYSTEM","MODULE-SYSTEM",""
"","3","NESTED-QUERIES-AND-RECURSIVE-GRAPH-TRAVERSAL---METTA-LANGUAGE2.02","","Sun Dec 22 12:26:14 GMT 2024","passed","Sun Dec 22 12:26:14 GMT 2024","","METTA-LANG","METTA-LANG",""
"","3","NESTED-QUERIES-AND-RECURSIVE-GRAPH-TRAVERSAL---METTA-LANGUAGE3.01","","Sun Dec 22 12:26:14 GMT 2024","passed","Sun Dec 22 12:26:14 GMT 2024","","METTA-LANG","METTA-LANG",""
"","2","SUBTRACTION-TEST.04","","Sun Dec 22 12:17:40 GMT 2024","passed","Sun Dec 22 12:17:40 GMT 2024","","HYPERON-METTALOG-SANITY","HYPERON-METTALOG-SANITY",""
"","2","RECURSION-AND-CONTROL---METTA-LANGUAGE6.03","","Sun Dec 22 12:26:14 GMT 2024","passed","Sun Dec 22 12:26:14 GMT 2024","","METTA-LANG","METTA-LANG",""
"","7000","hyperon-experimental_scripts.c2_spaces","","Sun Dec 22 12:10:49 GMT 2024","passed","Sun Dec 22 12:10:56 GMT 2024","","WHOLE-TESTS","WHOLE-TESTS",""
"","7000","metta-morph_tests.types2","","Sun Dec 22 12:10:49 GMT 2024","passed","Sun Dec 22 12:10:56 GMT 2024","","WHOLE-TESTS","WHOLE-TESTS",""
