"DESCRIPTION","DURATION IN MS","NAME","PARENT SUITE","START TIME","STATUS","STOP TIME","SUB SUITE","SUITE","TEST CLASS","TEST METHOD"
"","7000","hyperon-experimental_scripts.c1_grounded_basic","","Wed Nov 06 17:13:59 GMT 2024","passed","Wed Nov 06 17:14:06 GMT 2024","","WHOLE-TESTS","WHOLE-TESTS",""
"","3","BASIC-EVALUATION---METTA-LANGUAGE12.01","","Wed Nov 06 17:28:45 GMT 2024","passed","Wed Nov 06 17:28:45 GMT 2024","","METTA-LANG","METTA-LANG",""
"","2","OPERATIONS-OVER-ATOMS---METTA-LANGUAGE1.03","","Wed Nov 06 17:28:45 GMT 2024","passed","Wed Nov 06 17:28:45 GMT 2024","","METTA-LANG","METTA-LANG",""
"","2","MATCH-VOID.10","","Wed Nov 06 17:25:50 GMT 2024","passed","Wed Nov 06 17:25:50 GMT 2024","","METTA-MORPH-TESTS","METTA-MORPH-TESTS",""
"","3","RECURSIVE-AND-PARAMETRIC-TYPES---METTA-LANGUAGE7.01","","Wed Nov 06 17:28:45 GMT 2024","passed","Wed Nov 06 17:28:45 GMT 2024","","METTA-LANG","METTA-LANG",""
"","2","F1-IMPORTS.12","","Wed Nov 06 17:13:52 GMT 2024","passed","Wed Nov 06 17:13:52 GMT 2024","","MODULE-SYSTEM","MODULE-SYSTEM",""
"","3","00-LANG-CASE.16","","Wed Nov 06 17:20:33 GMT 2024","passed","Wed Nov 06 17:20:33 GMT 2024","","HYPERON-METTALOG-SANITY","HYPERON-METTALOG-SANITY",""
"","78","B4-NONDETERM.03","","Wed Nov 06 17:18:04 GMT 2024","passed","Wed Nov 06 17:18:04 GMT 2024","","HYPERON-EXPERIMENTAL-SCRIPTS","HYPERON-EXPERIMENTAL-SCRIPTS",""
"","2","INTERSECTION-TESTS.25","","Wed Nov 06 17:20:33 GMT 2024","passed","Wed Nov 06 17:20:33 GMT 2024","","HYPERON-METTALOG-SANITY","HYPERON-METTALOG-SANITY",""
"","2","FUNCTIONS-AND-UNIFICATION---METTA-LANGUAGE1.04","","Wed Nov 06 17:28:45 GMT 2024","passed","Wed Nov 06 17:28:45 GMT 2024","","METTA-LANG","METTA-LANG",""
"","4","METATYPES---METTA-LANGUAGE7.01","","Wed Nov 06 17:28:45 GMT 2024","passed","Wed Nov 06 17:28:45 GMT 2024","","METTA-LANG","METTA-LANG",""
"","3","INTERSECTION-TESTS.01","","Wed Nov 06 17:20:33 GMT 2024","passed","Wed Nov 06 17:20:33 GMT 2024","","HYPERON-METTALOG-SANITY","HYPERON-METTALOG-SANITY",""
"","1","D4-TYPE-PROP.07","","Wed Nov 06 17:44:50 GMT 2024","passed","Wed Nov 06 17:44:50 GMT 2024","","QUICK","QUICK",""
"","2","HANDLING-NONDETERMINISTIC-RESULTS---METTA-LANGUAGE8.03","","Wed Nov 06 17:28:45 GMT 2024","passed","Wed Nov 06 17:28:45 GMT 2024","","METTA-LANG","METTA-LANG",""
"","3","FREE-VARIABLES-AND-NONDETERMINISM-AGAIN,-RECURSIVELY---METTA-LANGUAGE4.01","","Wed Nov 06 17:28:45 GMT 2024","passed","Wed Nov 06 17:28:45 GMT 2024","","METTA-LANG","METTA-LANG",""
"","2","06-MATCH-IN-SPACE.05","","Wed Nov 06 17:20:33 GMT 2024","passed","Wed Nov 06 17:20:33 GMT 2024","","HYPERON-METTALOG-SANITY","HYPERON-METTALOG-SANITY",""
"","2","D4-TYPE-PROP.06","","Wed Nov 06 17:18:04 GMT 2024","passed","Wed Nov 06 17:18:04 GMT 2024","","HYPERON-EXPERIMENTAL-SCRIPTS","HYPERON-EXPERIMENTAL-SCRIPTS",""
"","7000","module-system.f1_moduleA","","Wed Nov 06 17:13:59 GMT 2024","passed","Wed Nov 06 17:14:06 GMT 2024","","WHOLE-TESTS","WHOLE-TESTS",""
"","2","METTALOGTESTCURRIED2.05","","Wed Nov 06 17:14:06 GMT 2024","passed","Wed Nov 06 17:14:06 GMT 2024","","ANTI-REGRESSION","ANTI-REGRESSION",""
"","6000","hyperon-mettalog_sanity.base_test_repr_parse_intersection","","Wed Nov 06 17:13:59 GMT 2024","passed","Wed Nov 06 17:14:05 GMT 2024","","WHOLE-TESTS","WHOLE-TESTS",""
"","2","FUNCTIONS-AND-UNIFICATION---METTA-LANGUAGE7.05","","Wed Nov 06 17:28:45 GMT 2024","passed","Wed Nov 06 17:28:45 GMT 2024","","METTA-LANG","METTA-LANG",""
"","7000","metta_lang.Handling_nondeterministic_results___MeTTa_Language5","","Wed Nov 06 17:13:59 GMT 2024","passed","Wed Nov 06 17:14:06 GMT 2024","","WHOLE-TESTS","WHOLE-TESTS",""
"","1","HYPERPOSE.03","","Wed Nov 06 17:25:50 GMT 2024","passed","Wed Nov 06 17:25:50 GMT 2024","","METTA-MORPH-TESTS","METTA-MORPH-TESTS",""
"","2","NESTED-QUERIES-AND-RECURSIVE-GRAPH-TRAVERSAL---METTA-LANGUAGE2.02","","Wed Nov 06 17:28:45 GMT 2024","passed","Wed Nov 06 17:28:45 GMT 2024","","METTA-LANG","METTA-LANG",""
"","3","BASIC-EVALUATION---METTA-LANGUAGE6.02","","Wed Nov 06 17:28:45 GMT 2024","passed","Wed Nov 06 17:28:45 GMT 2024","","METTA-LANG","METTA-LANG",""
"","3","F1-MODULEA.01","","Wed Nov 06 17:18:04 GMT 2024","passed","Wed Nov 06 17:18:04 GMT 2024","","HYPERON-EXPERIMENTAL-SCRIPTS","HYPERON-EXPERIMENTAL-SCRIPTS",""
"","3","BASIC-EVALUATION---METTA-LANGUAGE8.01","","Wed Nov 06 17:28:45 GMT 2024","passed","Wed Nov 06 17:28:45 GMT 2024","","METTA-LANG","METTA-LANG",""
"","3","BASIC-EVALUATION---METTA-LANGUAGE14.03","","Wed Nov 06 17:28:45 GMT 2024","passed","Wed Nov 06 17:28:45 GMT 2024","","METTA-LANG","METTA-LANG",""
"","2","RECURSION-AND-CONTROL---METTA-LANGUAGE9.02","","Wed Nov 06 17:28:45 GMT 2024","passed","Wed Nov 06 17:28:45 GMT 2024","","METTA-LANG","METTA-LANG",""
"","3","WORKING-WITH-SPACES---METTA-LANGUAGE10.01","","Wed Nov 06 17:28:45 GMT 2024","passed","Wed Nov 06 17:28:45 GMT 2024","","METTA-LANG","METTA-LANG",""
"","2","D4-TYPE-PROP.02","","Wed Nov 06 17:18:04 GMT 2024","passed","Wed Nov 06 17:18:04 GMT 2024","","HYPERON-EXPERIMENTAL-SCRIPTS","HYPERON-EXPERIMENTAL-SCRIPTS",""
"","3","D2-HIGHERFUNC.23","","Wed Nov 06 17:18:04 GMT 2024","passed","Wed Nov 06 17:18:04 GMT 2024","","HYPERON-EXPERIMENTAL-SCRIPTS","HYPERON-EXPERIMENTAL-SCRIPTS",""
"","7000","metta_lang.Operations_over_atoms___MeTTa_Language6","","Wed Nov 06 17:13:59 GMT 2024","passed","Wed Nov 06 17:14:06 GMT 2024","","WHOLE-TESTS","WHOLE-TESTS",""
"","45000","synth_buffer.time_synthesize","","Wed Nov 06 17:13:59 GMT 2024","failed","Wed Nov 06 17:14:44 GMT 2024","","WHOLE-TESTS","WHOLE-TESTS",""
"","3","METATYPES---METTA-LANGUAGE2.01","","Wed Nov 06 17:28:45 GMT 2024","passed","Wed Nov 06 17:28:45 GMT 2024","","METTA-LANG","METTA-LANG",""
"","1","BASIC-GROUNDED-FUNCTIONS---METTA-LANGUAGE8.03","","Wed Nov 06 17:28:45 GMT 2024","passed","Wed Nov 06 17:28:45 GMT 2024","","METTA-LANG","METTA-LANG",""
"","3","BCHAIN-COMP.01","","Wed Nov 06 17:14:06 GMT 2024","passed","Wed Nov 06 17:14:06 GMT 2024","","ANTI-REGRESSION","ANTI-REGRESSION",""
"","5","TIME-SYNTHESIZE-SHORT.03","","Wed Nov 06 17:23:31 GMT 2024","passed","Wed Nov 06 17:23:31 GMT 2024","","SYNTH-BUFFER","SYNTH-BUFFER",""
"","1","METATYPES---METTA-LANGUAGE1.12","","Wed Nov 06 17:28:45 GMT 2024","passed","Wed Nov 06 17:28:45 GMT 2024","","METTA-LANG","METTA-LANG",""
"","2","CONTROL-FLOW---METTA-LANGUAGE16.08","","Wed Nov 06 17:28:45 GMT 2024","passed","Wed Nov 06 17:28:45 GMT 2024","","METTA-LANG","METTA-LANG",""
"","2","C1-GROUNDED-BASIC.18","","Wed Nov 06 17:18:04 GMT 2024","passed","Wed Nov 06 17:18:04 GMT 2024","","HYPERON-EXPERIMENTAL-SCRIPTS","HYPERON-EXPERIMENTAL-SCRIPTS",""
"","2","C1-GROUNDED-BASIC.10","","Wed Nov 06 17:44:50 GMT 2024","passed","Wed Nov 06 17:44:50 GMT 2024","","QUICK","QUICK",""
"","2","B3-DIRECT.02","","Wed Nov 06 17:18:04 GMT 2024","passed","Wed Nov 06 17:18:04 GMT 2024","","HYPERON-EXPERIMENTAL-SCRIPTS","HYPERON-EXPERIMENTAL-SCRIPTS",""
"","2","CONTROLLING-PATTERN-MATCHING---METTA-LANGUAGE11.05","","Wed Nov 06 17:28:45 GMT 2024","passed","Wed Nov 06 17:28:45 GMT 2024","","METTA-LANG","METTA-LANG",""
"","6000","metta_lang.Controlling_pattern_matching___MeTTa_Language4","","Wed Nov 06 17:13:59 GMT 2024","passed","Wed Nov 06 17:14:05 GMT 2024","","WHOLE-TESTS","WHOLE-TESTS",""
"","2","C1-GROUNDED-BASIC.11","","Wed Nov 06 17:18:04 GMT 2024","passed","Wed Nov 06 17:18:04 GMT 2024","","HYPERON-EXPERIMENTAL-SCRIPTS","HYPERON-EXPERIMENTAL-SCRIPTS",""
"","2","HYPERPOSE.07","","Wed Nov 06 17:25:50 GMT 2024","passed","Wed Nov 06 17:25:50 GMT 2024","","METTA-MORPH-TESTS","METTA-MORPH-TESTS",""
"","2","TMPMATCH2.02","","Wed Nov 06 17:14:06 GMT 2024","passed","Wed Nov 06 17:14:06 GMT 2024","","ANTI-REGRESSION","ANTI-REGRESSION",""
"","6000","metta_lang.Basic_grounded_functions___MeTTa_Language6","","Wed Nov 06 17:13:59 GMT 2024","passed","Wed Nov 06 17:14:05 GMT 2024","","WHOLE-TESTS","WHOLE-TESTS",""
"","2","C1-GROUNDED-BASIC.05","","Wed Nov 06 17:44:50 GMT 2024","passed","Wed Nov 06 17:44:50 GMT 2024","","QUICK","QUICK",""
"","2","TEST-SPO-1000.01","","Wed Nov 06 17:15:01 GMT 2024","passed","Wed Nov 06 17:15:01 GMT 2024","","METTA-WAM-ISSUE-116","METTA-WAM-ISSUE-116",""
"","3","SUBTRACTION-TEST.03","","Wed Nov 06 17:20:33 GMT 2024","passed","Wed Nov 06 17:20:33 GMT 2024","","HYPERON-METTALOG-SANITY","HYPERON-METTALOG-SANITY",""
"","2","B5-TYPES-PRELIM.05","","Wed Nov 06 17:18:04 GMT 2024","passed","Wed Nov 06 17:18:04 GMT 2024","","HYPERON-EXPERIMENTAL-SCRIPTS","HYPERON-EXPERIMENTAL-SCRIPTS",""
"","2","D4-TYPE-PROP.13","","Wed Nov 06 17:44:50 GMT 2024","passed","Wed Nov 06 17:44:50 GMT 2024","","QUICK","QUICK",""
"","6000","anti-regression.tmpMatch2","","Wed Nov 06 17:13:59 GMT 2024","passed","Wed Nov 06 17:14:05 GMT 2024","","WHOLE-TESTS","WHOLE-TESTS",""
"","2","BCHAIN.05","","Wed Nov 06 17:14:06 GMT 2024","passed","Wed Nov 06 17:14:06 GMT 2024","","ANTI-REGRESSION","ANTI-REGRESSION",""
"","7000","metta_lang.Working_with_spaces___MeTTa_Language12","","Wed Nov 06 17:13:59 GMT 2024","passed","Wed Nov 06 17:14:06 GMT 2024","","WHOLE-TESTS","WHOLE-TESTS",""
"","3","SUPERCOLLAPSE.06","","Wed Nov 06 17:25:50 GMT 2024","passed","Wed Nov 06 17:25:50 GMT 2024","","METTA-MORPH-TESTS","METTA-MORPH-TESTS",""
"","6000","hyperon-experimental_scripts.d3_deptypes","","Wed Nov 06 17:13:59 GMT 2024","passed","Wed Nov 06 17:14:05 GMT 2024","","WHOLE-TESTS","WHOLE-TESTS",""
"","2","WORKING-WITH-SPACES---METTA-LANGUAGE9.02","","Wed Nov 06 17:28:45 GMT 2024","passed","Wed Nov 06 17:28:45 GMT 2024","","METTA-LANG","METTA-LANG",""
"","6000","metta-morph_tests.types2","","Wed Nov 06 17:13:59 GMT 2024","passed","Wed Nov 06 17:14:05 GMT 2024","","WHOLE-TESTS","WHOLE-TESTS",""
"","2","F1-IMPORTS.06","","Wed Nov 06 17:44:50 GMT 2024","passed","Wed Nov 06 17:44:50 GMT 2024","","QUICK","QUICK",""
"","2","MATCH-VOID.06","","Wed Nov 06 17:25:50 GMT 2024","passed","Wed Nov 06 17:25:50 GMT 2024","","METTA-MORPH-TESTS","METTA-MORPH-TESTS",""
"","3","IDENTITY.01","","Wed Nov 06 17:25:50 GMT 2024","passed","Wed Nov 06 17:25:50 GMT 2024","","METTA-MORPH-TESTS","METTA-MORPH-TESTS",""
"","3","STRING-TESTS.14","","Wed Nov 06 17:20:33 GMT 2024","passed","Wed Nov 06 17:20:33 GMT 2024","","HYPERON-METTALOG-SANITY","HYPERON-METTALOG-SANITY",""
"","2","TESTS0.02","","Wed Nov 06 17:25:50 GMT 2024","passed","Wed Nov 06 17:25:50 GMT 2024","","METTA-MORPH-TESTS","METTA-MORPH-TESTS",""
"","3","INTERSECTION-TESTS.12","","Wed Nov 06 17:20:33 GMT 2024","passed","Wed Nov 06 17:20:33 GMT 2024","","HYPERON-METTALOG-SANITY","HYPERON-METTALOG-SANITY",""
"","2","BC-COMP.03","","Wed Nov 06 17:14:06 GMT 2024","passed","Wed Nov 06 17:14:06 GMT 2024","","ANTI-REGRESSION","ANTI-REGRESSION",""
"","2","CONTROLLING-PATTERN-MATCHING---METTA-LANGUAGE12.15","","Wed Nov 06 17:28:45 GMT 2024","passed","Wed Nov 06 17:28:45 GMT 2024","","METTA-LANG","METTA-LANG",""
"","4","A1-SYMBOLS.02","","Wed Nov 06 17:18:04 GMT 2024","passed","Wed Nov 06 17:18:04 GMT 2024","","HYPERON-EXPERIMENTAL-SCRIPTS","HYPERON-EXPERIMENTAL-SCRIPTS",""
"","2","BCHAIN.02","","Wed Nov 06 17:14:06 GMT 2024","passed","Wed Nov 06 17:14:06 GMT 2024","","ANTI-REGRESSION","ANTI-REGRESSION",""
"","2","BASIC-GROUNDED-FUNCTIONS---METTA-LANGUAGE6.02","","Wed Nov 06 17:28:45 GMT 2024","passed","Wed Nov 06 17:28:45 GMT 2024","","METTA-LANG","METTA-LANG",""
"","3","METTALOGTESTCURRIED2.01","","Wed Nov 06 17:14:06 GMT 2024","passed","Wed Nov 06 17:14:06 GMT 2024","","ANTI-REGRESSION","ANTI-REGRESSION",""
"","2","OPERATIONS-OVER-ATOMS---METTA-LANGUAGE6.02","","Wed Nov 06 17:28:45 GMT 2024","passed","Wed Nov 06 17:28:45 GMT 2024","","METTA-LANG","METTA-LANG",""
"","3","CONTROLLING-PATTERN-MATCHING---METTA-LANGUAGE2.01","","Wed Nov 06 17:28:45 GMT 2024","passed","Wed Nov 06 17:28:45 GMT 2024","","METTA-LANG","METTA-LANG",""
"","82","BASE-TEST-REPR-PARSE-INTERSECTION.02","","Wed Nov 06 17:20:33 GMT 2024","passed","Wed Nov 06 17:20:33 GMT 2024","","HYPERON-METTALOG-SANITY","HYPERON-METTALOG-SANITY",""
"","7000","hyperon-mettalog_sanity.structure-tests","","Wed Nov 06 17:13:59 GMT 2024","passed","Wed Nov 06 17:14:06 GMT 2024","","WHOLE-TESTS","WHOLE-TESTS",""
"","7000","metta_lang.Functions_and_unification___MeTTa_Language2","","Wed Nov 06 17:13:59 GMT 2024","passed","Wed Nov 06 17:14:06 GMT 2024","","WHOLE-TESTS","WHOLE-TESTS",""
"","2","C1-GROUNDED-BASIC.18","","Wed Nov 06 17:44:50 GMT 2024","passed","Wed Nov 06 17:44:50 GMT 2024","","QUICK","QUICK",""
"","2","STATES-SPACES.03","","Wed Nov 06 17:25:50 GMT 2024","passed","Wed Nov 06 17:25:50 GMT 2024","","METTA-MORPH-TESTS","METTA-MORPH-TESTS",""
"","15","D4-TYPE-PROP.03","","Wed Nov 06 17:44:50 GMT 2024","passed","Wed Nov 06 17:44:50 GMT 2024","","QUICK","QUICK",""
"","2","HYPERPOSE.04","","Wed Nov 06 17:25:50 GMT 2024","passed","Wed Nov 06 17:25:50 GMT 2024","","METTA-MORPH-TESTS","METTA-MORPH-TESTS",""
"","57","G1-DOCS.03","","Wed Nov 06 17:18:04 GMT 2024","failed","Wed Nov 06 17:18:04 GMT 2024","","HYPERON-EXPERIMENTAL-SCRIPTS","HYPERON-EXPERIMENTAL-SCRIPTS",""
"","14","D2-HIGHERFUNC.20","","Wed Nov 06 17:44:50 GMT 2024","passed","Wed Nov 06 17:44:50 GMT 2024","","QUICK","QUICK",""
"","2","D4-TYPE-PROP.18","","Wed Nov 06 17:44:50 GMT 2024","passed","Wed Nov 06 17:44:50 GMT 2024","","QUICK","QUICK",""
"","1","D1-GADT.08","","Wed Nov 06 17:18:04 GMT 2024","passed","Wed Nov 06 17:18:04 GMT 2024","","HYPERON-EXPERIMENTAL-SCRIPTS","HYPERON-EXPERIMENTAL-SCRIPTS",""
"","2","FUNCTIONAL-PROGRAMMING-TESTS.05","","Wed Nov 06 17:20:33 GMT 2024","passed","Wed Nov 06 17:20:33 GMT 2024","","HYPERON-METTALOG-SANITY","HYPERON-METTALOG-SANITY",""
"","7000","hyperon-mettalog_sanity.00_lang_case","","Wed Nov 06 17:13:59 GMT 2024","passed","Wed Nov 06 17:14:06 GMT 2024","","WHOLE-TESTS","WHOLE-TESTS",""
"","6000","metta_lang.Console_output_and_debugging___MeTTa_Language4","","Wed Nov 06 17:13:59 GMT 2024","passed","Wed Nov 06 17:14:05 GMT 2024","","WHOLE-TESTS","WHOLE-TESTS",""
"","2","STRING-TESTS.19","","Wed Nov 06 17:20:33 GMT 2024","passed","Wed Nov 06 17:20:33 GMT 2024","","HYPERON-METTALOG-SANITY","HYPERON-METTALOG-SANITY",""
"","2","D4-TYPE-PROP.15","","Wed Nov 06 17:18:04 GMT 2024","passed","Wed Nov 06 17:18:04 GMT 2024","","HYPERON-EXPERIMENTAL-SCRIPTS","HYPERON-EXPERIMENTAL-SCRIPTS",""
"","4","SEALED-TEST.02","","Wed Nov 06 17:20:33 GMT 2024","passed","Wed Nov 06 17:20:33 GMT 2024","","HYPERON-METTALOG-SANITY","HYPERON-METTALOG-SANITY",""
"","1","OR-TEST.16","","Wed Nov 06 17:20:33 GMT 2024","passed","Wed Nov 06 17:20:33 GMT 2024","","HYPERON-METTALOG-SANITY","HYPERON-METTALOG-SANITY",""
"","14","CONCRETE-TYPES---METTA-LANGUAGE7.03","","Wed Nov 06 17:28:45 GMT 2024","passed","Wed Nov 06 17:28:45 GMT 2024","","METTA-LANG","METTA-LANG",""
"","2","WORKING-WITH-SPACES---METTA-LANGUAGE6.04","","Wed Nov 06 17:28:45 GMT 2024","passed","Wed Nov 06 17:28:45 GMT 2024","","METTA-LANG","METTA-LANG",""
"","6000","quick.f1_moduleA","","Wed Nov 06 17:13:59 GMT 2024","passed","Wed Nov 06 17:14:05 GMT 2024","","WHOLE-TESTS","WHOLE-TESTS",""
"","4","CONTROL-FLOW---METTA-LANGUAGE4.01","","Wed Nov 06 17:28:45 GMT 2024","passed","Wed Nov 06 17:28:45 GMT 2024","","METTA-LANG","METTA-LANG",""
"","11","CONSOLE-OUTPUT-AND-DEBUGGING---METTA-LANGUAGE1.01","","Wed Nov 06 17:28:45 GMT 2024","failed","Wed Nov 06 17:28:45 GMT 2024","","METTA-LANG","METTA-LANG",""
"","6000","metta_lang.Recursive_and_parametric_types___MeTTa_Language9","","Wed Nov 06 17:13:59 GMT 2024","passed","Wed Nov 06 17:14:05 GMT 2024","","WHOLE-TESTS","WHOLE-TESTS",""
"","2","F1-MODULEA.05","","Wed Nov 06 17:44:50 GMT 2024","passed","Wed Nov 06 17:44:50 GMT 2024","","QUICK","QUICK",""
"","6000","metta_lang.Metatypes___MeTTa_Language3","","Wed Nov 06 17:13:59 GMT 2024","passed","Wed Nov 06 17:14:05 GMT 2024","","WHOLE-TESTS","WHOLE-TESTS",""
"","2","RECURSION-AND-CONTROL---METTA-LANGUAGE9.04","","Wed Nov 06 17:28:45 GMT 2024","passed","Wed Nov 06 17:28:45 GMT 2024","","METTA-LANG","METTA-LANG",""
"","2","CONTROL-FLOW---METTA-LANGUAGE2.02","","Wed Nov 06 17:28:45 GMT 2024","passed","Wed Nov 06 17:28:45 GMT 2024","","METTA-LANG","METTA-LANG",""
"","2","SPACE-INTERSECTION-TESTS.13","","Wed Nov 06 17:20:33 GMT 2024","passed","Wed Nov 06 17:20:33 GMT 2024","","HYPERON-METTALOG-SANITY","HYPERON-METTALOG-SANITY",""
"","6000","baseline_compat.rust_01","","Wed Nov 06 17:13:59 GMT 2024","passed","Wed Nov 06 17:14:05 GMT 2024","","WHOLE-TESTS","WHOLE-TESTS",""
"","1","B2-BACKCHAIN.04","","Wed Nov 06 17:18:04 GMT 2024","passed","Wed Nov 06 17:18:04 GMT 2024","","HYPERON-EXPERIMENTAL-SCRIPTS","HYPERON-EXPERIMENTAL-SCRIPTS",""
"","3","FUNCTIONS-AND-UNIFICATION---METTA-LANGUAGE2.01","","Wed Nov 06 17:28:45 GMT 2024","passed","Wed Nov 06 17:28:45 GMT 2024","","METTA-LANG","METTA-LANG",""
"","2","SEQUENTIAL-NESTED.12","","Wed Nov 06 17:25:50 GMT 2024","passed","Wed Nov 06 17:25:50 GMT 2024","","METTA-MORPH-TESTS","METTA-MORPH-TESTS",""
"","3","B5-TYPES-PRELIM.09","","Wed Nov 06 17:18:04 GMT 2024","passed","Wed Nov 06 17:18:04 GMT 2024","","HYPERON-EXPERIMENTAL-SCRIPTS","HYPERON-EXPERIMENTAL-SCRIPTS",""
"","79","F1-IMPORTS.14","","Wed Nov 06 17:13:52 GMT 2024","passed","Wed Nov 06 17:13:52 GMT 2024","","MODULE-SYSTEM","MODULE-SYSTEM",""
"","2","B1-EQUAL-CHAIN.02","","Wed Nov 06 17:18:04 GMT 2024","passed","Wed Nov 06 17:18:04 GMT 2024","","HYPERON-EXPERIMENTAL-SCRIPTS","HYPERON-EXPERIMENTAL-SCRIPTS",""
"","3","CATCH-THROW-TESTS.01","","Wed Nov 06 17:20:33 GMT 2024","passed","Wed Nov 06 17:20:33 GMT 2024","","HYPERON-METTALOG-SANITY","HYPERON-METTALOG-SANITY",""
"","2","SEQUENTIAL-NESTED.07","","Wed Nov 06 17:25:50 GMT 2024","passed","Wed Nov 06 17:25:50 GMT 2024","","METTA-MORPH-TESTS","METTA-MORPH-TESTS",""
"","6000","metta_lang.Recursion_and_control___MeTTa_Language7","","Wed Nov 06 17:13:59 GMT 2024","passed","Wed Nov 06 17:14:05 GMT 2024","","WHOLE-TESTS","WHOLE-TESTS",""
"","59","D5-AUTO-TYPES.05","","Wed Nov 06 17:18:04 GMT 2024","failed","Wed Nov 06 17:18:04 GMT 2024","","HYPERON-EXPERIMENTAL-SCRIPTS","HYPERON-EXPERIMENTAL-SCRIPTS",""
"","12","D1-GADT.04","","Wed Nov 06 17:44:50 GMT 2024","passed","Wed Nov 06 17:44:50 GMT 2024","","QUICK","QUICK",""
"","2","D4-TYPE-PROP.07","","Wed Nov 06 17:18:04 GMT 2024","passed","Wed Nov 06 17:18:04 GMT 2024","","HYPERON-EXPERIMENTAL-SCRIPTS","HYPERON-EXPERIMENTAL-SCRIPTS",""
"","2","OPERATIONS-OVER-ATOMS---METTA-LANGUAGE1.05","","Wed Nov 06 17:28:45 GMT 2024","passed","Wed Nov 06 17:28:45 GMT 2024","","METTA-LANG","METTA-LANG",""
"","2","RECURSION-AND-CONTROL---METTA-LANGUAGE6.01","","Wed Nov 06 17:28:45 GMT 2024","passed","Wed Nov 06 17:28:45 GMT 2024","","METTA-LANG","METTA-LANG",""
"","2","METATYPES---METTA-LANGUAGE9.02","","Wed Nov 06 17:28:45 GMT 2024","passed","Wed Nov 06 17:28:45 GMT 2024","","METTA-LANG","METTA-LANG",""
"","3","SUPERPOSE-NESTED.02","","Wed Nov 06 17:25:50 GMT 2024","passed","Wed Nov 06 17:25:50 GMT 2024","","METTA-MORPH-TESTS","METTA-MORPH-TESTS",""
"","3","RECURSION-AND-CONTROL---METTA-LANGUAGE6.02","","Wed Nov 06 17:28:45 GMT 2024","passed","Wed Nov 06 17:28:45 GMT 2024","","METTA-LANG","METTA-LANG",""
"","2","WORKING-WITH-SPACES---METTA-LANGUAGE1.04","","Wed Nov 06 17:28:45 GMT 2024","passed","Wed Nov 06 17:28:45 GMT 2024","","METTA-LANG","METTA-LANG",""
"","3","F1-IMPORTS.01","","Wed Nov 06 17:18:04 GMT 2024","passed","Wed Nov 06 17:18:04 GMT 2024","","HYPERON-EXPERIMENTAL-SCRIPTS","HYPERON-EXPERIMENTAL-SCRIPTS",""
"","2","00-LANG-CASE.06","","Wed Nov 06 17:20:33 GMT 2024","passed","Wed Nov 06 17:20:33 GMT 2024","","HYPERON-METTALOG-SANITY","HYPERON-METTALOG-SANITY",""
"","23856","SYNTHESIZE.01","","Wed Nov 06 17:23:31 GMT 2024","passed","Wed Nov 06 17:23:54 GMT 2024","","SYNTH-BUFFER","SYNTH-BUFFER",""
"","3","B5-TYPES-PRELIM.06","","Wed Nov 06 17:18:04 GMT 2024","passed","Wed Nov 06 17:18:04 GMT 2024","","HYPERON-EXPERIMENTAL-SCRIPTS","HYPERON-EXPERIMENTAL-SCRIPTS",""
"","2","MATCH-VOID.09","","Wed Nov 06 17:25:50 GMT 2024","passed","Wed Nov 06 17:25:50 GMT 2024","","METTA-MORPH-TESTS","METTA-MORPH-TESTS",""
"","3","SPACE-INTERSECTION-TESTS.15","","Wed Nov 06 17:20:33 GMT 2024","passed","Wed Nov 06 17:20:33 GMT 2024","","HYPERON-METTALOG-SANITY","HYPERON-METTALOG-SANITY",""
"","2","BASIC-EVALUATION---METTA-LANGUAGE2.02","","Wed Nov 06 17:28:45 GMT 2024","passed","Wed Nov 06 17:28:45 GMT 2024","","METTA-LANG","METTA-LANG",""
"","2","TEST-IF-CLOSED.05","","Wed Nov 06 17:14:06 GMT 2024","passed","Wed Nov 06 17:14:06 GMT 2024","","ANTI-REGRESSION","ANTI-REGRESSION",""
"","2","METATYPES---METTA-LANGUAGE1.07","","Wed Nov 06 17:28:45 GMT 2024","passed","Wed Nov 06 17:28:45 GMT 2024","","METTA-LANG","METTA-LANG",""
"","2","RECURSIVE-AND-PARAMETRIC-TYPES---METTA-LANGUAGE7.06","","Wed Nov 06 17:28:45 GMT 2024","passed","Wed Nov 06 17:28:45 GMT 2024","","METTA-LANG","METTA-LANG",""
"","45","CONTROLLING-PATTERN-MATCHING---METTA-LANGUAGE9.03","","Wed Nov 06 17:28:45 GMT 2024","passed","Wed Nov 06 17:28:45 GMT 2024","","METTA-LANG","METTA-LANG",""
"","3","CONTROL-FLOW---METTA-LANGUAGE15.04","","Wed Nov 06 17:28:45 GMT 2024","passed","Wed Nov 06 17:28:45 GMT 2024","","METTA-LANG","METTA-LANG",""
"","2","D2-HIGHERFUNC.05","","Wed Nov 06 17:18:04 GMT 2024","passed","Wed Nov 06 17:18:04 GMT 2024","","HYPERON-EXPERIMENTAL-SCRIPTS","HYPERON-EXPERIMENTAL-SCRIPTS",""
"","3","BASIC-EVALUATION---METTA-LANGUAGE6.01","","Wed Nov 06 17:28:45 GMT 2024","passed","Wed Nov 06 17:28:45 GMT 2024","","METTA-LANG","METTA-LANG",""
"","3","AND-OR.01","","Wed Nov 06 17:25:50 GMT 2024","passed","Wed Nov 06 17:25:50 GMT 2024","","METTA-MORPH-TESTS","METTA-MORPH-TESTS",""
"","2","STATES-SPACES.05","","Wed Nov 06 17:25:50 GMT 2024","passed","Wed Nov 06 17:25:50 GMT 2024","","METTA-MORPH-TESTS","METTA-MORPH-TESTS",""
"","77","BASIC-GROUNDED-FUNCTIONS---METTA-LANGUAGE5.03","","Wed Nov 06 17:28:45 GMT 2024","failed","Wed Nov 06 17:28:45 GMT 2024","","METTA-LANG","METTA-LANG",""
"","3","CONTROLLING-PATTERN-MATCHING---METTA-LANGUAGE8.01","","Wed Nov 06 17:28:45 GMT 2024","passed","Wed Nov 06 17:28:45 GMT 2024","","METTA-LANG","METTA-LANG",""
"","3","D4-TYPE-PROP.19","","Wed Nov 06 17:18:04 GMT 2024","passed","Wed Nov 06 17:18:04 GMT 2024","","HYPERON-EXPERIMENTAL-SCRIPTS","HYPERON-EXPERIMENTAL-SCRIPTS",""
"","7000","module-system.c2_spaces","","Wed Nov 06 17:13:59 GMT 2024","passed","Wed Nov 06 17:14:06 GMT 2024","","WHOLE-TESTS","WHOLE-TESTS",""
"","2","F1-IMPORTS.17","","Wed Nov 06 17:44:50 GMT 2024","passed","Wed Nov 06 17:44:50 GMT 2024","","QUICK","QUICK",""
"","6000","metta_lang.Metatypes___MeTTa_Language8","","Wed Nov 06 17:13:59 GMT 2024","passed","Wed Nov 06 17:14:05 GMT 2024","","WHOLE-TESTS","WHOLE-TESTS",""
"","2","BC-COMP.05","","Wed Nov 06 17:14:06 GMT 2024","passed","Wed Nov 06 17:14:06 GMT 2024","","ANTI-REGRESSION","ANTI-REGRESSION",""
"","3","WORKING-WITH-SPACES---METTA-LANGUAGE16.01","","Wed Nov 06 17:28:45 GMT 2024","passed","Wed Nov 06 17:28:45 GMT 2024","","METTA-LANG","METTA-LANG",""
"","2","CATCH-THROW-TESTS.10","","Wed Nov 06 17:20:33 GMT 2024","passed","Wed Nov 06 17:20:33 GMT 2024","","HYPERON-METTALOG-SANITY","HYPERON-METTALOG-SANITY",""
"","6000","anti-regression.test_if_closed","","Wed Nov 06 17:13:59 GMT 2024","passed","Wed Nov 06 17:14:05 GMT 2024","","WHOLE-TESTS","WHOLE-TESTS",""
"","2","INTERSECTION-TESTS.14","","Wed Nov 06 17:20:33 GMT 2024","passed","Wed Nov 06 17:20:33 GMT 2024","","HYPERON-METTALOG-SANITY","HYPERON-METTALOG-SANITY",""
"","162","NALIFIER.01","","Wed Nov 06 17:25:50 GMT 2024","passed","Wed Nov 06 17:25:50 GMT 2024","","METTA-MORPH-TESTS","METTA-MORPH-TESTS",""
"","2","FUNCTIONS-AND-UNIFICATION---METTA-LANGUAGE2.06","","Wed Nov 06 17:28:45 GMT 2024","passed","Wed Nov 06 17:28:45 GMT 2024","","METTA-LANG","METTA-LANG",""
"","2","WORKING-WITH-SPACES---METTA-LANGUAGE12.04","","Wed Nov 06 17:28:45 GMT 2024","passed","Wed Nov 06 17:28:45 GMT 2024","","METTA-LANG","METTA-LANG",""
"","3","B5-TYPES-PRELIM.04","","Wed Nov 06 17:18:04 GMT 2024","passed","Wed Nov 06 17:18:04 GMT 2024","","HYPERON-EXPERIMENTAL-SCRIPTS","HYPERON-EXPERIMENTAL-SCRIPTS",""
"","163","BASIC-EVALUATION---METTA-LANGUAGE15.02","","Wed Nov 06 17:28:45 GMT 2024","passed","Wed Nov 06 17:28:45 GMT 2024","","METTA-LANG","METTA-LANG",""
"","2","B5-TYPES-PRELIM.17","","Wed Nov 06 17:18:04 GMT 2024","passed","Wed Nov 06 17:18:04 GMT 2024","","HYPERON-EXPERIMENTAL-SCRIPTS","HYPERON-EXPERIMENTAL-SCRIPTS",""
"","2","CONTROLLING-PATTERN-MATCHING---METTA-LANGUAGE5.02","","Wed Nov 06 17:28:45 GMT 2024","passed","Wed Nov 06 17:28:45 GMT 2024","","METTA-LANG","METTA-LANG",""
"","2","OR-TEST.09","","Wed Nov 06 17:20:33 GMT 2024","passed","Wed Nov 06 17:20:33 GMT 2024","","HYPERON-METTALOG-SANITY","HYPERON-METTALOG-SANITY",""
"","2","MAX-TIME-TESTS.01","","Wed Nov 06 17:20:33 GMT 2024","passed","Wed Nov 06 17:20:33 GMT 2024","","HYPERON-METTALOG-SANITY","HYPERON-METTALOG-SANITY",""
"","2","TEST-IF-CLOSED.11","","Wed Nov 06 17:14:06 GMT 2024","passed","Wed Nov 06 17:14:06 GMT 2024","","ANTI-REGRESSION","ANTI-REGRESSION",""
"","2","FUNCTIONS-AND-UNIFICATION---METTA-LANGUAGE2.04","","Wed Nov 06 17:28:45 GMT 2024","passed","Wed Nov 06 17:28:45 GMT 2024","","METTA-LANG","METTA-LANG",""
"","85","HANDLING-NONDETERMINISTIC-RESULTS---METTA-LANGUAGE6.04","","Wed Nov 06 17:28:45 GMT 2024","passed","Wed Nov 06 17:28:45 GMT 2024","","METTA-LANG","METTA-LANG",""
"","7000","synth_buffer.time_synthesize_short","","Wed Nov 06 17:13:59 GMT 2024","passed","Wed Nov 06 17:14:06 GMT 2024","","WHOLE-TESTS","WHOLE-TESTS",""
"","2","CONTROL-FLOW---METTA-LANGUAGE11.02","","Wed Nov 06 17:28:45 GMT 2024","passed","Wed Nov 06 17:28:45 GMT 2024","","METTA-LANG","METTA-LANG",""
"","6000","metta_lang.Working_with_spaces___MeTTa_Language17","","Wed Nov 06 17:13:59 GMT 2024","passed","Wed Nov 06 17:14:05 GMT 2024","","WHOLE-TESTS","WHOLE-TESTS",""
"","79","MAX-TIME-TESTS.02","","Wed Nov 06 17:20:33 GMT 2024","failed","Wed Nov 06 17:20:33 GMT 2024","","HYPERON-METTALOG-SANITY","HYPERON-METTALOG-SANITY",""
"","3","CONTROLLING-PATTERN-MATCHING---METTA-LANGUAGE11.04","","Wed Nov 06 17:28:45 GMT 2024","passed","Wed Nov 06 17:28:45 GMT 2024","","METTA-LANG","METTA-LANG",""
"","3","CONCRETE-TYPES---METTA-LANGUAGE12.01","","Wed Nov 06 17:28:45 GMT 2024","passed","Wed Nov 06 17:28:45 GMT 2024","","METTA-LANG","METTA-LANG",""
"","1","F1-MODULEA.07","","Wed Nov 06 17:44:50 GMT 2024","passed","Wed Nov 06 17:44:50 GMT 2024","","QUICK","QUICK",""
"","1","D4-TYPE-PROP.05","","Wed Nov 06 17:44:50 GMT 2024","passed","Wed Nov 06 17:44:50 GMT 2024","","QUICK","QUICK",""
"","3","BASIC-GROUNDED-FUNCTIONS---METTA-LANGUAGE7.01","","Wed Nov 06 17:28:45 GMT 2024","passed","Wed Nov 06 17:28:45 GMT 2024","","METTA-LANG","METTA-LANG",""
"","3","STRING-TESTS.09","","Wed Nov 06 17:20:33 GMT 2024","passed","Wed Nov 06 17:20:33 GMT 2024","","HYPERON-METTALOG-SANITY","HYPERON-METTALOG-SANITY",""
"","3","F1-MODULEA.06","","Wed Nov 06 17:13:52 GMT 2024","passed","Wed Nov 06 17:13:52 GMT 2024","","MODULE-SYSTEM","MODULE-SYSTEM",""
"","2","A3-TWOSIDE.04","","Wed Nov 06 17:18:04 GMT 2024","passed","Wed Nov 06 17:18:04 GMT 2024","","HYPERON-EXPERIMENTAL-SCRIPTS","HYPERON-EXPERIMENTAL-SCRIPTS",""
"","3","BASIC-EVALUATION---METTA-LANGUAGE15.04","","Wed Nov 06 17:28:45 GMT 2024","passed","Wed Nov 06 17:28:45 GMT 2024","","METTA-LANG","METTA-LANG",""
"","6000","hyperon-mettalog_sanity.first_answer","","Wed Nov 06 17:13:59 GMT 2024","passed","Wed Nov 06 17:14:05 GMT 2024","","WHOLE-TESTS","WHOLE-TESTS",""
"","2","CONCRETE-TYPES---METTA-LANGUAGE1.02","","Wed Nov 06 17:28:45 GMT 2024","passed","Wed Nov 06 17:28:45 GMT 2024","","METTA-LANG","METTA-LANG",""
"","3","B5-TYPES-PRELIM.26","","Wed Nov 06 17:18:04 GMT 2024","passed","Wed Nov 06 17:18:04 GMT 2024","","HYPERON-EXPERIMENTAL-SCRIPTS","HYPERON-EXPERIMENTAL-SCRIPTS",""
"","2","FUNCTIONS-AND-UNIFICATION---METTA-LANGUAGE1.01","","Wed Nov 06 17:28:45 GMT 2024","passed","Wed Nov 06 17:28:45 GMT 2024","","METTA-LANG","METTA-LANG",""
"","2","FUNCTIONS-AND-UNIFICATION---METTA-LANGUAGE7.04","","Wed Nov 06 17:28:45 GMT 2024","passed","Wed Nov 06 17:28:45 GMT 2024","","METTA-LANG","METTA-LANG",""
"","7000","metta_lang.Functions_and_unification___MeTTa_Language7","","Wed Nov 06 17:13:59 GMT 2024","passed","Wed Nov 06 17:14:06 GMT 2024","","WHOLE-TESTS","WHOLE-TESTS",""
"","2","D2-HIGHERFUNC.18","","Wed Nov 06 17:44:50 GMT 2024","passed","Wed Nov 06 17:44:50 GMT 2024","","QUICK","QUICK",""
"","2","BASE-TEST-REPR-PARSE-INTERSECTION.04","","Wed Nov 06 17:20:33 GMT 2024","passed","Wed Nov 06 17:20:33 GMT 2024","","HYPERON-METTALOG-SANITY","HYPERON-METTALOG-SANITY",""
"","6000","metta-morph_tests.match_superposed_spaces","","Wed Nov 06 17:13:59 GMT 2024","passed","Wed Nov 06 17:14:05 GMT 2024","","WHOLE-TESTS","WHOLE-TESTS",""
"","3","HYPERPOSE.01","","Wed Nov 06 17:25:50 GMT 2024","passed","Wed Nov 06 17:25:50 GMT 2024","","METTA-MORPH-TESTS","METTA-MORPH-TESTS",""
"","2","CATCH-THROW-TESTS.07","","Wed Nov 06 17:20:33 GMT 2024","passed","Wed Nov 06 17:20:33 GMT 2024","","HYPERON-METTALOG-SANITY","HYPERON-METTALOG-SANITY",""
"","3","METATYPES---METTA-LANGUAGE6.01","","Wed Nov 06 17:28:45 GMT 2024","passed","Wed Nov 06 17:28:45 GMT 2024","","METTA-LANG","METTA-LANG",""
"","2","C2-SPACES.04","","Wed Nov 06 17:18:04 GMT 2024","passed","Wed Nov 06 17:18:04 GMT 2024","","HYPERON-EXPERIMENTAL-SCRIPTS","HYPERON-EXPERIMENTAL-SCRIPTS",""
"","2","INTERSECTION-TESTS.17","","Wed Nov 06 17:20:33 GMT 2024","passed","Wed Nov 06 17:20:33 GMT 2024","","HYPERON-METTALOG-SANITY","HYPERON-METTALOG-SANITY",""
"","1","D2-HIGHERFUNC.09","","Wed Nov 06 17:44:50 GMT 2024","passed","Wed Nov 06 17:44:50 GMT 2024","","QUICK","QUICK",""
"","2","BCHAIN-COMP.02","","Wed Nov 06 17:14:06 GMT 2024","passed","Wed Nov 06 17:14:06 GMT 2024","","ANTI-REGRESSION","ANTI-REGRESSION",""
"","7000","hyperon-mettalog_sanity.unique_test","","Wed Nov 06 17:13:59 GMT 2024","passed","Wed Nov 06 17:14:06 GMT 2024","","WHOLE-TESTS","WHOLE-TESTS",""
"","2","F1-IMPORTS.20","","Wed Nov 06 17:18:04 GMT 2024","passed","Wed Nov 06 17:18:04 GMT 2024","","HYPERON-EXPERIMENTAL-SCRIPTS","HYPERON-EXPERIMENTAL-SCRIPTS",""
"","2","WORKING-WITH-SPACES---METTA-LANGUAGE3.02","","Wed Nov 06 17:28:45 GMT 2024","passed","Wed Nov 06 17:28:45 GMT 2024","","METTA-LANG","METTA-LANG",""
"","1","TEST-IF-CLOSED.09","","Wed Nov 06 17:14:06 GMT 2024","passed","Wed Nov 06 17:14:06 GMT 2024","","ANTI-REGRESSION","ANTI-REGRESSION",""
"","16","HANDLING-NONDETERMINISTIC-RESULTS---METTA-LANGUAGE4.01","","Wed Nov 06 17:28:45 GMT 2024","failed","Wed Nov 06 17:28:45 GMT 2024","","METTA-LANG","METTA-LANG",""
"","289","SPACE-SUBTRACTION-TESTS.07","","Wed Nov 06 17:20:33 GMT 2024","passed","Wed Nov 06 17:20:33 GMT 2024","","HYPERON-METTALOG-SANITY","HYPERON-METTALOG-SANITY",""
"","9","CONTROLLING-PATTERN-MATCHING---METTA-LANGUAGE6.02","","Wed Nov 06 17:28:45 GMT 2024","failed","Wed Nov 06 17:28:45 GMT 2024","","METTA-LANG","METTA-LANG",""
"","3","OPERATIONS-OVER-ATOMS---METTA-LANGUAGE5.01","","Wed Nov 06 17:28:45 GMT 2024","passed","Wed Nov 06 17:28:45 GMT 2024","","METTA-LANG","METTA-LANG",""
"","2","RECURSIVE-AND-PARAMETRIC-TYPES---METTA-LANGUAGE3.02","","Wed Nov 06 17:28:45 GMT 2024","passed","Wed Nov 06 17:28:45 GMT 2024","","METTA-LANG","METTA-LANG",""
"","7000","metta_lang.Free_variables_and_nondeterminism_again,_recursively___MeTTa_Language1","","Wed Nov 06 17:13:59 GMT 2024","passed","Wed Nov 06 17:14:06 GMT 2024","","WHOLE-TESTS","WHOLE-TESTS",""
"","14","MATCH-VOID.05","","Wed Nov 06 17:25:50 GMT 2024","passed","Wed Nov 06 17:25:50 GMT 2024","","METTA-MORPH-TESTS","METTA-MORPH-TESTS",""
"","99","C1-GROUNDED-BASIC.14","","Wed Nov 06 17:18:04 GMT 2024","failed","Wed Nov 06 17:18:04 GMT 2024","","HYPERON-EXPERIMENTAL-SCRIPTS","HYPERON-EXPERIMENTAL-SCRIPTS",""
"","2","D2-HIGHERFUNC.03","","Wed Nov 06 17:44:50 GMT 2024","passed","Wed Nov 06 17:44:50 GMT 2024","","QUICK","QUICK",""
"","3","WORKING-WITH-SPACES---METTA-LANGUAGE9.01","","Wed Nov 06 17:28:45 GMT 2024","passed","Wed Nov 06 17:28:45 GMT 2024","","METTA-LANG","METTA-LANG",""
"","6000","metta_lang.Working_with_spaces___MeTTa_Language8","","Wed Nov 06 17:13:59 GMT 2024","passed","Wed Nov 06 17:14:05 GMT 2024","","WHOLE-TESTS","WHOLE-TESTS",""
"","2","D4-TYPE-PROP.18","","Wed Nov 06 17:18:04 GMT 2024","passed","Wed Nov 06 17:18:04 GMT 2024","","HYPERON-EXPERIMENTAL-SCRIPTS","HYPERON-EXPERIMENTAL-SCRIPTS",""
"","2","C1-GROUNDED-BASIC.17","","Wed Nov 06 17:18:04 GMT 2024","passed","Wed Nov 06 17:18:04 GMT 2024","","HYPERON-EXPERIMENTAL-SCRIPTS","HYPERON-EXPERIMENTAL-SCRIPTS",""
"","2","CATCH-THROW-TESTS.03","","Wed Nov 06 17:20:33 GMT 2024","passed","Wed Nov 06 17:20:33 GMT 2024","","HYPERON-METTALOG-SANITY","HYPERON-METTALOG-SANITY",""
"","6000","metta_lang.Recursion_and_control___MeTTa_Language2","","Wed Nov 06 17:13:59 GMT 2024","passed","Wed Nov 06 17:14:05 GMT 2024","","WHOLE-TESTS","WHOLE-TESTS",""
"","7000","metta_lang.Working_with_spaces___MeTTa_Language16","","Wed Nov 06 17:13:59 GMT 2024","passed","Wed Nov 06 17:14:06 GMT 2024","","WHOLE-TESTS","WHOLE-TESTS",""
"","2","TEST-IF-CLOSED.08","","Wed Nov 06 17:14:06 GMT 2024","passed","Wed Nov 06 17:14:06 GMT 2024","","ANTI-REGRESSION","ANTI-REGRESSION",""
"","4","RECURSIVE-AND-PARAMETRIC-TYPES---METTA-LANGUAGE9.01","","Wed Nov 06 17:28:45 GMT 2024","passed","Wed Nov 06 17:28:45 GMT 2024","","METTA-LANG","METTA-LANG",""
"","96","FUNCTIONAL-PROGRAMMING-TESTS.06","","Wed Nov 06 17:20:33 GMT 2024","failed","Wed Nov 06 17:20:33 GMT 2024","","HYPERON-METTALOG-SANITY","HYPERON-METTALOG-SANITY",""
"","3","B5-TYPES-PRELIM.16","","Wed Nov 06 17:18:04 GMT 2024","passed","Wed Nov 06 17:18:04 GMT 2024","","HYPERON-EXPERIMENTAL-SCRIPTS","HYPERON-EXPERIMENTAL-SCRIPTS",""
"","2","OPERATIONS-OVER-ATOMS---METTA-LANGUAGE6.01","","Wed Nov 06 17:28:45 GMT 2024","passed","Wed Nov 06 17:28:45 GMT 2024","","METTA-LANG","METTA-LANG",""
"","14","RECURSIVE-AND-PARAMETRIC-TYPES---METTA-LANGUAGE6.03","","Wed Nov 06 17:28:45 GMT 2024","passed","Wed Nov 06 17:28:45 GMT 2024","","METTA-LANG","METTA-LANG",""
"","2","OPERATIONS-OVER-ATOMS---METTA-LANGUAGE1.04","","Wed Nov 06 17:28:45 GMT 2024","passed","Wed Nov 06 17:28:45 GMT 2024","","METTA-LANG","METTA-LANG",""
"","2","D2-HIGHERFUNC.15","","Wed Nov 06 17:44:50 GMT 2024","passed","Wed Nov 06 17:44:50 GMT 2024","","QUICK","QUICK",""
"","42","RECURSIVE-AND-PARAMETRIC-TYPES---METTA-LANGUAGE5.08","","Wed Nov 06 17:28:45 GMT 2024","failed","Wed Nov 06 17:28:45 GMT 2024","","METTA-LANG","METTA-LANG",""
"","2","F1-IMPORTS.12","","Wed Nov 06 17:18:04 GMT 2024","passed","Wed Nov 06 17:18:04 GMT 2024","","HYPERON-EXPERIMENTAL-SCRIPTS","HYPERON-EXPERIMENTAL-SCRIPTS",""
"","2","SUPERCOLLAPSE.05","","Wed Nov 06 17:25:50 GMT 2024","passed","Wed Nov 06 17:25:50 GMT 2024","","METTA-MORPH-TESTS","METTA-MORPH-TESTS",""
"","2","IS-SPACE.03","","Wed Nov 06 17:20:33 GMT 2024","passed","Wed Nov 06 17:20:33 GMT 2024","","HYPERON-METTALOG-SANITY","HYPERON-METTALOG-SANITY",""
"","2","B5-TYPES-PRELIM.01","","Wed Nov 06 17:18:04 GMT 2024","passed","Wed Nov 06 17:18:04 GMT 2024","","HYPERON-EXPERIMENTAL-SCRIPTS","HYPERON-EXPERIMENTAL-SCRIPTS",""
"","6000","metta_lang.Basic_evaluation___MeTTa_Language1","","Wed Nov 06 17:13:59 GMT 2024","passed","Wed Nov 06 17:14:05 GMT 2024","","WHOLE-TESTS","WHOLE-TESTS",""
"","3","CONTROL-FLOW---METTA-LANGUAGE12.01","","Wed Nov 06 17:28:45 GMT 2024","passed","Wed Nov 06 17:28:45 GMT 2024","","METTA-LANG","METTA-LANG",""
"","2","03-SORING-VIA-INSERT.05","","Wed Nov 06 17:20:33 GMT 2024","passed","Wed Nov 06 17:20:33 GMT 2024","","HYPERON-METTALOG-SANITY","HYPERON-METTALOG-SANITY",""
"","2","E2-STATES.06","","Wed Nov 06 17:18:04 GMT 2024","passed","Wed Nov 06 17:18:04 GMT 2024","","HYPERON-EXPERIMENTAL-SCRIPTS","HYPERON-EXPERIMENTAL-SCRIPTS",""
"","6","UNIQUE-TEST.14","","Wed Nov 06 17:20:33 GMT 2024","passed","Wed Nov 06 17:20:33 GMT 2024","","HYPERON-METTALOG-SANITY","HYPERON-METTALOG-SANITY",""
"","2","BASIC-EVALUATION---METTA-LANGUAGE3.02","","Wed Nov 06 17:28:45 GMT 2024","passed","Wed Nov 06 17:28:45 GMT 2024","","METTA-LANG","METTA-LANG",""
"","2","CONSOLE-OUTPUT-AND-DEBUGGING---METTA-LANGUAGE3.06","","Wed Nov 06 17:28:45 GMT 2024","passed","Wed Nov 06 17:28:45 GMT 2024","","METTA-LANG","METTA-LANG",""
"","3","RECURSION-AND-CONTROL---METTA-LANGUAGE6.04","","Wed Nov 06 17:28:45 GMT 2024","passed","Wed Nov 06 17:28:45 GMT 2024","","METTA-LANG","METTA-LANG",""
"","2","HANDLING-NONDETERMINISTIC-RESULTS---METTA-LANGUAGE8.06","","Wed Nov 06 17:28:45 GMT 2024","passed","Wed Nov 06 17:28:45 GMT 2024","","METTA-LANG","METTA-LANG",""
"","2","OR-TEST.08","","Wed Nov 06 17:20:33 GMT 2024","passed","Wed Nov 06 17:20:33 GMT 2024","","HYPERON-METTALOG-SANITY","HYPERON-METTALOG-SANITY",""
"","2","C1-GROUNDED-BASIC.03","","Wed Nov 06 17:18:04 GMT 2024","passed","Wed Nov 06 17:18:04 GMT 2024","","HYPERON-EXPERIMENTAL-SCRIPTS","HYPERON-EXPERIMENTAL-SCRIPTS",""
"","2","CONCRETE-TYPES---METTA-LANGUAGE12.04","","Wed Nov 06 17:28:45 GMT 2024","passed","Wed Nov 06 17:28:45 GMT 2024","","METTA-LANG","METTA-LANG",""
"","3","METATYPES---METTA-LANGUAGE9.01","","Wed Nov 06 17:28:45 GMT 2024","passed","Wed Nov 06 17:28:45 GMT 2024","","METTA-LANG","METTA-LANG",""
"","3","RECURSION-AND-CONTROL---METTA-LANGUAGE2.04","","Wed Nov 06 17:28:45 GMT 2024","passed","Wed Nov 06 17:28:45 GMT 2024","","METTA-LANG","METTA-LANG",""
"","2","F1-MODULEA.07","","Wed Nov 06 17:13:52 GMT 2024","passed","Wed Nov 06 17:13:52 GMT 2024","","MODULE-SYSTEM","MODULE-SYSTEM",""
"","128","TEST-SPO-5000.01","","Wed Nov 06 17:15:01 GMT 2024","passed","Wed Nov 06 17:15:01 GMT 2024","","METTA-WAM-ISSUE-116","METTA-WAM-ISSUE-116",""
"","10","00-LANG-CASE.11","","Wed Nov 06 17:20:33 GMT 2024","passed","Wed Nov 06 17:20:33 GMT 2024","","HYPERON-METTALOG-SANITY","HYPERON-METTALOG-SANITY",""
"","15","CONTROLLING-PATTERN-MATCHING---METTA-LANGUAGE10.06","","Wed Nov 06 17:28:45 GMT 2024","passed","Wed Nov 06 17:28:45 GMT 2024","","METTA-LANG","METTA-LANG",""
"","2","BC-COMP.02","","Wed Nov 06 17:14:06 GMT 2024","passed","Wed Nov 06 17:14:06 GMT 2024","","ANTI-REGRESSION","ANTI-REGRESSION",""
"","4","FREE-VARIABLES-AND-NONDETERMINISM-AGAIN-RECURSIVELY---METTA-LANGUAGE5.02","","Wed Nov 06 17:28:45 GMT 2024","passed","Wed Nov 06 17:28:45 GMT 2024","","METTA-LANG","METTA-LANG",""
"","6000","metta_lang.Free_variables_and_nondeterminism_again,_recursively___MeTTa_Language3","","Wed Nov 06 17:13:59 GMT 2024","passed","Wed Nov 06 17:14:05 GMT 2024","","WHOLE-TESTS","WHOLE-TESTS",""
"","64","WORKING-WITH-SPACES---METTA-LANGUAGE11.04","","Wed Nov 06 17:28:45 GMT 2024","failed","Wed Nov 06 17:28:45 GMT 2024","","METTA-LANG","METTA-LANG",""
"","2","METATYPES---METTA-LANGUAGE8.03","","Wed Nov 06 17:28:45 GMT 2024","passed","Wed Nov 06 17:28:45 GMT 2024","","METTA-LANG","METTA-LANG",""
"","3","CONTROLLING-PATTERN-MATCHING---METTA-LANGUAGE12.05","","Wed Nov 06 17:28:45 GMT 2024","passed","Wed Nov 06 17:28:45 GMT 2024","","METTA-LANG","METTA-LANG",""
"","7000","metta_lang.Controlling_pattern_matching___MeTTa_Language11","","Wed Nov 06 17:13:59 GMT 2024","passed","Wed Nov 06 17:14:06 GMT 2024","","WHOLE-TESTS","WHOLE-TESTS",""
"","3","TESTS0.03","","Wed Nov 06 17:25:50 GMT 2024","passed","Wed Nov 06 17:25:50 GMT 2024","","METTA-MORPH-TESTS","METTA-MORPH-TESTS",""
"","2","CONTROL-FLOW---METTA-LANGUAGE6.01","","Wed Nov 06 17:28:45 GMT 2024","passed","Wed Nov 06 17:28:45 GMT 2024","","METTA-LANG","METTA-LANG",""
"","4","C2-SPACES.01","","Wed Nov 06 17:18:04 GMT 2024","passed","Wed Nov 06 17:18:04 GMT 2024","","HYPERON-EXPERIMENTAL-SCRIPTS","HYPERON-EXPERIMENTAL-SCRIPTS",""
"","1","HANDLING-NONDETERMINISTIC-RESULTS---METTA-LANGUAGE5.04","","Wed Nov 06 17:28:45 GMT 2024","passed","Wed Nov 06 17:28:45 GMT 2024","","METTA-LANG","METTA-LANG",""
"","69","CONSOLE-OUTPUT-AND-DEBUGGING---METTA-LANGUAGE5.02","","Wed Nov 06 17:28:45 GMT 2024","failed","Wed Nov 06 17:28:45 GMT 2024","","METTA-LANG","METTA-LANG",""
"","3","LET-SUPERPOSE-LIST.02","","Wed Nov 06 17:25:50 GMT 2024","passed","Wed Nov 06 17:25:50 GMT 2024","","METTA-MORPH-TESTS","METTA-MORPH-TESTS",""
"","2","F1-IMPORTS.14","","Wed Nov 06 17:18:04 GMT 2024","passed","Wed Nov 06 17:18:04 GMT 2024","","HYPERON-EXPERIMENTAL-SCRIPTS","HYPERON-EXPERIMENTAL-SCRIPTS",""
"","6000","metta_lang.Basic_evaluation___MeTTa_Language9","","Wed Nov 06 17:13:59 GMT 2024","passed","Wed Nov 06 17:14:05 GMT 2024","","WHOLE-TESTS","WHOLE-TESTS",""
"","3","CONTROL-FLOW---METTA-LANGUAGE13.01","","Wed Nov 06 17:28:45 GMT 2024","passed","Wed Nov 06 17:28:45 GMT 2024","","METTA-LANG","METTA-LANG",""
"","6000","hyperon-mettalog_sanity.first_answer_long","","Wed Nov 06 17:13:59 GMT 2024","passed","Wed Nov 06 17:14:05 GMT 2024","","WHOLE-TESTS","WHOLE-TESTS",""
"","2","BASE-TEST-REPR-PARSE-INTERSECTION.03","","Wed Nov 06 17:20:33 GMT 2024","passed","Wed Nov 06 17:20:33 GMT 2024","","HYPERON-METTALOG-SANITY","HYPERON-METTALOG-SANITY",""
"","7000","metta_lang.Console_output_and_debugging___MeTTa_Language5","","Wed Nov 06 17:13:59 GMT 2024","passed","Wed Nov 06 17:14:06 GMT 2024","","WHOLE-TESTS","WHOLE-TESTS",""
"","6000","metta_lang.Working_with_spaces___MeTTa_Language10","","Wed Nov 06 17:13:59 GMT 2024","passed","Wed Nov 06 17:14:05 GMT 2024","","WHOLE-TESTS","WHOLE-TESTS",""
"","3","RECURSIVE-AND-PARAMETRIC-TYPES---METTA-LANGUAGE9.02","","Wed Nov 06 17:28:45 GMT 2024","passed","Wed Nov 06 17:28:45 GMT 2024","","METTA-LANG","METTA-LANG",""
"","6000","baseline_compat.rust_02","","Wed Nov 06 17:13:59 GMT 2024","passed","Wed Nov 06 17:14:05 GMT 2024","","WHOLE-TESTS","WHOLE-TESTS",""
"","2","QUERYING-SPACE-CONTENT---METTA-LANGUAGE4.01","","Wed Nov 06 17:28:45 GMT 2024","passed","Wed Nov 06 17:28:45 GMT 2024","","METTA-LANG","METTA-LANG",""
"","2","XOR-TEST.09","","Wed Nov 06 17:20:33 GMT 2024","passed","Wed Nov 06 17:20:33 GMT 2024","","HYPERON-METTALOG-SANITY","HYPERON-METTALOG-SANITY",""
"","2","FIND-ALL-TESTS.06","","Wed Nov 06 17:20:33 GMT 2024","passed","Wed Nov 06 17:20:33 GMT 2024","","HYPERON-METTALOG-SANITY","HYPERON-METTALOG-SANITY",""
"","109","CONCRETE-TYPES---METTA-LANGUAGE13.03","","Wed Nov 06 17:28:45 GMT 2024","failed","Wed Nov 06 17:28:45 GMT 2024","","METTA-LANG","METTA-LANG",""
"","4","CONTROL-FLOW---METTA-LANGUAGE10.01","","Wed Nov 06 17:28:45 GMT 2024","passed","Wed Nov 06 17:28:45 GMT 2024","","METTA-LANG","METTA-LANG",""
"","4","SPACE-SUBTRACTION-TESTS.04","","Wed Nov 06 17:20:33 GMT 2024","passed","Wed Nov 06 17:20:33 GMT 2024","","HYPERON-METTALOG-SANITY","HYPERON-METTALOG-SANITY",""
"","15","CONCRETE-TYPES---METTA-LANGUAGE9.02","","Wed Nov 06 17:28:45 GMT 2024","failed","Wed Nov 06 17:28:45 GMT 2024","","METTA-LANG","METTA-LANG",""
"","2","INTERSECTION-TESTS.09","","Wed Nov 06 17:20:33 GMT 2024","passed","Wed Nov 06 17:20:33 GMT 2024","","HYPERON-METTALOG-SANITY","HYPERON-METTALOG-SANITY",""
"","16","CONCRETE-TYPES---METTA-LANGUAGE9.01","","Wed Nov 06 17:28:45 GMT 2024","passed","Wed Nov 06 17:28:45 GMT 2024","","METTA-LANG","METTA-LANG",""
"","11","CONCRETE-TYPES---METTA-LANGUAGE13.02","","Wed Nov 06 17:28:45 GMT 2024","failed","Wed Nov 06 17:28:45 GMT 2024","","METTA-LANG","METTA-LANG",""
"","2","WORKING-WITH-SPACES---METTA-LANGUAGE4.01","","Wed Nov 06 17:28:45 GMT 2024","passed","Wed Nov 06 17:28:45 GMT 2024","","METTA-LANG","METTA-LANG",""
"","3","BASIC-GROUNDED-FUNCTIONS---METTA-LANGUAGE5.02","","Wed Nov 06 17:28:45 GMT 2024","passed","Wed Nov 06 17:28:45 GMT 2024","","METTA-LANG","METTA-LANG",""
"","2","C1-GROUNDED-BASIC.04","","Wed Nov 06 17:44:50 GMT 2024","passed","Wed Nov 06 17:44:50 GMT 2024","","QUICK","QUICK",""
"","6000","metta-morph_tests.types3","","Wed Nov 06 17:13:59 GMT 2024","passed","Wed Nov 06 17:14:05 GMT 2024","","WHOLE-TESTS","WHOLE-TESTS",""
"","2","WORKING-WITH-SPACES---METTA-LANGUAGE6.02","","Wed Nov 06 17:28:45 GMT 2024","passed","Wed Nov 06 17:28:45 GMT 2024","","METTA-LANG","METTA-LANG",""
"","2","RECURSION-AND-CONTROL---METTA-LANGUAGE3.03","","Wed Nov 06 17:28:45 GMT 2024","passed","Wed Nov 06 17:28:45 GMT 2024","","METTA-LANG","METTA-LANG",""
"","3","RECURSION-AND-CONTROL---METTA-LANGUAGE9.01","","Wed Nov 06 17:28:45 GMT 2024","passed","Wed Nov 06 17:28:45 GMT 2024","","METTA-LANG","METTA-LANG",""
"","2","ZEROARGS.02","","Wed Nov 06 17:25:50 GMT 2024","passed","Wed Nov 06 17:25:50 GMT 2024","","METTA-MORPH-TESTS","METTA-MORPH-TESTS",""
"","3","SUPERCOLLAPSE.03","","Wed Nov 06 17:25:50 GMT 2024","passed","Wed Nov 06 17:25:50 GMT 2024","","METTA-MORPH-TESTS","METTA-MORPH-TESTS",""
"","2","C1-GROUNDED-BASIC.16","","Wed Nov 06 17:44:50 GMT 2024","passed","Wed Nov 06 17:44:50 GMT 2024","","QUICK","QUICK",""
"","3","CONCRETE-TYPES---METTA-LANGUAGE4.01","","Wed Nov 06 17:28:45 GMT 2024","passed","Wed Nov 06 17:28:45 GMT 2024","","METTA-LANG","METTA-LANG",""
"","2","OPERATIONS-OVER-ATOMS---METTA-LANGUAGE1.01","","Wed Nov 06 17:28:45 GMT 2024","passed","Wed Nov 06 17:28:45 GMT 2024","","METTA-LANG","METTA-LANG",""
"","11","D1-GADT.05","","Wed Nov 06 17:44:50 GMT 2024","passed","Wed Nov 06 17:44:50 GMT 2024","","QUICK","QUICK",""
"","72","D2-HIGHERFUNC.07","","Wed Nov 06 17:44:50 GMT 2024","failed","Wed Nov 06 17:44:50 GMT 2024","","QUICK","QUICK",""
"","2","C1-GROUNDED-BASIC.22","","Wed Nov 06 17:44:50 GMT 2024","passed","Wed Nov 06 17:44:50 GMT 2024","","QUICK","QUICK",""
"","6000","metta_lang.Concrete_types___MeTTa_Language9","","Wed Nov 06 17:13:59 GMT 2024","passed","Wed Nov 06 17:14:05 GMT 2024","","WHOLE-TESTS","WHOLE-TESTS",""
"","3","INTERSECTION-TESTS.04","","Wed Nov 06 17:20:33 GMT 2024","passed","Wed Nov 06 17:20:33 GMT 2024","","HYPERON-METTALOG-SANITY","HYPERON-METTALOG-SANITY",""
"","2","D2-HIGHERFUNC.12","","Wed Nov 06 17:18:04 GMT 2024","passed","Wed Nov 06 17:18:04 GMT 2024","","HYPERON-EXPERIMENTAL-SCRIPTS","HYPERON-EXPERIMENTAL-SCRIPTS",""
"","17","FUNCTIONS-AND-UNIFICATION---METTA-LANGUAGE5.02","","Wed Nov 06 17:28:45 GMT 2024","failed","Wed Nov 06 17:28:45 GMT 2024","","METTA-LANG","METTA-LANG",""
"","2","CONTROL-FLOW---METTA-LANGUAGE16.06","","Wed Nov 06 17:28:45 GMT 2024","passed","Wed Nov 06 17:28:45 GMT 2024","","METTA-LANG","METTA-LANG",""
"","2","00-LANG-CASE.09","","Wed Nov 06 17:20:33 GMT 2024","passed","Wed Nov 06 17:20:33 GMT 2024","","HYPERON-METTALOG-SANITY","HYPERON-METTALOG-SANITY",""
"","2","METATYPES---METTA-LANGUAGE7.03","","Wed Nov 06 17:28:45 GMT 2024","passed","Wed Nov 06 17:28:45 GMT 2024","","METTA-LANG","METTA-LANG",""
"","6000","hyperon-mettalog_sanity.01_lang_inc","","Wed Nov 06 17:13:59 GMT 2024","passed","Wed Nov 06 17:14:05 GMT 2024","","WHOLE-TESTS","WHOLE-TESTS",""
"","1","TYPES2.04","","Wed Nov 06 17:25:50 GMT 2024","passed","Wed Nov 06 17:25:50 GMT 2024","","METTA-MORPH-TESTS","METTA-MORPH-TESTS",""
"","3","F1-IMPORTS.01","","Wed Nov 06 17:44:50 GMT 2024","passed","Wed Nov 06 17:44:50 GMT 2024","","QUICK","QUICK",""
"","3","MATCH-VOID.01","","Wed Nov 06 17:25:50 GMT 2024","passed","Wed Nov 06 17:25:50 GMT 2024","","METTA-MORPH-TESTS","METTA-MORPH-TESTS",""
"","2","TEST-IF-CLOSED.10","","Wed Nov 06 17:14:06 GMT 2024","passed","Wed Nov 06 17:14:06 GMT 2024","","ANTI-REGRESSION","ANTI-REGRESSION",""
"","6000","metta_lang.Metatypes___MeTTa_Language1","","Wed Nov 06 17:13:59 GMT 2024","passed","Wed Nov 06 17:14:05 GMT 2024","","WHOLE-TESTS","WHOLE-TESTS",""
"","7000","metta_lang.Metatypes___MeTTa_Language2","","Wed Nov 06 17:13:59 GMT 2024","passed","Wed Nov 06 17:14:06 GMT 2024","","WHOLE-TESTS","WHOLE-TESTS",""
"","2","OR-TEST.19","","Wed Nov 06 17:20:33 GMT 2024","passed","Wed Nov 06 17:20:33 GMT 2024","","HYPERON-METTALOG-SANITY","HYPERON-METTALOG-SANITY",""
"","6000","metta_lang.Basic_evaluation___MeTTa_Language11","","Wed Nov 06 17:13:59 GMT 2024","passed","Wed Nov 06 17:14:05 GMT 2024","","WHOLE-TESTS","WHOLE-TESTS",""
"","7000","metta_lang.Controlling_pattern_matching___MeTTa_Language3","","Wed Nov 06 17:13:59 GMT 2024","passed","Wed Nov 06 17:14:06 GMT 2024","","WHOLE-TESTS","WHOLE-TESTS",""
"","2","D4-TYPE-PROP.15","","Wed Nov 06 17:44:50 GMT 2024","passed","Wed Nov 06 17:44:50 GMT 2024","","QUICK","QUICK",""
"","3","BASIC-EVALUATION---METTA-LANGUAGE14.01","","Wed Nov 06 17:28:45 GMT 2024","passed","Wed Nov 06 17:28:45 GMT 2024","","METTA-LANG","METTA-LANG",""
"","2","CATCH-THROW-TESTS.09","","Wed Nov 06 17:20:33 GMT 2024","passed","Wed Nov 06 17:20:33 GMT 2024","","HYPERON-METTALOG-SANITY","HYPERON-METTALOG-SANITY",""
"","6000","metta-morph_tests.sequential_nested","","Wed Nov 06 17:13:59 GMT 2024","passed","Wed Nov 06 17:14:05 GMT 2024","","WHOLE-TESTS","WHOLE-TESTS",""
"","2","FUNCTIONS-AND-UNIFICATION---METTA-LANGUAGE4.01","","Wed Nov 06 17:28:45 GMT 2024","passed","Wed Nov 06 17:28:45 GMT 2024","","METTA-LANG","METTA-LANG",""
"","2","F1-IMPORTS.12","","Wed Nov 06 17:44:50 GMT 2024","passed","Wed Nov 06 17:44:50 GMT 2024","","QUICK","QUICK",""
"","2","C1-GROUNDED-BASIC.02","","Wed Nov 06 17:18:04 GMT 2024","passed","Wed Nov 06 17:18:04 GMT 2024","","HYPERON-EXPERIMENTAL-SCRIPTS","HYPERON-EXPERIMENTAL-SCRIPTS",""
"","2","CONSOLE-OUTPUT-AND-DEBUGGING---METTA-LANGUAGE2.02","","Wed Nov 06 17:28:45 GMT 2024","passed","Wed Nov 06 17:28:45 GMT 2024","","METTA-LANG","METTA-LANG",""
"","3","CONSOLE-OUTPUT-AND-DEBUGGING---METTA-LANGUAGE3.03","","Wed Nov 06 17:28:45 GMT 2024","passed","Wed Nov 06 17:28:45 GMT 2024","","METTA-LANG","METTA-LANG",""
"","122","CONTROLLING-PATTERN-MATCHING---METTA-LANGUAGE6.03","","Wed Nov 06 17:28:45 GMT 2024","failed","Wed Nov 06 17:28:45 GMT 2024","","METTA-LANG","METTA-LANG",""
"","2","F1-IMPORTS.03","","Wed Nov 06 17:44:50 GMT 2024","passed","Wed Nov 06 17:44:50 GMT 2024","","QUICK","QUICK",""
"","2","01-LANG-INC.02","","Wed Nov 06 17:20:33 GMT 2024","passed","Wed Nov 06 17:20:33 GMT 2024","","HYPERON-METTALOG-SANITY","HYPERON-METTALOG-SANITY",""
"","109","BASIC-EVALUATION---METTA-LANGUAGE15.03","","Wed Nov 06 17:28:45 GMT 2024","passed","Wed Nov 06 17:28:45 GMT 2024","","METTA-LANG","METTA-LANG",""
"","3","A1-SYMBOLS.05","","Wed Nov 06 17:18:04 GMT 2024","passed","Wed Nov 06 17:18:04 GMT 2024","","HYPERON-EXPERIMENTAL-SCRIPTS","HYPERON-EXPERIMENTAL-SCRIPTS",""
"","2","B4-NONDETERM.08","","Wed Nov 06 17:18:04 GMT 2024","passed","Wed Nov 06 17:18:04 GMT 2024","","HYPERON-EXPERIMENTAL-SCRIPTS","HYPERON-EXPERIMENTAL-SCRIPTS",""
"","3","C2-SPACES.01","","Wed Nov 06 17:13:52 GMT 2024","passed","Wed Nov 06 17:13:52 GMT 2024","","MODULE-SYSTEM","MODULE-SYSTEM",""
"","3","B5-TYPES-PRELIM.18","","Wed Nov 06 17:18:04 GMT 2024","passed","Wed Nov 06 17:18:04 GMT 2024","","HYPERON-EXPERIMENTAL-SCRIPTS","HYPERON-EXPERIMENTAL-SCRIPTS",""
"","2","TMPMATCH1.04","","Wed Nov 06 17:14:06 GMT 2024","passed","Wed Nov 06 17:14:06 GMT 2024","","ANTI-REGRESSION","ANTI-REGRESSION",""
"","2","BASIC-GROUNDED-FUNCTIONS---METTA-LANGUAGE2.01","","Wed Nov 06 17:28:45 GMT 2024","passed","Wed Nov 06 17:28:45 GMT 2024","","METTA-LANG","METTA-LANG",""
"","2","CONCRETE-TYPES---METTA-LANGUAGE5.01","","Wed Nov 06 17:28:45 GMT 2024","passed","Wed Nov 06 17:28:45 GMT 2024","","METTA-LANG","METTA-LANG",""
"","2","STATES-SPACES.04","","Wed Nov 06 17:25:50 GMT 2024","passed","Wed Nov 06 17:25:50 GMT 2024","","METTA-MORPH-TESTS","METTA-MORPH-TESTS",""
"","2","D4-TYPE-PROP.17","","Wed Nov 06 17:18:04 GMT 2024","passed","Wed Nov 06 17:18:04 GMT 2024","","HYPERON-EXPERIMENTAL-SCRIPTS","HYPERON-EXPERIMENTAL-SCRIPTS",""
"","3","QUERYING-SPACE-CONTENT---METTA-LANGUAGE5.01","","Wed Nov 06 17:28:45 GMT 2024","passed","Wed Nov 06 17:28:45 GMT 2024","","METTA-LANG","METTA-LANG",""
"","2","WORKING-WITH-SPACES---METTA-LANGUAGE4.03","","Wed Nov 06 17:28:45 GMT 2024","passed","Wed Nov 06 17:28:45 GMT 2024","","METTA-LANG","METTA-LANG",""
"","7000","module-system.f1_imports","","Wed Nov 06 17:13:59 GMT 2024","passed","Wed Nov 06 17:14:06 GMT 2024","","WHOLE-TESTS","WHOLE-TESTS",""
"","3","WORKING-WITH-SPACES---METTA-LANGUAGE9.03","","Wed Nov 06 17:28:45 GMT 2024","passed","Wed Nov 06 17:28:45 GMT 2024","","METTA-LANG","METTA-LANG",""
"","2","STRING-TESTS.10","","Wed Nov 06 17:20:33 GMT 2024","passed","Wed Nov 06 17:20:33 GMT 2024","","HYPERON-METTALOG-SANITY","HYPERON-METTALOG-SANITY",""
"","6000","metta-morph_tests.zeroargs","","Wed Nov 06 17:13:59 GMT 2024","passed","Wed Nov 06 17:14:05 GMT 2024","","WHOLE-TESTS","WHOLE-TESTS",""
"","2","OR-TEST.03","","Wed Nov 06 17:20:33 GMT 2024","passed","Wed Nov 06 17:20:33 GMT 2024","","HYPERON-METTALOG-SANITY","HYPERON-METTALOG-SANITY",""
"","3","FIRST-ANSWER.01","","Wed Nov 06 17:20:33 GMT 2024","passed","Wed Nov 06 17:20:33 GMT 2024","","HYPERON-METTALOG-SANITY","HYPERON-METTALOG-SANITY",""
"","2","D2-HIGHERFUNC.17","","Wed Nov 06 17:18:04 GMT 2024","passed","Wed Nov 06 17:18:04 GMT 2024","","HYPERON-EXPERIMENTAL-SCRIPTS","HYPERON-EXPERIMENTAL-SCRIPTS",""
"","3","RECURSIVE-AND-PARAMETRIC-TYPES---METTA-LANGUAGE8.01","","Wed Nov 06 17:28:45 GMT 2024","passed","Wed Nov 06 17:28:45 GMT 2024","","METTA-LANG","METTA-LANG",""
"","3","CONSOLE-OUTPUT-AND-DEBUGGING---METTA-LANGUAGE3.05","","Wed Nov 06 17:28:45 GMT 2024","passed","Wed Nov 06 17:28:45 GMT 2024","","METTA-LANG","METTA-LANG",""
"","13","D2-HIGHERFUNC.21","","Wed Nov 06 17:18:04 GMT 2024","passed","Wed Nov 06 17:18:04 GMT 2024","","HYPERON-EXPERIMENTAL-SCRIPTS","HYPERON-EXPERIMENTAL-SCRIPTS",""
"","2","FIND-ALL-TESTS.05","","Wed Nov 06 17:20:33 GMT 2024","passed","Wed Nov 06 17:20:33 GMT 2024","","HYPERON-METTALOG-SANITY","HYPERON-METTALOG-SANITY",""
"","2","00-LANG-CASE.17","","Wed Nov 06 17:20:33 GMT 2024","passed","Wed Nov 06 17:20:33 GMT 2024","","HYPERON-METTALOG-SANITY","HYPERON-METTALOG-SANITY",""
"","3","BASIC-GROUNDED-FUNCTIONS---METTA-LANGUAGE6.01","","Wed Nov 06 17:28:45 GMT 2024","passed","Wed Nov 06 17:28:45 GMT 2024","","METTA-LANG","METTA-LANG",""
"","2","B4-NONDETERM.09","","Wed Nov 06 17:18:04 GMT 2024","passed","Wed Nov 06 17:18:04 GMT 2024","","HYPERON-EXPERIMENTAL-SCRIPTS","HYPERON-EXPERIMENTAL-SCRIPTS",""
"","2","SUPERPOSE-NESTED.04","","Wed Nov 06 17:25:50 GMT 2024","passed","Wed Nov 06 17:25:50 GMT 2024","","METTA-MORPH-TESTS","METTA-MORPH-TESTS",""
"","2","OR-TEST.06","","Wed Nov 06 17:20:33 GMT 2024","passed","Wed Nov 06 17:20:33 GMT 2024","","HYPERON-METTALOG-SANITY","HYPERON-METTALOG-SANITY",""
"","6000","metta_lang.Working_with_spaces___MeTTa_Language1","","Wed Nov 06 17:13:59 GMT 2024","passed","Wed Nov 06 17:14:05 GMT 2024","","WHOLE-TESTS","WHOLE-TESTS",""
"","6000","metta_lang.Recursive_and_parametric_types___MeTTa_Language2","","Wed Nov 06 17:13:59 GMT 2024","passed","Wed Nov 06 17:14:05 GMT 2024","","WHOLE-TESTS","WHOLE-TESTS",""
"","7000","metta_lang.Metatypes___MeTTa_Language7","","Wed Nov 06 17:13:59 GMT 2024","passed","Wed Nov 06 17:14:06 GMT 2024","","WHOLE-TESTS","WHOLE-TESTS",""
"","2","WORKING-WITH-SPACES---METTA-LANGUAGE2.02","","Wed Nov 06 17:28:45 GMT 2024","passed","Wed Nov 06 17:28:45 GMT 2024","","METTA-LANG","METTA-LANG",""
"","2","METTALOGTESTCURRIED2.06","","Wed Nov 06 17:14:06 GMT 2024","passed","Wed Nov 06 17:14:06 GMT 2024","","ANTI-REGRESSION","ANTI-REGRESSION",""
"","3","D4-TYPE-PROP.04","","Wed Nov 06 17:44:50 GMT 2024","passed","Wed Nov 06 17:44:50 GMT 2024","","QUICK","QUICK",""
"","2","QUERYING-SPACE-CONTENT---METTA-LANGUAGE2.04","","Wed Nov 06 17:28:45 GMT 2024","passed","Wed Nov 06 17:28:45 GMT 2024","","METTA-LANG","METTA-LANG",""
"","6000","hyperon-experimental_scripts.b3_direct","","Wed Nov 06 17:13:59 GMT 2024","passed","Wed Nov 06 17:14:05 GMT 2024","","WHOLE-TESTS","WHOLE-TESTS",""
"","2","QUERYING-SPACE-CONTENT---METTA-LANGUAGE5.02","","Wed Nov 06 17:28:45 GMT 2024","passed","Wed Nov 06 17:28:45 GMT 2024","","METTA-LANG","METTA-LANG",""
"","3","RECURSION-AND-CONTROL---METTA-LANGUAGE3.05","","Wed Nov 06 17:28:45 GMT 2024","passed","Wed Nov 06 17:28:45 GMT 2024","","METTA-LANG","METTA-LANG",""
"","3","RECURSION-AND-CONTROL---METTA-LANGUAGE6.03","","Wed Nov 06 17:28:45 GMT 2024","passed","Wed Nov 06 17:28:45 GMT 2024","","METTA-LANG","METTA-LANG",""
"","2","TMPMATCH1.01","","Wed Nov 06 17:14:06 GMT 2024","passed","Wed Nov 06 17:14:06 GMT 2024","","ANTI-REGRESSION","ANTI-REGRESSION",""
"","2","QUERYING-SPACE-CONTENT---METTA-LANGUAGE2.02","","Wed Nov 06 17:28:45 GMT 2024","passed","Wed Nov 06 17:28:45 GMT 2024","","METTA-LANG","METTA-LANG",""
"","3","F1-MODULEA.04","","Wed Nov 06 17:44:50 GMT 2024","passed","Wed Nov 06 17:44:50 GMT 2024","","QUICK","QUICK",""
"","7000","metta_lang.Console_output_and_debugging___MeTTa_Language3","","Wed Nov 06 17:13:59 GMT 2024","passed","Wed Nov 06 17:14:06 GMT 2024","","WHOLE-TESTS","WHOLE-TESTS",""
"","3","F1-IMPORTS.05","","Wed Nov 06 17:13:52 GMT 2024","passed","Wed Nov 06 17:13:52 GMT 2024","","MODULE-SYSTEM","MODULE-SYSTEM",""
"","1","D4-TYPE-PROP.16","","Wed Nov 06 17:44:50 GMT 2024","passed","Wed Nov 06 17:44:50 GMT 2024","","QUICK","QUICK",""
"","6000","hyperon-experimental_scripts.b0_chaining_prelim","","Wed Nov 06 17:13:59 GMT 2024","passed","Wed Nov 06 17:14:05 GMT 2024","","WHOLE-TESTS","WHOLE-TESTS",""
"","82","BASIC-GROUNDED-FUNCTIONS---METTA-LANGUAGE4.04","","Wed Nov 06 17:28:45 GMT 2024","failed","Wed Nov 06 17:28:45 GMT 2024","","METTA-LANG","METTA-LANG",""
"","2","F1-IMPORTS.16","","Wed Nov 06 17:18:04 GMT 2024","passed","Wed Nov 06 17:18:04 GMT 2024","","HYPERON-EXPERIMENTAL-SCRIPTS","HYPERON-EXPERIMENTAL-SCRIPTS",""
"","9000","hyperon-mettalog_sanity.max_time_tests","","Wed Nov 06 17:13:59 GMT 2024","passed","Wed Nov 06 17:14:08 GMT 2024","","WHOLE-TESTS","WHOLE-TESTS",""
"","1","MATCH-VOID.07","","Wed Nov 06 17:25:50 GMT 2024","passed","Wed Nov 06 17:25:50 GMT 2024","","METTA-MORPH-TESTS","METTA-MORPH-TESTS",""
"","6000","metta_lang.Operations_over_atoms___MeTTa_Language7","","Wed Nov 06 17:13:59 GMT 2024","passed","Wed Nov 06 17:14:05 GMT 2024","","WHOLE-TESTS","WHOLE-TESTS",""
"","4","RECURSION-AND-CONTROL---METTA-LANGUAGE7.01","","Wed Nov 06 17:28:45 GMT 2024","passed","Wed Nov 06 17:28:45 GMT 2024","","METTA-LANG","METTA-LANG",""
"","6000","metta-wam-issue-116.test_spo_100","","Wed Nov 06 17:13:59 GMT 2024","passed","Wed Nov 06 17:14:05 GMT 2024","","WHOLE-TESTS","WHOLE-TESTS",""
"","2","D4-TYPE-PROP.08","","Wed Nov 06 17:44:50 GMT 2024","passed","Wed Nov 06 17:44:50 GMT 2024","","QUICK","QUICK",""
"","2","SPACE-INTERSECTION-TESTS.14","","Wed Nov 06 17:20:33 GMT 2024","passed","Wed Nov 06 17:20:33 GMT 2024","","HYPERON-METTALOG-SANITY","HYPERON-METTALOG-SANITY",""
"","2","CONTROL-FLOW---METTA-LANGUAGE10.03","","Wed Nov 06 17:28:45 GMT 2024","passed","Wed Nov 06 17:28:45 GMT 2024","","METTA-LANG","METTA-LANG",""
"","3","D1-GADT.01","","Wed Nov 06 17:18:04 GMT 2024","passed","Wed Nov 06 17:18:04 GMT 2024","","HYPERON-EXPERIMENTAL-SCRIPTS","HYPERON-EXPERIMENTAL-SCRIPTS",""
"","7000","hyperon-experimental_scripts.d5_auto_types","","Wed Nov 06 17:13:59 GMT 2024","passed","Wed Nov 06 17:14:06 GMT 2024","","WHOLE-TESTS","WHOLE-TESTS",""
"","104","MAX-TIME-TESTS.04","","Wed Nov 06 17:20:33 GMT 2024","failed","Wed Nov 06 17:20:33 GMT 2024","","HYPERON-METTALOG-SANITY","HYPERON-METTALOG-SANITY",""
"","2","BASIC-GROUNDED-FUNCTIONS---METTA-LANGUAGE2.02","","Wed Nov 06 17:28:45 GMT 2024","passed","Wed Nov 06 17:28:45 GMT 2024","","METTA-LANG","METTA-LANG",""
"","3","HANDLING-NONDETERMINISTIC-RESULTS---METTA-LANGUAGE6.03","","Wed Nov 06 17:28:45 GMT 2024","passed","Wed Nov 06 17:28:45 GMT 2024","","METTA-LANG","METTA-LANG",""
"","2","INTERSECTION-TESTS.08","","Wed Nov 06 17:20:33 GMT 2024","passed","Wed Nov 06 17:20:33 GMT 2024","","HYPERON-METTALOG-SANITY","HYPERON-METTALOG-SANITY",""
"","5","MATCH-FEVAL.01","","Wed Nov 06 17:25:50 GMT 2024","passed","Wed Nov 06 17:25:50 GMT 2024","","METTA-MORPH-TESTS","METTA-MORPH-TESTS",""
"","53","CONSOLE-OUTPUT-AND-DEBUGGING---METTA-LANGUAGE5.03","","Wed Nov 06 17:28:45 GMT 2024","passed","Wed Nov 06 17:28:45 GMT 2024","","METTA-LANG","METTA-LANG",""
"","7000","anti-regression.mettalogTestCurried2","","Wed Nov 06 17:13:59 GMT 2024","passed","Wed Nov 06 17:14:06 GMT 2024","","WHOLE-TESTS","WHOLE-TESTS",""
"","2","FUNCTIONS-AND-UNIFICATION---METTA-LANGUAGE3.02","","Wed Nov 06 17:28:45 GMT 2024","passed","Wed Nov 06 17:28:45 GMT 2024","","METTA-LANG","METTA-LANG",""
"","1","D2-HIGHERFUNC.12","","Wed Nov 06 17:44:50 GMT 2024","passed","Wed Nov 06 17:44:50 GMT 2024","","QUICK","QUICK",""
"","6000","metta_lang.Handling_nondeterministic_results___MeTTa_Language4","","Wed Nov 06 17:13:59 GMT 2024","passed","Wed Nov 06 17:14:05 GMT 2024","","WHOLE-TESTS","WHOLE-TESTS",""
"","2","METATYPES---METTA-LANGUAGE2.05","","Wed Nov 06 17:28:45 GMT 2024","passed","Wed Nov 06 17:28:45 GMT 2024","","METTA-LANG","METTA-LANG",""
"","2","STRING-TESTS.06","","Wed Nov 06 17:20:33 GMT 2024","passed","Wed Nov 06 17:20:33 GMT 2024","","HYPERON-METTALOG-SANITY","HYPERON-METTALOG-SANITY",""
"","4","A2-OPENCOGGY.01","","Wed Nov 06 17:18:04 GMT 2024","passed","Wed Nov 06 17:18:04 GMT 2024","","HYPERON-EXPERIMENTAL-SCRIPTS","HYPERON-EXPERIMENTAL-SCRIPTS",""
"","6000","metta_lang.Recursion_and_control___MeTTa_Language4","","Wed Nov 06 17:13:59 GMT 2024","passed","Wed Nov 06 17:14:05 GMT 2024","","WHOLE-TESTS","WHOLE-TESTS",""
"","1","C1-GROUNDED-BASIC.12","","Wed Nov 06 17:44:50 GMT 2024","passed","Wed Nov 06 17:44:50 GMT 2024","","QUICK","QUICK",""
"","1","D1-GADT.14","","Wed Nov 06 17:18:04 GMT 2024","passed","Wed Nov 06 17:18:04 GMT 2024","","HYPERON-EXPERIMENTAL-SCRIPTS","HYPERON-EXPERIMENTAL-SCRIPTS",""
"","6000","metta-morph_tests.hyperpose","","Wed Nov 06 17:13:59 GMT 2024","passed","Wed Nov 06 17:14:05 GMT 2024","","WHOLE-TESTS","WHOLE-TESTS",""
"","3","CONTROL-FLOW---METTA-LANGUAGE13.02","","Wed Nov 06 17:28:45 GMT 2024","passed","Wed Nov 06 17:28:45 GMT 2024","","METTA-LANG","METTA-LANG",""
"","6000","metta_lang.Control_flow___MeTTa_Language13","","Wed Nov 06 17:13:59 GMT 2024","passed","Wed Nov 06 17:14:05 GMT 2024","","WHOLE-TESTS","WHOLE-TESTS",""
"","3","B5-TYPES-PRELIM.12","","Wed Nov 06 17:18:04 GMT 2024","passed","Wed Nov 06 17:18:04 GMT 2024","","HYPERON-EXPERIMENTAL-SCRIPTS","HYPERON-EXPERIMENTAL-SCRIPTS",""
"","3","STATES-SPACES.01","","Wed Nov 06 17:25:50 GMT 2024","passed","Wed Nov 06 17:25:50 GMT 2024","","METTA-MORPH-TESTS","METTA-MORPH-TESTS",""
"","3","00-LANG-CASE.13","","Wed Nov 06 17:20:33 GMT 2024","passed","Wed Nov 06 17:20:33 GMT 2024","","HYPERON-METTALOG-SANITY","HYPERON-METTALOG-SANITY",""
"","3","RECURSION-AND-CONTROL---METTA-LANGUAGE8.01","","Wed Nov 06 17:28:45 GMT 2024","passed","Wed Nov 06 17:28:45 GMT 2024","","METTA-LANG","METTA-LANG",""
"","3","F1-MODULEA.03","","Wed Nov 06 17:13:52 GMT 2024","passed","Wed Nov 06 17:13:52 GMT 2024","","MODULE-SYSTEM","MODULE-SYSTEM",""
"","2","D2-HIGHERFUNC.06","","Wed Nov 06 17:18:04 GMT 2024","passed","Wed Nov 06 17:18:04 GMT 2024","","HYPERON-EXPERIMENTAL-SCRIPTS","HYPERON-EXPERIMENTAL-SCRIPTS",""
"","2","D3-DEPTYPES.07","","Wed Nov 06 17:18:04 GMT 2024","passed","Wed Nov 06 17:18:04 GMT 2024","","HYPERON-EXPERIMENTAL-SCRIPTS","HYPERON-EXPERIMENTAL-SCRIPTS",""
"","6000","hyperon-experimental_scripts.d4_type_prop","","Wed Nov 06 17:13:59 GMT 2024","passed","Wed Nov 06 17:14:05 GMT 2024","","WHOLE-TESTS","WHOLE-TESTS",""
"","2","FUNCTIONS-AND-UNIFICATION---METTA-LANGUAGE6.02","","Wed Nov 06 17:28:45 GMT 2024","passed","Wed Nov 06 17:28:45 GMT 2024","","METTA-LANG","METTA-LANG",""
"","2","06-MATCH-IN-SPACE.03","","Wed Nov 06 17:20:33 GMT 2024","passed","Wed Nov 06 17:20:33 GMT 2024","","HYPERON-METTALOG-SANITY","HYPERON-METTALOG-SANITY",""
"","2","CONTROLLING-PATTERN-MATCHING---METTA-LANGUAGE12.12","","Wed Nov 06 17:28:45 GMT 2024","passed","Wed Nov 06 17:28:45 GMT 2024","","METTA-LANG","METTA-LANG",""
"","6000","metta_lang.Basic_grounded_functions___MeTTa_Language3","","Wed Nov 06 17:13:59 GMT 2024","passed","Wed Nov 06 17:14:05 GMT 2024","","WHOLE-TESTS","WHOLE-TESTS",""
"","2","OPERATIONS-OVER-ATOMS---METTA-LANGUAGE2.05","","Wed Nov 06 17:28:45 GMT 2024","passed","Wed Nov 06 17:28:45 GMT 2024","","METTA-LANG","METTA-LANG",""
"","2","WORKING-WITH-SPACES---METTA-LANGUAGE8.04","","Wed Nov 06 17:28:45 GMT 2024","passed","Wed Nov 06 17:28:45 GMT 2024","","METTA-LANG","METTA-LANG",""
"","2","E1-KB-WRITE.02","","Wed Nov 06 17:18:04 GMT 2024","passed","Wed Nov 06 17:18:04 GMT 2024","","HYPERON-EXPERIMENTAL-SCRIPTS","HYPERON-EXPERIMENTAL-SCRIPTS",""
"","3","XOR-TEST.05","","Wed Nov 06 17:20:33 GMT 2024","passed","Wed Nov 06 17:20:33 GMT 2024","","HYPERON-METTALOG-SANITY","HYPERON-METTALOG-SANITY",""
"","3","CONTROL-FLOW---METTA-LANGUAGE16.05","","Wed Nov 06 17:28:45 GMT 2024","passed","Wed Nov 06 17:28:45 GMT 2024","","METTA-LANG","METTA-LANG",""
"","2","QUERYING-SPACE-CONTENT---METTA-LANGUAGE5.03","","Wed Nov 06 17:28:45 GMT 2024","passed","Wed Nov 06 17:28:45 GMT 2024","","METTA-LANG","METTA-LANG",""
"","8000","anti-regression.bc_comp","","Wed Nov 06 17:13:59 GMT 2024","passed","Wed Nov 06 17:14:07 GMT 2024","","WHOLE-TESTS","WHOLE-TESTS",""
"","2","STRING-TESTS.02","","Wed Nov 06 17:20:33 GMT 2024","passed","Wed Nov 06 17:20:33 GMT 2024","","HYPERON-METTALOG-SANITY","HYPERON-METTALOG-SANITY",""
"","2","BASIC-GROUNDED-FUNCTIONS---METTA-LANGUAGE4.01","","Wed Nov 06 17:28:45 GMT 2024","passed","Wed Nov 06 17:28:45 GMT 2024","","METTA-LANG","METTA-LANG",""
"","2","BCHAIN-COMP.06","","Wed Nov 06 17:14:06 GMT 2024","passed","Wed Nov 06 17:14:06 GMT 2024","","ANTI-REGRESSION","ANTI-REGRESSION",""
"","54","RECURSIVE-AND-PARAMETRIC-TYPES---METTA-LANGUAGE5.06","","Wed Nov 06 17:28:45 GMT 2024","failed","Wed Nov 06 17:28:45 GMT 2024","","METTA-LANG","METTA-LANG",""
"","3","CONCRETE-TYPES---METTA-LANGUAGE3.01","","Wed Nov 06 17:28:45 GMT 2024","passed","Wed Nov 06 17:28:45 GMT 2024","","METTA-LANG","METTA-LANG",""
"","2","INTERSECTION-TESTS.30","","Wed Nov 06 17:20:33 GMT 2024","passed","Wed Nov 06 17:20:33 GMT 2024","","HYPERON-METTALOG-SANITY","HYPERON-METTALOG-SANITY",""
"","578","TMPMATCH2.05","","Wed Nov 06 17:14:06 GMT 2024","passed","Wed Nov 06 17:14:06 GMT 2024","","ANTI-REGRESSION","ANTI-REGRESSION",""
"","6000","hyperon-experimental_scripts.a1_symbols","","Wed Nov 06 17:13:59 GMT 2024","passed","Wed Nov 06 17:14:05 GMT 2024","","WHOLE-TESTS","WHOLE-TESTS",""
"","2","WORKING-WITH-SPACES---METTA-LANGUAGE6.03","","Wed Nov 06 17:28:45 GMT 2024","passed","Wed Nov 06 17:28:45 GMT 2024","","METTA-LANG","METTA-LANG",""
"","56","WORKING-WITH-SPACES---METTA-LANGUAGE8.06","","Wed Nov 06 17:28:45 GMT 2024","failed","Wed Nov 06 17:28:45 GMT 2024","","METTA-LANG","METTA-LANG",""
"","2","CONSOLE-OUTPUT-AND-DEBUGGING---METTA-LANGUAGE5.01","","Wed Nov 06 17:28:45 GMT 2024","passed","Wed Nov 06 17:28:45 GMT 2024","","METTA-LANG","METTA-LANG",""
"","2","00-LANG-CASE.04","","Wed Nov 06 17:20:33 GMT 2024","passed","Wed Nov 06 17:20:33 GMT 2024","","HYPERON-METTALOG-SANITY","HYPERON-METTALOG-SANITY",""
"","2","HANDLING-NONDETERMINISTIC-RESULTS---METTA-LANGUAGE1.04","","Wed Nov 06 17:28:45 GMT 2024","passed","Wed Nov 06 17:28:45 GMT 2024","","METTA-LANG","METTA-LANG",""
"","3","F1-MODULEA.07","","Wed Nov 06 17:18:04 GMT 2024","passed","Wed Nov 06 17:18:04 GMT 2024","","HYPERON-EXPERIMENTAL-SCRIPTS","HYPERON-EXPERIMENTAL-SCRIPTS",""
"","2","B4-NONDETERM.05","","Wed Nov 06 17:18:04 GMT 2024","passed","Wed Nov 06 17:18:04 GMT 2024","","HYPERON-EXPERIMENTAL-SCRIPTS","HYPERON-EXPERIMENTAL-SCRIPTS",""
"","17","WORKING-WITH-SPACES---METTA-LANGUAGE2.06","","Wed Nov 06 17:28:45 GMT 2024","failed","Wed Nov 06 17:28:45 GMT 2024","","METTA-LANG","METTA-LANG",""
"","7000","anti-regression.tmpMatch1","","Wed Nov 06 17:13:59 GMT 2024","passed","Wed Nov 06 17:14:06 GMT 2024","","WHOLE-TESTS","WHOLE-TESTS",""
"","3","UNIQUE-TEST.01","","Wed Nov 06 17:20:33 GMT 2024","passed","Wed Nov 06 17:20:33 GMT 2024","","HYPERON-METTALOG-SANITY","HYPERON-METTALOG-SANITY",""
"","2","CONSOLE-OUTPUT-AND-DEBUGGING---METTA-LANGUAGE2.09","","Wed Nov 06 17:28:45 GMT 2024","passed","Wed Nov 06 17:28:45 GMT 2024","","METTA-LANG","METTA-LANG",""
"","2","INTERSECTION-TESTS.03","","Wed Nov 06 17:20:33 GMT 2024","passed","Wed Nov 06 17:20:33 GMT 2024","","HYPERON-METTALOG-SANITY","HYPERON-METTALOG-SANITY",""
"","2","D2-HIGHERFUNC.02","","Wed Nov 06 17:44:50 GMT 2024","passed","Wed Nov 06 17:44:50 GMT 2024","","QUICK","QUICK",""
"","6000","metta_lang.Working_with_spaces___MeTTa_Language9","","Wed Nov 06 17:13:59 GMT 2024","passed","Wed Nov 06 17:14:05 GMT 2024","","WHOLE-TESTS","WHOLE-TESTS",""
"","2","INTERSECTION-TESTS.10","","Wed Nov 06 17:20:33 GMT 2024","passed","Wed Nov 06 17:20:33 GMT 2024","","HYPERON-METTALOG-SANITY","HYPERON-METTALOG-SANITY",""
"","3","HANDLING-NONDETERMINISTIC-RESULTS---METTA-LANGUAGE4.02","","Wed Nov 06 17:28:45 GMT 2024","passed","Wed Nov 06 17:28:45 GMT 2024","","METTA-LANG","METTA-LANG",""
"","2","INTERSECTION-TESTS.16","","Wed Nov 06 17:20:33 GMT 2024","passed","Wed Nov 06 17:20:33 GMT 2024","","HYPERON-METTALOG-SANITY","HYPERON-METTALOG-SANITY",""
"","3","CONTROLLING-PATTERN-MATCHING---METTA-LANGUAGE3.01","","Wed Nov 06 17:28:45 GMT 2024","passed","Wed Nov 06 17:28:45 GMT 2024","","METTA-LANG","METTA-LANG",""
"","7000","metta_lang.Controlling_pattern_matching___MeTTa_Language1","","Wed Nov 06 17:13:59 GMT 2024","passed","Wed Nov 06 17:14:06 GMT 2024","","WHOLE-TESTS","WHOLE-TESTS",""
"","2","D1-GADT.06","","Wed Nov 06 17:44:50 GMT 2024","passed","Wed Nov 06 17:44:50 GMT 2024","","QUICK","QUICK",""
"","2","WORKING-WITH-SPACES---METTA-LANGUAGE8.05","","Wed Nov 06 17:28:45 GMT 2024","passed","Wed Nov 06 17:28:45 GMT 2024","","METTA-LANG","METTA-LANG",""
"","19","FUNCTIONS-AND-UNIFICATION---METTA-LANGUAGE7.02","","Wed Nov 06 17:28:45 GMT 2024","failed","Wed Nov 06 17:28:45 GMT 2024","","METTA-LANG","METTA-LANG",""
"","2","C1-GROUNDED-BASIC.19","","Wed Nov 06 17:18:04 GMT 2024","passed","Wed Nov 06 17:18:04 GMT 2024","","HYPERON-EXPERIMENTAL-SCRIPTS","HYPERON-EXPERIMENTAL-SCRIPTS",""
"","2","SEQUENTIAL-NESTED.02","","Wed Nov 06 17:25:50 GMT 2024","passed","Wed Nov 06 17:25:50 GMT 2024","","METTA-MORPH-TESTS","METTA-MORPH-TESTS",""
"","2","D3-DEPTYPES.05","","Wed Nov 06 17:18:04 GMT 2024","passed","Wed Nov 06 17:18:04 GMT 2024","","HYPERON-EXPERIMENTAL-SCRIPTS","HYPERON-EXPERIMENTAL-SCRIPTS",""
"","3","QUERYING-SPACE-CONTENT---METTA-LANGUAGE4.02","","Wed Nov 06 17:28:45 GMT 2024","passed","Wed Nov 06 17:28:45 GMT 2024","","METTA-LANG","METTA-LANG",""
"","3","SUPERPOSE-NESTED.01","","Wed Nov 06 17:25:50 GMT 2024","passed","Wed Nov 06 17:25:50 GMT 2024","","METTA-MORPH-TESTS","METTA-MORPH-TESTS",""
"","2","F1-IMPORTS.14","","Wed Nov 06 17:44:50 GMT 2024","passed","Wed Nov 06 17:44:50 GMT 2024","","QUICK","QUICK",""
"","6000","metta_lang.Operations_over_atoms___MeTTa_Language8","","Wed Nov 06 17:13:59 GMT 2024","passed","Wed Nov 06 17:14:05 GMT 2024","","WHOLE-TESTS","WHOLE-TESTS",""
"","9","E3-MATCH-STATES.05","","Wed Nov 06 17:18:04 GMT 2024","failed","Wed Nov 06 17:18:04 GMT 2024","","HYPERON-EXPERIMENTAL-SCRIPTS","HYPERON-EXPERIMENTAL-SCRIPTS",""
"","109","WORKING-WITH-SPACES---METTA-LANGUAGE1.08","","Wed Nov 06 17:28:45 GMT 2024","failed","Wed Nov 06 17:28:45 GMT 2024","","METTA-LANG","METTA-LANG",""
"","6000","metta_lang.Basic_evaluation___MeTTa_Language13","","Wed Nov 06 17:13:59 GMT 2024","passed","Wed Nov 06 17:14:05 GMT 2024","","WHOLE-TESTS","WHOLE-TESTS",""
"","2","E2-STATES.09","","Wed Nov 06 17:18:04 GMT 2024","passed","Wed Nov 06 17:18:04 GMT 2024","","HYPERON-EXPERIMENTAL-SCRIPTS","HYPERON-EXPERIMENTAL-SCRIPTS",""
"","3","SUBTRACTION-TEST.10","","Wed Nov 06 17:20:33 GMT 2024","passed","Wed Nov 06 17:20:33 GMT 2024","","HYPERON-METTALOG-SANITY","HYPERON-METTALOG-SANITY",""
"","2","CONTROL-FLOW---METTA-LANGUAGE15.06","","Wed Nov 06 17:28:45 GMT 2024","passed","Wed Nov 06 17:28:45 GMT 2024","","METTA-LANG","METTA-LANG",""
"","6000","metta_lang.Handling_nondeterministic_results___MeTTa_Language6","","Wed Nov 06 17:13:59 GMT 2024","passed","Wed Nov 06 17:14:05 GMT 2024","","WHOLE-TESTS","WHOLE-TESTS",""
"","3","D2-HIGHERFUNC.05","","Wed Nov 06 17:44:50 GMT 2024","passed","Wed Nov 06 17:44:50 GMT 2024","","QUICK","QUICK",""
"","2","CONTROL-FLOW---METTA-LANGUAGE16.04","","Wed Nov 06 17:28:45 GMT 2024","passed","Wed Nov 06 17:28:45 GMT 2024","","METTA-LANG","METTA-LANG",""
"","2","SUBTRACTION-TEST.02","","Wed Nov 06 17:20:33 GMT 2024","passed","Wed Nov 06 17:20:33 GMT 2024","","HYPERON-METTALOG-SANITY","HYPERON-METTALOG-SANITY",""
"","2","SEALED-TEST.06","","Wed Nov 06 17:20:33 GMT 2024","passed","Wed Nov 06 17:20:33 GMT 2024","","HYPERON-METTALOG-SANITY","HYPERON-METTALOG-SANITY",""
"","3","E2-STATES.05","","Wed Nov 06 17:18:04 GMT 2024","passed","Wed Nov 06 17:18:04 GMT 2024","","HYPERON-EXPERIMENTAL-SCRIPTS","HYPERON-EXPERIMENTAL-SCRIPTS",""
"","7000","hyperon-mettalog_sanity.space_subtraction_tests","","Wed Nov 06 17:13:59 GMT 2024","passed","Wed Nov 06 17:14:06 GMT 2024","","WHOLE-TESTS","WHOLE-TESTS",""
"","14","D2-HIGHERFUNC.20","","Wed Nov 06 17:18:04 GMT 2024","passed","Wed Nov 06 17:18:04 GMT 2024","","HYPERON-EXPERIMENTAL-SCRIPTS","HYPERON-EXPERIMENTAL-SCRIPTS",""
"","2","D2-HIGHERFUNC.02","","Wed Nov 06 17:18:04 GMT 2024","passed","Wed Nov 06 17:18:04 GMT 2024","","HYPERON-EXPERIMENTAL-SCRIPTS","HYPERON-EXPERIMENTAL-SCRIPTS",""
"","3","HANDLING-NONDETERMINISTIC-RESULTS---METTA-LANGUAGE6.01","","Wed Nov 06 17:28:45 GMT 2024","passed","Wed Nov 06 17:28:45 GMT 2024","","METTA-LANG","METTA-LANG",""
"","16","D3-DEPTYPES.04","","Wed Nov 06 17:18:04 GMT 2024","passed","Wed Nov 06 17:18:04 GMT 2024","","HYPERON-EXPERIMENTAL-SCRIPTS","HYPERON-EXPERIMENTAL-SCRIPTS",""
"","3","CONTROL-FLOW---METTA-LANGUAGE15.05","","Wed Nov 06 17:28:45 GMT 2024","passed","Wed Nov 06 17:28:45 GMT 2024","","METTA-LANG","METTA-LANG",""
"","3","RECURSION-AND-CONTROL---METTA-LANGUAGE3.02","","Wed Nov 06 17:28:45 GMT 2024","passed","Wed Nov 06 17:28:45 GMT 2024","","METTA-LANG","METTA-LANG",""
"","3","CONSOLE-OUTPUT-AND-DEBUGGING---METTA-LANGUAGE2.08","","Wed Nov 06 17:28:45 GMT 2024","passed","Wed Nov 06 17:28:45 GMT 2024","","METTA-LANG","METTA-LANG",""
"","2","00-LANG-CASE.18","","Wed Nov 06 17:20:33 GMT 2024","passed","Wed Nov 06 17:20:33 GMT 2024","","HYPERON-METTALOG-SANITY","HYPERON-METTALOG-SANITY",""
"","7000","metta_lang.Operations_over_atoms___MeTTa_Language4","","Wed Nov 06 17:13:59 GMT 2024","passed","Wed Nov 06 17:14:06 GMT 2024","","WHOLE-TESTS","WHOLE-TESTS",""
"","3","B2-BACKCHAIN.05","","Wed Nov 06 17:18:04 GMT 2024","passed","Wed Nov 06 17:18:04 GMT 2024","","HYPERON-EXPERIMENTAL-SCRIPTS","HYPERON-EXPERIMENTAL-SCRIPTS",""
"","2","C2-SPACES.05","","Wed Nov 06 17:18:04 GMT 2024","passed","Wed Nov 06 17:18:04 GMT 2024","","HYPERON-EXPERIMENTAL-SCRIPTS","HYPERON-EXPERIMENTAL-SCRIPTS",""
"","54","D5-AUTO-TYPES.02","","Wed Nov 06 17:18:04 GMT 2024","failed","Wed Nov 06 17:18:04 GMT 2024","","HYPERON-EXPERIMENTAL-SCRIPTS","HYPERON-EXPERIMENTAL-SCRIPTS",""
"","2","F1-MODULEA.04","","Wed Nov 06 17:18:04 GMT 2024","passed","Wed Nov 06 17:18:04 GMT 2024","","HYPERON-EXPERIMENTAL-SCRIPTS","HYPERON-EXPERIMENTAL-SCRIPTS",""
"","83","CONTROLLING-PATTERN-MATCHING---METTA-LANGUAGE4.02","","Wed Nov 06 17:28:45 GMT 2024","passed","Wed Nov 06 17:28:45 GMT 2024","","METTA-LANG","METTA-LANG",""
"","1","D2-HIGHERFUNC.08","","Wed Nov 06 17:18:04 GMT 2024","passed","Wed Nov 06 17:18:04 GMT 2024","","HYPERON-EXPERIMENTAL-SCRIPTS","HYPERON-EXPERIMENTAL-SCRIPTS",""
"","6000","metta_lang.Controlling_pattern_matching___MeTTa_Language12","","Wed Nov 06 17:13:59 GMT 2024","passed","Wed Nov 06 17:14:05 GMT 2024","","WHOLE-TESTS","WHOLE-TESTS",""
"","2","C2-SPACES.03","","Wed Nov 06 17:18:04 GMT 2024","passed","Wed Nov 06 17:18:04 GMT 2024","","HYPERON-EXPERIMENTAL-SCRIPTS","HYPERON-EXPERIMENTAL-SCRIPTS",""
"","3","TYPES2.01","","Wed Nov 06 17:25:50 GMT 2024","passed","Wed Nov 06 17:25:50 GMT 2024","","METTA-MORPH-TESTS","METTA-MORPH-TESTS",""
"","5","G1-DOCS.01","","Wed Nov 06 17:18:04 GMT 2024","passed","Wed Nov 06 17:18:04 GMT 2024","","HYPERON-EXPERIMENTAL-SCRIPTS","HYPERON-EXPERIMENTAL-SCRIPTS",""
"","2","OR-TEST.15","","Wed Nov 06 17:20:33 GMT 2024","passed","Wed Nov 06 17:20:33 GMT 2024","","HYPERON-METTALOG-SANITY","HYPERON-METTALOG-SANITY",""
"","2","METATYPES---METTA-LANGUAGE7.02","","Wed Nov 06 17:28:45 GMT 2024","passed","Wed Nov 06 17:28:45 GMT 2024","","METTA-LANG","METTA-LANG",""
"","52","METATYPES---METTA-LANGUAGE1.06","","Wed Nov 06 17:28:45 GMT 2024","failed","Wed Nov 06 17:28:45 GMT 2024","","METTA-LANG","METTA-LANG",""
"","6000","metta-morph_tests.let_superpose_if_case","","Wed Nov 06 17:13:59 GMT 2024","passed","Wed Nov 06 17:14:05 GMT 2024","","WHOLE-TESTS","WHOLE-TESTS",""
"","3","D2-HIGHERFUNC.01","","Wed Nov 06 17:44:50 GMT 2024","passed","Wed Nov 06 17:44:50 GMT 2024","","QUICK","QUICK",""
"","2","HANDLING-NONDETERMINISTIC-RESULTS---METTA-LANGUAGE6.02","","Wed Nov 06 17:28:45 GMT 2024","passed","Wed Nov 06 17:28:45 GMT 2024","","METTA-LANG","METTA-LANG",""
"","2","RECURSIVE-AND-PARAMETRIC-TYPES---METTA-LANGUAGE5.02","","Wed Nov 06 17:28:45 GMT 2024","passed","Wed Nov 06 17:28:45 GMT 2024","","METTA-LANG","METTA-LANG",""
"","6000","metta_lang.Functions_and_unification___MeTTa_Language3","","Wed Nov 06 17:13:59 GMT 2024","passed","Wed Nov 06 17:14:05 GMT 2024","","WHOLE-TESTS","WHOLE-TESTS",""
"","3","D4-TYPE-PROP.04","","Wed Nov 06 17:18:04 GMT 2024","passed","Wed Nov 06 17:18:04 GMT 2024","","HYPERON-EXPERIMENTAL-SCRIPTS","HYPERON-EXPERIMENTAL-SCRIPTS",""
"","4","03-SORING-VIA-INSERT.01","","Wed Nov 06 17:20:33 GMT 2024","passed","Wed Nov 06 17:20:33 GMT 2024","","HYPERON-METTALOG-SANITY","HYPERON-METTALOG-SANITY",""
"","3","A1-SYMBOLS.03","","Wed Nov 06 17:18:04 GMT 2024","passed","Wed Nov 06 17:18:04 GMT 2024","","HYPERON-EXPERIMENTAL-SCRIPTS","HYPERON-EXPERIMENTAL-SCRIPTS",""
"","2","C1-GROUNDED-BASIC.04","","Wed Nov 06 17:18:04 GMT 2024","passed","Wed Nov 06 17:18:04 GMT 2024","","HYPERON-EXPERIMENTAL-SCRIPTS","HYPERON-EXPERIMENTAL-SCRIPTS",""
"","2","00-LANG-CASE.15","","Wed Nov 06 17:20:33 GMT 2024","passed","Wed Nov 06 17:20:33 GMT 2024","","HYPERON-METTALOG-SANITY","HYPERON-METTALOG-SANITY",""
"","3","D2-HIGHERFUNC.10","","Wed Nov 06 17:18:04 GMT 2024","passed","Wed Nov 06 17:18:04 GMT 2024","","HYPERON-EXPERIMENTAL-SCRIPTS","HYPERON-EXPERIMENTAL-SCRIPTS",""
"","204","WORKING-WITH-SPACES---METTA-LANGUAGE4.04","","Wed Nov 06 17:28:45 GMT 2024","failed","Wed Nov 06 17:28:45 GMT 2024","","METTA-LANG","METTA-LANG",""
"","2","INTERSECTION-TESTS.11","","Wed Nov 06 17:20:33 GMT 2024","passed","Wed Nov 06 17:20:33 GMT 2024","","HYPERON-METTALOG-SANITY","HYPERON-METTALOG-SANITY",""
"","2","D2-HIGHERFUNC.08","","Wed Nov 06 17:44:50 GMT 2024","passed","Wed Nov 06 17:44:50 GMT 2024","","QUICK","QUICK",""
"","2","FIND-ALL-TESTS.07","","Wed Nov 06 17:20:33 GMT 2024","passed","Wed Nov 06 17:20:33 GMT 2024","","HYPERON-METTALOG-SANITY","HYPERON-METTALOG-SANITY",""
"","2","C1-GROUNDED-BASIC.19","","Wed Nov 06 17:44:50 GMT 2024","passed","Wed Nov 06 17:44:50 GMT 2024","","QUICK","QUICK",""
"","3","CONSOLE-OUTPUT-AND-DEBUGGING---METTA-LANGUAGE3.01","","Wed Nov 06 17:28:45 GMT 2024","passed","Wed Nov 06 17:28:45 GMT 2024","","METTA-LANG","METTA-LANG",""
"","2","SEQUENTIAL-NESTED.06","","Wed Nov 06 17:25:50 GMT 2024","passed","Wed Nov 06 17:25:50 GMT 2024","","METTA-MORPH-TESTS","METTA-MORPH-TESTS",""
"","6000","hyperon-mettalog_sanity.03-soring-via-insert","","Wed Nov 06 17:13:59 GMT 2024","passed","Wed Nov 06 17:14:05 GMT 2024","","WHOLE-TESTS","WHOLE-TESTS",""
"","3","CONTROL-FLOW---METTA-LANGUAGE3.01","","Wed Nov 06 17:28:45 GMT 2024","passed","Wed Nov 06 17:28:45 GMT 2024","","METTA-LANG","METTA-LANG",""
"","2","OPERATIONS-OVER-ATOMS---METTA-LANGUAGE4.02","","Wed Nov 06 17:28:45 GMT 2024","passed","Wed Nov 06 17:28:45 GMT 2024","","METTA-LANG","METTA-LANG",""
"","2","RECURSION-AND-CONTROL---METTA-LANGUAGE2.06","","Wed Nov 06 17:28:45 GMT 2024","passed","Wed Nov 06 17:28:45 GMT 2024","","METTA-LANG","METTA-LANG",""
"","2","F1-IMPORTS.11","","Wed Nov 06 17:13:52 GMT 2024","passed","Wed Nov 06 17:13:52 GMT 2024","","MODULE-SYSTEM","MODULE-SYSTEM",""
"","3","RECURSIVE-AND-PARAMETRIC-TYPES---METTA-LANGUAGE5.05","","Wed Nov 06 17:28:45 GMT 2024","passed","Wed Nov 06 17:28:45 GMT 2024","","METTA-LANG","METTA-LANG",""
"","2","00-LANG-CASE.07","","Wed Nov 06 17:20:33 GMT 2024","passed","Wed Nov 06 17:20:33 GMT 2024","","HYPERON-METTALOG-SANITY","HYPERON-METTALOG-SANITY",""
"","6000","quick.d4_type_prop","","Wed Nov 06 17:13:59 GMT 2024","passed","Wed Nov 06 17:14:05 GMT 2024","","WHOLE-TESTS","WHOLE-TESTS",""
"","7000","metta_lang.Functions_and_unification___MeTTa_Language4","","Wed Nov 06 17:13:59 GMT 2024","passed","Wed Nov 06 17:14:06 GMT 2024","","WHOLE-TESTS","WHOLE-TESTS",""
"","7000","metta_lang.Control_flow___MeTTa_Language15","","Wed Nov 06 17:13:59 GMT 2024","passed","Wed Nov 06 17:14:06 GMT 2024","","WHOLE-TESTS","WHOLE-TESTS",""
"","3","WORKING-WITH-SPACES---METTA-LANGUAGE6.01","","Wed Nov 06 17:28:45 GMT 2024","passed","Wed Nov 06 17:28:45 GMT 2024","","METTA-LANG","METTA-LANG",""
"","6000","hyperon-mettalog_sanity.string-tests","","Wed Nov 06 17:13:59 GMT 2024","passed","Wed Nov 06 17:14:05 GMT 2024","","WHOLE-TESTS","WHOLE-TESTS",""
"","6000","hyperon-mettalog_sanity.is_space","","Wed Nov 06 17:13:59 GMT 2024","passed","Wed Nov 06 17:14:05 GMT 2024","","WHOLE-TESTS","WHOLE-TESTS",""
"","73","WORKING-WITH-SPACES---METTA-LANGUAGE11.03","","Wed Nov 06 17:28:45 GMT 2024","failed","Wed Nov 06 17:28:45 GMT 2024","","METTA-LANG","METTA-LANG",""
"","2","FUNCTIONAL-PROGRAMMING-TESTS.09","","Wed Nov 06 17:20:33 GMT 2024","passed","Wed Nov 06 17:20:33 GMT 2024","","HYPERON-METTALOG-SANITY","HYPERON-METTALOG-SANITY",""
"","3","BASIC-GROUNDED-FUNCTIONS---METTA-LANGUAGE8.01","","Wed Nov 06 17:28:45 GMT 2024","passed","Wed Nov 06 17:28:45 GMT 2024","","METTA-LANG","METTA-LANG",""
"","7000","hyperon-experimental_scripts.b5_types_prelim","","Wed Nov 06 17:13:59 GMT 2024","passed","Wed Nov 06 17:14:06 GMT 2024","","WHOLE-TESTS","WHOLE-TESTS",""
"","2","MATCH-VOID.02","","Wed Nov 06 17:25:50 GMT 2024","passed","Wed Nov 06 17:25:50 GMT 2024","","METTA-MORPH-TESTS","METTA-MORPH-TESTS",""
"","7000","metta_lang.Working_with_spaces___MeTTa_Language2","","Wed Nov 06 17:13:59 GMT 2024","passed","Wed Nov 06 17:14:06 GMT 2024","","WHOLE-TESTS","WHOLE-TESTS",""
"","6000","metta_lang.Console_output_and_debugging___MeTTa_Language10","","Wed Nov 06 17:13:59 GMT 2024","passed","Wed Nov 06 17:14:05 GMT 2024","","WHOLE-TESTS","WHOLE-TESTS",""
"","2","RECURSION-AND-CONTROL---METTA-LANGUAGE5.02","","Wed Nov 06 17:28:45 GMT 2024","passed","Wed Nov 06 17:28:45 GMT 2024","","METTA-LANG","METTA-LANG",""
"","4","E1-KB-WRITE.01","","Wed Nov 06 17:18:04 GMT 2024","passed","Wed Nov 06 17:18:04 GMT 2024","","HYPERON-EXPERIMENTAL-SCRIPTS","HYPERON-EXPERIMENTAL-SCRIPTS",""
"","1","F1-MODULEA.10","","Wed Nov 06 17:18:04 GMT 2024","passed","Wed Nov 06 17:18:04 GMT 2024","","HYPERON-EXPERIMENTAL-SCRIPTS","HYPERON-EXPERIMENTAL-SCRIPTS",""
"","2","CONTROLLING-PATTERN-MATCHING---METTA-LANGUAGE11.06","","Wed Nov 06 17:28:45 GMT 2024","passed","Wed Nov 06 17:28:45 GMT 2024","","METTA-LANG","METTA-LANG",""
"","3","BASIC-EVALUATION---METTA-LANGUAGE1.01","","Wed Nov 06 17:28:45 GMT 2024","passed","Wed Nov 06 17:28:45 GMT 2024","","METTA-LANG","METTA-LANG",""
"","2","CONTROLLING-PATTERN-MATCHING---METTA-LANGUAGE11.03","","Wed Nov 06 17:28:45 GMT 2024","passed","Wed Nov 06 17:28:45 GMT 2024","","METTA-LANG","METTA-LANG",""
"","16","CONTROL-FLOW---METTA-LANGUAGE14.02","","Wed Nov 06 17:28:45 GMT 2024","failed","Wed Nov 06 17:28:45 GMT 2024","","METTA-LANG","METTA-LANG",""
"","3","CONTROLLING-PATTERN-MATCHING---METTA-LANGUAGE1.02","","Wed Nov 06 17:28:45 GMT 2024","passed","Wed Nov 06 17:28:45 GMT 2024","","METTA-LANG","METTA-LANG",""
"","2","CONSOLE-OUTPUT-AND-DEBUGGING---METTA-LANGUAGE5.04","","Wed Nov 06 17:28:45 GMT 2024","passed","Wed Nov 06 17:28:45 GMT 2024","","METTA-LANG","METTA-LANG",""
"","4","SEALED-TEST.10","","Wed Nov 06 17:20:33 GMT 2024","passed","Wed Nov 06 17:20:33 GMT 2024","","HYPERON-METTALOG-SANITY","HYPERON-METTALOG-SANITY",""
"","2","METATYPES---METTA-LANGUAGE1.03","","Wed Nov 06 17:28:45 GMT 2024","passed","Wed Nov 06 17:28:45 GMT 2024","","METTA-LANG","METTA-LANG",""
"","1","CONSOLE-OUTPUT-AND-DEBUGGING---METTA-LANGUAGE2.06","","Wed Nov 06 17:28:45 GMT 2024","passed","Wed Nov 06 17:28:45 GMT 2024","","METTA-LANG","METTA-LANG",""
"","3","C1-GROUNDED-BASIC.01","","Wed Nov 06 17:44:50 GMT 2024","passed","Wed Nov 06 17:44:50 GMT 2024","","QUICK","QUICK",""
"","2","B2-BACKCHAIN.01","","Wed Nov 06 17:18:04 GMT 2024","passed","Wed Nov 06 17:18:04 GMT 2024","","HYPERON-EXPERIMENTAL-SCRIPTS","HYPERON-EXPERIMENTAL-SCRIPTS",""
"","4","C1-GROUNDED-BASIC.23","","Wed Nov 06 17:18:04 GMT 2024","passed","Wed Nov 06 17:18:04 GMT 2024","","HYPERON-EXPERIMENTAL-SCRIPTS","HYPERON-EXPERIMENTAL-SCRIPTS",""
"","53","WORKING-WITH-SPACES---METTA-LANGUAGE9.06","","Wed Nov 06 17:28:45 GMT 2024","failed","Wed Nov 06 17:28:45 GMT 2024","","METTA-LANG","METTA-LANG",""
"","2","D4-TYPE-PROP.17","","Wed Nov 06 17:44:50 GMT 2024","passed","Wed Nov 06 17:44:50 GMT 2024","","QUICK","QUICK",""
"","73","METATYPES---METTA-LANGUAGE6.02","","Wed Nov 06 17:28:45 GMT 2024","failed","Wed Nov 06 17:28:45 GMT 2024","","METTA-LANG","METTA-LANG",""
"","1","METTALOGTESTCURRIED2.03","","Wed Nov 06 17:14:06 GMT 2024","passed","Wed Nov 06 17:14:06 GMT 2024","","ANTI-REGRESSION","ANTI-REGRESSION",""
"","106","OPERATIONS-OVER-ATOMS---METTA-LANGUAGE2.02","","Wed Nov 06 17:28:45 GMT 2024","failed","Wed Nov 06 17:28:45 GMT 2024","","METTA-LANG","METTA-LANG",""
"","6000","hyperon-mettalog_sanity.xor_test","","Wed Nov 06 17:13:59 GMT 2024","passed","Wed Nov 06 17:14:05 GMT 2024","","WHOLE-TESTS","WHOLE-TESTS",""
"","2","OPERATIONS-OVER-ATOMS---METTA-LANGUAGE3.04","","Wed Nov 06 17:28:45 GMT 2024","passed","Wed Nov 06 17:28:45 GMT 2024","","METTA-LANG","METTA-LANG",""
"","7000","metta_lang.Controlling_pattern_matching___MeTTa_Language5","","Wed Nov 06 17:13:59 GMT 2024","passed","Wed Nov 06 17:14:06 GMT 2024","","WHOLE-TESTS","WHOLE-TESTS",""
"","7000","metta_lang.Free_variables_and_nondeterminism_again_recursively___MeTTa_Language5","","Wed Nov 06 17:13:59 GMT 2024","passed","Wed Nov 06 17:14:06 GMT 2024","","WHOLE-TESTS","WHOLE-TESTS",""
"","2","STRING-TESTS.08","","Wed Nov 06 17:20:33 GMT 2024","passed","Wed Nov 06 17:20:33 GMT 2024","","HYPERON-METTALOG-SANITY","HYPERON-METTALOG-SANITY",""
"","7000","metta_lang.Basic_grounded_functions___MeTTa_Language5","","Wed Nov 06 17:13:59 GMT 2024","passed","Wed Nov 06 17:14:06 GMT 2024","","WHOLE-TESTS","WHOLE-TESTS",""
"","3","CONTROLLING-PATTERN-MATCHING---METTA-LANGUAGE12.07","","Wed Nov 06 17:28:45 GMT 2024","passed","Wed Nov 06 17:28:45 GMT 2024","","METTA-LANG","METTA-LANG",""
"","2","RECURSIVE-AND-PARAMETRIC-TYPES---METTA-LANGUAGE7.07","","Wed Nov 06 17:28:45 GMT 2024","passed","Wed Nov 06 17:28:45 GMT 2024","","METTA-LANG","METTA-LANG",""
"","2","D2-HIGHERFUNC.03","","Wed Nov 06 17:18:04 GMT 2024","passed","Wed Nov 06 17:18:04 GMT 2024","","HYPERON-EXPERIMENTAL-SCRIPTS","HYPERON-EXPERIMENTAL-SCRIPTS",""
"","2","TEST-IF-CLOSED.04","","Wed Nov 06 17:14:06 GMT 2024","passed","Wed Nov 06 17:14:06 GMT 2024","","ANTI-REGRESSION","ANTI-REGRESSION",""
"","6000","metta_lang.Control_flow___MeTTa_Language8","","Wed Nov 06 17:13:59 GMT 2024","passed","Wed Nov 06 17:14:05 GMT 2024","","WHOLE-TESTS","WHOLE-TESTS",""
"","2","C3-PLN-STV.02","","Wed Nov 06 17:18:04 GMT 2024","passed","Wed Nov 06 17:18:04 GMT 2024","","HYPERON-EXPERIMENTAL-SCRIPTS","HYPERON-EXPERIMENTAL-SCRIPTS",""
"","3","CONTROLLING-PATTERN-MATCHING---METTA-LANGUAGE12.06","","Wed Nov 06 17:28:45 GMT 2024","passed","Wed Nov 06 17:28:45 GMT 2024","","METTA-LANG","METTA-LANG",""
"","2","HYPERPOSE.09","","Wed Nov 06 17:25:50 GMT 2024","passed","Wed Nov 06 17:25:50 GMT 2024","","METTA-MORPH-TESTS","METTA-MORPH-TESTS",""
"","63","C1-GROUNDED-BASIC.15","","Wed Nov 06 17:18:04 GMT 2024","failed","Wed Nov 06 17:18:04 GMT 2024","","HYPERON-EXPERIMENTAL-SCRIPTS","HYPERON-EXPERIMENTAL-SCRIPTS",""
"","2","E3-MATCH-STATES.04","","Wed Nov 06 17:18:04 GMT 2024","passed","Wed Nov 06 17:18:04 GMT 2024","","HYPERON-EXPERIMENTAL-SCRIPTS","HYPERON-EXPERIMENTAL-SCRIPTS",""
"","6000","hyperon-experimental_scripts.a3_twoside","","Wed Nov 06 17:13:59 GMT 2024","passed","Wed Nov 06 17:14:05 GMT 2024","","WHOLE-TESTS","WHOLE-TESTS",""
"","2","RECURSION-AND-CONTROL---METTA-LANGUAGE8.03","","Wed Nov 06 17:28:45 GMT 2024","passed","Wed Nov 06 17:28:45 GMT 2024","","METTA-LANG","METTA-LANG",""
"","77","F1-IMPORTS.13","","Wed Nov 06 17:44:50 GMT 2024","failed","Wed Nov 06 17:44:50 GMT 2024","","QUICK","QUICK",""
"","7000","metta_lang.Basic_evaluation___MeTTa_Language3","","Wed Nov 06 17:13:59 GMT 2024","passed","Wed Nov 06 17:14:06 GMT 2024","","WHOLE-TESTS","WHOLE-TESTS",""
"","2","CONTROLLING-PATTERN-MATCHING---METTA-LANGUAGE11.02","","Wed Nov 06 17:28:45 GMT 2024","passed","Wed Nov 06 17:28:45 GMT 2024","","METTA-LANG","METTA-LANG",""
"","2","FLIP-TEST.02","","Wed Nov 06 17:20:33 GMT 2024","passed","Wed Nov 06 17:20:33 GMT 2024","","HYPERON-METTALOG-SANITY","HYPERON-METTALOG-SANITY",""
"","2","D2-HIGHERFUNC.04","","Wed Nov 06 17:18:04 GMT 2024","passed","Wed Nov 06 17:18:04 GMT 2024","","HYPERON-EXPERIMENTAL-SCRIPTS","HYPERON-EXPERIMENTAL-SCRIPTS",""
"","16","MATCH-VOID.04","","Wed Nov 06 17:25:50 GMT 2024","passed","Wed Nov 06 17:25:50 GMT 2024","","METTA-MORPH-TESTS","METTA-MORPH-TESTS",""
"","3","G1-DOCS.02","","Wed Nov 06 17:18:04 GMT 2024","passed","Wed Nov 06 17:18:04 GMT 2024","","HYPERON-EXPERIMENTAL-SCRIPTS","HYPERON-EXPERIMENTAL-SCRIPTS",""
"","2","F1-IMPORTS.11","","Wed Nov 06 17:18:04 GMT 2024","passed","Wed Nov 06 17:18:04 GMT 2024","","HYPERON-EXPERIMENTAL-SCRIPTS","HYPERON-EXPERIMENTAL-SCRIPTS",""
"","3","NESTED-QUERIES-AND-RECURSIVE-GRAPH-TRAVERSAL---METTA-LANGUAGE3.01","","Wed Nov 06 17:28:45 GMT 2024","passed","Wed Nov 06 17:28:45 GMT 2024","","METTA-LANG","METTA-LANG",""
"","2","METATYPES---METTA-LANGUAGE1.04","","Wed Nov 06 17:28:45 GMT 2024","passed","Wed Nov 06 17:28:45 GMT 2024","","METTA-LANG","METTA-LANG",""
"","2","CONTROLLING-PATTERN-MATCHING---METTA-LANGUAGE12.13","","Wed Nov 06 17:28:45 GMT 2024","passed","Wed Nov 06 17:28:45 GMT 2024","","METTA-LANG","METTA-LANG",""
"","2","D2-HIGHERFUNC.19","","Wed Nov 06 17:44:50 GMT 2024","passed","Wed Nov 06 17:44:50 GMT 2024","","QUICK","QUICK",""
"","2","METATYPES---METTA-LANGUAGE1.05","","Wed Nov 06 17:28:45 GMT 2024","passed","Wed Nov 06 17:28:45 GMT 2024","","METTA-LANG","METTA-LANG",""
"","2","C1-GROUNDED-BASIC.07","","Wed Nov 06 17:18:04 GMT 2024","passed","Wed Nov 06 17:18:04 GMT 2024","","HYPERON-EXPERIMENTAL-SCRIPTS","HYPERON-EXPERIMENTAL-SCRIPTS",""
"","96","HANDLING-NONDETERMINISTIC-RESULTS---METTA-LANGUAGE7.02","","Wed Nov 06 17:28:45 GMT 2024","passed","Wed Nov 06 17:28:45 GMT 2024","","METTA-LANG","METTA-LANG",""
"","3","D2-HIGHERFUNC.16","","Wed Nov 06 17:44:50 GMT 2024","passed","Wed Nov 06 17:44:50 GMT 2024","","QUICK","QUICK",""
"","47","CONTROL-FLOW---METTA-LANGUAGE2.01","","Wed Nov 06 17:28:45 GMT 2024","failed","Wed Nov 06 17:28:45 GMT 2024","","METTA-LANG","METTA-LANG",""
"","6000","metta_lang.Working_with_spaces___MeTTa_Language7","","Wed Nov 06 17:13:59 GMT 2024","passed","Wed Nov 06 17:14:05 GMT 2024","","WHOLE-TESTS","WHOLE-TESTS",""
"","3","TMPMATCH2.03","","Wed Nov 06 17:14:06 GMT 2024","passed","Wed Nov 06 17:14:06 GMT 2024","","ANTI-REGRESSION","ANTI-REGRESSION",""
"","2","C1-GROUNDED-BASIC.20","","Wed Nov 06 17:18:04 GMT 2024","passed","Wed Nov 06 17:18:04 GMT 2024","","HYPERON-EXPERIMENTAL-SCRIPTS","HYPERON-EXPERIMENTAL-SCRIPTS",""
"","3","FIND-ALL-TESTS.02","","Wed Nov 06 17:20:33 GMT 2024","passed","Wed Nov 06 17:20:33 GMT 2024","","HYPERON-METTALOG-SANITY","HYPERON-METTALOG-SANITY",""
"","2","CONSOLE-OUTPUT-AND-DEBUGGING---METTA-LANGUAGE3.02","","Wed Nov 06 17:28:45 GMT 2024","passed","Wed Nov 06 17:28:45 GMT 2024","","METTA-LANG","METTA-LANG",""
"","3","WORKING-WITH-SPACES---METTA-LANGUAGE5.01","","Wed Nov 06 17:28:45 GMT 2024","passed","Wed Nov 06 17:28:45 GMT 2024","","METTA-LANG","METTA-LANG",""
"","11","METTALOGTESTCURRIED2.07","","Wed Nov 06 17:14:06 GMT 2024","passed","Wed Nov 06 17:14:06 GMT 2024","","ANTI-REGRESSION","ANTI-REGRESSION",""
"","6000","metta_lang.Metatypes___MeTTa_Language9","","Wed Nov 06 17:13:59 GMT 2024","passed","Wed Nov 06 17:14:05 GMT 2024","","WHOLE-TESTS","WHOLE-TESTS",""
"","97","HANDLING-NONDETERMINISTIC-RESULTS---METTA-LANGUAGE3.01","","Wed Nov 06 17:28:45 GMT 2024","passed","Wed Nov 06 17:28:45 GMT 2024","","METTA-LANG","METTA-LANG",""
"","4","OR-TEST.17","","Wed Nov 06 17:20:33 GMT 2024","passed","Wed Nov 06 17:20:33 GMT 2024","","HYPERON-METTALOG-SANITY","HYPERON-METTALOG-SANITY",""
"","13","D1-GADT.05","","Wed Nov 06 17:18:04 GMT 2024","passed","Wed Nov 06 17:18:04 GMT 2024","","HYPERON-EXPERIMENTAL-SCRIPTS","HYPERON-EXPERIMENTAL-SCRIPTS",""
"","26","WORKING-WITH-SPACES---METTA-LANGUAGE16.02","","Wed Nov 06 17:28:45 GMT 2024","failed","Wed Nov 06 17:28:45 GMT 2024","","METTA-LANG","METTA-LANG",""
"","66","METATYPES---METTA-LANGUAGE8.04","","Wed Nov 06 17:28:45 GMT 2024","failed","Wed Nov 06 17:28:45 GMT 2024","","METTA-LANG","METTA-LANG",""
"","6000","hyperon-experimental_scripts.b1_equal_chain","","Wed Nov 06 17:13:59 GMT 2024","passed","Wed Nov 06 17:14:05 GMT 2024","","WHOLE-TESTS","WHOLE-TESTS",""
"","2","02-CURRIED-PLUS.01","","Wed Nov 06 17:20:33 GMT 2024","passed","Wed Nov 06 17:20:33 GMT 2024","","HYPERON-METTALOG-SANITY","HYPERON-METTALOG-SANITY",""
"","7000","hyperon-mettalog_sanity.represent_and_parse_tests","","Wed Nov 06 17:13:59 GMT 2024","passed","Wed Nov 06 17:14:06 GMT 2024","","WHOLE-TESTS","WHOLE-TESTS",""
"","2","METATYPES---METTA-LANGUAGE4.02","","Wed Nov 06 17:28:45 GMT 2024","passed","Wed Nov 06 17:28:45 GMT 2024","","METTA-LANG","METTA-LANG",""
"","2","F1-IMPORTS.20","","Wed Nov 06 17:44:50 GMT 2024","passed","Wed Nov 06 17:44:50 GMT 2024","","QUICK","QUICK",""
"","3","F1-IMPORTS.19","","Wed Nov 06 17:18:04 GMT 2024","passed","Wed Nov 06 17:18:04 GMT 2024","","HYPERON-EXPERIMENTAL-SCRIPTS","HYPERON-EXPERIMENTAL-SCRIPTS",""
"","2","OR-TEST.13","","Wed Nov 06 17:20:33 GMT 2024","passed","Wed Nov 06 17:20:33 GMT 2024","","HYPERON-METTALOG-SANITY","HYPERON-METTALOG-SANITY",""
"","6000","hyperon-experimental_scripts.e3_match_states","","Wed Nov 06 17:13:59 GMT 2024","passed","Wed Nov 06 17:14:05 GMT 2024","","WHOLE-TESTS","WHOLE-TESTS",""
"","2","IS-SPACE.02","","Wed Nov 06 17:20:33 GMT 2024","passed","Wed Nov 06 17:20:33 GMT 2024","","HYPERON-METTALOG-SANITY","HYPERON-METTALOG-SANITY",""
"","66","BASIC-EVALUATION---METTA-LANGUAGE10.01","","Wed Nov 06 17:28:45 GMT 2024","passed","Wed Nov 06 17:28:45 GMT 2024","","METTA-LANG","METTA-LANG",""
"","2","CONTROL-FLOW---METTA-LANGUAGE9.01","","Wed Nov 06 17:28:45 GMT 2024","passed","Wed Nov 06 17:28:45 GMT 2024","","METTA-LANG","METTA-LANG",""
"","3","D1-GADT.03","","Wed Nov 06 17:18:04 GMT 2024","passed","Wed Nov 06 17:18:04 GMT 2024","","HYPERON-EXPERIMENTAL-SCRIPTS","HYPERON-EXPERIMENTAL-SCRIPTS",""
"","2","OPERATIONS-OVER-ATOMS---METTA-LANGUAGE7.01","","Wed Nov 06 17:28:45 GMT 2024","passed","Wed Nov 06 17:28:45 GMT 2024","","METTA-LANG","METTA-LANG",""
"","3","SEALED-TEST.03","","Wed Nov 06 17:20:33 GMT 2024","passed","Wed Nov 06 17:20:33 GMT 2024","","HYPERON-METTALOG-SANITY","HYPERON-METTALOG-SANITY",""
"","3","OPERATIONS-OVER-ATOMS---METTA-LANGUAGE2.01","","Wed Nov 06 17:28:45 GMT 2024","passed","Wed Nov 06 17:28:45 GMT 2024","","METTA-LANG","METTA-LANG",""
"","7000","metta_lang.Recursion_and_control___MeTTa_Language1","","Wed Nov 06 17:13:59 GMT 2024","passed","Wed Nov 06 17:14:06 GMT 2024","","WHOLE-TESTS","WHOLE-TESTS",""
"","2","D4-TYPE-PROP.10","","Wed Nov 06 17:18:04 GMT 2024","passed","Wed Nov 06 17:18:04 GMT 2024","","HYPERON-EXPERIMENTAL-SCRIPTS","HYPERON-EXPERIMENTAL-SCRIPTS",""
"","2","WORKING-WITH-SPACES---METTA-LANGUAGE12.02","","Wed Nov 06 17:28:45 GMT 2024","passed","Wed Nov 06 17:28:45 GMT 2024","","METTA-LANG","METTA-LANG",""
"","3","C1-GROUNDED-BASIC.08","","Wed Nov 06 17:18:04 GMT 2024","passed","Wed Nov 06 17:18:04 GMT 2024","","HYPERON-EXPERIMENTAL-SCRIPTS","HYPERON-EXPERIMENTAL-SCRIPTS",""
"","3","B1-EQUAL-CHAIN.01","","Wed Nov 06 17:18:04 GMT 2024","passed","Wed Nov 06 17:18:04 GMT 2024","","HYPERON-EXPERIMENTAL-SCRIPTS","HYPERON-EXPERIMENTAL-SCRIPTS",""
"","2","C1-GROUNDED-BASIC.05","","Wed Nov 06 17:18:04 GMT 2024","passed","Wed Nov 06 17:18:04 GMT 2024","","HYPERON-EXPERIMENTAL-SCRIPTS","HYPERON-EXPERIMENTAL-SCRIPTS",""
"","2","FUNCTIONS-AND-UNIFICATION---METTA-LANGUAGE1.06","","Wed Nov 06 17:28:45 GMT 2024","passed","Wed Nov 06 17:28:45 GMT 2024","","METTA-LANG","METTA-LANG",""
"","14","D1-GADT.13","","Wed Nov 06 17:44:50 GMT 2024","passed","Wed Nov 06 17:44:50 GMT 2024","","QUICK","QUICK",""
"","8000","metta-morph_tests.nalifier","","Wed Nov 06 17:13:59 GMT 2024","passed","Wed Nov 06 17:14:07 GMT 2024","","WHOLE-TESTS","WHOLE-TESTS",""
"","1","F1-MODULEA.09","","Wed Nov 06 17:44:50 GMT 2024","passed","Wed Nov 06 17:44:50 GMT 2024","","QUICK","QUICK",""
"","2","D1-GADT.12","","Wed Nov 06 17:44:50 GMT 2024","passed","Wed Nov 06 17:44:50 GMT 2024","","QUICK","QUICK",""
"","6000","metta_lang.Controlling_pattern_matching___MeTTa_Language8","","Wed Nov 06 17:13:59 GMT 2024","passed","Wed Nov 06 17:14:05 GMT 2024","","WHOLE-TESTS","WHOLE-TESTS",""
"","3","MATCH-SUPERPOSED-SPACES.05","","Wed Nov 06 17:25:50 GMT 2024","passed","Wed Nov 06 17:25:50 GMT 2024","","METTA-MORPH-TESTS","METTA-MORPH-TESTS",""
"","75","F1-IMPORTS.21","","Wed Nov 06 17:18:04 GMT 2024","passed","Wed Nov 06 17:18:04 GMT 2024","","HYPERON-EXPERIMENTAL-SCRIPTS","HYPERON-EXPERIMENTAL-SCRIPTS",""
"","3","B5-TYPES-PRELIM.19","","Wed Nov 06 17:18:04 GMT 2024","passed","Wed Nov 06 17:18:04 GMT 2024","","HYPERON-EXPERIMENTAL-SCRIPTS","HYPERON-EXPERIMENTAL-SCRIPTS",""
"","3","RUST-02.01","","Wed Nov 06 17:45:30 GMT 2024","passed","Wed Nov 06 17:45:30 GMT 2024","","BASELINE-COMPAT","BASELINE-COMPAT",""
"","7000","hyperon-mettalog_sanity.02-curried-plus","","Wed Nov 06 17:13:59 GMT 2024","passed","Wed Nov 06 17:14:06 GMT 2024","","WHOLE-TESTS","WHOLE-TESTS",""
"","2","D4-TYPE-PROP.11","","Wed Nov 06 17:44:50 GMT 2024","passed","Wed Nov 06 17:44:50 GMT 2024","","QUICK","QUICK",""
"","7000","metta_lang.Concrete_types___MeTTa_Language8","","Wed Nov 06 17:13:59 GMT 2024","passed","Wed Nov 06 17:14:06 GMT 2024","","WHOLE-TESTS","WHOLE-TESTS",""
"","2","SPACE-SUBTRACTION-TESTS.06","","Wed Nov 06 17:20:33 GMT 2024","passed","Wed Nov 06 17:20:33 GMT 2024","","HYPERON-METTALOG-SANITY","HYPERON-METTALOG-SANITY",""
"","6000","metta-morph_tests.identity","","Wed Nov 06 17:13:59 GMT 2024","passed","Wed Nov 06 17:14:05 GMT 2024","","WHOLE-TESTS","WHOLE-TESTS",""
"","2","INTERSECTION-TESTS.26","","Wed Nov 06 17:20:33 GMT 2024","passed","Wed Nov 06 17:20:33 GMT 2024","","HYPERON-METTALOG-SANITY","HYPERON-METTALOG-SANITY",""
"","2","OR-TEST.18","","Wed Nov 06 17:20:33 GMT 2024","passed","Wed Nov 06 17:20:33 GMT 2024","","HYPERON-METTALOG-SANITY","HYPERON-METTALOG-SANITY",""
"","2","STRING-TESTS.04","","Wed Nov 06 17:20:33 GMT 2024","passed","Wed Nov 06 17:20:33 GMT 2024","","HYPERON-METTALOG-SANITY","HYPERON-METTALOG-SANITY",""
"","6000","metta_lang.Controlling_pattern_matching___MeTTa_Language9","","Wed Nov 06 17:13:59 GMT 2024","passed","Wed Nov 06 17:14:05 GMT 2024","","WHOLE-TESTS","WHOLE-TESTS",""
"","2","TYPES2.03","","Wed Nov 06 17:25:50 GMT 2024","passed","Wed Nov 06 17:25:50 GMT 2024","","METTA-MORPH-TESTS","METTA-MORPH-TESTS",""
"","6000","hyperon-mettalog_sanity.or_test","","Wed Nov 06 17:13:59 GMT 2024","passed","Wed Nov 06 17:14:05 GMT 2024","","WHOLE-TESTS","WHOLE-TESTS",""
"","2","D4-TYPE-PROP.06","","Wed Nov 06 17:44:50 GMT 2024","passed","Wed Nov 06 17:44:50 GMT 2024","","QUICK","QUICK",""
"","113","SPACE-INTERSECTION-TESTS.17","","Wed Nov 06 17:20:33 GMT 2024","failed","Wed Nov 06 17:20:33 GMT 2024","","HYPERON-METTALOG-SANITY","HYPERON-METTALOG-SANITY",""
"","2","STRING-TESTS.11","","Wed Nov 06 17:20:33 GMT 2024","passed","Wed Nov 06 17:20:33 GMT 2024","","HYPERON-METTALOG-SANITY","HYPERON-METTALOG-SANITY",""
"","58","CONTROLLING-PATTERN-MATCHING---METTA-LANGUAGE9.02","","Wed Nov 06 17:28:45 GMT 2024","passed","Wed Nov 06 17:28:45 GMT 2024","","METTA-LANG","METTA-LANG",""
"","2","METATYPES---METTA-LANGUAGE2.07","","Wed Nov 06 17:28:45 GMT 2024","passed","Wed Nov 06 17:28:45 GMT 2024","","METTA-LANG","METTA-LANG",""
"","3","METATYPES---METTA-LANGUAGE8.01","","Wed Nov 06 17:28:45 GMT 2024","passed","Wed Nov 06 17:28:45 GMT 2024","","METTA-LANG","METTA-LANG",""
"","2","D2-HIGHERFUNC.13","","Wed Nov 06 17:44:50 GMT 2024","passed","Wed Nov 06 17:44:50 GMT 2024","","QUICK","QUICK",""
"","3","CONCRETE-TYPES---METTA-LANGUAGE8.02","","Wed Nov 06 17:28:45 GMT 2024","passed","Wed Nov 06 17:28:45 GMT 2024","","METTA-LANG","METTA-LANG",""
"","3","OPERATIONS-OVER-ATOMS---METTA-LANGUAGE9.01","","Wed Nov 06 17:28:45 GMT 2024","passed","Wed Nov 06 17:28:45 GMT 2024","","METTA-LANG","METTA-LANG",""
"","6000","metta-morph_tests.collapse","","Wed Nov 06 17:13:59 GMT 2024","passed","Wed Nov 06 17:14:05 GMT 2024","","WHOLE-TESTS","WHOLE-TESTS",""
"","2","INTERSECTION-TESTS.07","","Wed Nov 06 17:20:33 GMT 2024","passed","Wed Nov 06 17:20:33 GMT 2024","","HYPERON-METTALOG-SANITY","HYPERON-METTALOG-SANITY",""
"","74","F1-IMPORTS.18","","Wed Nov 06 17:18:04 GMT 2024","passed","Wed Nov 06 17:18:04 GMT 2024","","HYPERON-EXPERIMENTAL-SCRIPTS","HYPERON-EXPERIMENTAL-SCRIPTS",""
"","6000","metta_lang.Concrete_types___MeTTa_Language6","","Wed Nov 06 17:13:59 GMT 2024","passed","Wed Nov 06 17:14:05 GMT 2024","","WHOLE-TESTS","WHOLE-TESTS",""
"","2","WORKING-WITH-SPACES---METTA-LANGUAGE1.02","","Wed Nov 06 17:28:45 GMT 2024","passed","Wed Nov 06 17:28:45 GMT 2024","","METTA-LANG","METTA-LANG",""
"","3","UNIQUE-TEST.09","","Wed Nov 06 17:20:33 GMT 2024","passed","Wed Nov 06 17:20:33 GMT 2024","","HYPERON-METTALOG-SANITY","HYPERON-METTALOG-SANITY",""
"","50","BASIC-GROUNDED-FUNCTIONS---METTA-LANGUAGE3.02","","Wed Nov 06 17:28:45 GMT 2024","failed","Wed Nov 06 17:28:45 GMT 2024","","METTA-LANG","METTA-LANG",""
"","8000","metta-morph_tests.minnars","","Wed Nov 06 17:13:59 GMT 2024","passed","Wed Nov 06 17:14:07 GMT 2024","","WHOLE-TESTS","WHOLE-TESTS",""
"","3","OPERATIONS-OVER-ATOMS---METTA-LANGUAGE7.02","","Wed Nov 06 17:28:45 GMT 2024","passed","Wed Nov 06 17:28:45 GMT 2024","","METTA-LANG","METTA-LANG",""
"","2","FUNCTIONS-AND-UNIFICATION---METTA-LANGUAGE2.02","","Wed Nov 06 17:28:45 GMT 2024","passed","Wed Nov 06 17:28:45 GMT 2024","","METTA-LANG","METTA-LANG",""
"","4","BASIC-EVALUATION---METTA-LANGUAGE6.03","","Wed Nov 06 17:28:45 GMT 2024","passed","Wed Nov 06 17:28:45 GMT 2024","","METTA-LANG","METTA-LANG",""
"","2","OPERATIONS-OVER-ATOMS---METTA-LANGUAGE2.04","","Wed Nov 06 17:28:45 GMT 2024","passed","Wed Nov 06 17:28:45 GMT 2024","","METTA-LANG","METTA-LANG",""
"","7000","metta_lang.Handling_nondeterministic_results___MeTTa_Language3","","Wed Nov 06 17:13:59 GMT 2024","passed","Wed Nov 06 17:14:06 GMT 2024","","WHOLE-TESTS","WHOLE-TESTS",""
"","6000","hyperon-experimental_scripts.g1_docs","","Wed Nov 06 17:13:59 GMT 2024","passed","Wed Nov 06 17:14:05 GMT 2024","","WHOLE-TESTS","WHOLE-TESTS",""
"","3","F1-MODULEA.01","","Wed Nov 06 17:44:50 GMT 2024","passed","Wed Nov 06 17:44:50 GMT 2024","","QUICK","QUICK",""
"","3","BASIC-EVALUATION---METTA-LANGUAGE15.06","","Wed Nov 06 17:28:45 GMT 2024","passed","Wed Nov 06 17:28:45 GMT 2024","","METTA-LANG","METTA-LANG",""
"","2","D1-GADT.02","","Wed Nov 06 17:44:50 GMT 2024","passed","Wed Nov 06 17:44:50 GMT 2024","","QUICK","QUICK",""
"","2","SEQUENTIAL-NESTED.08","","Wed Nov 06 17:25:50 GMT 2024","passed","Wed Nov 06 17:25:50 GMT 2024","","METTA-MORPH-TESTS","METTA-MORPH-TESTS",""
"","2","OPERATIONS-OVER-ATOMS---METTA-LANGUAGE5.02","","Wed Nov 06 17:28:45 GMT 2024","passed","Wed Nov 06 17:28:45 GMT 2024","","METTA-LANG","METTA-LANG",""
"","241","TIME-SYNTHESIZE-SHORT.01","","Wed Nov 06 17:23:31 GMT 2024","passed","Wed Nov 06 17:23:31 GMT 2024","","SYNTH-BUFFER","SYNTH-BUFFER",""
"","3","CONCRETE-TYPES---METTA-LANGUAGE14.01","","Wed Nov 06 17:28:45 GMT 2024","passed","Wed Nov 06 17:28:45 GMT 2024","","METTA-LANG","METTA-LANG",""
"","1","D1-GADT.14","","Wed Nov 06 17:44:50 GMT 2024","passed","Wed Nov 06 17:44:50 GMT 2024","","QUICK","QUICK",""
"","3","OPERATIONS-OVER-ATOMS---METTA-LANGUAGE3.03","","Wed Nov 06 17:28:45 GMT 2024","passed","Wed Nov 06 17:28:45 GMT 2024","","METTA-LANG","METTA-LANG",""
"","2","F1-IMPORTS.16","","Wed Nov 06 17:44:50 GMT 2024","passed","Wed Nov 06 17:44:50 GMT 2024","","QUICK","QUICK",""
"","2","F1-MODULEA.08","","Wed Nov 06 17:44:50 GMT 2024","passed","Wed Nov 06 17:44:50 GMT 2024","","QUICK","QUICK",""
"","3","B4-NONDETERM.07","","Wed Nov 06 17:18:04 GMT 2024","passed","Wed Nov 06 17:18:04 GMT 2024","","HYPERON-EXPERIMENTAL-SCRIPTS","HYPERON-EXPERIMENTAL-SCRIPTS",""
"","3","FUNCTIONS-AND-UNIFICATION---METTA-LANGUAGE4.03","","Wed Nov 06 17:28:45 GMT 2024","passed","Wed Nov 06 17:28:45 GMT 2024","","METTA-LANG","METTA-LANG",""
"","3","FUNCTIONS-AND-UNIFICATION---METTA-LANGUAGE1.05","","Wed Nov 06 17:28:45 GMT 2024","passed","Wed Nov 06 17:28:45 GMT 2024","","METTA-LANG","METTA-LANG",""
"","3","SEQUENTIAL-NESTED.04","","Wed Nov 06 17:25:50 GMT 2024","passed","Wed Nov 06 17:25:50 GMT 2024","","METTA-MORPH-TESTS","METTA-MORPH-TESTS",""
"","2","C2-SPACES.03","","Wed Nov 06 17:13:52 GMT 2024","passed","Wed Nov 06 17:13:52 GMT 2024","","MODULE-SYSTEM","MODULE-SYSTEM",""
"","7000","hyperon-experimental_scripts.b4_nondeterm","","Wed Nov 06 17:13:59 GMT 2024","passed","Wed Nov 06 17:14:06 GMT 2024","","WHOLE-TESTS","WHOLE-TESTS",""
"","6000","metta_lang.Working_with_spaces___MeTTa_Language3","","Wed Nov 06 17:13:59 GMT 2024","passed","Wed Nov 06 17:14:05 GMT 2024","","WHOLE-TESTS","WHOLE-TESTS",""
"","3","RECURSION-AND-CONTROL---METTA-LANGUAGE3.01","","Wed Nov 06 17:28:45 GMT 2024","passed","Wed Nov 06 17:28:45 GMT 2024","","METTA-LANG","METTA-LANG",""
"","4","RECURSIVE-AND-PARAMETRIC-TYPES---METTA-LANGUAGE4.01","","Wed Nov 06 17:28:45 GMT 2024","passed","Wed Nov 06 17:28:45 GMT 2024","","METTA-LANG","METTA-LANG",""
"","1","D4-TYPE-PROP.19","","Wed Nov 06 17:44:50 GMT 2024","passed","Wed Nov 06 17:44:50 GMT 2024","","QUICK","QUICK",""
"","7000","metta_lang.Basic_evaluation___MeTTa_Language12","","Wed Nov 06 17:13:59 GMT 2024","passed","Wed Nov 06 17:14:06 GMT 2024","","WHOLE-TESTS","WHOLE-TESTS",""
"","6000","quick.d1_gadt","","Wed Nov 06 17:13:59 GMT 2024","passed","Wed Nov 06 17:14:05 GMT 2024","","WHOLE-TESTS","WHOLE-TESTS",""
"","2","CONCRETE-TYPES---METTA-LANGUAGE12.02","","Wed Nov 06 17:28:45 GMT 2024","passed","Wed Nov 06 17:28:45 GMT 2024","","METTA-LANG","METTA-LANG",""
"","2","B2-BACKCHAIN.03","","Wed Nov 06 17:18:04 GMT 2024","passed","Wed Nov 06 17:18:04 GMT 2024","","HYPERON-EXPERIMENTAL-SCRIPTS","HYPERON-EXPERIMENTAL-SCRIPTS",""
"","99","B5-TYPES-PRELIM.11","","Wed Nov 06 17:18:04 GMT 2024","failed","Wed Nov 06 17:18:04 GMT 2024","","HYPERON-EXPERIMENTAL-SCRIPTS","HYPERON-EXPERIMENTAL-SCRIPTS",""
"","2","CATCH-THROW-TESTS.06","","Wed Nov 06 17:20:33 GMT 2024","passed","Wed Nov 06 17:20:33 GMT 2024","","HYPERON-METTALOG-SANITY","HYPERON-METTALOG-SANITY",""
"","3","STRING-TESTS.03","","Wed Nov 06 17:20:33 GMT 2024","passed","Wed Nov 06 17:20:33 GMT 2024","","HYPERON-METTALOG-SANITY","HYPERON-METTALOG-SANITY",""
"","6000","metta_lang.Controlling_pattern_matching___MeTTa_Language2","","Wed Nov 06 17:13:59 GMT 2024","passed","Wed Nov 06 17:14:05 GMT 2024","","WHOLE-TESTS","WHOLE-TESTS",""
"","6000","hyperon-experimental_scripts.c2_spaces","","Wed Nov 06 17:13:59 GMT 2024","passed","Wed Nov 06 17:14:05 GMT 2024","","WHOLE-TESTS","WHOLE-TESTS",""
"","2","C2-SPACES.05","","Wed Nov 06 17:13:52 GMT 2024","passed","Wed Nov 06 17:13:52 GMT 2024","","MODULE-SYSTEM","MODULE-SYSTEM",""
"","3","BCHAIN-COMP.03","","Wed Nov 06 17:14:06 GMT 2024","passed","Wed Nov 06 17:14:06 GMT 2024","","ANTI-REGRESSION","ANTI-REGRESSION",""
"","2","D4-TYPE-PROP.08","","Wed Nov 06 17:18:04 GMT 2024","passed","Wed Nov 06 17:18:04 GMT 2024","","HYPERON-EXPERIMENTAL-SCRIPTS","HYPERON-EXPERIMENTAL-SCRIPTS",""
"","2","00-LANG-CASE.03","","Wed Nov 06 17:20:33 GMT 2024","passed","Wed Nov 06 17:20:33 GMT 2024","","HYPERON-METTALOG-SANITY","HYPERON-METTALOG-SANITY",""
"","7000","metta_lang.Control_flow___MeTTa_Language3","","Wed Nov 06 17:13:59 GMT 2024","passed","Wed Nov 06 17:14:06 GMT 2024","","WHOLE-TESTS","WHOLE-TESTS",""
"","124","SPACE-INTERSECTION-TESTS.10","","Wed Nov 06 17:20:33 GMT 2024","failed","Wed Nov 06 17:20:33 GMT 2024","","HYPERON-METTALOG-SANITY","HYPERON-METTALOG-SANITY",""
"","7000","metta-morph_tests.match_void","","Wed Nov 06 17:13:59 GMT 2024","passed","Wed Nov 06 17:14:06 GMT 2024","","WHOLE-TESTS","WHOLE-TESTS",""
"","172","CONTROLLING-PATTERN-MATCHING---METTA-LANGUAGE10.07","","Wed Nov 06 17:28:45 GMT 2024","failed","Wed Nov 06 17:28:45 GMT 2024","","METTA-LANG","METTA-LANG",""
"","6","SPACE-SUBTRACTION-TESTS.11","","Wed Nov 06 17:20:33 GMT 2024","passed","Wed Nov 06 17:20:33 GMT 2024","","HYPERON-METTALOG-SANITY","HYPERON-METTALOG-SANITY",""
"","3","A1-SYMBOLS.01","","Wed Nov 06 17:18:04 GMT 2024","passed","Wed Nov 06 17:18:04 GMT 2024","","HYPERON-EXPERIMENTAL-SCRIPTS","HYPERON-EXPERIMENTAL-SCRIPTS",""
"","7000","metta_lang.Concrete_types___MeTTa_Language10","","Wed Nov 06 17:13:59 GMT 2024","passed","Wed Nov 06 17:14:06 GMT 2024","","WHOLE-TESTS","WHOLE-TESTS",""
"","3","CONCRETE-TYPES---METTA-LANGUAGE8.01","","Wed Nov 06 17:28:45 GMT 2024","passed","Wed Nov 06 17:28:45 GMT 2024","","METTA-LANG","METTA-LANG",""
"","132","B4-NONDETERM.10","","Wed Nov 06 17:18:04 GMT 2024","passed","Wed Nov 06 17:18:04 GMT 2024","","HYPERON-EXPERIMENTAL-SCRIPTS","HYPERON-EXPERIMENTAL-SCRIPTS",""
"","2","HYPERPOSE.05","","Wed Nov 06 17:25:50 GMT 2024","passed","Wed Nov 06 17:25:50 GMT 2024","","METTA-MORPH-TESTS","METTA-MORPH-TESTS",""
"","17","E3-MATCH-STATES.06","","Wed Nov 06 17:18:04 GMT 2024","failed","Wed Nov 06 17:18:04 GMT 2024","","HYPERON-EXPERIMENTAL-SCRIPTS","HYPERON-EXPERIMENTAL-SCRIPTS",""
"","2","SPACE-SUBTRACTION-TESTS.03","","Wed Nov 06 17:20:33 GMT 2024","passed","Wed Nov 06 17:20:33 GMT 2024","","HYPERON-METTALOG-SANITY","HYPERON-METTALOG-SANITY",""
"","2","F1-MODULEA.08","","Wed Nov 06 17:18:04 GMT 2024","passed","Wed Nov 06 17:18:04 GMT 2024","","HYPERON-EXPERIMENTAL-SCRIPTS","HYPERON-EXPERIMENTAL-SCRIPTS",""
"","6","UNIQUE-TEST.13","","Wed Nov 06 17:20:33 GMT 2024","passed","Wed Nov 06 17:20:33 GMT 2024","","HYPERON-METTALOG-SANITY","HYPERON-METTALOG-SANITY",""
"","2","D4-TYPE-PROP.05","","Wed Nov 06 17:18:04 GMT 2024","passed","Wed Nov 06 17:18:04 GMT 2024","","HYPERON-EXPERIMENTAL-SCRIPTS","HYPERON-EXPERIMENTAL-SCRIPTS",""
"","14","CONCRETE-TYPES---METTA-LANGUAGE5.02","","Wed Nov 06 17:28:45 GMT 2024","passed","Wed Nov 06 17:28:45 GMT 2024","","METTA-LANG","METTA-LANG",""
"","3","HANDLING-NONDETERMINISTIC-RESULTS---METTA-LANGUAGE2.01","","Wed Nov 06 17:28:45 GMT 2024","passed","Wed Nov 06 17:28:45 GMT 2024","","METTA-LANG","METTA-LANG",""
"","2","E2-STATES.04","","Wed Nov 06 17:18:04 GMT 2024","passed","Wed Nov 06 17:18:04 GMT 2024","","HYPERON-EXPERIMENTAL-SCRIPTS","HYPERON-EXPERIMENTAL-SCRIPTS",""
"","2","D2-HIGHERFUNC.14","","Wed Nov 06 17:44:50 GMT 2024","passed","Wed Nov 06 17:44:50 GMT 2024","","QUICK","QUICK",""
"","3","C1-GROUNDED-BASIC.08","","Wed Nov 06 17:44:50 GMT 2024","passed","Wed Nov 06 17:44:50 GMT 2024","","QUICK","QUICK",""
"","2","CONTROLLING-PATTERN-MATCHING---METTA-LANGUAGE10.01","","Wed Nov 06 17:28:45 GMT 2024","passed","Wed Nov 06 17:28:45 GMT 2024","","METTA-LANG","METTA-LANG",""
"","2","CONSOLE-OUTPUT-AND-DEBUGGING---METTA-LANGUAGE2.03","","Wed Nov 06 17:28:45 GMT 2024","passed","Wed Nov 06 17:28:45 GMT 2024","","METTA-LANG","METTA-LANG",""
"","3","METATYPES---METTA-LANGUAGE1.01","","Wed Nov 06 17:28:45 GMT 2024","passed","Wed Nov 06 17:28:45 GMT 2024","","METTA-LANG","METTA-LANG",""
"","2","METATYPES---METTA-LANGUAGE1.11","","Wed Nov 06 17:28:45 GMT 2024","passed","Wed Nov 06 17:28:45 GMT 2024","","METTA-LANG","METTA-LANG",""
"","2","F1-IMPORTS.11","","Wed Nov 06 17:44:50 GMT 2024","passed","Wed Nov 06 17:44:50 GMT 2024","","QUICK","QUICK",""
"","57","SPACE-INTERSECTION-TESTS.12","","Wed Nov 06 17:20:33 GMT 2024","failed","Wed Nov 06 17:20:33 GMT 2024","","HYPERON-METTALOG-SANITY","HYPERON-METTALOG-SANITY",""
"","2","CONTROLLING-PATTERN-MATCHING---METTA-LANGUAGE10.04","","Wed Nov 06 17:28:45 GMT 2024","passed","Wed Nov 06 17:28:45 GMT 2024","","METTA-LANG","METTA-LANG",""
"","4","FIRST-ANSWER.02","","Wed Nov 06 17:20:33 GMT 2024","passed","Wed Nov 06 17:20:33 GMT 2024","","HYPERON-METTALOG-SANITY","HYPERON-METTALOG-SANITY",""
"","7000","metta-morph_tests.types","","Wed Nov 06 17:13:59 GMT 2024","passed","Wed Nov 06 17:14:06 GMT 2024","","WHOLE-TESTS","WHOLE-TESTS",""
"","2","F1-IMPORTS.02","","Wed Nov 06 17:13:52 GMT 2024","passed","Wed Nov 06 17:13:52 GMT 2024","","MODULE-SYSTEM","MODULE-SYSTEM",""
"","17","CONCRETE-TYPES---METTA-LANGUAGE6.02","","Wed Nov 06 17:28:45 GMT 2024","failed","Wed Nov 06 17:28:45 GMT 2024","","METTA-LANG","METTA-LANG",""
"","3","E2-STATES.12","","Wed Nov 06 17:18:04 GMT 2024","passed","Wed Nov 06 17:18:04 GMT 2024","","HYPERON-EXPERIMENTAL-SCRIPTS","HYPERON-EXPERIMENTAL-SCRIPTS",""
"","2","E3-MATCH-STATES.01","","Wed Nov 06 17:18:04 GMT 2024","passed","Wed Nov 06 17:18:04 GMT 2024","","HYPERON-EXPERIMENTAL-SCRIPTS","HYPERON-EXPERIMENTAL-SCRIPTS",""
"","2","C1-GROUNDED-BASIC.13","","Wed Nov 06 17:44:50 GMT 2024","passed","Wed Nov 06 17:44:50 GMT 2024","","QUICK","QUICK",""
"","6000","metta_lang.Functions_and_unification___MeTTa_Language1","","Wed Nov 06 17:13:59 GMT 2024","passed","Wed Nov 06 17:14:05 GMT 2024","","WHOLE-TESTS","WHOLE-TESTS",""
"","3","RECURSIVE-AND-PARAMETRIC-TYPES---METTA-LANGUAGE3.01","","Wed Nov 06 17:28:45 GMT 2024","passed","Wed Nov 06 17:28:45 GMT 2024","","METTA-LANG","METTA-LANG",""
"","3","B5-TYPES-PRELIM.07","","Wed Nov 06 17:18:04 GMT 2024","passed","Wed Nov 06 17:18:04 GMT 2024","","HYPERON-EXPERIMENTAL-SCRIPTS","HYPERON-EXPERIMENTAL-SCRIPTS",""
"","3","SUPERCOLLAPSE.08","","Wed Nov 06 17:25:50 GMT 2024","passed","Wed Nov 06 17:25:50 GMT 2024","","METTA-MORPH-TESTS","METTA-MORPH-TESTS",""
"","1","CONTROLLING-PATTERN-MATCHING---METTA-LANGUAGE4.03","","Wed Nov 06 17:28:45 GMT 2024","passed","Wed Nov 06 17:28:45 GMT 2024","","METTA-LANG","METTA-LANG",""
"","5","OR-TEST.11","","Wed Nov 06 17:20:33 GMT 2024","passed","Wed Nov 06 17:20:33 GMT 2024","","HYPERON-METTALOG-SANITY","HYPERON-METTALOG-SANITY",""
"","3","BC-COMP.06","","Wed Nov 06 17:14:06 GMT 2024","passed","Wed Nov 06 17:14:06 GMT 2024","","ANTI-REGRESSION","ANTI-REGRESSION",""
"","7000","metta_lang.Console_output_and_debugging___MeTTa_Language1","","Wed Nov 06 17:13:59 GMT 2024","passed","Wed Nov 06 17:14:06 GMT 2024","","WHOLE-TESTS","WHOLE-TESTS",""
"","23693","TIME-SYNTHESIZE-SHORT.02","","Wed Nov 06 17:23:31 GMT 2024","passed","Wed Nov 06 17:23:54 GMT 2024","","SYNTH-BUFFER","SYNTH-BUFFER",""
"","3","E2-STATES.03","","Wed Nov 06 17:18:04 GMT 2024","passed","Wed Nov 06 17:18:04 GMT 2024","","HYPERON-EXPERIMENTAL-SCRIPTS","HYPERON-EXPERIMENTAL-SCRIPTS",""
"","3","CONTROLLING-PATTERN-MATCHING---METTA-LANGUAGE1.01","","Wed Nov 06 17:28:45 GMT 2024","passed","Wed Nov 06 17:28:45 GMT 2024","","METTA-LANG","METTA-LANG",""
"","6","SPACE-SUBTRACTION-TESTS.09","","Wed Nov 06 17:20:33 GMT 2024","passed","Wed Nov 06 17:20:33 GMT 2024","","HYPERON-METTALOG-SANITY","HYPERON-METTALOG-SANITY",""
"","2","OPERATIONS-OVER-ATOMS---METTA-LANGUAGE3.01","","Wed Nov 06 17:28:45 GMT 2024","passed","Wed Nov 06 17:28:45 GMT 2024","","METTA-LANG","METTA-LANG",""
"","3","SUBTRACTION-TEST.01","","Wed Nov 06 17:20:33 GMT 2024","passed","Wed Nov 06 17:20:33 GMT 2024","","HYPERON-METTALOG-SANITY","HYPERON-METTALOG-SANITY",""
"","2","CONTROLLING-PATTERN-MATCHING---METTA-LANGUAGE10.03","","Wed Nov 06 17:28:45 GMT 2024","passed","Wed Nov 06 17:28:45 GMT 2024","","METTA-LANG","METTA-LANG",""
"","2","CONTROL-FLOW---METTA-LANGUAGE10.04","","Wed Nov 06 17:28:45 GMT 2024","passed","Wed Nov 06 17:28:45 GMT 2024","","METTA-LANG","METTA-LANG",""
"","2","03-SORING-VIA-INSERT.04","","Wed Nov 06 17:20:33 GMT 2024","passed","Wed Nov 06 17:20:33 GMT 2024","","HYPERON-METTALOG-SANITY","HYPERON-METTALOG-SANITY",""
"","1","C1-GROUNDED-BASIC.12","","Wed Nov 06 17:18:04 GMT 2024","passed","Wed Nov 06 17:18:04 GMT 2024","","HYPERON-EXPERIMENTAL-SCRIPTS","HYPERON-EXPERIMENTAL-SCRIPTS",""
"","2","TMPMATCH1.03","","Wed Nov 06 17:14:06 GMT 2024","passed","Wed Nov 06 17:14:06 GMT 2024","","ANTI-REGRESSION","ANTI-REGRESSION",""
"","2","CONTROL-FLOW---METTA-LANGUAGE16.02","","Wed Nov 06 17:28:45 GMT 2024","passed","Wed Nov 06 17:28:45 GMT 2024","","METTA-LANG","METTA-LANG",""
"","6000","metta_lang.Control_flow___MeTTa_Language6","","Wed Nov 06 17:13:59 GMT 2024","passed","Wed Nov 06 17:14:05 GMT 2024","","WHOLE-TESTS","WHOLE-TESTS",""
"","3","C3-PLN-STV.05","","Wed Nov 06 17:18:04 GMT 2024","passed","Wed Nov 06 17:18:04 GMT 2024","","HYPERON-EXPERIMENTAL-SCRIPTS","HYPERON-EXPERIMENTAL-SCRIPTS",""
"","3","COLLAPSE.01","","Wed Nov 06 17:25:50 GMT 2024","passed","Wed Nov 06 17:25:50 GMT 2024","","METTA-MORPH-TESTS","METTA-MORPH-TESTS",""
"","70","RECURSIVE-AND-PARAMETRIC-TYPES---METTA-LANGUAGE4.02","","Wed Nov 06 17:28:45 GMT 2024","failed","Wed Nov 06 17:28:45 GMT 2024","","METTA-LANG","METTA-LANG",""
"","6000","metta_lang.Recursion_and_control___MeTTa_Language6","","Wed Nov 06 17:13:59 GMT 2024","passed","Wed Nov 06 17:14:05 GMT 2024","","WHOLE-TESTS","WHOLE-TESTS",""
"","2","D2-HIGHERFUNC.11","","Wed Nov 06 17:18:04 GMT 2024","passed","Wed Nov 06 17:18:04 GMT 2024","","HYPERON-EXPERIMENTAL-SCRIPTS","HYPERON-EXPERIMENTAL-SCRIPTS",""
"","2","D1-GADT.06","","Wed Nov 06 17:18:04 GMT 2024","passed","Wed Nov 06 17:18:04 GMT 2024","","HYPERON-EXPERIMENTAL-SCRIPTS","HYPERON-EXPERIMENTAL-SCRIPTS",""
"","120","SPACE-INTERSECTION-TESTS.08","","Wed Nov 06 17:20:33 GMT 2024","failed","Wed Nov 06 17:20:33 GMT 2024","","HYPERON-METTALOG-SANITY","HYPERON-METTALOG-SANITY",""
"","3","METATYPES---METTA-LANGUAGE2.03","","Wed Nov 06 17:28:45 GMT 2024","passed","Wed Nov 06 17:28:45 GMT 2024","","METTA-LANG","METTA-LANG",""
"","7000","metta-morph_tests.match_feval","","Wed Nov 06 17:13:59 GMT 2024","passed","Wed Nov 06 17:14:06 GMT 2024","","WHOLE-TESTS","WHOLE-TESTS",""
"","6000","metta_lang.Control_flow___MeTTa_Language4","","Wed Nov 06 17:13:59 GMT 2024","passed","Wed Nov 06 17:14:05 GMT 2024","","WHOLE-TESTS","WHOLE-TESTS",""
"","2","TEST-IF-CLOSED.01","","Wed Nov 06 17:14:06 GMT 2024","passed","Wed Nov 06 17:14:06 GMT 2024","","ANTI-REGRESSION","ANTI-REGRESSION",""
"","6000","metta_lang.Basic_evaluation___MeTTa_Language7","","Wed Nov 06 17:13:59 GMT 2024","passed","Wed Nov 06 17:14:05 GMT 2024","","WHOLE-TESTS","WHOLE-TESTS",""
"","24","G1-DOCS.05","","Wed Nov 06 17:18:04 GMT 2024","failed","Wed Nov 06 17:18:04 GMT 2024","","HYPERON-EXPERIMENTAL-SCRIPTS","HYPERON-EXPERIMENTAL-SCRIPTS",""
"","2","CONTROL-FLOW---METTA-LANGUAGE11.03","","Wed Nov 06 17:28:45 GMT 2024","passed","Wed Nov 06 17:28:45 GMT 2024","","METTA-LANG","METTA-LANG",""
"","176","CONTROLLING-PATTERN-MATCHING---METTA-LANGUAGE12.08","","Wed Nov 06 17:28:45 GMT 2024","failed","Wed Nov 06 17:28:45 GMT 2024","","METTA-LANG","METTA-LANG",""
"","2","C1-GROUNDED-BASIC.06","","Wed Nov 06 17:18:04 GMT 2024","passed","Wed Nov 06 17:18:04 GMT 2024","","HYPERON-EXPERIMENTAL-SCRIPTS","HYPERON-EXPERIMENTAL-SCRIPTS",""
"","6000","metta_lang.Querying_space_content___MeTTa_Language5","","Wed Nov 06 17:13:59 GMT 2024","passed","Wed Nov 06 17:14:05 GMT 2024","","WHOLE-TESTS","WHOLE-TESTS",""
"","28000","anti-regression.system_proofTestCurried","","Wed Nov 06 17:13:59 GMT 2024","passed","Wed Nov 06 17:14:27 GMT 2024","","WHOLE-TESTS","WHOLE-TESTS",""
"","2","INTERSECTION-TESTS.18","","Wed Nov 06 17:20:33 GMT 2024","passed","Wed Nov 06 17:20:33 GMT 2024","","HYPERON-METTALOG-SANITY","HYPERON-METTALOG-SANITY",""
"","2","A3-TWOSIDE.02","","Wed Nov 06 17:18:04 GMT 2024","passed","Wed Nov 06 17:18:04 GMT 2024","","HYPERON-EXPERIMENTAL-SCRIPTS","HYPERON-EXPERIMENTAL-SCRIPTS",""
"","16","CONSOLE-OUTPUT-AND-DEBUGGING---METTA-LANGUAGE1.02","","Wed Nov 06 17:28:45 GMT 2024","failed","Wed Nov 06 17:28:45 GMT 2024","","METTA-LANG","METTA-LANG",""
"","3","CONTROLLING-PATTERN-MATCHING---METTA-LANGUAGE4.01","","Wed Nov 06 17:28:45 GMT 2024","passed","Wed Nov 06 17:28:45 GMT 2024","","METTA-LANG","METTA-LANG",""
"","3","TEST-SPO-100.01","","Wed Nov 06 17:15:01 GMT 2024","passed","Wed Nov 06 17:15:01 GMT 2024","","METTA-WAM-ISSUE-116","METTA-WAM-ISSUE-116",""
"","7000","hyperon-experimental_scripts.b2_backchain","","Wed Nov 06 17:13:59 GMT 2024","passed","Wed Nov 06 17:14:06 GMT 2024","","WHOLE-TESTS","WHOLE-TESTS",""
"","2","SUPERPOSE-NESTED.03","","Wed Nov 06 17:25:50 GMT 2024","passed","Wed Nov 06 17:25:50 GMT 2024","","METTA-MORPH-TESTS","METTA-MORPH-TESTS",""
"","3","INTERSECTION-TESTS.05","","Wed Nov 06 17:20:33 GMT 2024","passed","Wed Nov 06 17:20:33 GMT 2024","","HYPERON-METTALOG-SANITY","HYPERON-METTALOG-SANITY",""
"","2","C1-GROUNDED-BASIC.17","","Wed Nov 06 17:44:50 GMT 2024","passed","Wed Nov 06 17:44:50 GMT 2024","","QUICK","QUICK",""
"","2","MATCH-VOID.08","","Wed Nov 06 17:25:50 GMT 2024","passed","Wed Nov 06 17:25:50 GMT 2024","","METTA-MORPH-TESTS","METTA-MORPH-TESTS",""
"","2","BASIC-GROUNDED-FUNCTIONS---METTA-LANGUAGE6.04","","Wed Nov 06 17:28:45 GMT 2024","passed","Wed Nov 06 17:28:45 GMT 2024","","METTA-LANG","METTA-LANG",""
"","3","WORKING-WITH-SPACES---METTA-LANGUAGE11.01","","Wed Nov 06 17:28:45 GMT 2024","passed","Wed Nov 06 17:28:45 GMT 2024","","METTA-LANG","METTA-LANG",""
"","7000","metta_lang.Recursive_and_parametric_types___MeTTa_Language1","","Wed Nov 06 17:13:59 GMT 2024","passed","Wed Nov 06 17:14:06 GMT 2024","","WHOLE-TESTS","WHOLE-TESTS",""
"","2","FIND-ALL-TESTS.03","","Wed Nov 06 17:20:33 GMT 2024","passed","Wed Nov 06 17:20:33 GMT 2024","","HYPERON-METTALOG-SANITY","HYPERON-METTALOG-SANITY",""
"","3","SPACE-INTERSECTION-TESTS.19","","Wed Nov 06 17:20:33 GMT 2024","passed","Wed Nov 06 17:20:33 GMT 2024","","HYPERON-METTALOG-SANITY","HYPERON-METTALOG-SANITY",""
"","2","SUBTRACTION-TEST.05","","Wed Nov 06 17:20:33 GMT 2024","passed","Wed Nov 06 17:20:33 GMT 2024","","HYPERON-METTALOG-SANITY","HYPERON-METTALOG-SANITY",""
"","78","D5-AUTO-TYPES.06","","Wed Nov 06 17:18:04 GMT 2024","failed","Wed Nov 06 17:18:04 GMT 2024","","HYPERON-EXPERIMENTAL-SCRIPTS","HYPERON-EXPERIMENTAL-SCRIPTS",""
"","2","METATYPES---METTA-LANGUAGE1.02","","Wed Nov 06 17:28:45 GMT 2024","passed","Wed Nov 06 17:28:45 GMT 2024","","METTA-LANG","METTA-LANG",""
"","3","CONCRETE-TYPES---METTA-LANGUAGE7.06","","Wed Nov 06 17:28:45 GMT 2024","passed","Wed Nov 06 17:28:45 GMT 2024","","METTA-LANG","METTA-LANG",""
"","3","CATCH-THROW-TESTS.04","","Wed Nov 06 17:20:33 GMT 2024","passed","Wed Nov 06 17:20:33 GMT 2024","","HYPERON-METTALOG-SANITY","HYPERON-METTALOG-SANITY",""
"","3","BCHAIN.01","","Wed Nov 06 17:14:06 GMT 2024","passed","Wed Nov 06 17:14:06 GMT 2024","","ANTI-REGRESSION","ANTI-REGRESSION",""
"","2","ADD-ATOM-MATCH.01","","Wed Nov 06 17:25:50 GMT 2024","passed","Wed Nov 06 17:25:50 GMT 2024","","METTA-MORPH-TESTS","METTA-MORPH-TESTS",""
"","54","B5-TYPES-PRELIM.15","","Wed Nov 06 17:18:04 GMT 2024","failed","Wed Nov 06 17:18:04 GMT 2024","","HYPERON-EXPERIMENTAL-SCRIPTS","HYPERON-EXPERIMENTAL-SCRIPTS",""
"","82","HANDLING-NONDETERMINISTIC-RESULTS---METTA-LANGUAGE7.04","","Wed Nov 06 17:28:45 GMT 2024","passed","Wed Nov 06 17:28:45 GMT 2024","","METTA-LANG","METTA-LANG",""
"","1","A1-SYMBOLS.06","","Wed Nov 06 17:18:04 GMT 2024","passed","Wed Nov 06 17:18:04 GMT 2024","","HYPERON-EXPERIMENTAL-SCRIPTS","HYPERON-EXPERIMENTAL-SCRIPTS",""
"","3","F1-IMPORTS.19","","Wed Nov 06 17:44:50 GMT 2024","passed","Wed Nov 06 17:44:50 GMT 2024","","QUICK","QUICK",""
"","3","CONCRETE-TYPES---METTA-LANGUAGE7.01","","Wed Nov 06 17:28:45 GMT 2024","passed","Wed Nov 06 17:28:45 GMT 2024","","METTA-LANG","METTA-LANG",""
"","2","WORKING-WITH-SPACES---METTA-LANGUAGE3.06","","Wed Nov 06 17:28:45 GMT 2024","passed","Wed Nov 06 17:28:45 GMT 2024","","METTA-LANG","METTA-LANG",""
"","121","RECURSIVE-AND-PARAMETRIC-TYPES---METTA-LANGUAGE1.02","","Wed Nov 06 17:28:45 GMT 2024","failed","Wed Nov 06 17:28:45 GMT 2024","","METTA-LANG","METTA-LANG",""
"","6000","hyperon-experimental_scripts.e2_states","","Wed Nov 06 17:13:59 GMT 2024","passed","Wed Nov 06 17:14:05 GMT 2024","","WHOLE-TESTS","WHOLE-TESTS",""
"","2","XOR-TEST.07","","Wed Nov 06 17:20:33 GMT 2024","passed","Wed Nov 06 17:20:33 GMT 2024","","HYPERON-METTALOG-SANITY","HYPERON-METTALOG-SANITY",""
"","3","CONTROLLING-PATTERN-MATCHING---METTA-LANGUAGE12.11","","Wed Nov 06 17:28:45 GMT 2024","passed","Wed Nov 06 17:28:45 GMT 2024","","METTA-LANG","METTA-LANG",""
"","12","D4-TYPE-PROP.03","","Wed Nov 06 17:18:04 GMT 2024","passed","Wed Nov 06 17:18:04 GMT 2024","","HYPERON-EXPERIMENTAL-SCRIPTS","HYPERON-EXPERIMENTAL-SCRIPTS",""
"","2","C1-GROUNDED-BASIC.13","","Wed Nov 06 17:18:04 GMT 2024","passed","Wed Nov 06 17:18:04 GMT 2024","","HYPERON-EXPERIMENTAL-SCRIPTS","HYPERON-EXPERIMENTAL-SCRIPTS",""
"","2","C1-GROUNDED-BASIC.09","","Wed Nov 06 17:44:50 GMT 2024","passed","Wed Nov 06 17:44:50 GMT 2024","","QUICK","QUICK",""
"","1","SEQUENTIAL-NESTED.05","","Wed Nov 06 17:25:50 GMT 2024","passed","Wed Nov 06 17:25:50 GMT 2024","","METTA-MORPH-TESTS","METTA-MORPH-TESTS",""
"","2","D3-DEPTYPES.06","","Wed Nov 06 17:18:04 GMT 2024","passed","Wed Nov 06 17:18:04 GMT 2024","","HYPERON-EXPERIMENTAL-SCRIPTS","HYPERON-EXPERIMENTAL-SCRIPTS",""
"","74","SEQUENTIAL-NESTED.11","","Wed Nov 06 17:25:50 GMT 2024","passed","Wed Nov 06 17:25:50 GMT 2024","","METTA-MORPH-TESTS","METTA-MORPH-TESTS",""
"","6000","metta_lang.Functions_and_unification___MeTTa_Language6","","Wed Nov 06 17:13:59 GMT 2024","passed","Wed Nov 06 17:14:05 GMT 2024","","WHOLE-TESTS","WHOLE-TESTS",""
"","7000","metta_lang.Handling_nondeterministic_results___MeTTa_Language7","","Wed Nov 06 17:13:59 GMT 2024","passed","Wed Nov 06 17:14:06 GMT 2024","","WHOLE-TESTS","WHOLE-TESTS",""
"","4","BASIC-GROUNDED-FUNCTIONS---METTA-LANGUAGE5.01","","Wed Nov 06 17:28:45 GMT 2024","passed","Wed Nov 06 17:28:45 GMT 2024","","METTA-LANG","METTA-LANG",""
"","941","FREE-VARIABLES-AND-NONDETERMINISM-AGAIN,-RECURSIVELY---METTA-LANGUAGE3.02","","Wed Nov 06 17:28:45 GMT 2024","passed","Wed Nov 06 17:28:45 GMT 2024","","METTA-LANG","METTA-LANG",""
"","2","SEQUENTIAL-NESTED.03","","Wed Nov 06 17:25:50 GMT 2024","passed","Wed Nov 06 17:25:50 GMT 2024","","METTA-MORPH-TESTS","METTA-MORPH-TESTS",""
"","7000","metta_lang.Operations_over_atoms___MeTTa_Language9","","Wed Nov 06 17:13:59 GMT 2024","passed","Wed Nov 06 17:14:06 GMT 2024","","WHOLE-TESTS","WHOLE-TESTS",""
"","64","C1-GROUNDED-BASIC.15","","Wed Nov 06 17:44:50 GMT 2024","failed","Wed Nov 06 17:44:50 GMT 2024","","QUICK","QUICK",""
"","16","00-LANG-CASE.12","","Wed Nov 06 17:20:33 GMT 2024","passed","Wed Nov 06 17:20:33 GMT 2024","","HYPERON-METTALOG-SANITY","HYPERON-METTALOG-SANITY",""
"","2","METTALOGTESTCURRIED2.02","","Wed Nov 06 17:14:06 GMT 2024","passed","Wed Nov 06 17:14:06 GMT 2024","","ANTI-REGRESSION","ANTI-REGRESSION",""
"","3","D2-HIGHERFUNC.09","","Wed Nov 06 17:18:04 GMT 2024","passed","Wed Nov 06 17:18:04 GMT 2024","","HYPERON-EXPERIMENTAL-SCRIPTS","HYPERON-EXPERIMENTAL-SCRIPTS",""
"","3","ZEROARGS.01","","Wed Nov 06 17:25:50 GMT 2024","passed","Wed Nov 06 17:25:50 GMT 2024","","METTA-MORPH-TESTS","METTA-MORPH-TESTS",""
"","7000","metta_lang.Basic_grounded_functions___MeTTa_Language7","","Wed Nov 06 17:13:59 GMT 2024","passed","Wed Nov 06 17:14:06 GMT 2024","","WHOLE-TESTS","WHOLE-TESTS",""
"","3","BCHAIN-COMP.04","","Wed Nov 06 17:14:06 GMT 2024","passed","Wed Nov 06 17:14:06 GMT 2024","","ANTI-REGRESSION","ANTI-REGRESSION",""
"","2","WORKING-WITH-SPACES---METTA-LANGUAGE3.03","","Wed Nov 06 17:28:45 GMT 2024","passed","Wed Nov 06 17:28:45 GMT 2024","","METTA-LANG","METTA-LANG",""
"","2","E3-MATCH-STATES.02","","Wed Nov 06 17:18:04 GMT 2024","passed","Wed Nov 06 17:18:04 GMT 2024","","HYPERON-EXPERIMENTAL-SCRIPTS","HYPERON-EXPERIMENTAL-SCRIPTS",""
"","3","CONCRETE-TYPES---METTA-LANGUAGE7.04","","Wed Nov 06 17:28:45 GMT 2024","passed","Wed Nov 06 17:28:45 GMT 2024","","METTA-LANG","METTA-LANG",""
"","2","D4-TYPE-PROP.10","","Wed Nov 06 17:44:50 GMT 2024","passed","Wed Nov 06 17:44:50 GMT 2024","","QUICK","QUICK",""
"","6000","metta-morph_tests.peano","","Wed Nov 06 17:13:59 GMT 2024","passed","Wed Nov 06 17:14:05 GMT 2024","","WHOLE-TESTS","WHOLE-TESTS",""
"","2","FUNCTIONS-AND-UNIFICATION---METTA-LANGUAGE1.03","","Wed Nov 06 17:28:45 GMT 2024","passed","Wed Nov 06 17:28:45 GMT 2024","","METTA-LANG","METTA-LANG",""
"","76","INTERSECTION-TESTS.06","","Wed Nov 06 17:20:33 GMT 2024","passed","Wed Nov 06 17:20:33 GMT 2024","","HYPERON-METTALOG-SANITY","HYPERON-METTALOG-SANITY",""
"","2","B5-TYPES-PRELIM.10","","Wed Nov 06 17:18:04 GMT 2024","passed","Wed Nov 06 17:18:04 GMT 2024","","HYPERON-EXPERIMENTAL-SCRIPTS","HYPERON-EXPERIMENTAL-SCRIPTS",""
"","17","CONCRETE-TYPES---METTA-LANGUAGE6.01","","Wed Nov 06 17:28:45 GMT 2024","failed","Wed Nov 06 17:28:45 GMT 2024","","METTA-LANG","METTA-LANG",""
"","1","INTERSECTION-TESTS.22","","Wed Nov 06 17:20:33 GMT 2024","passed","Wed Nov 06 17:20:33 GMT 2024","","HYPERON-METTALOG-SANITY","HYPERON-METTALOG-SANITY",""
"","2","XOR-TEST.01","","Wed Nov 06 17:20:33 GMT 2024","passed","Wed Nov 06 17:20:33 GMT 2024","","HYPERON-METTALOG-SANITY","HYPERON-METTALOG-SANITY",""
"","2","WORKING-WITH-SPACES---METTA-LANGUAGE1.05","","Wed Nov 06 17:28:45 GMT 2024","passed","Wed Nov 06 17:28:45 GMT 2024","","METTA-LANG","METTA-LANG",""
"","3","LETLET.01","","Wed Nov 06 17:25:50 GMT 2024","passed","Wed Nov 06 17:25:50 GMT 2024","","METTA-MORPH-TESTS","METTA-MORPH-TESTS",""
"","3","D2-HIGHERFUNC.01","","Wed Nov 06 17:18:04 GMT 2024","passed","Wed Nov 06 17:18:04 GMT 2024","","HYPERON-EXPERIMENTAL-SCRIPTS","HYPERON-EXPERIMENTAL-SCRIPTS",""
"","7000","metta_lang.Basic_grounded_functions___MeTTa_Language2","","Wed Nov 06 17:13:59 GMT 2024","passed","Wed Nov 06 17:14:06 GMT 2024","","WHOLE-TESTS","WHOLE-TESTS",""
"","2","UNIQUE-TEST.05","","Wed Nov 06 17:20:33 GMT 2024","passed","Wed Nov 06 17:20:33 GMT 2024","","HYPERON-METTALOG-SANITY","HYPERON-METTALOG-SANITY",""
"","79","F1-IMPORTS.13","","Wed Nov 06 17:18:04 GMT 2024","failed","Wed Nov 06 17:18:04 GMT 2024","","HYPERON-EXPERIMENTAL-SCRIPTS","HYPERON-EXPERIMENTAL-SCRIPTS",""
"","7000","hyperon-mettalog_sanity.space_intersection_tests","","Wed Nov 06 17:13:59 GMT 2024","passed","Wed Nov 06 17:14:06 GMT 2024","","WHOLE-TESTS","WHOLE-TESTS",""
"","3","FUNCTIONAL-PROGRAMMING-TESTS.02","","Wed Nov 06 17:20:33 GMT 2024","passed","Wed Nov 06 17:20:33 GMT 2024","","HYPERON-METTALOG-SANITY","HYPERON-METTALOG-SANITY",""
"","116","CONTROL-FLOW---METTA-LANGUAGE5.01","","Wed Nov 06 17:28:45 GMT 2024","passed","Wed Nov 06 17:28:45 GMT 2024","","METTA-LANG","METTA-LANG",""
"","2","SPACE-INTERSECTION-TESTS.11","","Wed Nov 06 17:20:33 GMT 2024","passed","Wed Nov 06 17:20:33 GMT 2024","","HYPERON-METTALOG-SANITY","HYPERON-METTALOG-SANITY",""
"","7000","metta_lang.Operations_over_atoms___MeTTa_Language1","","Wed Nov 06 17:13:59 GMT 2024","passed","Wed Nov 06 17:14:06 GMT 2024","","WHOLE-TESTS","WHOLE-TESTS",""
"","902","WORKING-WITH-SPACES---METTA-LANGUAGE13.02","","Wed Nov 06 17:28:45 GMT 2024","failed","Wed Nov 06 17:28:45 GMT 2024","","METTA-LANG","METTA-LANG",""
"","2","HYPERPOSE.10","","Wed Nov 06 17:25:50 GMT 2024","passed","Wed Nov 06 17:25:50 GMT 2024","","METTA-MORPH-TESTS","METTA-MORPH-TESTS",""
"","3","COMMA-IS-NOT-SPECIAL.01","","Wed Nov 06 17:14:06 GMT 2024","passed","Wed Nov 06 17:14:06 GMT 2024","","ANTI-REGRESSION","ANTI-REGRESSION",""
"","2","CONTROL-FLOW---METTA-LANGUAGE7.02","","Wed Nov 06 17:28:45 GMT 2024","passed","Wed Nov 06 17:28:45 GMT 2024","","METTA-LANG","METTA-LANG",""
"","2","METATYPES---METTA-LANGUAGE1.10","","Wed Nov 06 17:28:45 GMT 2024","passed","Wed Nov 06 17:28:45 GMT 2024","","METTA-LANG","METTA-LANG",""
"","2","CONCRETE-TYPES---METTA-LANGUAGE12.03","","Wed Nov 06 17:28:45 GMT 2024","passed","Wed Nov 06 17:28:45 GMT 2024","","METTA-LANG","METTA-LANG",""
"","6000","metta_lang.Control_flow___MeTTa_Language11","","Wed Nov 06 17:13:59 GMT 2024","passed","Wed Nov 06 17:14:05 GMT 2024","","WHOLE-TESTS","WHOLE-TESTS",""
"","392","TESTS0.06","","Wed Nov 06 17:25:50 GMT 2024","passed","Wed Nov 06 17:25:50 GMT 2024","","METTA-MORPH-TESTS","METTA-MORPH-TESTS",""
"","2","C1-GROUNDED-BASIC.03","","Wed Nov 06 17:44:50 GMT 2024","passed","Wed Nov 06 17:44:50 GMT 2024","","QUICK","QUICK",""
"","2","D4-TYPE-PROP.09","","Wed Nov 06 17:44:50 GMT 2024","passed","Wed Nov 06 17:44:50 GMT 2024","","QUICK","QUICK",""
"","6000","metta_lang.Controlling_pattern_matching___MeTTa_Language10","","Wed Nov 06 17:13:59 GMT 2024","passed","Wed Nov 06 17:14:05 GMT 2024","","WHOLE-TESTS","WHOLE-TESTS",""
"","3","SUPERCOLLAPSE.02","","Wed Nov 06 17:25:50 GMT 2024","passed","Wed Nov 06 17:25:50 GMT 2024","","METTA-MORPH-TESTS","METTA-MORPH-TESTS",""
"","41000","anti-regression.mettalogTestCurried","","Wed Nov 06 17:13:59 GMT 2024","passed","Wed Nov 06 17:14:40 GMT 2024","","WHOLE-TESTS","WHOLE-TESTS",""
"","2","A3-TWOSIDE.03","","Wed Nov 06 17:18:04 GMT 2024","passed","Wed Nov 06 17:18:04 GMT 2024","","HYPERON-EXPERIMENTAL-SCRIPTS","HYPERON-EXPERIMENTAL-SCRIPTS",""
"","128","TESTS0.01","","Wed Nov 06 17:25:50 GMT 2024","passed","Wed Nov 06 17:25:50 GMT 2024","","METTA-MORPH-TESTS","METTA-MORPH-TESTS",""
"","2","RECURSION-AND-CONTROL---METTA-LANGUAGE9.03","","Wed Nov 06 17:28:45 GMT 2024","passed","Wed Nov 06 17:28:45 GMT 2024","","METTA-LANG","METTA-LANG",""
"","2","RECURSION-AND-CONTROL---METTA-LANGUAGE2.02","","Wed Nov 06 17:28:45 GMT 2024","passed","Wed Nov 06 17:28:45 GMT 2024","","METTA-LANG","METTA-LANG",""
"","1","CONTROLLING-PATTERN-MATCHING---METTA-LANGUAGE4.04","","Wed Nov 06 17:28:45 GMT 2024","passed","Wed Nov 06 17:28:45 GMT 2024","","METTA-LANG","METTA-LANG",""
"","3","E2-STATES.01","","Wed Nov 06 17:18:04 GMT 2024","passed","Wed Nov 06 17:18:04 GMT 2024","","HYPERON-EXPERIMENTAL-SCRIPTS","HYPERON-EXPERIMENTAL-SCRIPTS",""
"","6000","metta_lang.Control_flow___MeTTa_Language9","","Wed Nov 06 17:13:59 GMT 2024","passed","Wed Nov 06 17:14:05 GMT 2024","","WHOLE-TESTS","WHOLE-TESTS",""
"","3","RUST-01.01","","Wed Nov 06 17:45:30 GMT 2024","passed","Wed Nov 06 17:45:30 GMT 2024","","BASELINE-COMPAT","BASELINE-COMPAT",""
"","2","C1-GROUNDED-BASIC.02","","Wed Nov 06 17:44:50 GMT 2024","passed","Wed Nov 06 17:44:50 GMT 2024","","QUICK","QUICK",""
"","6000","metta_lang.Recursive_and_parametric_types___MeTTa_Language7","","Wed Nov 06 17:13:59 GMT 2024","passed","Wed Nov 06 17:14:05 GMT 2024","","WHOLE-TESTS","WHOLE-TESTS",""
"","2","FUNCTIONS-AND-UNIFICATION---METTA-LANGUAGE3.03","","Wed Nov 06 17:28:45 GMT 2024","passed","Wed Nov 06 17:28:45 GMT 2024","","METTA-LANG","METTA-LANG",""
"","2","STRING-TESTS.05","","Wed Nov 06 17:20:33 GMT 2024","passed","Wed Nov 06 17:20:33 GMT 2024","","HYPERON-METTALOG-SANITY","HYPERON-METTALOG-SANITY",""
"","3","SPACE-INTERSECTION-TESTS.01","","Wed Nov 06 17:20:33 GMT 2024","passed","Wed Nov 06 17:20:33 GMT 2024","","HYPERON-METTALOG-SANITY","HYPERON-METTALOG-SANITY",""
"","2","UNIQUE-TEST.03","","Wed Nov 06 17:20:33 GMT 2024","passed","Wed Nov 06 17:20:33 GMT 2024","","HYPERON-METTALOG-SANITY","HYPERON-METTALOG-SANITY",""
"","3","FREE-VARIABLES-AND-NONDETERMINISM-AGAIN,-RECURSIVELY---METTA-LANGUAGE3.01","","Wed Nov 06 17:28:45 GMT 2024","passed","Wed Nov 06 17:28:45 GMT 2024","","METTA-LANG","METTA-LANG",""
"","2","B1-EQUAL-CHAIN.03","","Wed Nov 06 17:18:04 GMT 2024","passed","Wed Nov 06 17:18:04 GMT 2024","","HYPERON-EXPERIMENTAL-SCRIPTS","HYPERON-EXPERIMENTAL-SCRIPTS",""
"","2","D4-TYPE-PROP.01","","Wed Nov 06 17:18:04 GMT 2024","passed","Wed Nov 06 17:18:04 GMT 2024","","HYPERON-EXPERIMENTAL-SCRIPTS","HYPERON-EXPERIMENTAL-SCRIPTS",""
"","2","CONCRETE-TYPES---METTA-LANGUAGE1.04","","Wed Nov 06 17:28:45 GMT 2024","passed","Wed Nov 06 17:28:45 GMT 2024","","METTA-LANG","METTA-LANG",""
"","3","MATCH-SUPERPOSED-SPACES.01","","Wed Nov 06 17:25:50 GMT 2024","passed","Wed Nov 06 17:25:50 GMT 2024","","METTA-MORPH-TESTS","METTA-MORPH-TESTS",""
"","6000","hyperon-mettalog_sanity.sealed_test","","Wed Nov 06 17:13:59 GMT 2024","passed","Wed Nov 06 17:14:05 GMT 2024","","WHOLE-TESTS","WHOLE-TESTS",""
"","4","FUNCTIONS-AND-UNIFICATION---METTA-LANGUAGE7.01","","Wed Nov 06 17:28:45 GMT 2024","passed","Wed Nov 06 17:28:45 GMT 2024","","METTA-LANG","METTA-LANG",""
"","3","06-MATCH-IN-SPACE.01","","Wed Nov 06 17:20:33 GMT 2024","passed","Wed Nov 06 17:20:33 GMT 2024","","HYPERON-METTALOG-SANITY","HYPERON-METTALOG-SANITY",""
"","6000","metta_lang.Controlling_pattern_matching___MeTTa_Language6","","Wed Nov 06 17:13:59 GMT 2024","passed","Wed Nov 06 17:14:05 GMT 2024","","WHOLE-TESTS","WHOLE-TESTS",""
"","2","B5-TYPES-PRELIM.23","","Wed Nov 06 17:18:04 GMT 2024","passed","Wed Nov 06 17:18:04 GMT 2024","","HYPERON-EXPERIMENTAL-SCRIPTS","HYPERON-EXPERIMENTAL-SCRIPTS",""
"","2","D2-HIGHERFUNC.16","","Wed Nov 06 17:18:04 GMT 2024","passed","Wed Nov 06 17:18:04 GMT 2024","","HYPERON-EXPERIMENTAL-SCRIPTS","HYPERON-EXPERIMENTAL-SCRIPTS",""
"","3","CONTROL-FLOW---METTA-LANGUAGE15.01","","Wed Nov 06 17:28:45 GMT 2024","passed","Wed Nov 06 17:28:45 GMT 2024","","METTA-LANG","METTA-LANG",""
"","3","B0-CHAINING-PRELIM.01","","Wed Nov 06 17:18:04 GMT 2024","passed","Wed Nov 06 17:18:04 GMT 2024","","HYPERON-EXPERIMENTAL-SCRIPTS","HYPERON-EXPERIMENTAL-SCRIPTS",""
"","2","FUNCTIONS-AND-UNIFICATION---METTA-LANGUAGE7.06","","Wed Nov 06 17:28:45 GMT 2024","passed","Wed Nov 06 17:28:45 GMT 2024","","METTA-LANG","METTA-LANG",""
"","6000","metta_lang.Concrete_types___MeTTa_Language11","","Wed Nov 06 17:13:59 GMT 2024","passed","Wed Nov 06 17:14:05 GMT 2024","","WHOLE-TESTS","WHOLE-TESTS",""
"","100","CONTROL-FLOW---METTA-LANGUAGE12.02","","Wed Nov 06 17:28:45 GMT 2024","passed","Wed Nov 06 17:28:45 GMT 2024","","METTA-LANG","METTA-LANG",""
"","2","FUNCTIONAL-PROGRAMMING-TESTS.03","","Wed Nov 06 17:20:33 GMT 2024","passed","Wed Nov 06 17:20:33 GMT 2024","","HYPERON-METTALOG-SANITY","HYPERON-METTALOG-SANITY",""
"","2","D1-GADT.10","","Wed Nov 06 17:44:50 GMT 2024","passed","Wed Nov 06 17:44:50 GMT 2024","","QUICK","QUICK",""
"","1","HYPERPOSE.08","","Wed Nov 06 17:25:50 GMT 2024","passed","Wed Nov 06 17:25:50 GMT 2024","","METTA-MORPH-TESTS","METTA-MORPH-TESTS",""
"","2","CONCRETE-TYPES---METTA-LANGUAGE1.01","","Wed Nov 06 17:28:45 GMT 2024","passed","Wed Nov 06 17:28:45 GMT 2024","","METTA-LANG","METTA-LANG",""
"","2","METATYPES---METTA-LANGUAGE1.08","","Wed Nov 06 17:28:45 GMT 2024","passed","Wed Nov 06 17:28:45 GMT 2024","","METTA-LANG","METTA-LANG",""
"","2","TEST-IF-CLOSED.02","","Wed Nov 06 17:14:06 GMT 2024","passed","Wed Nov 06 17:14:06 GMT 2024","","ANTI-REGRESSION","ANTI-REGRESSION",""
"","2","D1-GADT.07","","Wed Nov 06 17:44:50 GMT 2024","passed","Wed Nov 06 17:44:50 GMT 2024","","QUICK","QUICK",""
"","3","B1-EQUAL-CHAIN.06","","Wed Nov 06 17:18:04 GMT 2024","passed","Wed Nov 06 17:18:04 GMT 2024","","HYPERON-EXPERIMENTAL-SCRIPTS","HYPERON-EXPERIMENTAL-SCRIPTS",""
"","3","B4-NONDETERM.04","","Wed Nov 06 17:18:04 GMT 2024","passed","Wed Nov 06 17:18:04 GMT 2024","","HYPERON-EXPERIMENTAL-SCRIPTS","HYPERON-EXPERIMENTAL-SCRIPTS",""
"","69","RECURSIVE-AND-PARAMETRIC-TYPES---METTA-LANGUAGE8.02","","Wed Nov 06 17:28:45 GMT 2024","failed","Wed Nov 06 17:28:45 GMT 2024","","METTA-LANG","METTA-LANG",""
"","6000","metta_lang.Recursive_and_parametric_types___MeTTa_Language4","","Wed Nov 06 17:13:59 GMT 2024","passed","Wed Nov 06 17:14:05 GMT 2024","","WHOLE-TESTS","WHOLE-TESTS",""
"","2","HANDLING-NONDETERMINISTIC-RESULTS---METTA-LANGUAGE1.02","","Wed Nov 06 17:28:45 GMT 2024","passed","Wed Nov 06 17:28:45 GMT 2024","","METTA-LANG","METTA-LANG",""
"","2","CONCRETE-TYPES---METTA-LANGUAGE5.03","","Wed Nov 06 17:28:45 GMT 2024","passed","Wed Nov 06 17:28:45 GMT 2024","","METTA-LANG","METTA-LANG",""
"","2","BASIC-GROUNDED-FUNCTIONS---METTA-LANGUAGE8.02","","Wed Nov 06 17:28:45 GMT 2024","passed","Wed Nov 06 17:28:45 GMT 2024","","METTA-LANG","METTA-LANG",""
"","7000","metta-morph_tests.let_superpose_list","","Wed Nov 06 17:13:59 GMT 2024","passed","Wed Nov 06 17:14:06 GMT 2024","","WHOLE-TESTS","WHOLE-TESTS",""
"","2","D4-TYPE-PROP.12","","Wed Nov 06 17:18:04 GMT 2024","passed","Wed Nov 06 17:18:04 GMT 2024","","HYPERON-EXPERIMENTAL-SCRIPTS","HYPERON-EXPERIMENTAL-SCRIPTS",""
"","112","OR-TEST.20","","Wed Nov 06 17:20:33 GMT 2024","failed","Wed Nov 06 17:20:33 GMT 2024","","HYPERON-METTALOG-SANITY","HYPERON-METTALOG-SANITY",""
"","6000","metta_lang.Operations_over_atoms___MeTTa_Language2","","Wed Nov 06 17:13:59 GMT 2024","passed","Wed Nov 06 17:14:05 GMT 2024","","WHOLE-TESTS","WHOLE-TESTS",""
"","6","SEALED-TEST.01","","Wed Nov 06 17:20:33 GMT 2024","passed","Wed Nov 06 17:20:33 GMT 2024","","HYPERON-METTALOG-SANITY","HYPERON-METTALOG-SANITY",""
"","6000","anti-regression.comma_is_not_special","","Wed Nov 06 17:13:59 GMT 2024","passed","Wed Nov 06 17:14:05 GMT 2024","","WHOLE-TESTS","WHOLE-TESTS",""
"","52","OR-TEST.02","","Wed Nov 06 17:20:33 GMT 2024","failed","Wed Nov 06 17:20:33 GMT 2024","","HYPERON-METTALOG-SANITY","HYPERON-METTALOG-SANITY",""
"","2","RECURSION-AND-CONTROL---METTA-LANGUAGE2.03","","Wed Nov 06 17:28:45 GMT 2024","passed","Wed Nov 06 17:28:45 GMT 2024","","METTA-LANG","METTA-LANG",""
"","5","SPACE-SUBTRACTION-TESTS.05","","Wed Nov 06 17:20:33 GMT 2024","passed","Wed Nov 06 17:20:33 GMT 2024","","HYPERON-METTALOG-SANITY","HYPERON-METTALOG-SANITY",""
"","5","OR-TEST.01","","Wed Nov 06 17:20:33 GMT 2024","passed","Wed Nov 06 17:20:33 GMT 2024","","HYPERON-METTALOG-SANITY","HYPERON-METTALOG-SANITY",""
"","63","D5-AUTO-TYPES.03","","Wed Nov 06 17:18:04 GMT 2024","failed","Wed Nov 06 17:18:04 GMT 2024","","HYPERON-EXPERIMENTAL-SCRIPTS","HYPERON-EXPERIMENTAL-SCRIPTS",""
"","17","CONCRETE-TYPES---METTA-LANGUAGE5.04","","Wed Nov 06 17:28:45 GMT 2024","failed","Wed Nov 06 17:28:45 GMT 2024","","METTA-LANG","METTA-LANG",""
"","6000","metta_lang.Functions_and_unification___MeTTa_Language5","","Wed Nov 06 17:13:59 GMT 2024","passed","Wed Nov 06 17:14:05 GMT 2024","","WHOLE-TESTS","WHOLE-TESTS",""
"","2","D3-DEPTYPES.02","","Wed Nov 06 17:18:04 GMT 2024","passed","Wed Nov 06 17:18:04 GMT 2024","","HYPERON-EXPERIMENTAL-SCRIPTS","HYPERON-EXPERIMENTAL-SCRIPTS",""
"","7000","metta_lang.Operations_over_atoms___MeTTa_Language3","","Wed Nov 06 17:13:59 GMT 2024","passed","Wed Nov 06 17:14:06 GMT 2024","","WHOLE-TESTS","WHOLE-TESTS",""
"","3","BC-COMP.04","","Wed Nov 06 17:14:06 GMT 2024","passed","Wed Nov 06 17:14:06 GMT 2024","","ANTI-REGRESSION","ANTI-REGRESSION",""
"","2","UNIQUE-TEST.02","","Wed Nov 06 17:20:33 GMT 2024","passed","Wed Nov 06 17:20:33 GMT 2024","","HYPERON-METTALOG-SANITY","HYPERON-METTALOG-SANITY",""
"","6","WORKING-WITH-SPACES---METTA-LANGUAGE4.02","","Wed Nov 06 17:28:45 GMT 2024","passed","Wed Nov 06 17:28:45 GMT 2024","","METTA-LANG","METTA-LANG",""
"","7000","quick.c1_grounded_basic","","Wed Nov 06 17:13:59 GMT 2024","passed","Wed Nov 06 17:14:06 GMT 2024","","WHOLE-TESTS","WHOLE-TESTS",""
"","2","F1-IMPORTS.15","","Wed Nov 06 17:44:50 GMT 2024","passed","Wed Nov 06 17:44:50 GMT 2024","","QUICK","QUICK",""
"","2","INTERSECTION-TESTS.24","","Wed Nov 06 17:20:33 GMT 2024","passed","Wed Nov 06 17:20:33 GMT 2024","","HYPERON-METTALOG-SANITY","HYPERON-METTALOG-SANITY",""
"","41000","metta_lang.Nested_queries_and_recursive_graph_traversal___MeTTa_Language3","","Wed Nov 06 17:13:59 GMT 2024","failed","Wed Nov 06 17:14:40 GMT 2024","","WHOLE-TESTS","WHOLE-TESTS",""
"","2","F1-IMPORTS.06","","Wed Nov 06 17:18:04 GMT 2024","passed","Wed Nov 06 17:18:04 GMT 2024","","HYPERON-EXPERIMENTAL-SCRIPTS","HYPERON-EXPERIMENTAL-SCRIPTS",""
"","3","CONTROL-FLOW---METTA-LANGUAGE14.01","","Wed Nov 06 17:28:45 GMT 2024","passed","Wed Nov 06 17:28:45 GMT 2024","","METTA-LANG","METTA-LANG",""
"","3","METATYPES---METTA-LANGUAGE2.08","","Wed Nov 06 17:28:45 GMT 2024","passed","Wed Nov 06 17:28:45 GMT 2024","","METTA-LANG","METTA-LANG",""
"","6000","metta_lang.Basic_evaluation___MeTTa_Language15","","Wed Nov 06 17:13:59 GMT 2024","passed","Wed Nov 06 17:14:05 GMT 2024","","WHOLE-TESTS","WHOLE-TESTS",""
"","3","FREE-VARIABLES-AND-NONDETERMINISM-AGAIN,-RECURSIVELY---METTA-LANGUAGE1.03","","Wed Nov 06 17:28:45 GMT 2024","passed","Wed Nov 06 17:28:45 GMT 2024","","METTA-LANG","METTA-LANG",""
"","2","STRING-TESTS.20","","Wed Nov 06 17:20:33 GMT 2024","passed","Wed Nov 06 17:20:33 GMT 2024","","HYPERON-METTALOG-SANITY","HYPERON-METTALOG-SANITY",""
"","2","CONTROL-FLOW---METTA-LANGUAGE16.01","","Wed Nov 06 17:28:45 GMT 2024","passed","Wed Nov 06 17:28:45 GMT 2024","","METTA-LANG","METTA-LANG",""
"","164","BASIC-EVALUATION---METTA-LANGUAGE11.02","","Wed Nov 06 17:28:45 GMT 2024","failed","Wed Nov 06 17:28:45 GMT 2024","","METTA-LANG","METTA-LANG",""
"","3","FUNCTIONS-AND-UNIFICATION---METTA-LANGUAGE7.03","","Wed Nov 06 17:28:45 GMT 2024","passed","Wed Nov 06 17:28:45 GMT 2024","","METTA-LANG","METTA-LANG",""
"","2","BASIC-GROUNDED-FUNCTIONS---METTA-LANGUAGE1.02","","Wed Nov 06 17:28:45 GMT 2024","passed","Wed Nov 06 17:28:45 GMT 2024","","METTA-LANG","METTA-LANG",""
"","44000","synth_buffer.time_synthesize_long","","Wed Nov 06 17:13:59 GMT 2024","failed","Wed Nov 06 17:14:43 GMT 2024","","WHOLE-TESTS","WHOLE-TESTS",""
"","2","TEST-IF-CLOSED.03","","Wed Nov 06 17:14:06 GMT 2024","passed","Wed Nov 06 17:14:06 GMT 2024","","ANTI-REGRESSION","ANTI-REGRESSION",""
"","1","D4-TYPE-PROP.12","","Wed Nov 06 17:44:50 GMT 2024","passed","Wed Nov 06 17:44:50 GMT 2024","","QUICK","QUICK",""
"","2","SUBTRACTION-TEST.09","","Wed Nov 06 17:20:33 GMT 2024","passed","Wed Nov 06 17:20:33 GMT 2024","","HYPERON-METTALOG-SANITY","HYPERON-METTALOG-SANITY",""
"","2","METTALOGTESTCURRIED2.04","","Wed Nov 06 17:14:06 GMT 2024","passed","Wed Nov 06 17:14:06 GMT 2024","","ANTI-REGRESSION","ANTI-REGRESSION",""
"","2","OPERATIONS-OVER-ATOMS---METTA-LANGUAGE4.01","","Wed Nov 06 17:28:45 GMT 2024","passed","Wed Nov 06 17:28:45 GMT 2024","","METTA-LANG","METTA-LANG",""
"","3","CONTROLLING-PATTERN-MATCHING---METTA-LANGUAGE6.04","","Wed Nov 06 17:28:45 GMT 2024","passed","Wed Nov 06 17:28:45 GMT 2024","","METTA-LANG","METTA-LANG",""
"","3","BCHAIN.06","","Wed Nov 06 17:14:06 GMT 2024","passed","Wed Nov 06 17:14:06 GMT 2024","","ANTI-REGRESSION","ANTI-REGRESSION",""
"","2","RECURSIVE-AND-PARAMETRIC-TYPES---METTA-LANGUAGE7.05","","Wed Nov 06 17:28:45 GMT 2024","passed","Wed Nov 06 17:28:45 GMT 2024","","METTA-LANG","METTA-LANG",""
"","3","D2-HIGHERFUNC.27","","Wed Nov 06 17:18:04 GMT 2024","passed","Wed Nov 06 17:18:04 GMT 2024","","HYPERON-EXPERIMENTAL-SCRIPTS","HYPERON-EXPERIMENTAL-SCRIPTS",""
"","6000","metta_lang.Control_flow___MeTTa_Language16","","Wed Nov 06 17:13:59 GMT 2024","passed","Wed Nov 06 17:14:05 GMT 2024","","WHOLE-TESTS","WHOLE-TESTS",""
"","2","WORKING-WITH-SPACES---METTA-LANGUAGE1.06","","Wed Nov 06 17:28:45 GMT 2024","passed","Wed Nov 06 17:28:45 GMT 2024","","METTA-LANG","METTA-LANG",""
"","2","RECURSIVE-AND-PARAMETRIC-TYPES---METTA-LANGUAGE7.04","","Wed Nov 06 17:28:45 GMT 2024","passed","Wed Nov 06 17:28:45 GMT 2024","","METTA-LANG","METTA-LANG",""
"","3","D3-DEPTYPES.01","","Wed Nov 06 17:18:04 GMT 2024","passed","Wed Nov 06 17:18:04 GMT 2024","","HYPERON-EXPERIMENTAL-SCRIPTS","HYPERON-EXPERIMENTAL-SCRIPTS",""
"","2","B5-TYPES-PRELIM.22","","Wed Nov 06 17:18:04 GMT 2024","passed","Wed Nov 06 17:18:04 GMT 2024","","HYPERON-EXPERIMENTAL-SCRIPTS","HYPERON-EXPERIMENTAL-SCRIPTS",""
"","2","RECURSION-AND-CONTROL---METTA-LANGUAGE4.02","","Wed Nov 06 17:28:45 GMT 2024","passed","Wed Nov 06 17:28:45 GMT 2024","","METTA-LANG","METTA-LANG",""
"","2","00-LANG-CASE.14","","Wed Nov 06 17:20:33 GMT 2024","passed","Wed Nov 06 17:20:33 GMT 2024","","HYPERON-METTALOG-SANITY","HYPERON-METTALOG-SANITY",""
"","2","WORKING-WITH-SPACES---METTA-LANGUAGE3.05","","Wed Nov 06 17:28:45 GMT 2024","passed","Wed Nov 06 17:28:45 GMT 2024","","METTA-LANG","METTA-LANG",""
"","3","INTERSECTION-TESTS.20","","Wed Nov 06 17:20:33 GMT 2024","passed","Wed Nov 06 17:20:33 GMT 2024","","HYPERON-METTALOG-SANITY","HYPERON-METTALOG-SANITY",""
"","4","BASIC-EVALUATION---METTA-LANGUAGE3.01","","Wed Nov 06 17:28:45 GMT 2024","passed","Wed Nov 06 17:28:45 GMT 2024","","METTA-LANG","METTA-LANG",""
"","4","CONTROLLING-PATTERN-MATCHING---METTA-LANGUAGE9.01","","Wed Nov 06 17:28:45 GMT 2024","passed","Wed Nov 06 17:28:45 GMT 2024","","METTA-LANG","METTA-LANG",""
"","3","SPACE-INTERSECTION-TESTS.05","","Wed Nov 06 17:20:33 GMT 2024","passed","Wed Nov 06 17:20:33 GMT 2024","","HYPERON-METTALOG-SANITY","HYPERON-METTALOG-SANITY",""
"","24","WORKING-WITH-SPACES---METTA-LANGUAGE17.02","","Wed Nov 06 17:28:45 GMT 2024","failed","Wed Nov 06 17:28:45 GMT 2024","","METTA-LANG","METTA-LANG",""
"","3","D2-HIGHERFUNC.26","","Wed Nov 06 17:18:04 GMT 2024","passed","Wed Nov 06 17:18:04 GMT 2024","","HYPERON-EXPERIMENTAL-SCRIPTS","HYPERON-EXPERIMENTAL-SCRIPTS",""
"","3","FUNCTIONS-AND-UNIFICATION---METTA-LANGUAGE5.01","","Wed Nov 06 17:28:45 GMT 2024","passed","Wed Nov 06 17:28:45 GMT 2024","","METTA-LANG","METTA-LANG",""
"","89","FUNCTIONAL-PROGRAMMING-TESTS.08","","Wed Nov 06 17:20:33 GMT 2024","failed","Wed Nov 06 17:20:33 GMT 2024","","HYPERON-METTALOG-SANITY","HYPERON-METTALOG-SANITY",""
"","6000","metta-morph_tests.add_atom_match","","Wed Nov 06 17:13:59 GMT 2024","passed","Wed Nov 06 17:14:05 GMT 2024","","WHOLE-TESTS","WHOLE-TESTS",""
"","15","D1-GADT.04","","Wed Nov 06 17:18:04 GMT 2024","passed","Wed Nov 06 17:18:04 GMT 2024","","HYPERON-EXPERIMENTAL-SCRIPTS","HYPERON-EXPERIMENTAL-SCRIPTS",""
"","2","B4-NONDETERM.06","","Wed Nov 06 17:18:04 GMT 2024","passed","Wed Nov 06 17:18:04 GMT 2024","","HYPERON-EXPERIMENTAL-SCRIPTS","HYPERON-EXPERIMENTAL-SCRIPTS",""
"","6000","metta_lang.Basic_evaluation___MeTTa_Language8","","Wed Nov 06 17:13:59 GMT 2024","passed","Wed Nov 06 17:14:05 GMT 2024","","WHOLE-TESTS","WHOLE-TESTS",""
"","2","F1-IMPORTS.09","","Wed Nov 06 17:13:52 GMT 2024","passed","Wed Nov 06 17:13:52 GMT 2024","","MODULE-SYSTEM","MODULE-SYSTEM",""
"","2","D2-HIGHERFUNC.23","","Wed Nov 06 17:44:50 GMT 2024","passed","Wed Nov 06 17:44:50 GMT 2024","","QUICK","QUICK",""
"","4","D2-HIGHERFUNC.25","","Wed Nov 06 17:18:04 GMT 2024","passed","Wed Nov 06 17:18:04 GMT 2024","","HYPERON-EXPERIMENTAL-SCRIPTS","HYPERON-EXPERIMENTAL-SCRIPTS",""
"","73","E2-STATES.08","","Wed Nov 06 17:18:04 GMT 2024","failed","Wed Nov 06 17:18:04 GMT 2024","","HYPERON-EXPERIMENTAL-SCRIPTS","HYPERON-EXPERIMENTAL-SCRIPTS",""
"","2","SEQUENTIAL-NESTED.01","","Wed Nov 06 17:25:50 GMT 2024","passed","Wed Nov 06 17:25:50 GMT 2024","","METTA-MORPH-TESTS","METTA-MORPH-TESTS",""
"","2","B5-TYPES-PRELIM.13","","Wed Nov 06 17:18:04 GMT 2024","passed","Wed Nov 06 17:18:04 GMT 2024","","HYPERON-EXPERIMENTAL-SCRIPTS","HYPERON-EXPERIMENTAL-SCRIPTS",""
"","2","D4-TYPE-PROP.11","","Wed Nov 06 17:18:04 GMT 2024","passed","Wed Nov 06 17:18:04 GMT 2024","","HYPERON-EXPERIMENTAL-SCRIPTS","HYPERON-EXPERIMENTAL-SCRIPTS",""
"","2","D2-HIGHERFUNC.17","","Wed Nov 06 17:44:50 GMT 2024","passed","Wed Nov 06 17:44:50 GMT 2024","","QUICK","QUICK",""
"","6000","hyperon-experimental_scripts.d1_gadt","","Wed Nov 06 17:13:59 GMT 2024","passed","Wed Nov 06 17:14:05 GMT 2024","","WHOLE-TESTS","WHOLE-TESTS",""
"","3","FUNCTIONS-AND-UNIFICATION---METTA-LANGUAGE1.02","","Wed Nov 06 17:28:45 GMT 2024","passed","Wed Nov 06 17:28:45 GMT 2024","","METTA-LANG","METTA-LANG",""
"","3","D2-HIGHERFUNC.24","","Wed Nov 06 17:44:50 GMT 2024","passed","Wed Nov 06 17:44:50 GMT 2024","","QUICK","QUICK",""
"","2","MAX-TIME-TESTS.03","","Wed Nov 06 17:20:33 GMT 2024","passed","Wed Nov 06 17:20:33 GMT 2024","","HYPERON-METTALOG-SANITY","HYPERON-METTALOG-SANITY",""
"","5","F1-IMPORTS.02","","Wed Nov 06 17:18:04 GMT 2024","passed","Wed Nov 06 17:18:04 GMT 2024","","HYPERON-EXPERIMENTAL-SCRIPTS","HYPERON-EXPERIMENTAL-SCRIPTS",""
"","15","CONCRETE-TYPES---METTA-LANGUAGE13.01","","Wed Nov 06 17:28:45 GMT 2024","passed","Wed Nov 06 17:28:45 GMT 2024","","METTA-LANG","METTA-LANG",""
"","7000","hyperon-experimental_scripts.d2_higherfunc","","Wed Nov 06 17:13:59 GMT 2024","passed","Wed Nov 06 17:14:06 GMT 2024","","WHOLE-TESTS","WHOLE-TESTS",""
"","2","XOR-TEST.10","","Wed Nov 06 17:20:33 GMT 2024","passed","Wed Nov 06 17:20:33 GMT 2024","","HYPERON-METTALOG-SANITY","HYPERON-METTALOG-SANITY",""
"","2","D3-DEPTYPES.03","","Wed Nov 06 17:18:04 GMT 2024","passed","Wed Nov 06 17:18:04 GMT 2024","","HYPERON-EXPERIMENTAL-SCRIPTS","HYPERON-EXPERIMENTAL-SCRIPTS",""
"","3","D2-HIGHERFUNC.24","","Wed Nov 06 17:18:04 GMT 2024","passed","Wed Nov 06 17:18:04 GMT 2024","","HYPERON-EXPERIMENTAL-SCRIPTS","HYPERON-EXPERIMENTAL-SCRIPTS",""
"","3","HANDLING-NONDETERMINISTIC-RESULTS---METTA-LANGUAGE7.03","","Wed Nov 06 17:28:45 GMT 2024","passed","Wed Nov 06 17:28:45 GMT 2024","","METTA-LANG","METTA-LANG",""
"","2","B5-TYPES-PRELIM.20","","Wed Nov 06 17:18:04 GMT 2024","passed","Wed Nov 06 17:18:04 GMT 2024","","HYPERON-EXPERIMENTAL-SCRIPTS","HYPERON-EXPERIMENTAL-SCRIPTS",""
"","3","D2-HIGHERFUNC.26","","Wed Nov 06 17:44:50 GMT 2024","passed","Wed Nov 06 17:44:50 GMT 2024","","QUICK","QUICK",""
"","6000","synth_buffer.synthesize","","Wed Nov 06 17:13:59 GMT 2024","passed","Wed Nov 06 17:14:05 GMT 2024","","WHOLE-TESTS","WHOLE-TESTS",""
"","6000","metta_lang.Querying_space_content___MeTTa_Language2","","Wed Nov 06 17:13:59 GMT 2024","passed","Wed Nov 06 17:14:05 GMT 2024","","WHOLE-TESTS","WHOLE-TESTS",""
"","2","B2-BACKCHAIN.02","","Wed Nov 06 17:18:04 GMT 2024","passed","Wed Nov 06 17:18:04 GMT 2024","","HYPERON-EXPERIMENTAL-SCRIPTS","HYPERON-EXPERIMENTAL-SCRIPTS",""
"","3","OPERATIONS-OVER-ATOMS---METTA-LANGUAGE8.01","","Wed Nov 06 17:28:45 GMT 2024","passed","Wed Nov 06 17:28:45 GMT 2024","","METTA-LANG","METTA-LANG",""
"","4","E2-STATES.11","","Wed Nov 06 17:18:04 GMT 2024","passed","Wed Nov 06 17:18:04 GMT 2024","","HYPERON-EXPERIMENTAL-SCRIPTS","HYPERON-EXPERIMENTAL-SCRIPTS",""
"","2","F1-MODULEA.01","","Wed Nov 06 17:13:52 GMT 2024","passed","Wed Nov 06 17:13:52 GMT 2024","","MODULE-SYSTEM","MODULE-SYSTEM",""
"","3","WORKING-WITH-SPACES---METTA-LANGUAGE13.01","","Wed Nov 06 17:28:45 GMT 2024","passed","Wed Nov 06 17:28:45 GMT 2024","","METTA-LANG","METTA-LANG",""
"","5","OR-TEST.07","","Wed Nov 06 17:20:33 GMT 2024","passed","Wed Nov 06 17:20:33 GMT 2024","","HYPERON-METTALOG-SANITY","HYPERON-METTALOG-SANITY",""
"","3","A1-SYMBOLS.04","","Wed Nov 06 17:18:04 GMT 2024","passed","Wed Nov 06 17:18:04 GMT 2024","","HYPERON-EXPERIMENTAL-SCRIPTS","HYPERON-EXPERIMENTAL-SCRIPTS",""
"","2","SPACE-INTERSECTION-TESTS.04","","Wed Nov 06 17:20:33 GMT 2024","passed","Wed Nov 06 17:20:33 GMT 2024","","HYPERON-METTALOG-SANITY","HYPERON-METTALOG-SANITY",""
"","6000","metta_lang.Working_with_spaces___MeTTa_Language4","","Wed Nov 06 17:13:59 GMT 2024","passed","Wed Nov 06 17:14:05 GMT 2024","","WHOLE-TESTS","WHOLE-TESTS",""
"","4","CONTROL-FLOW---METTA-LANGUAGE7.01","","Wed Nov 06 17:28:45 GMT 2024","passed","Wed Nov 06 17:28:45 GMT 2024","","METTA-LANG","METTA-LANG",""
"","2","INTERSECTION-TESTS.13","","Wed Nov 06 17:20:33 GMT 2024","passed","Wed Nov 06 17:20:33 GMT 2024","","HYPERON-METTALOG-SANITY","HYPERON-METTALOG-SANITY",""
"","136","SPACE-INTERSECTION-TESTS.07","","Wed Nov 06 17:20:33 GMT 2024","failed","Wed Nov 06 17:20:33 GMT 2024","","HYPERON-METTALOG-SANITY","HYPERON-METTALOG-SANITY",""
"","7000","metta_lang.Metatypes___MeTTa_Language4","","Wed Nov 06 17:13:59 GMT 2024","passed","Wed Nov 06 17:14:06 GMT 2024","","WHOLE-TESTS","WHOLE-TESTS",""
"","2","RECURSION-AND-CONTROL---METTA-LANGUAGE3.06","","Wed Nov 06 17:28:45 GMT 2024","passed","Wed Nov 06 17:28:45 GMT 2024","","METTA-LANG","METTA-LANG",""
"","2","BASIC-GROUNDED-FUNCTIONS---METTA-LANGUAGE1.01","","Wed Nov 06 17:28:45 GMT 2024","passed","Wed Nov 06 17:28:45 GMT 2024","","METTA-LANG","METTA-LANG",""
"","3","CONCRETE-TYPES---METTA-LANGUAGE10.01","","Wed Nov 06 17:28:45 GMT 2024","passed","Wed Nov 06 17:28:45 GMT 2024","","METTA-LANG","METTA-LANG",""
"","7000","hyperon-experimental_scripts.c3_pln_stv","","Wed Nov 06 17:13:59 GMT 2024","passed","Wed Nov 06 17:14:06 GMT 2024","","WHOLE-TESTS","WHOLE-TESTS",""
"","3","UNIQUE-TEST.07","","Wed Nov 06 17:20:33 GMT 2024","passed","Wed Nov 06 17:20:33 GMT 2024","","HYPERON-METTALOG-SANITY","HYPERON-METTALOG-SANITY",""
"","3","06-MATCH-IN-SPACE.04","","Wed Nov 06 17:20:33 GMT 2024","passed","Wed Nov 06 17:20:33 GMT 2024","","HYPERON-METTALOG-SANITY","HYPERON-METTALOG-SANITY",""
"","2","SUBTRACTION-TEST.06","","Wed Nov 06 17:20:33 GMT 2024","passed","Wed Nov 06 17:20:33 GMT 2024","","HYPERON-METTALOG-SANITY","HYPERON-METTALOG-SANITY",""
"","3","RECURSION-AND-CONTROL---METTA-LANGUAGE8.02","","Wed Nov 06 17:28:45 GMT 2024","passed","Wed Nov 06 17:28:45 GMT 2024","","METTA-LANG","METTA-LANG",""
"","4","RECURSION-AND-CONTROL---METTA-LANGUAGE7.02","","Wed Nov 06 17:28:45 GMT 2024","passed","Wed Nov 06 17:28:45 GMT 2024","","METTA-LANG","METTA-LANG",""
"","3","D4-TYPE-PROP.01","","Wed Nov 06 17:44:50 GMT 2024","passed","Wed Nov 06 17:44:50 GMT 2024","","QUICK","QUICK",""
"","2","WORKING-WITH-SPACES---METTA-LANGUAGE1.01","","Wed Nov 06 17:28:45 GMT 2024","passed","Wed Nov 06 17:28:45 GMT 2024","","METTA-LANG","METTA-LANG",""
"","2","FUNCTIONAL-PROGRAMMING-TESTS.01","","Wed Nov 06 17:20:33 GMT 2024","passed","Wed Nov 06 17:20:33 GMT 2024","","HYPERON-METTALOG-SANITY","HYPERON-METTALOG-SANITY",""
"","14","CONCRETE-TYPES---METTA-LANGUAGE11.01","","Wed Nov 06 17:28:45 GMT 2024","passed","Wed Nov 06 17:28:45 GMT 2024","","METTA-LANG","METTA-LANG",""
"","2","BASIC-EVALUATION---METTA-LANGUAGE15.01","","Wed Nov 06 17:28:45 GMT 2024","passed","Wed Nov 06 17:28:45 GMT 2024","","METTA-LANG","METTA-LANG",""
"","15","RECURSIVE-AND-PARAMETRIC-TYPES---METTA-LANGUAGE7.08","","Wed Nov 06 17:28:45 GMT 2024","passed","Wed Nov 06 17:28:45 GMT 2024","","METTA-LANG","METTA-LANG",""
"","3","B3-DIRECT.01","","Wed Nov 06 17:18:04 GMT 2024","passed","Wed Nov 06 17:18:04 GMT 2024","","HYPERON-EXPERIMENTAL-SCRIPTS","HYPERON-EXPERIMENTAL-SCRIPTS",""
"","3","TYPES.01","","Wed Nov 06 17:25:50 GMT 2024","passed","Wed Nov 06 17:25:50 GMT 2024","","METTA-MORPH-TESTS","METTA-MORPH-TESTS",""
"","4","TESTS0.04","","Wed Nov 06 17:25:50 GMT 2024","passed","Wed Nov 06 17:25:50 GMT 2024","","METTA-MORPH-TESTS","METTA-MORPH-TESTS",""
"","2","03-SORING-VIA-INSERT.06","","Wed Nov 06 17:20:33 GMT 2024","passed","Wed Nov 06 17:20:33 GMT 2024","","HYPERON-METTALOG-SANITY","HYPERON-METTALOG-SANITY",""
"","6000","hyperon-experimental_scripts.f1_moduleA","","Wed Nov 06 17:13:59 GMT 2024","passed","Wed Nov 06 17:14:05 GMT 2024","","WHOLE-TESTS","WHOLE-TESTS",""
"","6000","metta-morph_tests.superpose_nested","","Wed Nov 06 17:13:59 GMT 2024","passed","Wed Nov 06 17:14:05 GMT 2024","","WHOLE-TESTS","WHOLE-TESTS",""
"","3","HANDLING-NONDETERMINISTIC-RESULTS---METTA-LANGUAGE7.01","","Wed Nov 06 17:28:45 GMT 2024","passed","Wed Nov 06 17:28:45 GMT 2024","","METTA-LANG","METTA-LANG",""
"","2","D2-HIGHERFUNC.11","","Wed Nov 06 17:44:50 GMT 2024","passed","Wed Nov 06 17:44:50 GMT 2024","","QUICK","QUICK",""
"","1","F1-MODULEA.10","","Wed Nov 06 17:44:50 GMT 2024","passed","Wed Nov 06 17:44:50 GMT 2024","","QUICK","QUICK",""
"","7000","metta_lang.Concrete_types___MeTTa_Language13","","Wed Nov 06 17:13:59 GMT 2024","passed","Wed Nov 06 17:14:06 GMT 2024","","WHOLE-TESTS","WHOLE-TESTS",""
"","4","HANDLING-NONDETERMINISTIC-RESULTS---METTA-LANGUAGE1.01","","Wed Nov 06 17:28:45 GMT 2024","passed","Wed Nov 06 17:28:45 GMT 2024","","METTA-LANG","METTA-LANG",""
"","2","CONTROLLING-PATTERN-MATCHING---METTA-LANGUAGE12.02","","Wed Nov 06 17:28:45 GMT 2024","passed","Wed Nov 06 17:28:45 GMT 2024","","METTA-LANG","METTA-LANG",""
"","2","CONTROLLING-PATTERN-MATCHING---METTA-LANGUAGE12.03","","Wed Nov 06 17:28:45 GMT 2024","passed","Wed Nov 06 17:28:45 GMT 2024","","METTA-LANG","METTA-LANG",""
"","2","C1-GROUNDED-BASIC.20","","Wed Nov 06 17:44:50 GMT 2024","passed","Wed Nov 06 17:44:50 GMT 2024","","QUICK","QUICK",""
"","65","WORKING-WITH-SPACES---METTA-LANGUAGE12.05","","Wed Nov 06 17:28:45 GMT 2024","passed","Wed Nov 06 17:28:45 GMT 2024","","METTA-LANG","METTA-LANG",""
"","1","BASIC-EVALUATION---METTA-LANGUAGE1.02","","Wed Nov 06 17:28:45 GMT 2024","passed","Wed Nov 06 17:28:45 GMT 2024","","METTA-LANG","METTA-LANG",""
"","2","CONTROLLING-PATTERN-MATCHING---METTA-LANGUAGE10.02","","Wed Nov 06 17:28:45 GMT 2024","passed","Wed Nov 06 17:28:45 GMT 2024","","METTA-LANG","METTA-LANG",""
"","70","D5-AUTO-TYPES.01","","Wed Nov 06 17:18:04 GMT 2024","failed","Wed Nov 06 17:18:04 GMT 2024","","HYPERON-EXPERIMENTAL-SCRIPTS","HYPERON-EXPERIMENTAL-SCRIPTS",""
"","2","RECURSIVE-AND-PARAMETRIC-TYPES---METTA-LANGUAGE2.03","","Wed Nov 06 17:28:45 GMT 2024","passed","Wed Nov 06 17:28:45 GMT 2024","","METTA-LANG","METTA-LANG",""
"","2","D1-GADT.11","","Wed Nov 06 17:44:50 GMT 2024","passed","Wed Nov 06 17:44:50 GMT 2024","","QUICK","QUICK",""
"","3","RECURSION-AND-CONTROL---METTA-LANGUAGE5.01","","Wed Nov 06 17:28:45 GMT 2024","passed","Wed Nov 06 17:28:45 GMT 2024","","METTA-LANG","METTA-LANG",""
"","1","D2-HIGHERFUNC.04","","Wed Nov 06 17:44:50 GMT 2024","passed","Wed Nov 06 17:44:50 GMT 2024","","QUICK","QUICK",""
"","55","F1-IMPORTS.17","","Wed Nov 06 17:13:52 GMT 2024","passed","Wed Nov 06 17:13:52 GMT 2024","","MODULE-SYSTEM","MODULE-SYSTEM",""
"","2","RECURSIVE-AND-PARAMETRIC-TYPES---METTA-LANGUAGE3.03","","Wed Nov 06 17:28:45 GMT 2024","passed","Wed Nov 06 17:28:45 GMT 2024","","METTA-LANG","METTA-LANG",""
"","6000","metta_lang.Basic_grounded_functions___MeTTa_Language8","","Wed Nov 06 17:13:59 GMT 2024","passed","Wed Nov 06 17:14:05 GMT 2024","","WHOLE-TESTS","WHOLE-TESTS",""
"","2","D1-GADT.03","","Wed Nov 06 17:44:50 GMT 2024","passed","Wed Nov 06 17:44:50 GMT 2024","","QUICK","QUICK",""
"","4","WORKING-WITH-SPACES---METTA-LANGUAGE8.01","","Wed Nov 06 17:28:45 GMT 2024","passed","Wed Nov 06 17:28:45 GMT 2024","","METTA-LANG","METTA-LANG",""
"","6000","metta_lang.Basic_evaluation___MeTTa_Language2","","Wed Nov 06 17:13:59 GMT 2024","passed","Wed Nov 06 17:14:05 GMT 2024","","WHOLE-TESTS","WHOLE-TESTS",""
"","2","RECURSIVE-AND-PARAMETRIC-TYPES---METTA-LANGUAGE5.04","","Wed Nov 06 17:28:45 GMT 2024","passed","Wed Nov 06 17:28:45 GMT 2024","","METTA-LANG","METTA-LANG",""
"","3","HANDLING-NONDETERMINISTIC-RESULTS---METTA-LANGUAGE8.01","","Wed Nov 06 17:28:45 GMT 2024","passed","Wed Nov 06 17:28:45 GMT 2024","","METTA-LANG","METTA-LANG",""
"","3","CONTROLLING-PATTERN-MATCHING---METTA-LANGUAGE12.09","","Wed Nov 06 17:28:45 GMT 2024","passed","Wed Nov 06 17:28:45 GMT 2024","","METTA-LANG","METTA-LANG",""
"","6000","metta_lang.Basic_grounded_functions___MeTTa_Language4","","Wed Nov 06 17:13:59 GMT 2024","passed","Wed Nov 06 17:14:05 GMT 2024","","WHOLE-TESTS","WHOLE-TESTS",""
"","2","CONTROL-FLOW---METTA-LANGUAGE11.04","","Wed Nov 06 17:28:45 GMT 2024","passed","Wed Nov 06 17:28:45 GMT 2024","","METTA-LANG","METTA-LANG",""
"","7000","metta_lang.Concrete_types___MeTTa_Language5","","Wed Nov 06 17:13:59 GMT 2024","passed","Wed Nov 06 17:14:06 GMT 2024","","WHOLE-TESTS","WHOLE-TESTS",""
"","2","CONTROL-FLOW---METTA-LANGUAGE10.02","","Wed Nov 06 17:28:45 GMT 2024","passed","Wed Nov 06 17:28:45 GMT 2024","","METTA-LANG","METTA-LANG",""
"","68","B5-TYPES-PRELIM.24","","Wed Nov 06 17:18:04 GMT 2024","failed","Wed Nov 06 17:18:04 GMT 2024","","HYPERON-EXPERIMENTAL-SCRIPTS","HYPERON-EXPERIMENTAL-SCRIPTS",""
"","111","RECURSIVE-AND-PARAMETRIC-TYPES---METTA-LANGUAGE1.03","","Wed Nov 06 17:28:45 GMT 2024","failed","Wed Nov 06 17:28:45 GMT 2024","","METTA-LANG","METTA-LANG",""
"","2","RECURSION-AND-CONTROL---METTA-LANGUAGE8.04","","Wed Nov 06 17:28:45 GMT 2024","passed","Wed Nov 06 17:28:45 GMT 2024","","METTA-LANG","METTA-LANG",""
"","48589","TEST-SPO-116378.01","","Wed Nov 06 17:15:01 GMT 2024","passed","Wed Nov 06 17:15:49 GMT 2024","","METTA-WAM-ISSUE-116","METTA-WAM-ISSUE-116",""
"","3","D2-HIGHERFUNC.15","","Wed Nov 06 17:18:04 GMT 2024","passed","Wed Nov 06 17:18:04 GMT 2024","","HYPERON-EXPERIMENTAL-SCRIPTS","HYPERON-EXPERIMENTAL-SCRIPTS",""
"","80","F1-IMPORTS.21","","Wed Nov 06 17:44:50 GMT 2024","passed","Wed Nov 06 17:44:50 GMT 2024","","QUICK","QUICK",""
"","4","F1-IMPORTS.02","","Wed Nov 06 17:44:50 GMT 2024","passed","Wed Nov 06 17:44:50 GMT 2024","","QUICK","QUICK",""
"","7000","metta_lang.Free_variables_and_nondeterminism_again,_recursively___MeTTa_Language4","","Wed Nov 06 17:13:59 GMT 2024","passed","Wed Nov 06 17:14:06 GMT 2024","","WHOLE-TESTS","WHOLE-TESTS",""
"","3","XOR-TEST.03","","Wed Nov 06 17:20:33 GMT 2024","passed","Wed Nov 06 17:20:33 GMT 2024","","HYPERON-METTALOG-SANITY","HYPERON-METTALOG-SANITY",""
"","3","OPERATIONS-OVER-ATOMS---METTA-LANGUAGE3.02","","Wed Nov 06 17:28:45 GMT 2024","passed","Wed Nov 06 17:28:45 GMT 2024","","METTA-LANG","METTA-LANG",""
"","14","D1-GADT.09","","Wed Nov 06 17:18:04 GMT 2024","passed","Wed Nov 06 17:18:04 GMT 2024","","HYPERON-EXPERIMENTAL-SCRIPTS","HYPERON-EXPERIMENTAL-SCRIPTS",""
"","3","MULTIFUNCTION.01","","Wed Nov 06 17:25:50 GMT 2024","passed","Wed Nov 06 17:25:50 GMT 2024","","METTA-MORPH-TESTS","METTA-MORPH-TESTS",""
"","2","WORKING-WITH-SPACES---METTA-LANGUAGE1.07","","Wed Nov 06 17:28:45 GMT 2024","passed","Wed Nov 06 17:28:45 GMT 2024","","METTA-LANG","METTA-LANG",""
"","2","CONTROLLING-PATTERN-MATCHING---METTA-LANGUAGE12.14","","Wed Nov 06 17:28:45 GMT 2024","passed","Wed Nov 06 17:28:45 GMT 2024","","METTA-LANG","METTA-LANG",""
"","3","CONTROLLING-PATTERN-MATCHING---METTA-LANGUAGE7.01","","Wed Nov 06 17:28:45 GMT 2024","passed","Wed Nov 06 17:28:45 GMT 2024","","METTA-LANG","METTA-LANG",""
"","7000","metta_lang.Control_flow___MeTTa_Language14","","Wed Nov 06 17:13:59 GMT 2024","passed","Wed Nov 06 17:14:06 GMT 2024","","WHOLE-TESTS","WHOLE-TESTS",""
"","114","HANDLING-NONDETERMINISTIC-RESULTS---METTA-LANGUAGE3.02","","Wed Nov 06 17:28:45 GMT 2024","failed","Wed Nov 06 17:28:45 GMT 2024","","METTA-LANG","METTA-LANG",""
"","7000","metta_lang.Concrete_types___MeTTa_Language3","","Wed Nov 06 17:13:59 GMT 2024","passed","Wed Nov 06 17:14:06 GMT 2024","","WHOLE-TESTS","WHOLE-TESTS",""
"","7000","hyperon-mettalog_sanity.intersection_tests","","Wed Nov 06 17:13:59 GMT 2024","passed","Wed Nov 06 17:14:06 GMT 2024","","WHOLE-TESTS","WHOLE-TESTS",""
"","3","WORKING-WITH-SPACES---METTA-LANGUAGE1.03","","Wed Nov 06 17:28:45 GMT 2024","passed","Wed Nov 06 17:28:45 GMT 2024","","METTA-LANG","METTA-LANG",""
"","7000","metta_lang.Control_flow___MeTTa_Language7","","Wed Nov 06 17:13:59 GMT 2024","passed","Wed Nov 06 17:14:06 GMT 2024","","WHOLE-TESTS","WHOLE-TESTS",""
"","62","CONSOLE-OUTPUT-AND-DEBUGGING---METTA-LANGUAGE2.07","","Wed Nov 06 17:28:45 GMT 2024","passed","Wed Nov 06 17:28:45 GMT 2024","","METTA-LANG","METTA-LANG",""
"","17","RECURSIVE-AND-PARAMETRIC-TYPES---METTA-LANGUAGE1.05","","Wed Nov 06 17:28:45 GMT 2024","failed","Wed Nov 06 17:28:45 GMT 2024","","METTA-LANG","METTA-LANG",""
"","7000","metta-wam-issue-116.test_spo_5000","","Wed Nov 06 17:13:59 GMT 2024","passed","Wed Nov 06 17:14:06 GMT 2024","","WHOLE-TESTS","WHOLE-TESTS",""
"","2","06-MATCH-IN-SPACE.02","","Wed Nov 06 17:20:33 GMT 2024","passed","Wed Nov 06 17:20:33 GMT 2024","","HYPERON-METTALOG-SANITY","HYPERON-METTALOG-SANITY",""
"","2","F1-IMPORTS.17","","Wed Nov 06 17:18:04 GMT 2024","passed","Wed Nov 06 17:18:04 GMT 2024","","HYPERON-EXPERIMENTAL-SCRIPTS","HYPERON-EXPERIMENTAL-SCRIPTS",""
"","2","C1-GROUNDED-BASIC.21","","Wed Nov 06 17:44:50 GMT 2024","passed","Wed Nov 06 17:44:50 GMT 2024","","QUICK","QUICK",""
"","2","SUBTRACTION-TEST.07","","Wed Nov 06 17:20:33 GMT 2024","passed","Wed Nov 06 17:20:33 GMT 2024","","HYPERON-METTALOG-SANITY","HYPERON-METTALOG-SANITY",""
"","6000","metta_lang.Handling_nondeterministic_results___MeTTa_Language2","","Wed Nov 06 17:13:59 GMT 2024","passed","Wed Nov 06 17:14:05 GMT 2024","","WHOLE-TESTS","WHOLE-TESTS",""
"","14","D2-HIGHERFUNC.22","","Wed Nov 06 17:18:04 GMT 2024","passed","Wed Nov 06 17:18:04 GMT 2024","","HYPERON-EXPERIMENTAL-SCRIPTS","HYPERON-EXPERIMENTAL-SCRIPTS",""
"","2","HANDLING-NONDETERMINISTIC-RESULTS---METTA-LANGUAGE8.02","","Wed Nov 06 17:28:45 GMT 2024","passed","Wed Nov 06 17:28:45 GMT 2024","","METTA-LANG","METTA-LANG",""
"","2","OR-TEST.04","","Wed Nov 06 17:20:33 GMT 2024","passed","Wed Nov 06 17:20:33 GMT 2024","","HYPERON-METTALOG-SANITY","HYPERON-METTALOG-SANITY",""
"","51","CONSOLE-OUTPUT-AND-DEBUGGING---METTA-LANGUAGE10.02","","Wed Nov 06 17:28:45 GMT 2024","failed","Wed Nov 06 17:28:45 GMT 2024","","METTA-LANG","METTA-LANG",""
"","5","C1-GROUNDED-BASIC.16","","Wed Nov 06 17:18:04 GMT 2024","passed","Wed Nov 06 17:18:04 GMT 2024","","HYPERON-EXPERIMENTAL-SCRIPTS","HYPERON-EXPERIMENTAL-SCRIPTS",""
"","5","UNIQUE-TEST.11","","Wed Nov 06 17:20:33 GMT 2024","passed","Wed Nov 06 17:20:33 GMT 2024","","HYPERON-METTALOG-SANITY","HYPERON-METTALOG-SANITY",""
"","3","SUPERCOLLAPSE.07","","Wed Nov 06 17:25:50 GMT 2024","passed","Wed Nov 06 17:25:50 GMT 2024","","METTA-MORPH-TESTS","METTA-MORPH-TESTS",""
"","3","UNIQUE-TEST.10","","Wed Nov 06 17:20:33 GMT 2024","passed","Wed Nov 06 17:20:33 GMT 2024","","HYPERON-METTALOG-SANITY","HYPERON-METTALOG-SANITY",""
"","2","TMPMATCH2.04","","Wed Nov 06 17:14:06 GMT 2024","passed","Wed Nov 06 17:14:06 GMT 2024","","ANTI-REGRESSION","ANTI-REGRESSION",""
"","153","WORKING-WITH-SPACES---METTA-LANGUAGE2.01","","Wed Nov 06 17:28:45 GMT 2024","failed","Wed Nov 06 17:28:45 GMT 2024","","METTA-LANG","METTA-LANG",""
"","3","HYPERPOSE.02","","Wed Nov 06 17:25:50 GMT 2024","passed","Wed Nov 06 17:25:50 GMT 2024","","METTA-MORPH-TESTS","METTA-MORPH-TESTS",""
"","113","INTERSECTION-TESTS.21","","Wed Nov 06 17:20:33 GMT 2024","passed","Wed Nov 06 17:20:33 GMT 2024","","HYPERON-METTALOG-SANITY","HYPERON-METTALOG-SANITY",""
"","14","CONCRETE-TYPES---METTA-LANGUAGE7.02","","Wed Nov 06 17:28:45 GMT 2024","passed","Wed Nov 06 17:28:45 GMT 2024","","METTA-LANG","METTA-LANG",""
"","64","WORKING-WITH-SPACES---METTA-LANGUAGE2.04","","Wed Nov 06 17:28:45 GMT 2024","failed","Wed Nov 06 17:28:45 GMT 2024","","METTA-LANG","METTA-LANG",""
"","4","SEALED-TEST.07","","Wed Nov 06 17:20:33 GMT 2024","passed","Wed Nov 06 17:20:33 GMT 2024","","HYPERON-METTALOG-SANITY","HYPERON-METTALOG-SANITY",""
"","3","BASIC-GROUNDED-FUNCTIONS---METTA-LANGUAGE3.01","","Wed Nov 06 17:28:45 GMT 2024","passed","Wed Nov 06 17:28:45 GMT 2024","","METTA-LANG","METTA-LANG",""
"","16","WORKING-WITH-SPACES---METTA-LANGUAGE7.02","","Wed Nov 06 17:28:45 GMT 2024","failed","Wed Nov 06 17:28:45 GMT 2024","","METTA-LANG","METTA-LANG",""
"","7000","anti-regression.bchain_comp","","Wed Nov 06 17:13:59 GMT 2024","passed","Wed Nov 06 17:14:06 GMT 2024","","WHOLE-TESTS","WHOLE-TESTS",""
"","3","B5-TYPES-PRELIM.03","","Wed Nov 06 17:18:04 GMT 2024","passed","Wed Nov 06 17:18:04 GMT 2024","","HYPERON-EXPERIMENTAL-SCRIPTS","HYPERON-EXPERIMENTAL-SCRIPTS",""
"","2","CONTROLLING-PATTERN-MATCHING---METTA-LANGUAGE5.01","","Wed Nov 06 17:28:45 GMT 2024","passed","Wed Nov 06 17:28:45 GMT 2024","","METTA-LANG","METTA-LANG",""
"","3","CONSOLE-OUTPUT-AND-DEBUGGING---METTA-LANGUAGE2.01","","Wed Nov 06 17:28:45 GMT 2024","passed","Wed Nov 06 17:28:45 GMT 2024","","METTA-LANG","METTA-LANG",""
"","2","FUNCTIONAL-PROGRAMMING-TESTS.04","","Wed Nov 06 17:20:33 GMT 2024","passed","Wed Nov 06 17:20:33 GMT 2024","","HYPERON-METTALOG-SANITY","HYPERON-METTALOG-SANITY",""
"","3","CATCH-THROW-TESTS.02","","Wed Nov 06 17:20:33 GMT 2024","passed","Wed Nov 06 17:20:33 GMT 2024","","HYPERON-METTALOG-SANITY","HYPERON-METTALOG-SANITY",""
"","7000","metta_lang.Recursive_and_parametric_types___MeTTa_Language3","","Wed Nov 06 17:13:59 GMT 2024","passed","Wed Nov 06 17:14:06 GMT 2024","","WHOLE-TESTS","WHOLE-TESTS",""
"","2","B1-EQUAL-CHAIN.05","","Wed Nov 06 17:18:04 GMT 2024","passed","Wed Nov 06 17:18:04 GMT 2024","","HYPERON-EXPERIMENTAL-SCRIPTS","HYPERON-EXPERIMENTAL-SCRIPTS",""
"","3","XOR-TEST.08","","Wed Nov 06 17:20:33 GMT 2024","passed","Wed Nov 06 17:20:33 GMT 2024","","HYPERON-METTALOG-SANITY","HYPERON-METTALOG-SANITY",""
"","7000","metta_lang.Control_flow___MeTTa_Language5","","Wed Nov 06 17:13:59 GMT 2024","passed","Wed Nov 06 17:14:06 GMT 2024","","WHOLE-TESTS","WHOLE-TESTS",""
"","6000","metta_lang.Nested_queries_and_recursive_graph_traversal___MeTTa_Language2","","Wed Nov 06 17:13:59 GMT 2024","passed","Wed Nov 06 17:14:05 GMT 2024","","WHOLE-TESTS","WHOLE-TESTS",""
"","4","RECURSION-AND-CONTROL---METTA-LANGUAGE4.01","","Wed Nov 06 17:28:45 GMT 2024","passed","Wed Nov 06 17:28:45 GMT 2024","","METTA-LANG","METTA-LANG",""
"","2","D1-GADT.10","","Wed Nov 06 17:18:04 GMT 2024","passed","Wed Nov 06 17:18:04 GMT 2024","","HYPERON-EXPERIMENTAL-SCRIPTS","HYPERON-EXPERIMENTAL-SCRIPTS",""
"","2","B0-CHAINING-PRELIM.02","","Wed Nov 06 17:18:04 GMT 2024","passed","Wed Nov 06 17:18:04 GMT 2024","","HYPERON-EXPERIMENTAL-SCRIPTS","HYPERON-EXPERIMENTAL-SCRIPTS",""
"","2","C1-GROUNDED-BASIC.10","","Wed Nov 06 17:18:04 GMT 2024","passed","Wed Nov 06 17:18:04 GMT 2024","","HYPERON-EXPERIMENTAL-SCRIPTS","HYPERON-EXPERIMENTAL-SCRIPTS",""
"","2","INTERSECTION-TESTS.19","","Wed Nov 06 17:20:33 GMT 2024","passed","Wed Nov 06 17:20:33 GMT 2024","","HYPERON-METTALOG-SANITY","HYPERON-METTALOG-SANITY",""
"","126","BASIC-EVALUATION---METTA-LANGUAGE4.01","","Wed Nov 06 17:28:45 GMT 2024","failed","Wed Nov 06 17:28:45 GMT 2024","","METTA-LANG","METTA-LANG",""
"","3","FUNCTIONS-AND-UNIFICATION---METTA-LANGUAGE6.01","","Wed Nov 06 17:28:45 GMT 2024","passed","Wed Nov 06 17:28:45 GMT 2024","","METTA-LANG","METTA-LANG",""
"","6000","metta_lang.Basic_evaluation___MeTTa_Language4","","Wed Nov 06 17:13:59 GMT 2024","passed","Wed Nov 06 17:14:05 GMT 2024","","WHOLE-TESTS","WHOLE-TESTS",""
"","2","METATYPES---METTA-LANGUAGE2.02","","Wed Nov 06 17:28:45 GMT 2024","passed","Wed Nov 06 17:28:45 GMT 2024","","METTA-LANG","METTA-LANG",""
"","2","B0-CHAINING-PRELIM.04","","Wed Nov 06 17:18:04 GMT 2024","passed","Wed Nov 06 17:18:04 GMT 2024","","HYPERON-EXPERIMENTAL-SCRIPTS","HYPERON-EXPERIMENTAL-SCRIPTS",""
"","3","HANDLING-NONDETERMINISTIC-RESULTS---METTA-LANGUAGE5.01","","Wed Nov 06 17:28:45 GMT 2024","passed","Wed Nov 06 17:28:45 GMT 2024","","METTA-LANG","METTA-LANG",""
"","6000","metta_lang.Metatypes___MeTTa_Language6","","Wed Nov 06 17:13:59 GMT 2024","passed","Wed Nov 06 17:14:05 GMT 2024","","WHOLE-TESTS","WHOLE-TESTS",""
"","16","SPACE-INTERSECTION-TESTS.16","","Wed Nov 06 17:20:33 GMT 2024","failed","Wed Nov 06 17:20:33 GMT 2024","","HYPERON-METTALOG-SANITY","HYPERON-METTALOG-SANITY",""
"","6000","metta_lang.Working_with_spaces___MeTTa_Language13","","Wed Nov 06 17:13:59 GMT 2024","passed","Wed Nov 06 17:14:05 GMT 2024","","WHOLE-TESTS","WHOLE-TESTS",""
"","7000","hyperon-mettalog_sanity.subtraction_test","","Wed Nov 06 17:13:59 GMT 2024","passed","Wed Nov 06 17:14:06 GMT 2024","","WHOLE-TESTS","WHOLE-TESTS",""
"","2","BASIC-EVALUATION---METTA-LANGUAGE10.02","","Wed Nov 06 17:28:45 GMT 2024","passed","Wed Nov 06 17:28:45 GMT 2024","","METTA-LANG","METTA-LANG",""
"","6000","metta_lang.Operations_over_atoms___MeTTa_Language5","","Wed Nov 06 17:13:59 GMT 2024","passed","Wed Nov 06 17:14:05 GMT 2024","","WHOLE-TESTS","WHOLE-TESTS",""
"","3","MATCH-SUPERPOSED-SPACES.03","","Wed Nov 06 17:25:50 GMT 2024","passed","Wed Nov 06 17:25:50 GMT 2024","","METTA-MORPH-TESTS","METTA-MORPH-TESTS",""
"","2","C1-GROUNDED-BASIC.07","","Wed Nov 06 17:44:50 GMT 2024","passed","Wed Nov 06 17:44:50 GMT 2024","","QUICK","QUICK",""
"","113","BASE-TEST-REPR-PARSE-INTERSECTION.01","","Wed Nov 06 17:20:33 GMT 2024","passed","Wed Nov 06 17:20:33 GMT 2024","","HYPERON-METTALOG-SANITY","HYPERON-METTALOG-SANITY",""
"","2","TMPMATCH1.02","","Wed Nov 06 17:14:06 GMT 2024","passed","Wed Nov 06 17:14:06 GMT 2024","","ANTI-REGRESSION","ANTI-REGRESSION",""
"","6000","metta_lang.Handling_nondeterministic_results___MeTTa_Language8","","Wed Nov 06 17:13:59 GMT 2024","passed","Wed Nov 06 17:14:05 GMT 2024","","WHOLE-TESTS","WHOLE-TESTS",""
"","2","SPACE-INTERSECTION-TESTS.18","","Wed Nov 06 17:20:33 GMT 2024","passed","Wed Nov 06 17:20:33 GMT 2024","","HYPERON-METTALOG-SANITY","HYPERON-METTALOG-SANITY",""
"","3","BASIC-EVALUATION---METTA-LANGUAGE7.01","","Wed Nov 06 17:28:45 GMT 2024","passed","Wed Nov 06 17:28:45 GMT 2024","","METTA-LANG","METTA-LANG",""
"","84","CONSOLE-OUTPUT-AND-DEBUGGING---METTA-LANGUAGE4.02","","Wed Nov 06 17:28:45 GMT 2024","passed","Wed Nov 06 17:28:45 GMT 2024","","METTA-LANG","METTA-LANG",""
"","4","FACTORIAL.01","","Wed Nov 06 17:25:50 GMT 2024","passed","Wed Nov 06 17:25:50 GMT 2024","","METTA-MORPH-TESTS","METTA-MORPH-TESTS",""
"","2","C1-GROUNDED-BASIC.06","","Wed Nov 06 17:44:50 GMT 2024","passed","Wed Nov 06 17:44:50 GMT 2024","","QUICK","QUICK",""
"","2","SPACE-INTERSECTION-TESTS.02","","Wed Nov 06 17:20:33 GMT 2024","passed","Wed Nov 06 17:20:33 GMT 2024","","HYPERON-METTALOG-SANITY","HYPERON-METTALOG-SANITY",""
"","67","WORKING-WITH-SPACES---METTA-LANGUAGE5.02","","Wed Nov 06 17:28:45 GMT 2024","passed","Wed Nov 06 17:28:45 GMT 2024","","METTA-LANG","METTA-LANG",""
"","2","CATCH-THROW-TESTS.08","","Wed Nov 06 17:20:33 GMT 2024","passed","Wed Nov 06 17:20:33 GMT 2024","","HYPERON-METTALOG-SANITY","HYPERON-METTALOG-SANITY",""
"","3","F1-IMPORTS.15","","Wed Nov 06 17:13:52 GMT 2024","passed","Wed Nov 06 17:13:52 GMT 2024","","MODULE-SYSTEM","MODULE-SYSTEM",""
"","7000","metta_lang.Basic_evaluation___MeTTa_Language6","","Wed Nov 06 17:13:59 GMT 2024","passed","Wed Nov 06 17:14:06 GMT 2024","","WHOLE-TESTS","WHOLE-TESTS",""
"","2","WORKING-WITH-SPACES---METTA-LANGUAGE12.07","","Wed Nov 06 17:28:45 GMT 2024","passed","Wed Nov 06 17:28:45 GMT 2024","","METTA-LANG","METTA-LANG",""
"","4","UNIQUE-TEST.12","","Wed Nov 06 17:20:33 GMT 2024","passed","Wed Nov 06 17:20:33 GMT 2024","","HYPERON-METTALOG-SANITY","HYPERON-METTALOG-SANITY",""
"","3","WORKING-WITH-SPACES---METTA-LANGUAGE17.01","","Wed Nov 06 17:28:45 GMT 2024","passed","Wed Nov 06 17:28:45 GMT 2024","","METTA-LANG","METTA-LANG",""
"","6000","metta_lang.Working_with_spaces___MeTTa_Language5","","Wed Nov 06 17:13:59 GMT 2024","passed","Wed Nov 06 17:14:05 GMT 2024","","WHOLE-TESTS","WHOLE-TESTS",""
"","3","CONTROL-FLOW---METTA-LANGUAGE16.07","","Wed Nov 06 17:28:45 GMT 2024","passed","Wed Nov 06 17:28:45 GMT 2024","","METTA-LANG","METTA-LANG",""
"","4","FREE-VARIABLES-AND-NONDETERMINISM-AGAIN-RECURSIVELY---METTA-LANGUAGE5.01","","Wed Nov 06 17:28:45 GMT 2024","passed","Wed Nov 06 17:28:45 GMT 2024","","METTA-LANG","METTA-LANG",""
"","5","SEALED-TEST.05","","Wed Nov 06 17:20:33 GMT 2024","passed","Wed Nov 06 17:20:33 GMT 2024","","HYPERON-METTALOG-SANITY","HYPERON-METTALOG-SANITY",""
"","15","CONTROLLING-PATTERN-MATCHING---METTA-LANGUAGE10.08","","Wed Nov 06 17:28:45 GMT 2024","passed","Wed Nov 06 17:28:45 GMT 2024","","METTA-LANG","METTA-LANG",""
"","2","00-LANG-CASE.08","","Wed Nov 06 17:20:33 GMT 2024","passed","Wed Nov 06 17:20:33 GMT 2024","","HYPERON-METTALOG-SANITY","HYPERON-METTALOG-SANITY",""
"","2","BCHAIN-COMP.05","","Wed Nov 06 17:14:06 GMT 2024","passed","Wed Nov 06 17:14:06 GMT 2024","","ANTI-REGRESSION","ANTI-REGRESSION",""
"","2","UNIQUE-TEST.04","","Wed Nov 06 17:20:33 GMT 2024","passed","Wed Nov 06 17:20:33 GMT 2024","","HYPERON-METTALOG-SANITY","HYPERON-METTALOG-SANITY",""
"","6000","metta-morph_tests.factorial","","Wed Nov 06 17:13:59 GMT 2024","passed","Wed Nov 06 17:14:05 GMT 2024","","WHOLE-TESTS","WHOLE-TESTS",""
"","2","BASIC-EVALUATION---METTA-LANGUAGE2.01","","Wed Nov 06 17:28:45 GMT 2024","passed","Wed Nov 06 17:28:45 GMT 2024","","METTA-LANG","METTA-LANG",""
"","2","TYPES3.01","","Wed Nov 06 17:25:50 GMT 2024","passed","Wed Nov 06 17:25:50 GMT 2024","","METTA-MORPH-TESTS","METTA-MORPH-TESTS",""
"","3","WORKING-WITH-SPACES---METTA-LANGUAGE12.03","","Wed Nov 06 17:28:45 GMT 2024","passed","Wed Nov 06 17:28:45 GMT 2024","","METTA-LANG","METTA-LANG",""
"","8000","hyperon-mettalog_sanity.functional_programming_tests","","Wed Nov 06 17:13:59 GMT 2024","passed","Wed Nov 06 17:14:07 GMT 2024","","WHOLE-TESTS","WHOLE-TESTS",""
"","2","D2-HIGHERFUNC.27","","Wed Nov 06 17:44:50 GMT 2024","passed","Wed Nov 06 17:44:50 GMT 2024","","QUICK","QUICK",""
"","3","D2-HIGHERFUNC.19","","Wed Nov 06 17:18:04 GMT 2024","passed","Wed Nov 06 17:18:04 GMT 2024","","HYPERON-EXPERIMENTAL-SCRIPTS","HYPERON-EXPERIMENTAL-SCRIPTS",""
"","13","D1-GADT.09","","Wed Nov 06 17:44:50 GMT 2024","passed","Wed Nov 06 17:44:50 GMT 2024","","QUICK","QUICK",""
"","2","SUBTRACTION-TEST.04","","Wed Nov 06 17:20:33 GMT 2024","passed","Wed Nov 06 17:20:33 GMT 2024","","HYPERON-METTALOG-SANITY","HYPERON-METTALOG-SANITY",""
"","3","HANDLING-NONDETERMINISTIC-RESULTS---METTA-LANGUAGE5.02","","Wed Nov 06 17:28:45 GMT 2024","passed","Wed Nov 06 17:28:45 GMT 2024","","METTA-LANG","METTA-LANG",""
"","2","FREE-VARIABLES-AND-NONDETERMINISM-AGAIN,-RECURSIVELY---METTA-LANGUAGE1.04","","Wed Nov 06 17:28:45 GMT 2024","passed","Wed Nov 06 17:28:45 GMT 2024","","METTA-LANG","METTA-LANG",""
"","2","CONTROLLING-PATTERN-MATCHING---METTA-LANGUAGE12.01","","Wed Nov 06 17:28:45 GMT 2024","passed","Wed Nov 06 17:28:45 GMT 2024","","METTA-LANG","METTA-LANG",""
"","3","CATCH-THROW-TESTS.05","","Wed Nov 06 17:20:33 GMT 2024","passed","Wed Nov 06 17:20:33 GMT 2024","","HYPERON-METTALOG-SANITY","HYPERON-METTALOG-SANITY",""
"","7000","metta_lang.Recursive_and_parametric_types___MeTTa_Language8","","Wed Nov 06 17:13:59 GMT 2024","passed","Wed Nov 06 17:14:06 GMT 2024","","WHOLE-TESTS","WHOLE-TESTS",""
"","49","BASIC-GROUNDED-FUNCTIONS---METTA-LANGUAGE1.04","","Wed Nov 06 17:28:45 GMT 2024","passed","Wed Nov 06 17:28:45 GMT 2024","","METTA-LANG","METTA-LANG",""
"","2","STRING-TESTS.17","","Wed Nov 06 17:20:33 GMT 2024","passed","Wed Nov 06 17:20:33 GMT 2024","","HYPERON-METTALOG-SANITY","HYPERON-METTALOG-SANITY",""
"","3","MAX-TIME-TESTS.05","","Wed Nov 06 17:20:33 GMT 2024","passed","Wed Nov 06 17:20:33 GMT 2024","","HYPERON-METTALOG-SANITY","HYPERON-METTALOG-SANITY",""
"","3","WORKING-WITH-SPACES---METTA-LANGUAGE12.01","","Wed Nov 06 17:28:45 GMT 2024","passed","Wed Nov 06 17:28:45 GMT 2024","","METTA-LANG","METTA-LANG",""
"","2","XOR-TEST.06","","Wed Nov 06 17:20:33 GMT 2024","passed","Wed Nov 06 17:20:33 GMT 2024","","HYPERON-METTALOG-SANITY","HYPERON-METTALOG-SANITY",""
"","3","RECURSIVE-AND-PARAMETRIC-TYPES---METTA-LANGUAGE1.01","","Wed Nov 06 17:28:45 GMT 2024","passed","Wed Nov 06 17:28:45 GMT 2024","","METTA-LANG","METTA-LANG",""
"","2","D2-HIGHERFUNC.10","","Wed Nov 06 17:44:50 GMT 2024","passed","Wed Nov 06 17:44:50 GMT 2024","","QUICK","QUICK",""
"","2","TYPES2.05","","Wed Nov 06 17:25:50 GMT 2024","passed","Wed Nov 06 17:25:50 GMT 2024","","METTA-MORPH-TESTS","METTA-MORPH-TESTS",""
"","2","WORKING-WITH-SPACES---METTA-LANGUAGE3.07","","Wed Nov 06 17:28:45 GMT 2024","passed","Wed Nov 06 17:28:45 GMT 2024","","METTA-LANG","METTA-LANG",""
"","2","INTERSECTION-TESTS.15","","Wed Nov 06 17:20:33 GMT 2024","passed","Wed Nov 06 17:20:33 GMT 2024","","HYPERON-METTALOG-SANITY","HYPERON-METTALOG-SANITY",""
"","6000","hyperon-mettalog_sanity.find_all_tests","","Wed Nov 06 17:13:59 GMT 2024","passed","Wed Nov 06 17:14:05 GMT 2024","","WHOLE-TESTS","WHOLE-TESTS",""
"","2","FIND-ALL-TESTS.01","","Wed Nov 06 17:20:33 GMT 2024","passed","Wed Nov 06 17:20:33 GMT 2024","","HYPERON-METTALOG-SANITY","HYPERON-METTALOG-SANITY",""
"","2","F1-IMPORTS.10","","Wed Nov 06 17:13:52 GMT 2024","passed","Wed Nov 06 17:13:52 GMT 2024","","MODULE-SYSTEM","MODULE-SYSTEM",""
"","2","WORKING-WITH-SPACES---METTA-LANGUAGE9.04","","Wed Nov 06 17:28:45 GMT 2024","passed","Wed Nov 06 17:28:45 GMT 2024","","METTA-LANG","METTA-LANG",""
"","2","RECURSIVE-AND-PARAMETRIC-TYPES---METTA-LANGUAGE7.02","","Wed Nov 06 17:28:45 GMT 2024","passed","Wed Nov 06 17:28:45 GMT 2024","","METTA-LANG","METTA-LANG",""
"","2","WORKING-WITH-SPACES---METTA-LANGUAGE3.08","","Wed Nov 06 17:28:45 GMT 2024","passed","Wed Nov 06 17:28:45 GMT 2024","","METTA-LANG","METTA-LANG",""
"","3","BCHAIN.03","","Wed Nov 06 17:14:06 GMT 2024","passed","Wed Nov 06 17:14:06 GMT 2024","","ANTI-REGRESSION","ANTI-REGRESSION",""
"","2","BASIC-GROUNDED-FUNCTIONS---METTA-LANGUAGE1.05","","Wed Nov 06 17:28:45 GMT 2024","passed","Wed Nov 06 17:28:45 GMT 2024","","METTA-LANG","METTA-LANG",""
"","3","RECURSIVE-AND-PARAMETRIC-TYPES---METTA-LANGUAGE5.07","","Wed Nov 06 17:28:45 GMT 2024","passed","Wed Nov 06 17:28:45 GMT 2024","","METTA-LANG","METTA-LANG",""
"","3","NESTED-PARAMETERS.01","","Wed Nov 06 17:25:50 GMT 2024","passed","Wed Nov 06 17:25:50 GMT 2024","","METTA-MORPH-TESTS","METTA-MORPH-TESTS",""
"","2","INTERSECTION-TESTS.32","","Wed Nov 06 17:20:33 GMT 2024","passed","Wed Nov 06 17:20:33 GMT 2024","","HYPERON-METTALOG-SANITY","HYPERON-METTALOG-SANITY",""
"","2","WORKING-WITH-SPACES---METTA-LANGUAGE1.09","","Wed Nov 06 17:28:45 GMT 2024","passed","Wed Nov 06 17:28:45 GMT 2024","","METTA-LANG","METTA-LANG",""
"","3","METATYPES---METTA-LANGUAGE3.01","","Wed Nov 06 17:28:45 GMT 2024","passed","Wed Nov 06 17:28:45 GMT 2024","","METTA-LANG","METTA-LANG",""
"","3","SPACE-INTERSECTION-TESTS.20","","Wed Nov 06 17:20:33 GMT 2024","passed","Wed Nov 06 17:20:33 GMT 2024","","HYPERON-METTALOG-SANITY","HYPERON-METTALOG-SANITY",""
"","2","STATES-SPACES.02","","Wed Nov 06 17:25:50 GMT 2024","passed","Wed Nov 06 17:25:50 GMT 2024","","METTA-MORPH-TESTS","METTA-MORPH-TESTS",""
"","2","HANDLING-NONDETERMINISTIC-RESULTS---METTA-LANGUAGE8.05","","Wed Nov 06 17:28:45 GMT 2024","passed","Wed Nov 06 17:28:45 GMT 2024","","METTA-LANG","METTA-LANG",""
"","114","B4-NONDETERM.11","","Wed Nov 06 17:18:04 GMT 2024","passed","Wed Nov 06 17:18:04 GMT 2024","","HYPERON-EXPERIMENTAL-SCRIPTS","HYPERON-EXPERIMENTAL-SCRIPTS",""
"","111","FREE-VARIABLES-AND-NONDETERMINISM-AGAIN,-RECURSIVELY---METTA-LANGUAGE1.02","","Wed Nov 06 17:28:45 GMT 2024","failed","Wed Nov 06 17:28:45 GMT 2024","","METTA-LANG","METTA-LANG",""
"","4","METATYPES---METTA-LANGUAGE4.01","","Wed Nov 06 17:28:45 GMT 2024","passed","Wed Nov 06 17:28:45 GMT 2024","","METTA-LANG","METTA-LANG",""
"","2","OR-TEST.12","","Wed Nov 06 17:20:33 GMT 2024","passed","Wed Nov 06 17:20:33 GMT 2024","","HYPERON-METTALOG-SANITY","HYPERON-METTALOG-SANITY",""
"","6000","metta_lang.Concrete_types___MeTTa_Language7","","Wed Nov 06 17:13:59 GMT 2024","passed","Wed Nov 06 17:14:05 GMT 2024","","WHOLE-TESTS","WHOLE-TESTS",""
"","6000","metta_lang.Recursion_and_control___MeTTa_Language5","","Wed Nov 06 17:13:59 GMT 2024","passed","Wed Nov 06 17:14:05 GMT 2024","","WHOLE-TESTS","WHOLE-TESTS",""
"","2","CONCRETE-TYPES---METTA-LANGUAGE5.05","","Wed Nov 06 17:28:45 GMT 2024","passed","Wed Nov 06 17:28:45 GMT 2024","","METTA-LANG","METTA-LANG",""
"","6000","hyperon-mettalog_sanity.06_match_in_space","","Wed Nov 06 17:13:59 GMT 2024","passed","Wed Nov 06 17:14:05 GMT 2024","","WHOLE-TESTS","WHOLE-TESTS",""
"","3","SUBTRACTION-TEST.08","","Wed Nov 06 17:20:33 GMT 2024","passed","Wed Nov 06 17:20:33 GMT 2024","","HYPERON-METTALOG-SANITY","HYPERON-METTALOG-SANITY",""
"","14","F1-IMPORTS.04","","Wed Nov 06 17:13:52 GMT 2024","failed","Wed Nov 06 17:13:52 GMT 2024","","MODULE-SYSTEM","MODULE-SYSTEM",""
"","6000","hyperon-mettalog_sanity.flip_test","","Wed Nov 06 17:13:59 GMT 2024","passed","Wed Nov 06 17:14:05 GMT 2024","","WHOLE-TESTS","WHOLE-TESTS",""
"","1","UNIQUE-TEST.06","","Wed Nov 06 17:20:33 GMT 2024","passed","Wed Nov 06 17:20:33 GMT 2024","","HYPERON-METTALOG-SANITY","HYPERON-METTALOG-SANITY",""
"","3","CONSOLE-OUTPUT-AND-DEBUGGING---METTA-LANGUAGE5.05","","Wed Nov 06 17:28:45 GMT 2024","passed","Wed Nov 06 17:28:45 GMT 2024","","METTA-LANG","METTA-LANG",""
"","3","METATYPES---METTA-LANGUAGE8.02","","Wed Nov 06 17:28:45 GMT 2024","passed","Wed Nov 06 17:28:45 GMT 2024","","METTA-LANG","METTA-LANG",""
"","2","IF.01","","Wed Nov 06 17:25:50 GMT 2024","passed","Wed Nov 06 17:25:50 GMT 2024","","METTA-MORPH-TESTS","METTA-MORPH-TESTS",""
"","2","FREE-VARIABLES-AND-NONDETERMINISM-AGAIN,-RECURSIVELY---METTA-LANGUAGE1.01","","Wed Nov 06 17:28:45 GMT 2024","passed","Wed Nov 06 17:28:45 GMT 2024","","METTA-LANG","METTA-LANG",""
"","1","F1-MODULEA.05","","Wed Nov 06 17:18:04 GMT 2024","passed","Wed Nov 06 17:18:04 GMT 2024","","HYPERON-EXPERIMENTAL-SCRIPTS","HYPERON-EXPERIMENTAL-SCRIPTS",""
"","2","F1-MODULEA.02","","Wed Nov 06 17:44:50 GMT 2024","passed","Wed Nov 06 17:44:50 GMT 2024","","QUICK","QUICK",""
"","3","RECURSION-AND-CONTROL---METTA-LANGUAGE7.03","","Wed Nov 06 17:28:45 GMT 2024","passed","Wed Nov 06 17:28:45 GMT 2024","","METTA-LANG","METTA-LANG",""
"","3","A3-TWOSIDE.01","","Wed Nov 06 17:18:04 GMT 2024","passed","Wed Nov 06 17:18:04 GMT 2024","","HYPERON-EXPERIMENTAL-SCRIPTS","HYPERON-EXPERIMENTAL-SCRIPTS",""
"","2","RECURSIVE-AND-PARAMETRIC-TYPES---METTA-LANGUAGE5.01","","Wed Nov 06 17:28:45 GMT 2024","passed","Wed Nov 06 17:28:45 GMT 2024","","METTA-LANG","METTA-LANG",""
"","132","B5-TYPES-PRELIM.08","","Wed Nov 06 17:18:04 GMT 2024","failed","Wed Nov 06 17:18:04 GMT 2024","","HYPERON-EXPERIMENTAL-SCRIPTS","HYPERON-EXPERIMENTAL-SCRIPTS",""
"","2","STATES-SPACES.06","","Wed Nov 06 17:25:50 GMT 2024","passed","Wed Nov 06 17:25:50 GMT 2024","","METTA-MORPH-TESTS","METTA-MORPH-TESTS",""
"","2","WORKING-WITH-SPACES---METTA-LANGUAGE2.03","","Wed Nov 06 17:28:45 GMT 2024","passed","Wed Nov 06 17:28:45 GMT 2024","","METTA-LANG","METTA-LANG",""
"","3","D2-HIGHERFUNC.06","","Wed Nov 06 17:44:50 GMT 2024","passed","Wed Nov 06 17:44:50 GMT 2024","","QUICK","QUICK",""
"","2","MATCH-SUPERPOSED-SPACES.02","","Wed Nov 06 17:25:50 GMT 2024","passed","Wed Nov 06 17:25:50 GMT 2024","","METTA-MORPH-TESTS","METTA-MORPH-TESTS",""
"","2","A1-SYMBOLS.07","","Wed Nov 06 17:18:04 GMT 2024","passed","Wed Nov 06 17:18:04 GMT 2024","","HYPERON-EXPERIMENTAL-SCRIPTS","HYPERON-EXPERIMENTAL-SCRIPTS",""
"","6000","metta_lang.Recursion_and_control___MeTTa_Language9","","Wed Nov 06 17:13:59 GMT 2024","passed","Wed Nov 06 17:14:05 GMT 2024","","WHOLE-TESTS","WHOLE-TESTS",""
"","7000","quick.f1_imports","","Wed Nov 06 17:13:59 GMT 2024","passed","Wed Nov 06 17:14:06 GMT 2024","","WHOLE-TESTS","WHOLE-TESTS",""
"","2","D2-HIGHERFUNC.14","","Wed Nov 06 17:18:04 GMT 2024","passed","Wed Nov 06 17:18:04 GMT 2024","","HYPERON-EXPERIMENTAL-SCRIPTS","HYPERON-EXPERIMENTAL-SCRIPTS",""
"","6000","metta_lang.Working_with_spaces___MeTTa_Language11","","Wed Nov 06 17:13:59 GMT 2024","passed","Wed Nov 06 17:14:05 GMT 2024","","WHOLE-TESTS","WHOLE-TESTS",""
"","2","C1-GROUNDED-BASIC.11","","Wed Nov 06 17:44:50 GMT 2024","passed","Wed Nov 06 17:44:50 GMT 2024","","QUICK","QUICK",""
"","2","OR-TEST.05","","Wed Nov 06 17:20:33 GMT 2024","passed","Wed Nov 06 17:20:33 GMT 2024","","HYPERON-METTALOG-SANITY","HYPERON-METTALOG-SANITY",""
"","3","D2-HIGHERFUNC.18","","Wed Nov 06 17:18:04 GMT 2024","passed","Wed Nov 06 17:18:04 GMT 2024","","HYPERON-EXPERIMENTAL-SCRIPTS","HYPERON-EXPERIMENTAL-SCRIPTS",""
"","71","B5-TYPES-PRELIM.14","","Wed Nov 06 17:18:04 GMT 2024","failed","Wed Nov 06 17:18:04 GMT 2024","","HYPERON-EXPERIMENTAL-SCRIPTS","HYPERON-EXPERIMENTAL-SCRIPTS",""
"","1","F1-IMPORTS.16","","Wed Nov 06 17:13:52 GMT 2024","passed","Wed Nov 06 17:13:52 GMT 2024","","MODULE-SYSTEM","MODULE-SYSTEM",""
"","168","SPACE-SUBTRACTION-TESTS.08","","Wed Nov 06 17:20:33 GMT 2024","passed","Wed Nov 06 17:20:33 GMT 2024","","HYPERON-METTALOG-SANITY","HYPERON-METTALOG-SANITY",""
"","2","RECURSION-AND-CONTROL---METTA-LANGUAGE1.01","","Wed Nov 06 17:28:45 GMT 2024","passed","Wed Nov 06 17:28:45 GMT 2024","","METTA-LANG","METTA-LANG",""
"","6000","metta_lang.Recursive_and_parametric_types___MeTTa_Language5","","Wed Nov 06 17:13:59 GMT 2024","passed","Wed Nov 06 17:14:05 GMT 2024","","WHOLE-TESTS","WHOLE-TESTS",""
"","6000","metta_lang.Concrete_types___MeTTa_Language1","","Wed Nov 06 17:13:59 GMT 2024","passed","Wed Nov 06 17:14:05 GMT 2024","","WHOLE-TESTS","WHOLE-TESTS",""
"","2","HANDLING-NONDETERMINISTIC-RESULTS---METTA-LANGUAGE8.04","","Wed Nov 06 17:28:45 GMT 2024","passed","Wed Nov 06 17:28:45 GMT 2024","","METTA-LANG","METTA-LANG",""
"","3","01-LANG-INC.01","","Wed Nov 06 17:20:33 GMT 2024","passed","Wed Nov 06 17:20:33 GMT 2024","","HYPERON-METTALOG-SANITY","HYPERON-METTALOG-SANITY",""
"","2","STRING-TESTS.16","","Wed Nov 06 17:20:33 GMT 2024","passed","Wed Nov 06 17:20:33 GMT 2024","","HYPERON-METTALOG-SANITY","HYPERON-METTALOG-SANITY",""
"","2","RECURSIVE-AND-PARAMETRIC-TYPES---METTA-LANGUAGE1.04","","Wed Nov 06 17:28:45 GMT 2024","passed","Wed Nov 06 17:28:45 GMT 2024","","METTA-LANG","METTA-LANG",""
"","2","00-LANG-CASE.05","","Wed Nov 06 17:20:33 GMT 2024","passed","Wed Nov 06 17:20:33 GMT 2024","","HYPERON-METTALOG-SANITY","HYPERON-METTALOG-SANITY",""
"","46","E3-MATCH-STATES.03","","Wed Nov 06 17:18:04 GMT 2024","failed","Wed Nov 06 17:18:04 GMT 2024","","HYPERON-EXPERIMENTAL-SCRIPTS","HYPERON-EXPERIMENTAL-SCRIPTS",""
"","3","00-LANG-CASE.01","","Wed Nov 06 17:20:33 GMT 2024","passed","Wed Nov 06 17:20:33 GMT 2024","","HYPERON-METTALOG-SANITY","HYPERON-METTALOG-SANITY",""
"","14","D2-HIGHERFUNC.22","","Wed Nov 06 17:44:50 GMT 2024","passed","Wed Nov 06 17:44:50 GMT 2024","","QUICK","QUICK",""
"","2","CONCRETE-TYPES---METTA-LANGUAGE7.05","","Wed Nov 06 17:28:45 GMT 2024","passed","Wed Nov 06 17:28:45 GMT 2024","","METTA-LANG","METTA-LANG",""
"","107","WORKING-WITH-SPACES---METTA-LANGUAGE9.05","","Wed Nov 06 17:28:45 GMT 2024","failed","Wed Nov 06 17:28:45 GMT 2024","","METTA-LANG","METTA-LANG",""
"","2","LET-SUPERPOSE-LIST.01","","Wed Nov 06 17:25:50 GMT 2024","passed","Wed Nov 06 17:25:50 GMT 2024","","METTA-MORPH-TESTS","METTA-MORPH-TESTS",""
"","3","03-SORING-VIA-INSERT.02","","Wed Nov 06 17:20:33 GMT 2024","passed","Wed Nov 06 17:20:33 GMT 2024","","HYPERON-METTALOG-SANITY","HYPERON-METTALOG-SANITY",""
"","2","XOR-TEST.04","","Wed Nov 06 17:20:33 GMT 2024","passed","Wed Nov 06 17:20:33 GMT 2024","","HYPERON-METTALOG-SANITY","HYPERON-METTALOG-SANITY",""
"","2","CONSOLE-OUTPUT-AND-DEBUGGING---METTA-LANGUAGE2.05","","Wed Nov 06 17:28:45 GMT 2024","passed","Wed Nov 06 17:28:45 GMT 2024","","METTA-LANG","METTA-LANG",""
"","2","BASIC-GROUNDED-FUNCTIONS---METTA-LANGUAGE4.03","","Wed Nov 06 17:28:45 GMT 2024","passed","Wed Nov 06 17:28:45 GMT 2024","","METTA-LANG","METTA-LANG",""
"","320","QUERYING-SPACE-CONTENT---METTA-LANGUAGE5.04","","Wed Nov 06 17:28:45 GMT 2024","failed","Wed Nov 06 17:28:45 GMT 2024","","METTA-LANG","METTA-LANG",""
"","3","TEST-IF-CLOSED.07","","Wed Nov 06 17:14:06 GMT 2024","passed","Wed Nov 06 17:14:06 GMT 2024","","ANTI-REGRESSION","ANTI-REGRESSION",""
"","2","D4-TYPE-PROP.02","","Wed Nov 06 17:44:50 GMT 2024","passed","Wed Nov 06 17:44:50 GMT 2024","","QUICK","QUICK",""
"","6000","metta_lang.Basic_grounded_functions___MeTTa_Language1","","Wed Nov 06 17:13:59 GMT 2024","passed","Wed Nov 06 17:14:05 GMT 2024","","WHOLE-TESTS","WHOLE-TESTS",""
"","6000","metta-morph_tests.nested_parameters","","Wed Nov 06 17:13:59 GMT 2024","passed","Wed Nov 06 17:14:05 GMT 2024","","WHOLE-TESTS","WHOLE-TESTS",""
"","2","CONTROLLING-PATTERN-MATCHING---METTA-LANGUAGE12.10","","Wed Nov 06 17:28:45 GMT 2024","passed","Wed Nov 06 17:28:45 GMT 2024","","METTA-LANG","METTA-LANG",""
"","115","SPACE-INTERSECTION-TESTS.09","","Wed Nov 06 17:20:33 GMT 2024","failed","Wed Nov 06 17:20:33 GMT 2024","","HYPERON-METTALOG-SANITY","HYPERON-METTALOG-SANITY",""
"","111","WORKING-WITH-SPACES---METTA-LANGUAGE1.10","","Wed Nov 06 17:28:45 GMT 2024","failed","Wed Nov 06 17:28:45 GMT 2024","","METTA-LANG","METTA-LANG",""
"","3","CONTROL-FLOW---METTA-LANGUAGE11.01","","Wed Nov 06 17:28:45 GMT 2024","passed","Wed Nov 06 17:28:45 GMT 2024","","METTA-LANG","METTA-LANG",""
"","3","CONTROL-FLOW---METTA-LANGUAGE15.03","","Wed Nov 06 17:28:45 GMT 2024","passed","Wed Nov 06 17:28:45 GMT 2024","","METTA-LANG","METTA-LANG",""
"","4","C1-GROUNDED-BASIC.23","","Wed Nov 06 17:44:50 GMT 2024","passed","Wed Nov 06 17:44:50 GMT 2024","","QUICK","QUICK",""
"","6000","metta_lang.Concrete_types___MeTTa_Language14","","Wed Nov 06 17:13:59 GMT 2024","passed","Wed Nov 06 17:14:05 GMT 2024","","WHOLE-TESTS","WHOLE-TESTS",""
"","14","D1-GADT.13","","Wed Nov 06 17:18:04 GMT 2024","passed","Wed Nov 06 17:18:04 GMT 2024","","HYPERON-EXPERIMENTAL-SCRIPTS","HYPERON-EXPERIMENTAL-SCRIPTS",""
"","3","SUPERCOLLAPSE.01","","Wed Nov 06 17:25:50 GMT 2024","passed","Wed Nov 06 17:25:50 GMT 2024","","METTA-MORPH-TESTS","METTA-MORPH-TESTS",""
"","3","PEANO.01","","Wed Nov 06 17:25:50 GMT 2024","passed","Wed Nov 06 17:25:50 GMT 2024","","METTA-MORPH-TESTS","METTA-MORPH-TESTS",""
"","3","SUPERCOLLAPSE.04","","Wed Nov 06 17:25:50 GMT 2024","passed","Wed Nov 06 17:25:50 GMT 2024","","METTA-MORPH-TESTS","METTA-MORPH-TESTS",""
"","3","F1-IMPORTS.01","","Wed Nov 06 17:13:52 GMT 2024","passed","Wed Nov 06 17:13:52 GMT 2024","","MODULE-SYSTEM","MODULE-SYSTEM",""
"","7000","metta_lang.Control_flow___MeTTa_Language2","","Wed Nov 06 17:13:59 GMT 2024","passed","Wed Nov 06 17:14:06 GMT 2024","","WHOLE-TESTS","WHOLE-TESTS",""
"","5","SPACE-INTERSECTION-TESTS.03","","Wed Nov 06 17:20:33 GMT 2024","passed","Wed Nov 06 17:20:33 GMT 2024","","HYPERON-METTALOG-SANITY","HYPERON-METTALOG-SANITY",""
"","3","BCHAIN.04","","Wed Nov 06 17:14:06 GMT 2024","passed","Wed Nov 06 17:14:06 GMT 2024","","ANTI-REGRESSION","ANTI-REGRESSION",""
"","6000","metta_lang.Concrete_types___MeTTa_Language12","","Wed Nov 06 17:13:59 GMT 2024","passed","Wed Nov 06 17:14:05 GMT 2024","","WHOLE-TESTS","WHOLE-TESTS",""
"","6000","metta_lang.Concrete_types___MeTTa_Language4","","Wed Nov 06 17:13:59 GMT 2024","passed","Wed Nov 06 17:14:05 GMT 2024","","WHOLE-TESTS","WHOLE-TESTS",""
"","2","MATCH-SUPERPOSED-SPACES.04","","Wed Nov 06 17:25:50 GMT 2024","passed","Wed Nov 06 17:25:50 GMT 2024","","METTA-MORPH-TESTS","METTA-MORPH-TESTS",""
"","92","INTERSECTION-TESTS.29","","Wed Nov 06 17:20:33 GMT 2024","failed","Wed Nov 06 17:20:33 GMT 2024","","HYPERON-METTALOG-SANITY","HYPERON-METTALOG-SANITY",""
"","2","STRING-TESTS.21","","Wed Nov 06 17:20:33 GMT 2024","passed","Wed Nov 06 17:20:33 GMT 2024","","HYPERON-METTALOG-SANITY","HYPERON-METTALOG-SANITY",""
"","28","G1-DOCS.04","","Wed Nov 06 17:18:04 GMT 2024","failed","Wed Nov 06 17:18:04 GMT 2024","","HYPERON-EXPERIMENTAL-SCRIPTS","HYPERON-EXPERIMENTAL-SCRIPTS",""
"","69","METATYPES---METTA-LANGUAGE7.04","","Wed Nov 06 17:28:45 GMT 2024","failed","Wed Nov 06 17:28:45 GMT 2024","","METTA-LANG","METTA-LANG",""
"","3","FUNCTIONS-AND-UNIFICATION---METTA-LANGUAGE4.04","","Wed Nov 06 17:28:45 GMT 2024","passed","Wed Nov 06 17:28:45 GMT 2024","","METTA-LANG","METTA-LANG",""
"","6000","anti-regression.bchain","","Wed Nov 06 17:13:59 GMT 2024","passed","Wed Nov 06 17:14:05 GMT 2024","","WHOLE-TESTS","WHOLE-TESTS",""
"","2","D4-TYPE-PROP.16","","Wed Nov 06 17:18:04 GMT 2024","passed","Wed Nov 06 17:18:04 GMT 2024","","HYPERON-EXPERIMENTAL-SCRIPTS","HYPERON-EXPERIMENTAL-SCRIPTS",""
"","1","HYPERPOSE.06","","Wed Nov 06 17:25:50 GMT 2024","passed","Wed Nov 06 17:25:50 GMT 2024","","METTA-MORPH-TESTS","METTA-MORPH-TESTS",""
"","2","OPERATIONS-OVER-ATOMS---METTA-LANGUAGE2.03","","Wed Nov 06 17:28:45 GMT 2024","passed","Wed Nov 06 17:28:45 GMT 2024","","METTA-LANG","METTA-LANG",""
"","108","C1-GROUNDED-BASIC.14","","Wed Nov 06 17:44:50 GMT 2024","failed","Wed Nov 06 17:44:50 GMT 2024","","QUICK","QUICK",""
"","2","WORKING-WITH-SPACES---METTA-LANGUAGE3.01","","Wed Nov 06 17:28:45 GMT 2024","passed","Wed Nov 06 17:28:45 GMT 2024","","METTA-LANG","METTA-LANG",""
"","3","CONTROL-FLOW---METTA-LANGUAGE16.03","","Wed Nov 06 17:28:45 GMT 2024","passed","Wed Nov 06 17:28:45 GMT 2024","","METTA-LANG","METTA-LANG",""
"","3","CONSOLE-OUTPUT-AND-DEBUGGING---METTA-LANGUAGE5.07","","Wed Nov 06 17:28:45 GMT 2024","passed","Wed Nov 06 17:28:45 GMT 2024","","METTA-LANG","METTA-LANG",""
"","2","BASIC-GROUNDED-FUNCTIONS---METTA-LANGUAGE1.03","","Wed Nov 06 17:28:45 GMT 2024","passed","Wed Nov 06 17:28:45 GMT 2024","","METTA-LANG","METTA-LANG",""
"","60","CONSOLE-OUTPUT-AND-DEBUGGING---METTA-LANGUAGE5.08","","Wed Nov 06 17:28:45 GMT 2024","failed","Wed Nov 06 17:28:45 GMT 2024","","METTA-LANG","METTA-LANG",""
"","95","INTERSECTION-TESTS.31","","Wed Nov 06 17:20:33 GMT 2024","failed","Wed Nov 06 17:20:33 GMT 2024","","HYPERON-METTALOG-SANITY","HYPERON-METTALOG-SANITY",""
"","2","TEST-IF-CLOSED.06","","Wed Nov 06 17:14:06 GMT 2024","passed","Wed Nov 06 17:14:06 GMT 2024","","ANTI-REGRESSION","ANTI-REGRESSION",""
"","2","WORKING-WITH-SPACES---METTA-LANGUAGE2.05","","Wed Nov 06 17:28:45 GMT 2024","passed","Wed Nov 06 17:28:45 GMT 2024","","METTA-LANG","METTA-LANG",""
"","3","C3-PLN-STV.03","","Wed Nov 06 17:18:04 GMT 2024","passed","Wed Nov 06 17:18:04 GMT 2024","","HYPERON-EXPERIMENTAL-SCRIPTS","HYPERON-EXPERIMENTAL-SCRIPTS",""
"","7000","metta-morph_tests.tests0","","Wed Nov 06 17:13:59 GMT 2024","passed","Wed Nov 06 17:14:06 GMT 2024","","WHOLE-TESTS","WHOLE-TESTS",""
"","2","CONSOLE-OUTPUT-AND-DEBUGGING---METTA-LANGUAGE5.06","","Wed Nov 06 17:28:45 GMT 2024","passed","Wed Nov 06 17:28:45 GMT 2024","","METTA-LANG","METTA-LANG",""
"","3","CONTROLLING-PATTERN-MATCHING---METTA-LANGUAGE10.05","","Wed Nov 06 17:28:45 GMT 2024","passed","Wed Nov 06 17:28:45 GMT 2024","","METTA-LANG","METTA-LANG",""
"","1","F1-MODULEA.09","","Wed Nov 06 17:18:04 GMT 2024","passed","Wed Nov 06 17:18:04 GMT 2024","","HYPERON-EXPERIMENTAL-SCRIPTS","HYPERON-EXPERIMENTAL-SCRIPTS",""
"","2","B5-TYPES-PRELIM.25","","Wed Nov 06 17:18:04 GMT 2024","passed","Wed Nov 06 17:18:04 GMT 2024","","HYPERON-EXPERIMENTAL-SCRIPTS","HYPERON-EXPERIMENTAL-SCRIPTS",""
"","2","SEQUENTIAL-NESTED.10","","Wed Nov 06 17:25:50 GMT 2024","passed","Wed Nov 06 17:25:50 GMT 2024","","METTA-MORPH-TESTS","METTA-MORPH-TESTS",""
"","2","D1-GADT.08","","Wed Nov 06 17:44:50 GMT 2024","passed","Wed Nov 06 17:44:50 GMT 2024","","QUICK","QUICK",""
"","2","D1-GADT.12","","Wed Nov 06 17:18:04 GMT 2024","passed","Wed Nov 06 17:18:04 GMT 2024","","HYPERON-EXPERIMENTAL-SCRIPTS","HYPERON-EXPERIMENTAL-SCRIPTS",""
"","4","SEALED-TEST.04","","Wed Nov 06 17:20:33 GMT 2024","passed","Wed Nov 06 17:20:33 GMT 2024","","HYPERON-METTALOG-SANITY","HYPERON-METTALOG-SANITY",""
"","2","CONSOLE-OUTPUT-AND-DEBUGGING---METTA-LANGUAGE3.04","","Wed Nov 06 17:28:45 GMT 2024","passed","Wed Nov 06 17:28:45 GMT 2024","","METTA-LANG","METTA-LANG",""
"","3","HANDLING-NONDETERMINISTIC-RESULTS---METTA-LANGUAGE1.03","","Wed Nov 06 17:28:45 GMT 2024","passed","Wed Nov 06 17:28:45 GMT 2024","","METTA-LANG","METTA-LANG",""
"","3","C3-PLN-STV.01","","Wed Nov 06 17:18:04 GMT 2024","passed","Wed Nov 06 17:18:04 GMT 2024","","HYPERON-EXPERIMENTAL-SCRIPTS","HYPERON-EXPERIMENTAL-SCRIPTS",""
"","4","SEALED-TEST.08","","Wed Nov 06 17:20:33 GMT 2024","passed","Wed Nov 06 17:20:33 GMT 2024","","HYPERON-METTALOG-SANITY","HYPERON-METTALOG-SANITY",""
"","3","D1-GADT.01","","Wed Nov 06 17:44:50 GMT 2024","passed","Wed Nov 06 17:44:50 GMT 2024","","QUICK","QUICK",""
"","6000","metta_lang.Working_with_spaces___MeTTa_Language6","","Wed Nov 06 17:13:59 GMT 2024","passed","Wed Nov 06 17:14:05 GMT 2024","","WHOLE-TESTS","WHOLE-TESTS",""
"","2","RECURSIVE-AND-PARAMETRIC-TYPES---METTA-LANGUAGE2.02","","Wed Nov 06 17:28:45 GMT 2024","passed","Wed Nov 06 17:28:45 GMT 2024","","METTA-LANG","METTA-LANG",""
"","7000","metta_lang.Recursion_and_control___MeTTa_Language8","","Wed Nov 06 17:13:59 GMT 2024","passed","Wed Nov 06 17:14:06 GMT 2024","","WHOLE-TESTS","WHOLE-TESTS",""
"","2","TYPES2.02","","Wed Nov 06 17:25:50 GMT 2024","passed","Wed Nov 06 17:25:50 GMT 2024","","METTA-MORPH-TESTS","METTA-MORPH-TESTS",""
"","6000","hyperon-experimental_scripts.a2_opencoggy","","Wed Nov 06 17:13:59 GMT 2024","passed","Wed Nov 06 17:14:05 GMT 2024","","WHOLE-TESTS","WHOLE-TESTS",""
"","2","C2-SPACES.02","","Wed Nov 06 17:18:04 GMT 2024","passed","Wed Nov 06 17:18:04 GMT 2024","","HYPERON-EXPERIMENTAL-SCRIPTS","HYPERON-EXPERIMENTAL-SCRIPTS",""
"","4","CONTROLLING-PATTERN-MATCHING---METTA-LANGUAGE11.01","","Wed Nov 06 17:28:45 GMT 2024","passed","Wed Nov 06 17:28:45 GMT 2024","","METTA-LANG","METTA-LANG",""
"","2","WORKING-WITH-SPACES---METTA-LANGUAGE12.06","","Wed Nov 06 17:28:45 GMT 2024","passed","Wed Nov 06 17:28:45 GMT 2024","","METTA-LANG","METTA-LANG",""
"","2","B4-NONDETERM.02","","Wed Nov 06 17:18:04 GMT 2024","passed","Wed Nov 06 17:18:04 GMT 2024","","HYPERON-EXPERIMENTAL-SCRIPTS","HYPERON-EXPERIMENTAL-SCRIPTS",""
"","3","RECURSION-AND-CONTROL---METTA-LANGUAGE3.04","","Wed Nov 06 17:28:45 GMT 2024","passed","Wed Nov 06 17:28:45 GMT 2024","","METTA-LANG","METTA-LANG",""
"","13","CONCRETE-TYPES---METTA-LANGUAGE10.02","","Wed Nov 06 17:28:45 GMT 2024","passed","Wed Nov 06 17:28:45 GMT 2024","","METTA-LANG","METTA-LANG",""
"","84","E2-STATES.07","","Wed Nov 06 17:18:04 GMT 2024","failed","Wed Nov 06 17:18:04 GMT 2024","","HYPERON-EXPERIMENTAL-SCRIPTS","HYPERON-EXPERIMENTAL-SCRIPTS",""
"","1","SPACE-SUBTRACTION-TESTS.02","","Wed Nov 06 17:20:33 GMT 2024","passed","Wed Nov 06 17:20:33 GMT 2024","","HYPERON-METTALOG-SANITY","HYPERON-METTALOG-SANITY",""
"","11","RECURSIVE-AND-PARAMETRIC-TYPES---METTA-LANGUAGE6.02","","Wed Nov 06 17:28:45 GMT 2024","failed","Wed Nov 06 17:28:45 GMT 2024","","METTA-LANG","METTA-LANG",""
"","3","BASIC-EVALUATION---METTA-LANGUAGE9.01","","Wed Nov 06 17:28:45 GMT 2024","passed","Wed Nov 06 17:28:45 GMT 2024","","METTA-LANG","METTA-LANG",""
"","28000","anti-regression.debug_mettalogTestCurried","","Wed Nov 06 17:13:59 GMT 2024","passed","Wed Nov 06 17:14:27 GMT 2024","","WHOLE-TESTS","WHOLE-TESTS",""
"","2","D4-TYPE-PROP.14","","Wed Nov 06 17:18:04 GMT 2024","passed","Wed Nov 06 17:18:04 GMT 2024","","HYPERON-EXPERIMENTAL-SCRIPTS","HYPERON-EXPERIMENTAL-SCRIPTS",""
"","2","WORKING-WITH-SPACES---METTA-LANGUAGE8.07","","Wed Nov 06 17:28:45 GMT 2024","passed","Wed Nov 06 17:28:45 GMT 2024","","METTA-LANG","METTA-LANG",""
"","2","STRING-TESTS.12","","Wed Nov 06 17:20:33 GMT 2024","passed","Wed Nov 06 17:20:33 GMT 2024","","HYPERON-METTALOG-SANITY","HYPERON-METTALOG-SANITY",""
"","2","RECURSIVE-AND-PARAMETRIC-TYPES---METTA-LANGUAGE2.04","","Wed Nov 06 17:28:45 GMT 2024","passed","Wed Nov 06 17:28:45 GMT 2024","","METTA-LANG","METTA-LANG",""
"","6000","hyperon-experimental_scripts.e1_kb_write","","Wed Nov 06 17:13:59 GMT 2024","passed","Wed Nov 06 17:14:05 GMT 2024","","WHOLE-TESTS","WHOLE-TESTS",""
"","49","STRUCTURE-TESTS.01","","Wed Nov 06 17:20:33 GMT 2024","passed","Wed Nov 06 17:20:33 GMT 2024","","HYPERON-METTALOG-SANITY","HYPERON-METTALOG-SANITY",""
"","2","F1-IMPORTS.08","","Wed Nov 06 17:13:52 GMT 2024","passed","Wed Nov 06 17:13:52 GMT 2024","","MODULE-SYSTEM","MODULE-SYSTEM",""
"","3","E2-STATES.10","","Wed Nov 06 17:18:04 GMT 2024","passed","Wed Nov 06 17:18:04 GMT 2024","","HYPERON-EXPERIMENTAL-SCRIPTS","HYPERON-EXPERIMENTAL-SCRIPTS",""
"","2","RECURSION-AND-CONTROL---METTA-LANGUAGE2.05","","Wed Nov 06 17:28:45 GMT 2024","passed","Wed Nov 06 17:28:45 GMT 2024","","METTA-LANG","METTA-LANG",""
"","87","FUNCTIONS-AND-UNIFICATION---METTA-LANGUAGE3.04","","Wed Nov 06 17:28:45 GMT 2024","passed","Wed Nov 06 17:28:45 GMT 2024","","METTA-LANG","METTA-LANG",""
"","1","D2-HIGHERFUNC.13","","Wed Nov 06 17:18:04 GMT 2024","passed","Wed Nov 06 17:18:04 GMT 2024","","HYPERON-EXPERIMENTAL-SCRIPTS","HYPERON-EXPERIMENTAL-SCRIPTS",""
"","2","D2-HIGHERFUNC.25","","Wed Nov 06 17:44:50 GMT 2024","passed","Wed Nov 06 17:44:50 GMT 2024","","QUICK","QUICK",""
"","14","D2-HIGHERFUNC.21","","Wed Nov 06 17:44:50 GMT 2024","passed","Wed Nov 06 17:44:50 GMT 2024","","QUICK","QUICK",""
"","110","OPERATIONS-OVER-ATOMS---METTA-LANGUAGE1.02","","Wed Nov 06 17:28:45 GMT 2024","failed","Wed Nov 06 17:28:45 GMT 2024","","METTA-LANG","METTA-LANG",""
"","8000","metta-wam-issue-116.test_spo_1000","","Wed Nov 06 17:13:59 GMT 2024","passed","Wed Nov 06 17:14:07 GMT 2024","","WHOLE-TESTS","WHOLE-TESTS",""
"","2","OR-TEST.10","","Wed Nov 06 17:20:33 GMT 2024","passed","Wed Nov 06 17:20:33 GMT 2024","","HYPERON-METTALOG-SANITY","HYPERON-METTALOG-SANITY",""
"","2","CONTROLLING-PATTERN-MATCHING---METTA-LANGUAGE12.16","","Wed Nov 06 17:28:45 GMT 2024","passed","Wed Nov 06 17:28:45 GMT 2024","","METTA-LANG","METTA-LANG",""
"","7000","hyperon-experimental_scripts.f1_imports","","Wed Nov 06 17:13:59 GMT 2024","passed","Wed Nov 06 17:14:06 GMT 2024","","WHOLE-TESTS","WHOLE-TESTS",""
"","2","03-SORING-VIA-INSERT.03","","Wed Nov 06 17:20:33 GMT 2024","passed","Wed Nov 06 17:20:33 GMT 2024","","HYPERON-METTALOG-SANITY","HYPERON-METTALOG-SANITY",""
"","2","D4-TYPE-PROP.13","","Wed Nov 06 17:18:04 GMT 2024","passed","Wed Nov 06 17:18:04 GMT 2024","","HYPERON-EXPERIMENTAL-SCRIPTS","HYPERON-EXPERIMENTAL-SCRIPTS",""
"","2","HANDLING-NONDETERMINISTIC-RESULTS---METTA-LANGUAGE8.08","","Wed Nov 06 17:28:45 GMT 2024","passed","Wed Nov 06 17:28:45 GMT 2024","","METTA-LANG","METTA-LANG",""
"","3","RECURSIVE-AND-PARAMETRIC-TYPES---METTA-LANGUAGE5.03","","Wed Nov 06 17:28:45 GMT 2024","passed","Wed Nov 06 17:28:45 GMT 2024","","METTA-LANG","METTA-LANG",""
"","2","STRING-TESTS.15","","Wed Nov 06 17:20:33 GMT 2024","passed","Wed Nov 06 17:20:33 GMT 2024","","HYPERON-METTALOG-SANITY","HYPERON-METTALOG-SANITY",""
"","7000","metta_lang.Control_flow___MeTTa_Language12","","Wed Nov 06 17:13:59 GMT 2024","passed","Wed Nov 06 17:14:06 GMT 2024","","WHOLE-TESTS","WHOLE-TESTS",""
"","2","D1-GADT.02","","Wed Nov 06 17:18:04 GMT 2024","passed","Wed Nov 06 17:18:04 GMT 2024","","HYPERON-EXPERIMENTAL-SCRIPTS","HYPERON-EXPERIMENTAL-SCRIPTS",""
"","6","SPACE-SUBTRACTION-TESTS.10","","Wed Nov 06 17:20:33 GMT 2024","passed","Wed Nov 06 17:20:33 GMT 2024","","HYPERON-METTALOG-SANITY","HYPERON-METTALOG-SANITY",""
"","3","IS-SPACE.01","","Wed Nov 06 17:20:33 GMT 2024","passed","Wed Nov 06 17:20:33 GMT 2024","","HYPERON-METTALOG-SANITY","HYPERON-METTALOG-SANITY",""
"","18000","metta-wam-issue-116.test_spo_116378","","Wed Nov 06 17:13:59 GMT 2024","passed","Wed Nov 06 17:14:17 GMT 2024","","WHOLE-TESTS","WHOLE-TESTS",""
"","6000","metta-morph_tests.letlet","","Wed Nov 06 17:13:59 GMT 2024","passed","Wed Nov 06 17:14:05 GMT 2024","","WHOLE-TESTS","WHOLE-TESTS",""
"","4","CONTROL-FLOW---METTA-LANGUAGE3.02","","Wed Nov 06 17:28:45 GMT 2024","passed","Wed Nov 06 17:28:45 GMT 2024","","METTA-LANG","METTA-LANG",""
"","2","BASIC-GROUNDED-FUNCTIONS---METTA-LANGUAGE6.03","","Wed Nov 06 17:28:45 GMT 2024","passed","Wed Nov 06 17:28:45 GMT 2024","","METTA-LANG","METTA-LANG",""
"","2","00-LANG-CASE.10","","Wed Nov 06 17:20:33 GMT 2024","passed","Wed Nov 06 17:20:33 GMT 2024","","HYPERON-METTALOG-SANITY","HYPERON-METTALOG-SANITY",""
"","4","CONSOLE-OUTPUT-AND-DEBUGGING---METTA-LANGUAGE4.01","","Wed Nov 06 17:28:45 GMT 2024","passed","Wed Nov 06 17:28:45 GMT 2024","","METTA-LANG","METTA-LANG",""
"","91","INTERSECTION-TESTS.28","","Wed Nov 06 17:20:33 GMT 2024","failed","Wed Nov 06 17:20:33 GMT 2024","","HYPERON-METTALOG-SANITY","HYPERON-METTALOG-SANITY",""
"","3","RECURSIVE-AND-PARAMETRIC-TYPES---METTA-LANGUAGE6.01","","Wed Nov 06 17:28:45 GMT 2024","passed","Wed Nov 06 17:28:45 GMT 2024","","METTA-LANG","METTA-LANG",""
"","6000","metta_lang.Control_flow___MeTTa_Language10","","Wed Nov 06 17:13:59 GMT 2024","passed","Wed Nov 06 17:14:05 GMT 2024","","WHOLE-TESTS","WHOLE-TESTS",""
"","7000","metta_lang.Querying_space_content___MeTTa_Language4","","Wed Nov 06 17:13:59 GMT 2024","passed","Wed Nov 06 17:14:06 GMT 2024","","WHOLE-TESTS","WHOLE-TESTS",""
"","117","D5-AUTO-TYPES.04","","Wed Nov 06 17:18:04 GMT 2024","failed","Wed Nov 06 17:18:04 GMT 2024","","HYPERON-EXPERIMENTAL-SCRIPTS","HYPERON-EXPERIMENTAL-SCRIPTS",""
"","3","CONTROL-FLOW---METTA-LANGUAGE15.02","","Wed Nov 06 17:28:45 GMT 2024","passed","Wed Nov 06 17:28:45 GMT 2024","","METTA-LANG","METTA-LANG",""
"","3","B1-EQUAL-CHAIN.04","","Wed Nov 06 17:18:04 GMT 2024","passed","Wed Nov 06 17:18:04 GMT 2024","","HYPERON-EXPERIMENTAL-SCRIPTS","HYPERON-EXPERIMENTAL-SCRIPTS",""
"","7000","quick.d2_higherfunc","","Wed Nov 06 17:13:59 GMT 2024","passed","Wed Nov 06 17:14:06 GMT 2024","","WHOLE-TESTS","WHOLE-TESTS",""
"","2","BASIC-GROUNDED-FUNCTIONS---METTA-LANGUAGE8.04","","Wed Nov 06 17:28:45 GMT 2024","passed","Wed Nov 06 17:28:45 GMT 2024","","METTA-LANG","METTA-LANG",""
"","2","SPACE-SUBTRACTION-TESTS.01","","Wed Nov 06 17:20:33 GMT 2024","passed","Wed Nov 06 17:20:33 GMT 2024","","HYPERON-METTALOG-SANITY","HYPERON-METTALOG-SANITY",""
"","3","CONTROLLING-PATTERN-MATCHING---METTA-LANGUAGE12.04","","Wed Nov 06 17:28:45 GMT 2024","passed","Wed Nov 06 17:28:45 GMT 2024","","METTA-LANG","METTA-LANG",""
"","3","FUNCTIONS-AND-UNIFICATION---METTA-LANGUAGE2.05","","Wed Nov 06 17:28:45 GMT 2024","passed","Wed Nov 06 17:28:45 GMT 2024","","METTA-LANG","METTA-LANG",""
"","2","FLIP-TEST.01","","Wed Nov 06 17:20:33 GMT 2024","passed","Wed Nov 06 17:20:33 GMT 2024","","HYPERON-METTALOG-SANITY","HYPERON-METTALOG-SANITY",""
"","2","WORKING-WITH-SPACES---METTA-LANGUAGE10.02","","Wed Nov 06 17:28:45 GMT 2024","passed","Wed Nov 06 17:28:45 GMT 2024","","METTA-LANG","METTA-LANG",""
"","2","MATCH-VOID.03","","Wed Nov 06 17:25:50 GMT 2024","passed","Wed Nov 06 17:25:50 GMT 2024","","METTA-MORPH-TESTS","METTA-MORPH-TESTS",""
"","660","TESTS0.07","","Wed Nov 06 17:25:50 GMT 2024","passed","Wed Nov 06 17:25:50 GMT 2024","","METTA-MORPH-TESTS","METTA-MORPH-TESTS",""
"","3","STRING-TESTS.18","","Wed Nov 06 17:20:33 GMT 2024","passed","Wed Nov 06 17:20:33 GMT 2024","","HYPERON-METTALOG-SANITY","HYPERON-METTALOG-SANITY",""
"","3","FUNCTIONS-AND-UNIFICATION---METTA-LANGUAGE3.01","","Wed Nov 06 17:28:45 GMT 2024","passed","Wed Nov 06 17:28:45 GMT 2024","","METTA-LANG","METTA-LANG",""
"","89","CONCRETE-TYPES---METTA-LANGUAGE13.04","","Wed Nov 06 17:28:45 GMT 2024","failed","Wed Nov 06 17:28:45 GMT 2024","","METTA-LANG","METTA-LANG",""
"","6000","metta_lang.Controlling_pattern_matching___MeTTa_Language7","","Wed Nov 06 17:13:59 GMT 2024","passed","Wed Nov 06 17:14:05 GMT 2024","","WHOLE-TESTS","WHOLE-TESTS",""
"","3","B5-TYPES-PRELIM.21","","Wed Nov 06 17:18:04 GMT 2024","passed","Wed Nov 06 17:18:04 GMT 2024","","HYPERON-EXPERIMENTAL-SCRIPTS","HYPERON-EXPERIMENTAL-SCRIPTS",""
"","6000","hyperon-mettalog_sanity.catch_throw_tests","","Wed Nov 06 17:13:59 GMT 2024","passed","Wed Nov 06 17:14:05 GMT 2024","","WHOLE-TESTS","WHOLE-TESTS",""
"","3","NESTED-QUERIES-AND-RECURSIVE-GRAPH-TRAVERSAL---METTA-LANGUAGE2.01","","Wed Nov 06 17:28:45 GMT 2024","passed","Wed Nov 06 17:28:45 GMT 2024","","METTA-LANG","METTA-LANG",""
"","3","RECURSION-AND-CONTROL---METTA-LANGUAGE2.01","","Wed Nov 06 17:28:45 GMT 2024","passed","Wed Nov 06 17:28:45 GMT 2024","","METTA-LANG","METTA-LANG",""
"","2","D1-GADT.07","","Wed Nov 06 17:18:04 GMT 2024","passed","Wed Nov 06 17:18:04 GMT 2024","","HYPERON-EXPERIMENTAL-SCRIPTS","HYPERON-EXPERIMENTAL-SCRIPTS",""
"","4","SPACE-INTERSECTION-TESTS.06","","Wed Nov 06 17:20:33 GMT 2024","passed","Wed Nov 06 17:20:33 GMT 2024","","HYPERON-METTALOG-SANITY","HYPERON-METTALOG-SANITY",""
"","2","C1-GROUNDED-BASIC.09","","Wed Nov 06 17:18:04 GMT 2024","passed","Wed Nov 06 17:18:04 GMT 2024","","HYPERON-EXPERIMENTAL-SCRIPTS","HYPERON-EXPERIMENTAL-SCRIPTS",""
"","2","CONCRETE-TYPES---METTA-LANGUAGE1.03","","Wed Nov 06 17:28:45 GMT 2024","passed","Wed Nov 06 17:28:45 GMT 2024","","METTA-LANG","METTA-LANG",""
"","2","RECURSIVE-AND-PARAMETRIC-TYPES---METTA-LANGUAGE7.03","","Wed Nov 06 17:28:45 GMT 2024","passed","Wed Nov 06 17:28:45 GMT 2024","","METTA-LANG","METTA-LANG",""
"","2","C2-SPACES.02","","Wed Nov 06 17:13:52 GMT 2024","passed","Wed Nov 06 17:13:52 GMT 2024","","MODULE-SYSTEM","MODULE-SYSTEM",""
"","2","C1-GROUNDED-BASIC.22","","Wed Nov 06 17:18:04 GMT 2024","passed","Wed Nov 06 17:18:04 GMT 2024","","HYPERON-EXPERIMENTAL-SCRIPTS","HYPERON-EXPERIMENTAL-SCRIPTS",""
"","3","WORKING-WITH-SPACES---METTA-LANGUAGE8.03","","Wed Nov 06 17:28:45 GMT 2024","passed","Wed Nov 06 17:28:45 GMT 2024","","METTA-LANG","METTA-LANG",""
"","2","BASIC-GROUNDED-FUNCTIONS---METTA-LANGUAGE4.02","","Wed Nov 06 17:28:45 GMT 2024","passed","Wed Nov 06 17:28:45 GMT 2024","","METTA-LANG","METTA-LANG",""
"","2","METATYPES---METTA-LANGUAGE1.09","","Wed Nov 06 17:28:45 GMT 2024","passed","Wed Nov 06 17:28:45 GMT 2024","","METTA-LANG","METTA-LANG",""
"","3","F1-MODULEA.02","","Wed Nov 06 17:18:04 GMT 2024","passed","Wed Nov 06 17:18:04 GMT 2024","","HYPERON-EXPERIMENTAL-SCRIPTS","HYPERON-EXPERIMENTAL-SCRIPTS",""
"","7000","metta_lang.Basic_evaluation___MeTTa_Language10","","Wed Nov 06 17:13:59 GMT 2024","passed","Wed Nov 06 17:14:06 GMT 2024","","WHOLE-TESTS","WHOLE-TESTS",""
"","7000","metta-morph_tests.if","","Wed Nov 06 17:13:59 GMT 2024","passed","Wed Nov 06 17:14:06 GMT 2024","","WHOLE-TESTS","WHOLE-TESTS",""
"","2","INTERSECTION-TESTS.27","","Wed Nov 06 17:20:33 GMT 2024","passed","Wed Nov 06 17:20:33 GMT 2024","","HYPERON-METTALOG-SANITY","HYPERON-METTALOG-SANITY",""
"","72","F1-IMPORTS.18","","Wed Nov 06 17:44:50 GMT 2024","passed","Wed Nov 06 17:44:50 GMT 2024","","QUICK","QUICK",""
"","2","BASIC-EVALUATION---METTA-LANGUAGE15.05","","Wed Nov 06 17:28:45 GMT 2024","passed","Wed Nov 06 17:28:45 GMT 2024","","METTA-LANG","METTA-LANG",""
"","7000","metta_lang.Recursive_and_parametric_types___MeTTa_Language6","","Wed Nov 06 17:13:59 GMT 2024","passed","Wed Nov 06 17:14:06 GMT 2024","","WHOLE-TESTS","WHOLE-TESTS",""
"","2","SEQUENTIAL-NESTED.09","","Wed Nov 06 17:25:50 GMT 2024","passed","Wed Nov 06 17:25:50 GMT 2024","","METTA-MORPH-TESTS","METTA-MORPH-TESTS",""
"","3","QUERYING-SPACE-CONTENT---METTA-LANGUAGE2.03","","Wed Nov 06 17:28:45 GMT 2024","passed","Wed Nov 06 17:28:45 GMT 2024","","METTA-LANG","METTA-LANG",""
"","1","XOR-TEST.02","","Wed Nov 06 17:20:33 GMT 2024","passed","Wed Nov 06 17:20:33 GMT 2024","","HYPERON-METTALOG-SANITY","HYPERON-METTALOG-SANITY",""
"","4","SEALED-TEST.09","","Wed Nov 06 17:20:33 GMT 2024","passed","Wed Nov 06 17:20:33 GMT 2024","","HYPERON-METTALOG-SANITY","HYPERON-METTALOG-SANITY",""
"","1","00-LANG-CASE.02","","Wed Nov 06 17:20:33 GMT 2024","passed","Wed Nov 06 17:20:33 GMT 2024","","HYPERON-METTALOG-SANITY","HYPERON-METTALOG-SANITY",""
"","2","D1-GADT.11","","Wed Nov 06 17:18:04 GMT 2024","passed","Wed Nov 06 17:18:04 GMT 2024","","HYPERON-EXPERIMENTAL-SCRIPTS","HYPERON-EXPERIMENTAL-SCRIPTS",""
"","2","C1-GROUNDED-BASIC.01","","Wed Nov 06 17:18:04 GMT 2024","passed","Wed Nov 06 17:18:04 GMT 2024","","HYPERON-EXPERIMENTAL-SCRIPTS","HYPERON-EXPERIMENTAL-SCRIPTS",""
"","3","TESTS0.05","","Wed Nov 06 17:25:50 GMT 2024","passed","Wed Nov 06 17:25:50 GMT 2024","","METTA-MORPH-TESTS","METTA-MORPH-TESTS",""
"","2","UNIQUE-TEST.08","","Wed Nov 06 17:20:33 GMT 2024","passed","Wed Nov 06 17:20:33 GMT 2024","","HYPERON-METTALOG-SANITY","HYPERON-METTALOG-SANITY",""
"","2","BASIC-GROUNDED-FUNCTIONS---METTA-LANGUAGE7.02","","Wed Nov 06 17:28:45 GMT 2024","passed","Wed Nov 06 17:28:45 GMT 2024","","METTA-LANG","METTA-LANG",""
"","3","FUNCTIONAL-PROGRAMMING-TESTS.07","","Wed Nov 06 17:20:33 GMT 2024","passed","Wed Nov 06 17:20:33 GMT 2024","","HYPERON-METTALOG-SANITY","HYPERON-METTALOG-SANITY",""
"","2","BASIC-EVALUATION---METTA-LANGUAGE14.02","","Wed Nov 06 17:28:45 GMT 2024","passed","Wed Nov 06 17:28:45 GMT 2024","","METTA-LANG","METTA-LANG",""
"","2","RECURSIVE-AND-PARAMETRIC-TYPES---METTA-LANGUAGE2.01","","Wed Nov 06 17:28:45 GMT 2024","passed","Wed Nov 06 17:28:45 GMT 2024","","METTA-LANG","METTA-LANG",""
"","2","06-MATCH-IN-SPACE.06","","Wed Nov 06 17:20:33 GMT 2024","passed","Wed Nov 06 17:20:33 GMT 2024","","HYPERON-METTALOG-SANITY","HYPERON-METTALOG-SANITY",""
"","1","C1-GROUNDED-BASIC.21","","Wed Nov 06 17:18:04 GMT 2024","passed","Wed Nov 06 17:18:04 GMT 2024","","HYPERON-EXPERIMENTAL-SCRIPTS","HYPERON-EXPERIMENTAL-SCRIPTS",""
"","74","RECURSIVE-AND-PARAMETRIC-TYPES---METTA-LANGUAGE3.04","","Wed Nov 06 17:28:45 GMT 2024","failed","Wed Nov 06 17:28:45 GMT 2024","","METTA-LANG","METTA-LANG",""
"","2","D4-TYPE-PROP.09","","Wed Nov 06 17:18:04 GMT 2024","passed","Wed Nov 06 17:18:04 GMT 2024","","HYPERON-EXPERIMENTAL-SCRIPTS","HYPERON-EXPERIMENTAL-SCRIPTS",""
"","2","XOR-TEST.11","","Wed Nov 06 17:20:33 GMT 2024","passed","Wed Nov 06 17:20:33 GMT 2024","","HYPERON-METTALOG-SANITY","HYPERON-METTALOG-SANITY",""
"","2","CONSOLE-OUTPUT-AND-DEBUGGING---METTA-LANGUAGE10.01","","Wed Nov 06 17:28:45 GMT 2024","passed","Wed Nov 06 17:28:45 GMT 2024","","METTA-LANG","METTA-LANG",""
"","7000","metta-morph_tests.supercollapse","","Wed Nov 06 17:13:59 GMT 2024","passed","Wed Nov 06 17:14:06 GMT 2024","","WHOLE-TESTS","WHOLE-TESTS",""
"","2","CONTROL-FLOW---METTA-LANGUAGE8.02","","Wed Nov 06 17:28:45 GMT 2024","passed","Wed Nov 06 17:28:45 GMT 2024","","METTA-LANG","METTA-LANG",""
"","3","C3-PLN-STV.04","","Wed Nov 06 17:18:04 GMT 2024","passed","Wed Nov 06 17:18:04 GMT 2024","","HYPERON-EXPERIMENTAL-SCRIPTS","HYPERON-EXPERIMENTAL-SCRIPTS",""
"","3","LET-SUPERPOSE-IF-CASE.01","","Wed Nov 06 17:25:50 GMT 2024","passed","Wed Nov 06 17:25:50 GMT 2024","","METTA-MORPH-TESTS","METTA-MORPH-TESTS",""
"","1","D4-TYPE-PROP.14","","Wed Nov 06 17:44:50 GMT 2024","passed","Wed Nov 06 17:44:50 GMT 2024","","QUICK","QUICK",""
"","2","F1-IMPORTS.03","","Wed Nov 06 17:18:04 GMT 2024","passed","Wed Nov 06 17:18:04 GMT 2024","","HYPERON-EXPERIMENTAL-SCRIPTS","HYPERON-EXPERIMENTAL-SCRIPTS",""
"","2","CONSOLE-OUTPUT-AND-DEBUGGING---METTA-LANGUAGE2.04","","Wed Nov 06 17:28:45 GMT 2024","passed","Wed Nov 06 17:28:45 GMT 2024","","METTA-LANG","METTA-LANG",""
"","5","OR-TEST.14","","Wed Nov 06 17:20:33 GMT 2024","passed","Wed Nov 06 17:20:33 GMT 2024","","HYPERON-METTALOG-SANITY","HYPERON-METTALOG-SANITY",""
"","3","CONTROL-FLOW---METTA-LANGUAGE8.01","","Wed Nov 06 17:28:45 GMT 2024","passed","Wed Nov 06 17:28:45 GMT 2024","","METTA-LANG","METTA-LANG",""
"","2","C2-SPACES.04","","Wed Nov 06 17:13:52 GMT 2024","passed","Wed Nov 06 17:13:52 GMT 2024","","MODULE-SYSTEM","MODULE-SYSTEM",""
"","3","BASIC-EVALUATION---METTA-LANGUAGE11.01","","Wed Nov 06 17:28:45 GMT 2024","passed","Wed Nov 06 17:28:45 GMT 2024","","METTA-LANG","METTA-LANG",""
"","104","WORKING-WITH-SPACES---METTA-LANGUAGE8.02","","Wed Nov 06 17:28:45 GMT 2024","failed","Wed Nov 06 17:28:45 GMT 2024","","METTA-LANG","METTA-LANG",""
"","2","RECURSION-AND-CONTROL---METTA-LANGUAGE7.04","","Wed Nov 06 17:28:45 GMT 2024","passed","Wed Nov 06 17:28:45 GMT 2024","","METTA-LANG","METTA-LANG",""
"","15","MATCH-VOID.11","","Wed Nov 06 17:25:50 GMT 2024","passed","Wed Nov 06 17:25:50 GMT 2024","","METTA-MORPH-TESTS","METTA-MORPH-TESTS",""
"","1","WORKING-WITH-SPACES---METTA-LANGUAGE3.04","","Wed Nov 06 17:28:45 GMT 2024","passed","Wed Nov 06 17:28:45 GMT 2024","","METTA-LANG","METTA-LANG",""
"","93","B4-NONDETERM.01","","Wed Nov 06 17:18:04 GMT 2024","passed","Wed Nov 06 17:18:04 GMT 2024","","HYPERON-EXPERIMENTAL-SCRIPTS","HYPERON-EXPERIMENTAL-SCRIPTS",""
"","2","STRING-TESTS.07","","Wed Nov 06 17:20:33 GMT 2024","passed","Wed Nov 06 17:20:33 GMT 2024","","HYPERON-METTALOG-SANITY","HYPERON-METTALOG-SANITY",""
"","3","MINNARS.01","","Wed Nov 06 17:25:50 GMT 2024","passed","Wed Nov 06 17:25:50 GMT 2024","","METTA-MORPH-TESTS","METTA-MORPH-TESTS",""
"","2","B0-CHAINING-PRELIM.05","","Wed Nov 06 17:18:04 GMT 2024","passed","Wed Nov 06 17:18:04 GMT 2024","","HYPERON-EXPERIMENTAL-SCRIPTS","HYPERON-EXPERIMENTAL-SCRIPTS",""
"","2","FUNCTIONS-AND-UNIFICATION---METTA-LANGUAGE4.02","","Wed Nov 06 17:28:45 GMT 2024","passed","Wed Nov 06 17:28:45 GMT 2024","","METTA-LANG","METTA-LANG",""
"","2","FUNCTIONS-AND-UNIFICATION---METTA-LANGUAGE2.03","","Wed Nov 06 17:28:45 GMT 2024","passed","Wed Nov 06 17:28:45 GMT 2024","","METTA-LANG","METTA-LANG",""
"","12","CONTROLLING-PATTERN-MATCHING---METTA-LANGUAGE6.01","","Wed Nov 06 17:28:45 GMT 2024","failed","Wed Nov 06 17:28:45 GMT 2024","","METTA-LANG","METTA-LANG",""
"","46","BASIC-EVALUATION---METTA-LANGUAGE13.01","","Wed Nov 06 17:28:45 GMT 2024","passed","Wed Nov 06 17:28:45 GMT 2024","","METTA-LANG","METTA-LANG",""
"","3","BC-COMP.01","","Wed Nov 06 17:14:06 GMT 2024","passed","Wed Nov 06 17:14:06 GMT 2024","","ANTI-REGRESSION","ANTI-REGRESSION",""
"","9","WORKING-WITH-SPACES---METTA-LANGUAGE11.02","","Wed Nov 06 17:28:45 GMT 2024","failed","Wed Nov 06 17:28:45 GMT 2024","","METTA-LANG","METTA-LANG",""
"","3","QUERYING-SPACE-CONTENT---METTA-LANGUAGE2.01","","Wed Nov 06 17:28:45 GMT 2024","passed","Wed Nov 06 17:28:45 GMT 2024","","METTA-LANG","METTA-LANG",""
"","3","B3-DIRECT.03","","Wed Nov 06 17:18:04 GMT 2024","passed","Wed Nov 06 17:18:04 GMT 2024","","HYPERON-EXPERIMENTAL-SCRIPTS","HYPERON-EXPERIMENTAL-SCRIPTS",""
"","3","FACTORIAL.02","","Wed Nov 06 17:25:50 GMT 2024","passed","Wed Nov 06 17:25:50 GMT 2024","","METTA-MORPH-TESTS","METTA-MORPH-TESTS",""
"","6000","metta_lang.Recursion_and_control___MeTTa_Language3","","Wed Nov 06 17:13:59 GMT 2024","passed","Wed Nov 06 17:14:05 GMT 2024","","WHOLE-TESTS","WHOLE-TESTS",""
"","3","LET-SUPERPOSE-IF-CASE.02","","Wed Nov 06 17:25:50 GMT 2024","passed","Wed Nov 06 17:25:50 GMT 2024","","METTA-MORPH-TESTS","METTA-MORPH-TESTS",""
"","6000","metta-morph_tests.and_or","","Wed Nov 06 17:13:59 GMT 2024","passed","Wed Nov 06 17:14:05 GMT 2024","","WHOLE-TESTS","WHOLE-TESTS",""
"","2","STRING-TESTS.13","","Wed Nov 06 17:20:33 GMT 2024","passed","Wed Nov 06 17:20:33 GMT 2024","","HYPERON-METTALOG-SANITY","HYPERON-METTALOG-SANITY",""
"","2","HANDLING-NONDETERMINISTIC-RESULTS---METTA-LANGUAGE8.07","","Wed Nov 06 17:28:45 GMT 2024","passed","Wed Nov 06 17:28:45 GMT 2024","","METTA-LANG","METTA-LANG",""
"","4","E2-STATES.02","","Wed Nov 06 17:18:04 GMT 2024","passed","Wed Nov 06 17:18:04 GMT 2024","","HYPERON-EXPERIMENTAL-SCRIPTS","HYPERON-EXPERIMENTAL-SCRIPTS",""
"","2","F1-IMPORTS.15","","Wed Nov 06 17:18:04 GMT 2024","passed","Wed Nov 06 17:18:04 GMT 2024","","HYPERON-EXPERIMENTAL-SCRIPTS","HYPERON-EXPERIMENTAL-SCRIPTS",""
"","18","CONCRETE-TYPES---METTA-LANGUAGE2.01","","Wed Nov 06 17:28:45 GMT 2024","failed","Wed Nov 06 17:28:45 GMT 2024","","METTA-LANG","METTA-LANG",""
"","2","FIND-ALL-TESTS.04","","Wed Nov 06 17:20:33 GMT 2024","passed","Wed Nov 06 17:20:33 GMT 2024","","HYPERON-METTALOG-SANITY","HYPERON-METTALOG-SANITY",""
"","2","F1-IMPORTS.13","","Wed Nov 06 17:13:52 GMT 2024","passed","Wed Nov 06 17:13:52 GMT 2024","","MODULE-SYSTEM","MODULE-SYSTEM",""
"","3","STRING-TESTS.01","","Wed Nov 06 17:20:33 GMT 2024","passed","Wed Nov 06 17:20:33 GMT 2024","","HYPERON-METTALOG-SANITY","HYPERON-METTALOG-SANITY",""
"","6000","metta-morph_tests.states_spaces","","Wed Nov 06 17:13:59 GMT 2024","passed","Wed Nov 06 17:14:05 GMT 2024","","WHOLE-TESTS","WHOLE-TESTS",""
"","72","B5-TYPES-PRELIM.02","","Wed Nov 06 17:18:04 GMT 2024","failed","Wed Nov 06 17:18:04 GMT 2024","","HYPERON-EXPERIMENTAL-SCRIPTS","HYPERON-EXPERIMENTAL-SCRIPTS",""
"","120","WORKING-WITH-SPACES---METTA-LANGUAGE10.03","","Wed Nov 06 17:28:45 GMT 2024","failed","Wed Nov 06 17:28:45 GMT 2024","","METTA-LANG","METTA-LANG",""
"","6000","metta_lang.Concrete_types___MeTTa_Language2","","Wed Nov 06 17:13:59 GMT 2024","passed","Wed Nov 06 17:14:05 GMT 2024","","WHOLE-TESTS","WHOLE-TESTS",""
"","7000","metta_lang.Basic_evaluation___MeTTa_Language14","","Wed Nov 06 17:13:59 GMT 2024","passed","Wed Nov 06 17:14:06 GMT 2024","","WHOLE-TESTS","WHOLE-TESTS",""
"","3","OPERATIONS-OVER-ATOMS---METTA-LANGUAGE8.02","","Wed Nov 06 17:28:45 GMT 2024","passed","Wed Nov 06 17:28:45 GMT 2024","","METTA-LANG","METTA-LANG",""
"","3","TMPMATCH2.01","","Wed Nov 06 17:14:06 GMT 2024","passed","Wed Nov 06 17:14:06 GMT 2024","","ANTI-REGRESSION","ANTI-REGRESSION",""
"","7000","metta_lang.Console_output_and_debugging___MeTTa_Language2","","Wed Nov 06 17:13:59 GMT 2024","passed","Wed Nov 06 17:14:06 GMT 2024","","WHOLE-TESTS","WHOLE-TESTS",""
"","2","INTERSECTION-TESTS.02","","Wed Nov 06 17:20:33 GMT 2024","passed","Wed Nov 06 17:20:33 GMT 2024","","HYPERON-METTALOG-SANITY","HYPERON-METTALOG-SANITY",""
"","1","B0-CHAINING-PRELIM.03","","Wed Nov 06 17:18:04 GMT 2024","passed","Wed Nov 06 17:18:04 GMT 2024","","HYPERON-EXPERIMENTAL-SCRIPTS","HYPERON-EXPERIMENTAL-SCRIPTS",""
"","7000","metta-morph_tests.multifunction","","Wed Nov 06 17:13:59 GMT 2024","passed","Wed Nov 06 17:14:06 GMT 2024","","WHOLE-TESTS","WHOLE-TESTS",""
"","6000","metta_lang.Handling_nondeterministic_results___MeTTa_Language1","","Wed Nov 06 17:13:59 GMT 2024","passed","Wed Nov 06 17:14:05 GMT 2024","","WHOLE-TESTS","WHOLE-TESTS",""
"","49","METATYPES---METTA-LANGUAGE2.04","","Wed Nov 06 17:28:45 GMT 2024","failed","Wed Nov 06 17:28:45 GMT 2024","","METTA-LANG","METTA-LANG",""
"","4","WORKING-WITH-SPACES---METTA-LANGUAGE7.01","","Wed Nov 06 17:28:45 GMT 2024","passed","Wed Nov 06 17:28:45 GMT 2024","","METTA-LANG","METTA-LANG",""
"","4","OPERATIONS-OVER-ATOMS---METTA-LANGUAGE9.02","","Wed Nov 06 17:28:45 GMT 2024","passed","Wed Nov 06 17:28:45 GMT 2024","","METTA-LANG","METTA-LANG",""
"","11","METATYPES---METTA-LANGUAGE2.06","","Wed Nov 06 17:28:45 GMT 2024","failed","Wed Nov 06 17:28:45 GMT 2024","","METTA-LANG","METTA-LANG",""
"","68","D2-HIGHERFUNC.07","","Wed Nov 06 17:18:04 GMT 2024","failed","Wed Nov 06 17:18:04 GMT 2024","","HYPERON-EXPERIMENTAL-SCRIPTS","HYPERON-EXPERIMENTAL-SCRIPTS",""
"","2","HANDLING-NONDETERMINISTIC-RESULTS---METTA-LANGUAGE5.03","","Wed Nov 06 17:28:45 GMT 2024","passed","Wed Nov 06 17:28:45 GMT 2024","","METTA-LANG","METTA-LANG",""
