"DESCRIPTION","DURATION IN MS","NAME","PARENT SUITE","START TIME","STATUS","STOP TIME","SUB SUITE","SUITE","TEST CLASS","TEST METHOD"
"","107","SPACE-INTERSECTION-TESTS.09","","Tue Dec 24 09:52:48 GMT 2024","failed","Tue Dec 24 09:52:48 GMT 2024","","HYPERON-METTALOG-SANITY","HYPERON-METTALOG-SANITY",""
"","3","BCHAIN.04","","Tue Dec 24 09:45:56 GMT 2024","passed","Tue Dec 24 09:45:56 GMT 2024","","ANTI-REGRESSION","ANTI-REGRESSION",""
"","2","OR-TEST.12","","Tue Dec 24 09:52:48 GMT 2024","passed","Tue Dec 24 09:52:48 GMT 2024","","HYPERON-METTALOG-SANITY","HYPERON-METTALOG-SANITY",""
"","2","B5-TYPES-PRELIM.05","","Tue Dec 24 09:50:04 GMT 2024","passed","Tue Dec 24 09:50:04 GMT 2024","","HYPERON-EXPERIMENTAL-SCRIPTS","HYPERON-EXPERIMENTAL-SCRIPTS",""
"","4","OR-TEST.07","","Tue Dec 24 09:52:48 GMT 2024","passed","Tue Dec 24 09:52:48 GMT 2024","","HYPERON-METTALOG-SANITY","HYPERON-METTALOG-SANITY",""
"","2","C1-GROUNDED-BASIC.01","","Tue Dec 24 10:18:34 GMT 2024","passed","Tue Dec 24 10:18:34 GMT 2024","","QUICK","QUICK",""
"","14","D1-GADT.05","","Tue Dec 24 10:18:34 GMT 2024","passed","Tue Dec 24 10:18:34 GMT 2024","","QUICK","QUICK",""
"","2","D2-HIGHERFUNC.14","","Tue Dec 24 10:18:34 GMT 2024","passed","Tue Dec 24 10:18:34 GMT 2024","","QUICK","QUICK",""
"","2","FIND-ALL-TESTS.03","","Tue Dec 24 09:52:48 GMT 2024","passed","Tue Dec 24 09:52:48 GMT 2024","","HYPERON-METTALOG-SANITY","HYPERON-METTALOG-SANITY",""
"","3","D2-HIGHERFUNC.26","","Tue Dec 24 10:18:34 GMT 2024","passed","Tue Dec 24 10:18:34 GMT 2024","","QUICK","QUICK",""
"","3","FUNCTIONS-AND-UNIFICATION---METTA-LANGUAGE2.03","","Tue Dec 24 10:01:32 GMT 2024","passed","Tue Dec 24 10:01:32 GMT 2024","","METTA-LANG","METTA-LANG",""
"","81","HANDLING-NONDETERMINISTIC-RESULTS---METTA-LANGUAGE3.01","","Tue Dec 24 10:01:32 GMT 2024","passed","Tue Dec 24 10:01:32 GMT 2024","","METTA-LANG","METTA-LANG",""
"","2","CONCRETE-TYPES---METTA-LANGUAGE1.04","","Tue Dec 24 10:01:32 GMT 2024","passed","Tue Dec 24 10:01:32 GMT 2024","","METTA-LANG","METTA-LANG",""
"","7000","metta_lang.Metatypes___MeTTa_Language8","","Tue Dec 24 09:45:50 GMT 2024","passed","Tue Dec 24 09:45:57 GMT 2024","","WHOLE-TESTS","WHOLE-TESTS",""
"","7000","metta_lang.Controlling_pattern_matching___MeTTa_Language5","","Tue Dec 24 09:45:50 GMT 2024","passed","Tue Dec 24 09:45:57 GMT 2024","","WHOLE-TESTS","WHOLE-TESTS",""
"","2","FREE-VARIABLES-AND-NONDETERMINISM-AGAIN,-RECURSIVELY---METTA-LANGUAGE1.04","","Tue Dec 24 10:01:32 GMT 2024","passed","Tue Dec 24 10:01:32 GMT 2024","","METTA-LANG","METTA-LANG",""
"","2","XOR-TEST.08","","Tue Dec 24 09:52:48 GMT 2024","passed","Tue Dec 24 09:52:48 GMT 2024","","HYPERON-METTALOG-SANITY","HYPERON-METTALOG-SANITY",""
"","3","TYPES.01","","Tue Dec 24 09:58:21 GMT 2024","passed","Tue Dec 24 09:58:21 GMT 2024","","METTA-MORPH-TESTS","METTA-MORPH-TESTS",""
"","1","B1-EQUAL-CHAIN.06","","Tue Dec 24 09:50:04 GMT 2024","passed","Tue Dec 24 09:50:04 GMT 2024","","HYPERON-EXPERIMENTAL-SCRIPTS","HYPERON-EXPERIMENTAL-SCRIPTS",""
"","2","SEQUENTIAL-NESTED.02","","Tue Dec 24 09:58:21 GMT 2024","passed","Tue Dec 24 09:58:21 GMT 2024","","METTA-MORPH-TESTS","METTA-MORPH-TESTS",""
"","2","06-MATCH-IN-SPACE.03","","Tue Dec 24 09:52:48 GMT 2024","passed","Tue Dec 24 09:52:48 GMT 2024","","HYPERON-METTALOG-SANITY","HYPERON-METTALOG-SANITY",""
"","77","FUNCTIONAL-PROGRAMMING-TESTS.08","","Tue Dec 24 09:52:48 GMT 2024","failed","Tue Dec 24 09:52:48 GMT 2024","","HYPERON-METTALOG-SANITY","HYPERON-METTALOG-SANITY",""
"","7000","hyperon-experimental_scripts.g1_docs","","Tue Dec 24 09:45:50 GMT 2024","passed","Tue Dec 24 09:45:57 GMT 2024","","WHOLE-TESTS","WHOLE-TESTS",""
"","7000","metta_lang.Operations_over_atoms___MeTTa_Language9","","Tue Dec 24 09:45:50 GMT 2024","passed","Tue Dec 24 09:45:57 GMT 2024","","WHOLE-TESTS","WHOLE-TESTS",""
"","1","TMPMATCH1.03","","Tue Dec 24 09:45:56 GMT 2024","passed","Tue Dec 24 09:45:56 GMT 2024","","ANTI-REGRESSION","ANTI-REGRESSION",""
"","3","C2-SPACES.01","","Tue Dec 24 09:45:43 GMT 2024","passed","Tue Dec 24 09:45:43 GMT 2024","","MODULE-SYSTEM","MODULE-SYSTEM",""
"","1","WORKING-WITH-SPACES---METTA-LANGUAGE6.02","","Tue Dec 24 10:01:32 GMT 2024","passed","Tue Dec 24 10:01:32 GMT 2024","","METTA-LANG","METTA-LANG",""
"","13","CONCRETE-TYPES---METTA-LANGUAGE6.01","","Tue Dec 24 10:01:32 GMT 2024","failed","Tue Dec 24 10:01:32 GMT 2024","","METTA-LANG","METTA-LANG",""
"","2","HANDLING-NONDETERMINISTIC-RESULTS---METTA-LANGUAGE5.04","","Tue Dec 24 10:01:32 GMT 2024","passed","Tue Dec 24 10:01:32 GMT 2024","","METTA-LANG","METTA-LANG",""
"","2","CONTROL-FLOW---METTA-LANGUAGE15.02","","Tue Dec 24 10:01:32 GMT 2024","passed","Tue Dec 24 10:01:32 GMT 2024","","METTA-LANG","METTA-LANG",""
"","3","TYPES3.01","","Tue Dec 24 09:58:21 GMT 2024","passed","Tue Dec 24 09:58:21 GMT 2024","","METTA-MORPH-TESTS","METTA-MORPH-TESTS",""
"","2","CONTROL-FLOW---METTA-LANGUAGE15.03","","Tue Dec 24 10:01:32 GMT 2024","passed","Tue Dec 24 10:01:32 GMT 2024","","METTA-LANG","METTA-LANG",""
"","2","HYPERPOSE.10","","Tue Dec 24 09:58:21 GMT 2024","passed","Tue Dec 24 09:58:21 GMT 2024","","METTA-MORPH-TESTS","METTA-MORPH-TESTS",""
"","2","STRING-TESTS.10","","Tue Dec 24 09:52:48 GMT 2024","passed","Tue Dec 24 09:52:48 GMT 2024","","HYPERON-METTALOG-SANITY","HYPERON-METTALOG-SANITY",""
"","2","F1-MODULEA.03","","Tue Dec 24 09:45:43 GMT 2024","passed","Tue Dec 24 09:45:43 GMT 2024","","MODULE-SYSTEM","MODULE-SYSTEM",""
"","5","OR-TEST.01","","Tue Dec 24 09:52:48 GMT 2024","passed","Tue Dec 24 09:52:48 GMT 2024","","HYPERON-METTALOG-SANITY","HYPERON-METTALOG-SANITY",""
"","7000","hyperon-experimental_scripts.a1_symbols","","Tue Dec 24 09:45:50 GMT 2024","passed","Tue Dec 24 09:45:57 GMT 2024","","WHOLE-TESTS","WHOLE-TESTS",""
"","3","WORKING-WITH-SPACES---METTA-LANGUAGE2.03","","Tue Dec 24 10:01:32 GMT 2024","passed","Tue Dec 24 10:01:32 GMT 2024","","METTA-LANG","METTA-LANG",""
"","2","BASIC-EVALUATION---METTA-LANGUAGE3.02","","Tue Dec 24 10:01:32 GMT 2024","passed","Tue Dec 24 10:01:32 GMT 2024","","METTA-LANG","METTA-LANG",""
"","2","D1-GADT.14","","Tue Dec 24 09:50:04 GMT 2024","passed","Tue Dec 24 09:50:04 GMT 2024","","HYPERON-EXPERIMENTAL-SCRIPTS","HYPERON-EXPERIMENTAL-SCRIPTS",""
"","2","STRING-TESTS.15","","Tue Dec 24 09:52:48 GMT 2024","passed","Tue Dec 24 09:52:48 GMT 2024","","HYPERON-METTALOG-SANITY","HYPERON-METTALOG-SANITY",""
"","3","D2-HIGHERFUNC.17","","Tue Dec 24 09:50:04 GMT 2024","passed","Tue Dec 24 09:50:04 GMT 2024","","HYPERON-EXPERIMENTAL-SCRIPTS","HYPERON-EXPERIMENTAL-SCRIPTS",""
"","3","C3-PLN-STV.05","","Tue Dec 24 09:50:04 GMT 2024","passed","Tue Dec 24 09:50:04 GMT 2024","","HYPERON-EXPERIMENTAL-SCRIPTS","HYPERON-EXPERIMENTAL-SCRIPTS",""
"","7000","metta_lang.Console_output_and_debugging___MeTTa_Language4","","Tue Dec 24 09:45:50 GMT 2024","passed","Tue Dec 24 09:45:57 GMT 2024","","WHOLE-TESTS","WHOLE-TESTS",""
"","3","RECURSION-AND-CONTROL---METTA-LANGUAGE8.04","","Tue Dec 24 10:01:32 GMT 2024","passed","Tue Dec 24 10:01:32 GMT 2024","","METTA-LANG","METTA-LANG",""
"","93","BASIC-EVALUATION---METTA-LANGUAGE15.03","","Tue Dec 24 10:01:32 GMT 2024","passed","Tue Dec 24 10:01:32 GMT 2024","","METTA-LANG","METTA-LANG",""
"","29000","anti-regression.system_proofTestCurried","","Tue Dec 24 09:45:50 GMT 2024","passed","Tue Dec 24 09:46:19 GMT 2024","","WHOLE-TESTS","WHOLE-TESTS",""
"","7000","metta_lang.Functions_and_unification___MeTTa_Language2","","Tue Dec 24 09:45:50 GMT 2024","passed","Tue Dec 24 09:45:57 GMT 2024","","WHOLE-TESTS","WHOLE-TESTS",""
"","2","D4-TYPE-PROP.15","","Tue Dec 24 09:50:04 GMT 2024","passed","Tue Dec 24 09:50:04 GMT 2024","","HYPERON-EXPERIMENTAL-SCRIPTS","HYPERON-EXPERIMENTAL-SCRIPTS",""
"","155","SPACE-SUBTRACTION-TESTS.08","","Tue Dec 24 09:52:48 GMT 2024","passed","Tue Dec 24 09:52:48 GMT 2024","","HYPERON-METTALOG-SANITY","HYPERON-METTALOG-SANITY",""
"","50","BASIC-GROUNDED-FUNCTIONS---METTA-LANGUAGE1.04","","Tue Dec 24 10:01:32 GMT 2024","passed","Tue Dec 24 10:01:32 GMT 2024","","METTA-LANG","METTA-LANG",""
"","2","OPERATIONS-OVER-ATOMS---METTA-LANGUAGE1.04","","Tue Dec 24 10:01:32 GMT 2024","passed","Tue Dec 24 10:01:32 GMT 2024","","METTA-LANG","METTA-LANG",""
"","8000","hyperon-mettalog_sanity.space_intersection_tests","","Tue Dec 24 09:45:50 GMT 2024","passed","Tue Dec 24 09:45:58 GMT 2024","","WHOLE-TESTS","WHOLE-TESTS",""
"","6000","metta_lang.Handling_nondeterministic_results___MeTTa_Language4","","Tue Dec 24 09:45:50 GMT 2024","passed","Tue Dec 24 09:45:56 GMT 2024","","WHOLE-TESTS","WHOLE-TESTS",""
"","3","INTERSECTION-TESTS.27","","Tue Dec 24 09:52:48 GMT 2024","passed","Tue Dec 24 09:52:48 GMT 2024","","HYPERON-METTALOG-SANITY","HYPERON-METTALOG-SANITY",""
"","3","02-CURRIED-PLUS.01","","Tue Dec 24 09:52:48 GMT 2024","passed","Tue Dec 24 09:52:48 GMT 2024","","HYPERON-METTALOG-SANITY","HYPERON-METTALOG-SANITY",""
"","56","E2-STATES.08","","Tue Dec 24 09:50:04 GMT 2024","failed","Tue Dec 24 09:50:04 GMT 2024","","HYPERON-EXPERIMENTAL-SCRIPTS","HYPERON-EXPERIMENTAL-SCRIPTS",""
"","2","BASIC-GROUNDED-FUNCTIONS---METTA-LANGUAGE6.03","","Tue Dec 24 10:01:32 GMT 2024","passed","Tue Dec 24 10:01:32 GMT 2024","","METTA-LANG","METTA-LANG",""
"","7000","anti-regression.bchain_comp","","Tue Dec 24 09:45:50 GMT 2024","passed","Tue Dec 24 09:45:57 GMT 2024","","WHOLE-TESTS","WHOLE-TESTS",""
"","3","FUNCTIONS-AND-UNIFICATION---METTA-LANGUAGE2.01","","Tue Dec 24 10:01:32 GMT 2024","passed","Tue Dec 24 10:01:32 GMT 2024","","METTA-LANG","METTA-LANG",""
"","3","FIRST-ANSWER.01","","Tue Dec 24 09:52:48 GMT 2024","passed","Tue Dec 24 09:52:48 GMT 2024","","HYPERON-METTALOG-SANITY","HYPERON-METTALOG-SANITY",""
"","3","CONTROLLING-PATTERN-MATCHING---METTA-LANGUAGE8.01","","Tue Dec 24 10:01:32 GMT 2024","passed","Tue Dec 24 10:01:32 GMT 2024","","METTA-LANG","METTA-LANG",""
"","2","SUBTRACTION-TEST.02","","Tue Dec 24 09:52:48 GMT 2024","passed","Tue Dec 24 09:52:48 GMT 2024","","HYPERON-METTALOG-SANITY","HYPERON-METTALOG-SANITY",""
"","6000","metta_lang.Basic_grounded_functions___MeTTa_Language5","","Tue Dec 24 09:45:50 GMT 2024","passed","Tue Dec 24 09:45:56 GMT 2024","","WHOLE-TESTS","WHOLE-TESTS",""
"","1","HYPERPOSE.06","","Tue Dec 24 09:58:21 GMT 2024","passed","Tue Dec 24 09:58:21 GMT 2024","","METTA-MORPH-TESTS","METTA-MORPH-TESTS",""
"","4","FREE-VARIABLES-AND-NONDETERMINISM-AGAIN,-RECURSIVELY---METTA-LANGUAGE4.01","","Tue Dec 24 10:01:32 GMT 2024","passed","Tue Dec 24 10:01:32 GMT 2024","","METTA-LANG","METTA-LANG",""
"","2","ZEROARGS.01","","Tue Dec 24 09:58:21 GMT 2024","passed","Tue Dec 24 09:58:21 GMT 2024","","METTA-MORPH-TESTS","METTA-MORPH-TESTS",""
"","4","RECURSIVE-AND-PARAMETRIC-TYPES---METTA-LANGUAGE4.01","","Tue Dec 24 10:01:32 GMT 2024","passed","Tue Dec 24 10:01:32 GMT 2024","","METTA-LANG","METTA-LANG",""
"","2","F1-IMPORTS.14","","Tue Dec 24 09:50:04 GMT 2024","passed","Tue Dec 24 09:50:04 GMT 2024","","HYPERON-EXPERIMENTAL-SCRIPTS","HYPERON-EXPERIMENTAL-SCRIPTS",""
"","2","F1-IMPORTS.15","","Tue Dec 24 09:45:43 GMT 2024","passed","Tue Dec 24 09:45:43 GMT 2024","","MODULE-SYSTEM","MODULE-SYSTEM",""
"","15","00-LANG-CASE.12","","Tue Dec 24 09:52:48 GMT 2024","passed","Tue Dec 24 09:52:48 GMT 2024","","HYPERON-METTALOG-SANITY","HYPERON-METTALOG-SANITY",""
"","3","E3-MATCH-STATES.01","","Tue Dec 24 09:50:04 GMT 2024","passed","Tue Dec 24 09:50:04 GMT 2024","","HYPERON-EXPERIMENTAL-SCRIPTS","HYPERON-EXPERIMENTAL-SCRIPTS",""
"","3","BC-COMP.05","","Tue Dec 24 09:45:56 GMT 2024","passed","Tue Dec 24 09:45:56 GMT 2024","","ANTI-REGRESSION","ANTI-REGRESSION",""
"","2","F1-IMPORTS.06","","Tue Dec 24 09:50:04 GMT 2024","passed","Tue Dec 24 09:50:04 GMT 2024","","HYPERON-EXPERIMENTAL-SCRIPTS","HYPERON-EXPERIMENTAL-SCRIPTS",""
"","7000","metta_lang.Control_flow___MeTTa_Language7","","Tue Dec 24 09:45:50 GMT 2024","passed","Tue Dec 24 09:45:57 GMT 2024","","WHOLE-TESTS","WHOLE-TESTS",""
"","45","STRUCTURE-TESTS.01","","Tue Dec 24 09:52:48 GMT 2024","passed","Tue Dec 24 09:52:48 GMT 2024","","HYPERON-METTALOG-SANITY","HYPERON-METTALOG-SANITY",""
"","1","SPACE-INTERSECTION-TESTS.02","","Tue Dec 24 09:52:48 GMT 2024","passed","Tue Dec 24 09:52:48 GMT 2024","","HYPERON-METTALOG-SANITY","HYPERON-METTALOG-SANITY",""
"","114","SPACE-INTERSECTION-TESTS.17","","Tue Dec 24 09:52:48 GMT 2024","failed","Tue Dec 24 09:52:48 GMT 2024","","HYPERON-METTALOG-SANITY","HYPERON-METTALOG-SANITY",""
"","2","F1-MODULEA.09","","Tue Dec 24 09:50:04 GMT 2024","passed","Tue Dec 24 09:50:04 GMT 2024","","HYPERON-EXPERIMENTAL-SCRIPTS","HYPERON-EXPERIMENTAL-SCRIPTS",""
"","3","C1-GROUNDED-BASIC.06","","Tue Dec 24 10:18:34 GMT 2024","passed","Tue Dec 24 10:18:34 GMT 2024","","QUICK","QUICK",""
"","79","INTERSECTION-TESTS.06","","Tue Dec 24 09:52:48 GMT 2024","passed","Tue Dec 24 09:52:48 GMT 2024","","HYPERON-METTALOG-SANITY","HYPERON-METTALOG-SANITY",""
"","2","FUNCTIONS-AND-UNIFICATION---METTA-LANGUAGE4.02","","Tue Dec 24 10:01:32 GMT 2024","passed","Tue Dec 24 10:01:32 GMT 2024","","METTA-LANG","METTA-LANG",""
"","7000","metta_lang.Working_with_spaces___MeTTa_Language11","","Tue Dec 24 09:45:50 GMT 2024","passed","Tue Dec 24 09:45:57 GMT 2024","","WHOLE-TESTS","WHOLE-TESTS",""
"","2","D4-TYPE-PROP.17","","Tue Dec 24 09:50:04 GMT 2024","passed","Tue Dec 24 09:50:04 GMT 2024","","HYPERON-EXPERIMENTAL-SCRIPTS","HYPERON-EXPERIMENTAL-SCRIPTS",""
"","2","MATCH-VOID.08","","Tue Dec 24 09:58:21 GMT 2024","passed","Tue Dec 24 09:58:21 GMT 2024","","METTA-MORPH-TESTS","METTA-MORPH-TESTS",""
"","62","BASIC-EVALUATION---METTA-LANGUAGE10.01","","Tue Dec 24 10:01:32 GMT 2024","passed","Tue Dec 24 10:01:32 GMT 2024","","METTA-LANG","METTA-LANG",""
"","2","BASIC-GROUNDED-FUNCTIONS---METTA-LANGUAGE7.02","","Tue Dec 24 10:01:32 GMT 2024","passed","Tue Dec 24 10:01:32 GMT 2024","","METTA-LANG","METTA-LANG",""
"","7000","hyperon-mettalog_sanity.string-tests","","Tue Dec 24 09:45:50 GMT 2024","passed","Tue Dec 24 09:45:57 GMT 2024","","WHOLE-TESTS","WHOLE-TESTS",""
"","7000","metta_lang.Metatypes___MeTTa_Language6","","Tue Dec 24 09:45:50 GMT 2024","passed","Tue Dec 24 09:45:57 GMT 2024","","WHOLE-TESTS","WHOLE-TESTS",""
"","3","METATYPES---METTA-LANGUAGE8.03","","Tue Dec 24 10:01:32 GMT 2024","passed","Tue Dec 24 10:01:32 GMT 2024","","METTA-LANG","METTA-LANG",""
"","2","FUNCTIONS-AND-UNIFICATION---METTA-LANGUAGE7.05","","Tue Dec 24 10:01:32 GMT 2024","passed","Tue Dec 24 10:01:32 GMT 2024","","METTA-LANG","METTA-LANG",""
"","3","MAX-TIME-TESTS.01","","Tue Dec 24 09:52:48 GMT 2024","passed","Tue Dec 24 09:52:48 GMT 2024","","HYPERON-METTALOG-SANITY","HYPERON-METTALOG-SANITY",""
"","2","CONTROL-FLOW---METTA-LANGUAGE14.01","","Tue Dec 24 10:01:32 GMT 2024","passed","Tue Dec 24 10:01:32 GMT 2024","","METTA-LANG","METTA-LANG",""
"","137","B5-TYPES-PRELIM.08","","Tue Dec 24 09:50:04 GMT 2024","failed","Tue Dec 24 09:50:04 GMT 2024","","HYPERON-EXPERIMENTAL-SCRIPTS","HYPERON-EXPERIMENTAL-SCRIPTS",""
"","7000","metta_lang.Controlling_pattern_matching___MeTTa_Language4","","Tue Dec 24 09:45:50 GMT 2024","passed","Tue Dec 24 09:45:57 GMT 2024","","WHOLE-TESTS","WHOLE-TESTS",""
"","2","BASIC-EVALUATION---METTA-LANGUAGE1.01","","Tue Dec 24 10:01:32 GMT 2024","passed","Tue Dec 24 10:01:32 GMT 2024","","METTA-LANG","METTA-LANG",""
"","3","RECURSION-AND-CONTROL---METTA-LANGUAGE3.05","","Tue Dec 24 10:01:32 GMT 2024","passed","Tue Dec 24 10:01:32 GMT 2024","","METTA-LANG","METTA-LANG",""
"","2","CATCH-THROW-TESTS.03","","Tue Dec 24 09:52:48 GMT 2024","passed","Tue Dec 24 09:52:48 GMT 2024","","HYPERON-METTALOG-SANITY","HYPERON-METTALOG-SANITY",""
"","2","FREE-VARIABLES-AND-NONDETERMINISM-AGAIN,-RECURSIVELY---METTA-LANGUAGE1.03","","Tue Dec 24 10:01:32 GMT 2024","passed","Tue Dec 24 10:01:32 GMT 2024","","METTA-LANG","METTA-LANG",""
"","3","B1-EQUAL-CHAIN.04","","Tue Dec 24 09:50:04 GMT 2024","passed","Tue Dec 24 09:50:04 GMT 2024","","HYPERON-EXPERIMENTAL-SCRIPTS","HYPERON-EXPERIMENTAL-SCRIPTS",""
"","66","F1-IMPORTS.18","","Tue Dec 24 10:18:34 GMT 2024","passed","Tue Dec 24 10:18:34 GMT 2024","","QUICK","QUICK",""
"","2","HANDLING-NONDETERMINISTIC-RESULTS---METTA-LANGUAGE5.02","","Tue Dec 24 10:01:32 GMT 2024","passed","Tue Dec 24 10:01:32 GMT 2024","","METTA-LANG","METTA-LANG",""
"","1","C1-GROUNDED-BASIC.12","","Tue Dec 24 10:18:34 GMT 2024","passed","Tue Dec 24 10:18:34 GMT 2024","","QUICK","QUICK",""
"","2","D4-TYPE-PROP.12","","Tue Dec 24 10:18:34 GMT 2024","passed","Tue Dec 24 10:18:34 GMT 2024","","QUICK","QUICK",""
"","3","RECURSION-AND-CONTROL---METTA-LANGUAGE9.04","","Tue Dec 24 10:01:32 GMT 2024","passed","Tue Dec 24 10:01:32 GMT 2024","","METTA-LANG","METTA-LANG",""
"","107","WORKING-WITH-SPACES---METTA-LANGUAGE2.01","","Tue Dec 24 10:01:32 GMT 2024","failed","Tue Dec 24 10:01:32 GMT 2024","","METTA-LANG","METTA-LANG",""
"","109","CONCRETE-TYPES---METTA-LANGUAGE13.03","","Tue Dec 24 10:01:32 GMT 2024","failed","Tue Dec 24 10:01:32 GMT 2024","","METTA-LANG","METTA-LANG",""
"","2","SUPERCOLLAPSE.05","","Tue Dec 24 09:58:21 GMT 2024","passed","Tue Dec 24 09:58:21 GMT 2024","","METTA-MORPH-TESTS","METTA-MORPH-TESTS",""
"","2","C1-GROUNDED-BASIC.07","","Tue Dec 24 10:18:34 GMT 2024","passed","Tue Dec 24 10:18:34 GMT 2024","","QUICK","QUICK",""
"","7000","anti-regression.tmpMatch2","","Tue Dec 24 09:45:50 GMT 2024","passed","Tue Dec 24 09:45:57 GMT 2024","","WHOLE-TESTS","WHOLE-TESTS",""
"","2","STRING-TESTS.11","","Tue Dec 24 09:52:48 GMT 2024","passed","Tue Dec 24 09:52:48 GMT 2024","","HYPERON-METTALOG-SANITY","HYPERON-METTALOG-SANITY",""
"","3","RECURSION-AND-CONTROL---METTA-LANGUAGE4.01","","Tue Dec 24 10:01:32 GMT 2024","passed","Tue Dec 24 10:01:32 GMT 2024","","METTA-LANG","METTA-LANG",""
"","2","D2-HIGHERFUNC.23","","Tue Dec 24 10:18:34 GMT 2024","passed","Tue Dec 24 10:18:34 GMT 2024","","QUICK","QUICK",""
"","1","D4-TYPE-PROP.05","","Tue Dec 24 09:50:04 GMT 2024","passed","Tue Dec 24 09:50:04 GMT 2024","","HYPERON-EXPERIMENTAL-SCRIPTS","HYPERON-EXPERIMENTAL-SCRIPTS",""
"","2","00-LANG-CASE.07","","Tue Dec 24 09:52:48 GMT 2024","passed","Tue Dec 24 09:52:48 GMT 2024","","HYPERON-METTALOG-SANITY","HYPERON-METTALOG-SANITY",""
"","7000","hyperon-experimental_scripts.c2_spaces","","Tue Dec 24 09:45:50 GMT 2024","passed","Tue Dec 24 09:45:57 GMT 2024","","WHOLE-TESTS","WHOLE-TESTS",""
"","2","D4-TYPE-PROP.13","","Tue Dec 24 09:50:04 GMT 2024","passed","Tue Dec 24 09:50:04 GMT 2024","","HYPERON-EXPERIMENTAL-SCRIPTS","HYPERON-EXPERIMENTAL-SCRIPTS",""
"","3","F1-IMPORTS.01","","Tue Dec 24 10:18:34 GMT 2024","passed","Tue Dec 24 10:18:34 GMT 2024","","QUICK","QUICK",""
"","2","METTALOGTESTCURRIED2.01","","Tue Dec 24 09:45:56 GMT 2024","passed","Tue Dec 24 09:45:56 GMT 2024","","ANTI-REGRESSION","ANTI-REGRESSION",""
"","3","INTERSECTION-TESTS.03","","Tue Dec 24 09:52:48 GMT 2024","passed","Tue Dec 24 09:52:48 GMT 2024","","HYPERON-METTALOG-SANITY","HYPERON-METTALOG-SANITY",""
"","7000","metta_lang.Control_flow___MeTTa_Language8","","Tue Dec 24 09:45:50 GMT 2024","passed","Tue Dec 24 09:45:57 GMT 2024","","WHOLE-TESTS","WHOLE-TESTS",""
"","3","CONCRETE-TYPES---METTA-LANGUAGE3.01","","Tue Dec 24 10:01:32 GMT 2024","passed","Tue Dec 24 10:01:32 GMT 2024","","METTA-LANG","METTA-LANG",""
"","2","SPACE-SUBTRACTION-TESTS.02","","Tue Dec 24 09:52:48 GMT 2024","passed","Tue Dec 24 09:52:48 GMT 2024","","HYPERON-METTALOG-SANITY","HYPERON-METTALOG-SANITY",""
"","2","RECURSION-AND-CONTROL---METTA-LANGUAGE3.03","","Tue Dec 24 10:01:32 GMT 2024","passed","Tue Dec 24 10:01:32 GMT 2024","","METTA-LANG","METTA-LANG",""
"","3","C1-GROUNDED-BASIC.23","","Tue Dec 24 09:50:04 GMT 2024","passed","Tue Dec 24 09:50:04 GMT 2024","","HYPERON-EXPERIMENTAL-SCRIPTS","HYPERON-EXPERIMENTAL-SCRIPTS",""
"","7000","metta_lang.Handling_nondeterministic_results___MeTTa_Language7","","Tue Dec 24 09:45:50 GMT 2024","passed","Tue Dec 24 09:45:57 GMT 2024","","WHOLE-TESTS","WHOLE-TESTS",""
"","1","OR-TEST.08","","Tue Dec 24 09:52:48 GMT 2024","passed","Tue Dec 24 09:52:48 GMT 2024","","HYPERON-METTALOG-SANITY","HYPERON-METTALOG-SANITY",""
"","2","METATYPES---METTA-LANGUAGE9.02","","Tue Dec 24 10:01:32 GMT 2024","passed","Tue Dec 24 10:01:32 GMT 2024","","METTA-LANG","METTA-LANG",""
"","2","BASIC-GROUNDED-FUNCTIONS---METTA-LANGUAGE1.05","","Tue Dec 24 10:01:32 GMT 2024","passed","Tue Dec 24 10:01:32 GMT 2024","","METTA-LANG","METTA-LANG",""
"","2","00-LANG-CASE.09","","Tue Dec 24 09:52:48 GMT 2024","passed","Tue Dec 24 09:52:48 GMT 2024","","HYPERON-METTALOG-SANITY","HYPERON-METTALOG-SANITY",""
"","6000","metta_lang.Functions_and_unification___MeTTa_Language5","","Tue Dec 24 09:45:50 GMT 2024","passed","Tue Dec 24 09:45:56 GMT 2024","","WHOLE-TESTS","WHOLE-TESTS",""
"","6000","metta_lang.Basic_evaluation___MeTTa_Language9","","Tue Dec 24 09:45:50 GMT 2024","passed","Tue Dec 24 09:45:56 GMT 2024","","WHOLE-TESTS","WHOLE-TESTS",""
"","3","RECURSION-AND-CONTROL---METTA-LANGUAGE3.06","","Tue Dec 24 10:01:32 GMT 2024","passed","Tue Dec 24 10:01:32 GMT 2024","","METTA-LANG","METTA-LANG",""
"","2","C1-GROUNDED-BASIC.17","","Tue Dec 24 09:50:04 GMT 2024","passed","Tue Dec 24 09:50:04 GMT 2024","","HYPERON-EXPERIMENTAL-SCRIPTS","HYPERON-EXPERIMENTAL-SCRIPTS",""
"","7000","metta_lang.Concrete_types___MeTTa_Language2","","Tue Dec 24 09:45:50 GMT 2024","passed","Tue Dec 24 09:45:57 GMT 2024","","WHOLE-TESTS","WHOLE-TESTS",""
"","7000","metta_lang.Recursive_and_parametric_types___MeTTa_Language1","","Tue Dec 24 09:45:50 GMT 2024","passed","Tue Dec 24 09:45:57 GMT 2024","","WHOLE-TESTS","WHOLE-TESTS",""
"","9000","hyperon-mettalog_sanity.max_time_tests","","Tue Dec 24 09:45:50 GMT 2024","passed","Tue Dec 24 09:45:59 GMT 2024","","WHOLE-TESTS","WHOLE-TESTS",""
"","2","CONTROLLING-PATTERN-MATCHING---METTA-LANGUAGE5.02","","Tue Dec 24 10:01:32 GMT 2024","passed","Tue Dec 24 10:01:32 GMT 2024","","METTA-LANG","METTA-LANG",""
"","7000","hyperon-experimental_scripts.b1_equal_chain","","Tue Dec 24 09:45:50 GMT 2024","passed","Tue Dec 24 09:45:57 GMT 2024","","WHOLE-TESTS","WHOLE-TESTS",""
"","2","WORKING-WITH-SPACES---METTA-LANGUAGE12.06","","Tue Dec 24 10:01:32 GMT 2024","passed","Tue Dec 24 10:01:32 GMT 2024","","METTA-LANG","METTA-LANG",""
"","3","HYPERPOSE.01","","Tue Dec 24 09:58:21 GMT 2024","passed","Tue Dec 24 09:58:21 GMT 2024","","METTA-MORPH-TESTS","METTA-MORPH-TESTS",""
"","13","CONSOLE-OUTPUT-AND-DEBUGGING---METTA-LANGUAGE1.01","","Tue Dec 24 10:01:32 GMT 2024","failed","Tue Dec 24 10:01:32 GMT 2024","","METTA-LANG","METTA-LANG",""
"","2","FUNCTIONS-AND-UNIFICATION---METTA-LANGUAGE1.03","","Tue Dec 24 10:01:32 GMT 2024","passed","Tue Dec 24 10:01:32 GMT 2024","","METTA-LANG","METTA-LANG",""
"","3","INTERSECTION-TESTS.24","","Tue Dec 24 09:52:48 GMT 2024","passed","Tue Dec 24 09:52:48 GMT 2024","","HYPERON-METTALOG-SANITY","HYPERON-METTALOG-SANITY",""
"","2","B4-NONDETERM.07","","Tue Dec 24 09:50:04 GMT 2024","passed","Tue Dec 24 09:50:04 GMT 2024","","HYPERON-EXPERIMENTAL-SCRIPTS","HYPERON-EXPERIMENTAL-SCRIPTS",""
"","3","B5-TYPES-PRELIM.06","","Tue Dec 24 09:50:04 GMT 2024","passed","Tue Dec 24 09:50:04 GMT 2024","","HYPERON-EXPERIMENTAL-SCRIPTS","HYPERON-EXPERIMENTAL-SCRIPTS",""
"","3","WORKING-WITH-SPACES---METTA-LANGUAGE4.03","","Tue Dec 24 10:01:32 GMT 2024","passed","Tue Dec 24 10:01:32 GMT 2024","","METTA-LANG","METTA-LANG",""
"","2","WORKING-WITH-SPACES---METTA-LANGUAGE9.02","","Tue Dec 24 10:01:32 GMT 2024","passed","Tue Dec 24 10:01:32 GMT 2024","","METTA-LANG","METTA-LANG",""
"","2","BASIC-EVALUATION---METTA-LANGUAGE15.04","","Tue Dec 24 10:01:32 GMT 2024","passed","Tue Dec 24 10:01:32 GMT 2024","","METTA-LANG","METTA-LANG",""
"","66","SPACE-INTERSECTION-TESTS.12","","Tue Dec 24 09:52:48 GMT 2024","failed","Tue Dec 24 09:52:48 GMT 2024","","HYPERON-METTALOG-SANITY","HYPERON-METTALOG-SANITY",""
"","86","FUNCTIONAL-PROGRAMMING-TESTS.06","","Tue Dec 24 09:52:48 GMT 2024","failed","Tue Dec 24 09:52:48 GMT 2024","","HYPERON-METTALOG-SANITY","HYPERON-METTALOG-SANITY",""
"","2","D3-DEPTYPES.02","","Tue Dec 24 09:50:04 GMT 2024","passed","Tue Dec 24 09:50:04 GMT 2024","","HYPERON-EXPERIMENTAL-SCRIPTS","HYPERON-EXPERIMENTAL-SCRIPTS",""
"","7000","metta_lang.Console_output_and_debugging___MeTTa_Language2","","Tue Dec 24 09:45:50 GMT 2024","passed","Tue Dec 24 09:45:57 GMT 2024","","WHOLE-TESTS","WHOLE-TESTS",""
"","3","STRING-TESTS.18","","Tue Dec 24 09:52:48 GMT 2024","passed","Tue Dec 24 09:52:48 GMT 2024","","HYPERON-METTALOG-SANITY","HYPERON-METTALOG-SANITY",""
"","2","CATCH-THROW-TESTS.09","","Tue Dec 24 09:52:48 GMT 2024","passed","Tue Dec 24 09:52:48 GMT 2024","","HYPERON-METTALOG-SANITY","HYPERON-METTALOG-SANITY",""
"","2","D2-HIGHERFUNC.18","","Tue Dec 24 10:18:34 GMT 2024","passed","Tue Dec 24 10:18:34 GMT 2024","","QUICK","QUICK",""
"","2","SPACE-INTERSECTION-TESTS.15","","Tue Dec 24 09:52:48 GMT 2024","passed","Tue Dec 24 09:52:48 GMT 2024","","HYPERON-METTALOG-SANITY","HYPERON-METTALOG-SANITY",""
"","61","BASIC-EVALUATION---METTA-LANGUAGE13.01","","Tue Dec 24 10:01:32 GMT 2024","passed","Tue Dec 24 10:01:32 GMT 2024","","METTA-LANG","METTA-LANG",""
"","3","LETLET.01","","Tue Dec 24 09:58:21 GMT 2024","passed","Tue Dec 24 09:58:21 GMT 2024","","METTA-MORPH-TESTS","METTA-MORPH-TESTS",""
"","2","C1-GROUNDED-BASIC.20","","Tue Dec 24 09:50:04 GMT 2024","passed","Tue Dec 24 09:50:04 GMT 2024","","HYPERON-EXPERIMENTAL-SCRIPTS","HYPERON-EXPERIMENTAL-SCRIPTS",""
"","3","D4-TYPE-PROP.01","","Tue Dec 24 10:18:34 GMT 2024","passed","Tue Dec 24 10:18:34 GMT 2024","","QUICK","QUICK",""
"","136","OPERATIONS-OVER-ATOMS---METTA-LANGUAGE1.02","","Tue Dec 24 10:01:32 GMT 2024","failed","Tue Dec 24 10:01:32 GMT 2024","","METTA-LANG","METTA-LANG",""
"","7000","metta-morph_tests.types2","","Tue Dec 24 09:45:50 GMT 2024","passed","Tue Dec 24 09:45:57 GMT 2024","","WHOLE-TESTS","WHOLE-TESTS",""
"","7000","metta_lang.Control_flow___MeTTa_Language12","","Tue Dec 24 09:45:50 GMT 2024","passed","Tue Dec 24 09:45:57 GMT 2024","","WHOLE-TESTS","WHOLE-TESTS",""
"","2","HYPERPOSE.09","","Tue Dec 24 09:58:21 GMT 2024","passed","Tue Dec 24 09:58:21 GMT 2024","","METTA-MORPH-TESTS","METTA-MORPH-TESTS",""
"","3","SUBTRACTION-TEST.10","","Tue Dec 24 09:52:48 GMT 2024","passed","Tue Dec 24 09:52:48 GMT 2024","","HYPERON-METTALOG-SANITY","HYPERON-METTALOG-SANITY",""
"","2","MATCH-VOID.01","","Tue Dec 24 09:58:21 GMT 2024","passed","Tue Dec 24 09:58:21 GMT 2024","","METTA-MORPH-TESTS","METTA-MORPH-TESTS",""
"","7000","metta_lang.Working_with_spaces___MeTTa_Language7","","Tue Dec 24 09:45:50 GMT 2024","passed","Tue Dec 24 09:45:57 GMT 2024","","WHOLE-TESTS","WHOLE-TESTS",""
"","2","B4-NONDETERM.05","","Tue Dec 24 09:50:04 GMT 2024","passed","Tue Dec 24 09:50:04 GMT 2024","","HYPERON-EXPERIMENTAL-SCRIPTS","HYPERON-EXPERIMENTAL-SCRIPTS",""
"","2","BASIC-EVALUATION---METTA-LANGUAGE6.01","","Tue Dec 24 10:01:32 GMT 2024","passed","Tue Dec 24 10:01:32 GMT 2024","","METTA-LANG","METTA-LANG",""
"","50","CONSOLE-OUTPUT-AND-DEBUGGING---METTA-LANGUAGE5.03","","Tue Dec 24 10:01:32 GMT 2024","passed","Tue Dec 24 10:01:32 GMT 2024","","METTA-LANG","METTA-LANG",""
"","15","MATCH-VOID.04","","Tue Dec 24 09:58:21 GMT 2024","passed","Tue Dec 24 09:58:21 GMT 2024","","METTA-MORPH-TESTS","METTA-MORPH-TESTS",""
"","7000","hyperon-mettalog_sanity.subtraction_test","","Tue Dec 24 09:45:50 GMT 2024","passed","Tue Dec 24 09:45:57 GMT 2024","","WHOLE-TESTS","WHOLE-TESTS",""
"","2","D1-GADT.12","","Tue Dec 24 10:18:34 GMT 2024","passed","Tue Dec 24 10:18:34 GMT 2024","","QUICK","QUICK",""
"","2","CONSOLE-OUTPUT-AND-DEBUGGING---METTA-LANGUAGE2.05","","Tue Dec 24 10:01:32 GMT 2024","passed","Tue Dec 24 10:01:32 GMT 2024","","METTA-LANG","METTA-LANG",""
"","2","METATYPES---METTA-LANGUAGE6.01","","Tue Dec 24 10:01:32 GMT 2024","passed","Tue Dec 24 10:01:32 GMT 2024","","METTA-LANG","METTA-LANG",""
"","2","BCHAIN-COMP.04","","Tue Dec 24 09:45:56 GMT 2024","passed","Tue Dec 24 09:45:56 GMT 2024","","ANTI-REGRESSION","ANTI-REGRESSION",""
"","2","D1-GADT.06","","Tue Dec 24 09:50:04 GMT 2024","passed","Tue Dec 24 09:50:04 GMT 2024","","HYPERON-EXPERIMENTAL-SCRIPTS","HYPERON-EXPERIMENTAL-SCRIPTS",""
"","7000","metta_lang.Control_flow___MeTTa_Language3","","Tue Dec 24 09:45:50 GMT 2024","passed","Tue Dec 24 09:45:57 GMT 2024","","WHOLE-TESTS","WHOLE-TESTS",""
"","77","INTERSECTION-TESTS.31","","Tue Dec 24 09:52:48 GMT 2024","failed","Tue Dec 24 09:52:48 GMT 2024","","HYPERON-METTALOG-SANITY","HYPERON-METTALOG-SANITY",""
"","11","CONCRETE-TYPES---METTA-LANGUAGE13.02","","Tue Dec 24 10:01:32 GMT 2024","failed","Tue Dec 24 10:01:32 GMT 2024","","METTA-LANG","METTA-LANG",""
"","2","F1-IMPORTS.11","","Tue Dec 24 10:18:34 GMT 2024","passed","Tue Dec 24 10:18:34 GMT 2024","","QUICK","QUICK",""
"","2","BASIC-GROUNDED-FUNCTIONS---METTA-LANGUAGE6.02","","Tue Dec 24 10:01:32 GMT 2024","passed","Tue Dec 24 10:01:32 GMT 2024","","METTA-LANG","METTA-LANG",""
"","2","C1-GROUNDED-BASIC.11","","Tue Dec 24 10:18:34 GMT 2024","passed","Tue Dec 24 10:18:34 GMT 2024","","QUICK","QUICK",""
"","7","SPACE-SUBTRACTION-TESTS.10","","Tue Dec 24 09:52:48 GMT 2024","passed","Tue Dec 24 09:52:48 GMT 2024","","HYPERON-METTALOG-SANITY","HYPERON-METTALOG-SANITY",""
"","2","C2-SPACES.03","","Tue Dec 24 09:50:04 GMT 2024","passed","Tue Dec 24 09:50:04 GMT 2024","","HYPERON-EXPERIMENTAL-SCRIPTS","HYPERON-EXPERIMENTAL-SCRIPTS",""
"","2","F1-IMPORTS.20","","Tue Dec 24 10:18:34 GMT 2024","passed","Tue Dec 24 10:18:34 GMT 2024","","QUICK","QUICK",""
"","3","RECURSION-AND-CONTROL---METTA-LANGUAGE5.01","","Tue Dec 24 10:01:32 GMT 2024","passed","Tue Dec 24 10:01:32 GMT 2024","","METTA-LANG","METTA-LANG",""
"","7000","hyperon-experimental_scripts.b2_backchain","","Tue Dec 24 09:45:50 GMT 2024","passed","Tue Dec 24 09:45:57 GMT 2024","","WHOLE-TESTS","WHOLE-TESTS",""
"","4","PEANO.01","","Tue Dec 24 09:58:21 GMT 2024","passed","Tue Dec 24 09:58:21 GMT 2024","","METTA-MORPH-TESTS","METTA-MORPH-TESTS",""
"","3","INTERSECTION-TESTS.15","","Tue Dec 24 09:52:48 GMT 2024","passed","Tue Dec 24 09:52:48 GMT 2024","","HYPERON-METTALOG-SANITY","HYPERON-METTALOG-SANITY",""
"","3","D2-HIGHERFUNC.15","","Tue Dec 24 09:50:04 GMT 2024","passed","Tue Dec 24 09:50:04 GMT 2024","","HYPERON-EXPERIMENTAL-SCRIPTS","HYPERON-EXPERIMENTAL-SCRIPTS",""
"","16","CONTROLLING-PATTERN-MATCHING---METTA-LANGUAGE10.06","","Tue Dec 24 10:01:32 GMT 2024","passed","Tue Dec 24 10:01:32 GMT 2024","","METTA-LANG","METTA-LANG",""
"","63","WORKING-WITH-SPACES---METTA-LANGUAGE2.04","","Tue Dec 24 10:01:32 GMT 2024","failed","Tue Dec 24 10:01:32 GMT 2024","","METTA-LANG","METTA-LANG",""
"","6000","metta_lang.Basic_grounded_functions___MeTTa_Language1","","Tue Dec 24 09:45:50 GMT 2024","passed","Tue Dec 24 09:45:56 GMT 2024","","WHOLE-TESTS","WHOLE-TESTS",""
"","3","STRING-TESTS.16","","Tue Dec 24 09:52:48 GMT 2024","passed","Tue Dec 24 09:52:48 GMT 2024","","HYPERON-METTALOG-SANITY","HYPERON-METTALOG-SANITY",""
"","7000","metta_lang.Functions_and_unification___MeTTa_Language3","","Tue Dec 24 09:45:50 GMT 2024","passed","Tue Dec 24 09:45:57 GMT 2024","","WHOLE-TESTS","WHOLE-TESTS",""
"","3","D2-HIGHERFUNC.02","","Tue Dec 24 09:50:04 GMT 2024","passed","Tue Dec 24 09:50:04 GMT 2024","","HYPERON-EXPERIMENTAL-SCRIPTS","HYPERON-EXPERIMENTAL-SCRIPTS",""
"","2","UNIQUE-TEST.03","","Tue Dec 24 09:52:48 GMT 2024","passed","Tue Dec 24 09:52:48 GMT 2024","","HYPERON-METTALOG-SANITY","HYPERON-METTALOG-SANITY",""
"","2","C1-GROUNDED-BASIC.02","","Tue Dec 24 10:18:34 GMT 2024","passed","Tue Dec 24 10:18:34 GMT 2024","","QUICK","QUICK",""
"","2","CONCRETE-TYPES---METTA-LANGUAGE7.04","","Tue Dec 24 10:01:32 GMT 2024","passed","Tue Dec 24 10:01:32 GMT 2024","","METTA-LANG","METTA-LANG",""
"","102","OR-TEST.20","","Tue Dec 24 09:52:48 GMT 2024","failed","Tue Dec 24 09:52:48 GMT 2024","","HYPERON-METTALOG-SANITY","HYPERON-METTALOG-SANITY",""
"","2","D2-HIGHERFUNC.12","","Tue Dec 24 10:18:34 GMT 2024","passed","Tue Dec 24 10:18:34 GMT 2024","","QUICK","QUICK",""
"","13","F1-IMPORTS.04","","Tue Dec 24 09:45:43 GMT 2024","failed","Tue Dec 24 09:45:43 GMT 2024","","MODULE-SYSTEM","MODULE-SYSTEM",""
"","7","SPACE-SUBTRACTION-TESTS.11","","Tue Dec 24 09:52:48 GMT 2024","passed","Tue Dec 24 09:52:48 GMT 2024","","HYPERON-METTALOG-SANITY","HYPERON-METTALOG-SANITY",""
"","2","RECURSIVE-AND-PARAMETRIC-TYPES---METTA-LANGUAGE7.06","","Tue Dec 24 10:01:32 GMT 2024","passed","Tue Dec 24 10:01:32 GMT 2024","","METTA-LANG","METTA-LANG",""
"","7000","metta_lang.Control_flow___MeTTa_Language4","","Tue Dec 24 09:45:50 GMT 2024","passed","Tue Dec 24 09:45:57 GMT 2024","","WHOLE-TESTS","WHOLE-TESTS",""
"","2","CONCRETE-TYPES---METTA-LANGUAGE12.01","","Tue Dec 24 10:01:32 GMT 2024","passed","Tue Dec 24 10:01:32 GMT 2024","","METTA-LANG","METTA-LANG",""
"","7000","metta_lang.Controlling_pattern_matching___MeTTa_Language12","","Tue Dec 24 09:45:50 GMT 2024","passed","Tue Dec 24 09:45:57 GMT 2024","","WHOLE-TESTS","WHOLE-TESTS",""
"","2","INTERSECTION-TESTS.32","","Tue Dec 24 09:52:48 GMT 2024","passed","Tue Dec 24 09:52:48 GMT 2024","","HYPERON-METTALOG-SANITY","HYPERON-METTALOG-SANITY",""
"","2","C1-GROUNDED-BASIC.21","","Tue Dec 24 10:18:34 GMT 2024","passed","Tue Dec 24 10:18:34 GMT 2024","","QUICK","QUICK",""
"","2","RECURSIVE-AND-PARAMETRIC-TYPES---METTA-LANGUAGE3.02","","Tue Dec 24 10:01:32 GMT 2024","passed","Tue Dec 24 10:01:32 GMT 2024","","METTA-LANG","METTA-LANG",""
"","3","00-LANG-CASE.13","","Tue Dec 24 09:52:48 GMT 2024","passed","Tue Dec 24 09:52:48 GMT 2024","","HYPERON-METTALOG-SANITY","HYPERON-METTALOG-SANITY",""
"","2","TMPMATCH2.04","","Tue Dec 24 09:45:56 GMT 2024","passed","Tue Dec 24 09:45:56 GMT 2024","","ANTI-REGRESSION","ANTI-REGRESSION",""
"","3","MATCH-SUPERPOSED-SPACES.01","","Tue Dec 24 09:58:21 GMT 2024","passed","Tue Dec 24 09:58:21 GMT 2024","","METTA-MORPH-TESTS","METTA-MORPH-TESTS",""
"","2","WORKING-WITH-SPACES---METTA-LANGUAGE8.07","","Tue Dec 24 10:01:32 GMT 2024","passed","Tue Dec 24 10:01:32 GMT 2024","","METTA-LANG","METTA-LANG",""
"","2","METTALOGTESTCURRIED2.03","","Tue Dec 24 09:45:56 GMT 2024","passed","Tue Dec 24 09:45:56 GMT 2024","","ANTI-REGRESSION","ANTI-REGRESSION",""
"","6000","metta_lang.Basic_evaluation___MeTTa_Language15","","Tue Dec 24 09:45:50 GMT 2024","passed","Tue Dec 24 09:45:56 GMT 2024","","WHOLE-TESTS","WHOLE-TESTS",""
"","7000","hyperon-experimental_scripts.f1_imports","","Tue Dec 24 09:45:50 GMT 2024","passed","Tue Dec 24 09:45:57 GMT 2024","","WHOLE-TESTS","WHOLE-TESTS",""
"","2","06-MATCH-IN-SPACE.05","","Tue Dec 24 09:52:48 GMT 2024","passed","Tue Dec 24 09:52:48 GMT 2024","","HYPERON-METTALOG-SANITY","HYPERON-METTALOG-SANITY",""
"","2","TYPES2.03","","Tue Dec 24 09:58:21 GMT 2024","passed","Tue Dec 24 09:58:21 GMT 2024","","METTA-MORPH-TESTS","METTA-MORPH-TESTS",""
"","2","METATYPES---METTA-LANGUAGE3.01","","Tue Dec 24 10:01:32 GMT 2024","passed","Tue Dec 24 10:01:32 GMT 2024","","METTA-LANG","METTA-LANG",""
"","7","SPACE-INTERSECTION-TESTS.03","","Tue Dec 24 09:52:48 GMT 2024","passed","Tue Dec 24 09:52:48 GMT 2024","","HYPERON-METTALOG-SANITY","HYPERON-METTALOG-SANITY",""
"","3","FUNCTIONS-AND-UNIFICATION---METTA-LANGUAGE7.01","","Tue Dec 24 10:01:32 GMT 2024","passed","Tue Dec 24 10:01:32 GMT 2024","","METTA-LANG","METTA-LANG",""
"","3","C3-PLN-STV.01","","Tue Dec 24 09:50:04 GMT 2024","passed","Tue Dec 24 09:50:04 GMT 2024","","HYPERON-EXPERIMENTAL-SCRIPTS","HYPERON-EXPERIMENTAL-SCRIPTS",""
"","16","WORKING-WITH-SPACES---METTA-LANGUAGE2.06","","Tue Dec 24 10:01:32 GMT 2024","failed","Tue Dec 24 10:01:32 GMT 2024","","METTA-LANG","METTA-LANG",""
"","3","CONTROLLING-PATTERN-MATCHING---METTA-LANGUAGE9.01","","Tue Dec 24 10:01:32 GMT 2024","passed","Tue Dec 24 10:01:32 GMT 2024","","METTA-LANG","METTA-LANG",""
"","14","WORKING-WITH-SPACES---METTA-LANGUAGE11.02","","Tue Dec 24 10:01:32 GMT 2024","failed","Tue Dec 24 10:01:32 GMT 2024","","METTA-LANG","METTA-LANG",""
"","1","BASIC-GROUNDED-FUNCTIONS---METTA-LANGUAGE8.04","","Tue Dec 24 10:01:32 GMT 2024","passed","Tue Dec 24 10:01:32 GMT 2024","","METTA-LANG","METTA-LANG",""
"","2","D4-TYPE-PROP.07","","Tue Dec 24 10:18:34 GMT 2024","passed","Tue Dec 24 10:18:34 GMT 2024","","QUICK","QUICK",""
"","2","OPERATIONS-OVER-ATOMS---METTA-LANGUAGE2.05","","Tue Dec 24 10:01:32 GMT 2024","passed","Tue Dec 24 10:01:32 GMT 2024","","METTA-LANG","METTA-LANG",""
"","3","ADD-ATOM-MATCH.01","","Tue Dec 24 09:58:21 GMT 2024","passed","Tue Dec 24 09:58:21 GMT 2024","","METTA-MORPH-TESTS","METTA-MORPH-TESTS",""
"","6","SEALED-TEST.09","","Tue Dec 24 09:52:48 GMT 2024","passed","Tue Dec 24 09:52:48 GMT 2024","","HYPERON-METTALOG-SANITY","HYPERON-METTALOG-SANITY",""
"","3","C3-PLN-STV.03","","Tue Dec 24 09:50:04 GMT 2024","passed","Tue Dec 24 09:50:04 GMT 2024","","HYPERON-EXPERIMENTAL-SCRIPTS","HYPERON-EXPERIMENTAL-SCRIPTS",""
"","14","D1-GADT.09","","Tue Dec 24 09:50:04 GMT 2024","passed","Tue Dec 24 09:50:04 GMT 2024","","HYPERON-EXPERIMENTAL-SCRIPTS","HYPERON-EXPERIMENTAL-SCRIPTS",""
"","3","FIND-ALL-TESTS.06","","Tue Dec 24 09:52:48 GMT 2024","passed","Tue Dec 24 09:52:48 GMT 2024","","HYPERON-METTALOG-SANITY","HYPERON-METTALOG-SANITY",""
"","6","SEALED-TEST.01","","Tue Dec 24 09:52:48 GMT 2024","passed","Tue Dec 24 09:52:48 GMT 2024","","HYPERON-METTALOG-SANITY","HYPERON-METTALOG-SANITY",""
"","3","CONTROLLING-PATTERN-MATCHING---METTA-LANGUAGE12.12","","Tue Dec 24 10:01:32 GMT 2024","passed","Tue Dec 24 10:01:32 GMT 2024","","METTA-LANG","METTA-LANG",""
"","7000","metta-morph_tests.types3","","Tue Dec 24 09:45:50 GMT 2024","passed","Tue Dec 24 09:45:57 GMT 2024","","WHOLE-TESTS","WHOLE-TESTS",""
"","1","HYPERPOSE.02","","Tue Dec 24 09:58:21 GMT 2024","passed","Tue Dec 24 09:58:21 GMT 2024","","METTA-MORPH-TESTS","METTA-MORPH-TESTS",""
"","2","CONTROLLING-PATTERN-MATCHING---METTA-LANGUAGE10.03","","Tue Dec 24 10:01:32 GMT 2024","passed","Tue Dec 24 10:01:32 GMT 2024","","METTA-LANG","METTA-LANG",""
"","2","WORKING-WITH-SPACES---METTA-LANGUAGE12.07","","Tue Dec 24 10:01:32 GMT 2024","passed","Tue Dec 24 10:01:32 GMT 2024","","METTA-LANG","METTA-LANG",""
"","6000","metta_lang.Basic_evaluation___MeTTa_Language6","","Tue Dec 24 09:45:50 GMT 2024","passed","Tue Dec 24 09:45:56 GMT 2024","","WHOLE-TESTS","WHOLE-TESTS",""
"","3","SEALED-TEST.02","","Tue Dec 24 09:52:48 GMT 2024","passed","Tue Dec 24 09:52:48 GMT 2024","","HYPERON-METTALOG-SANITY","HYPERON-METTALOG-SANITY",""
"","7000","metta_lang.Operations_over_atoms___MeTTa_Language1","","Tue Dec 24 09:45:50 GMT 2024","passed","Tue Dec 24 09:45:57 GMT 2024","","WHOLE-TESTS","WHOLE-TESTS",""
"","3","INTERSECTION-TESTS.13","","Tue Dec 24 09:52:48 GMT 2024","passed","Tue Dec 24 09:52:48 GMT 2024","","HYPERON-METTALOG-SANITY","HYPERON-METTALOG-SANITY",""
"","2","RECURSION-AND-CONTROL---METTA-LANGUAGE6.01","","Tue Dec 24 10:01:32 GMT 2024","passed","Tue Dec 24 10:01:32 GMT 2024","","METTA-LANG","METTA-LANG",""
"","2","B1-EQUAL-CHAIN.02","","Tue Dec 24 09:50:04 GMT 2024","passed","Tue Dec 24 09:50:04 GMT 2024","","HYPERON-EXPERIMENTAL-SCRIPTS","HYPERON-EXPERIMENTAL-SCRIPTS",""
"","3","INTERSECTION-TESTS.30","","Tue Dec 24 09:52:48 GMT 2024","passed","Tue Dec 24 09:52:48 GMT 2024","","HYPERON-METTALOG-SANITY","HYPERON-METTALOG-SANITY",""
"","2","B5-TYPES-PRELIM.23","","Tue Dec 24 09:50:04 GMT 2024","passed","Tue Dec 24 09:50:04 GMT 2024","","HYPERON-EXPERIMENTAL-SCRIPTS","HYPERON-EXPERIMENTAL-SCRIPTS",""
"","3","RECURSION-AND-CONTROL---METTA-LANGUAGE8.02","","Tue Dec 24 10:01:32 GMT 2024","passed","Tue Dec 24 10:01:32 GMT 2024","","METTA-LANG","METTA-LANG",""
"","7000","metta_lang.Recursive_and_parametric_types___MeTTa_Language8","","Tue Dec 24 09:45:50 GMT 2024","passed","Tue Dec 24 09:45:57 GMT 2024","","WHOLE-TESTS","WHOLE-TESTS",""
"","3","C2-SPACES.01","","Tue Dec 24 09:50:04 GMT 2024","passed","Tue Dec 24 09:50:04 GMT 2024","","HYPERON-EXPERIMENTAL-SCRIPTS","HYPERON-EXPERIMENTAL-SCRIPTS",""
"","2","F1-MODULEA.07","","Tue Dec 24 09:50:04 GMT 2024","passed","Tue Dec 24 09:50:04 GMT 2024","","HYPERON-EXPERIMENTAL-SCRIPTS","HYPERON-EXPERIMENTAL-SCRIPTS",""
"","7000","quick.f1_imports","","Tue Dec 24 09:45:50 GMT 2024","passed","Tue Dec 24 09:45:57 GMT 2024","","WHOLE-TESTS","WHOLE-TESTS",""
"","15","CONSOLE-OUTPUT-AND-DEBUGGING---METTA-LANGUAGE1.02","","Tue Dec 24 10:01:32 GMT 2024","failed","Tue Dec 24 10:01:32 GMT 2024","","METTA-LANG","METTA-LANG",""
"","105","CONTROLLING-PATTERN-MATCHING---METTA-LANGUAGE6.03","","Tue Dec 24 10:01:32 GMT 2024","failed","Tue Dec 24 10:01:32 GMT 2024","","METTA-LANG","METTA-LANG",""
"","2","STRING-TESTS.09","","Tue Dec 24 09:52:48 GMT 2024","passed","Tue Dec 24 09:52:48 GMT 2024","","HYPERON-METTALOG-SANITY","HYPERON-METTALOG-SANITY",""
"","2","B4-NONDETERM.02","","Tue Dec 24 09:50:04 GMT 2024","passed","Tue Dec 24 09:50:04 GMT 2024","","HYPERON-EXPERIMENTAL-SCRIPTS","HYPERON-EXPERIMENTAL-SCRIPTS",""
"","3","CONTROL-FLOW---METTA-LANGUAGE7.01","","Tue Dec 24 10:01:32 GMT 2024","passed","Tue Dec 24 10:01:32 GMT 2024","","METTA-LANG","METTA-LANG",""
"","2","UNIQUE-TEST.05","","Tue Dec 24 09:52:48 GMT 2024","passed","Tue Dec 24 09:52:48 GMT 2024","","HYPERON-METTALOG-SANITY","HYPERON-METTALOG-SANITY",""
"","2","BCHAIN-COMP.03","","Tue Dec 24 09:45:56 GMT 2024","passed","Tue Dec 24 09:45:56 GMT 2024","","ANTI-REGRESSION","ANTI-REGRESSION",""
"","2","CONTROLLING-PATTERN-MATCHING---METTA-LANGUAGE12.16","","Tue Dec 24 10:01:32 GMT 2024","passed","Tue Dec 24 10:01:32 GMT 2024","","METTA-LANG","METTA-LANG",""
"","2","B3-DIRECT.01","","Tue Dec 24 09:50:04 GMT 2024","passed","Tue Dec 24 09:50:04 GMT 2024","","HYPERON-EXPERIMENTAL-SCRIPTS","HYPERON-EXPERIMENTAL-SCRIPTS",""
"","82","HANDLING-NONDETERMINISTIC-RESULTS---METTA-LANGUAGE7.04","","Tue Dec 24 10:01:32 GMT 2024","passed","Tue Dec 24 10:01:32 GMT 2024","","METTA-LANG","METTA-LANG",""
"","2","FUNCTIONAL-PROGRAMMING-TESTS.09","","Tue Dec 24 09:52:48 GMT 2024","passed","Tue Dec 24 09:52:48 GMT 2024","","HYPERON-METTALOG-SANITY","HYPERON-METTALOG-SANITY",""
"","3","OPERATIONS-OVER-ATOMS---METTA-LANGUAGE3.04","","Tue Dec 24 10:01:32 GMT 2024","passed","Tue Dec 24 10:01:32 GMT 2024","","METTA-LANG","METTA-LANG",""
"","554","TMPMATCH2.05","","Tue Dec 24 09:45:56 GMT 2024","passed","Tue Dec 24 09:45:56 GMT 2024","","ANTI-REGRESSION","ANTI-REGRESSION",""
"","2","D2-HIGHERFUNC.03","","Tue Dec 24 09:50:04 GMT 2024","passed","Tue Dec 24 09:50:04 GMT 2024","","HYPERON-EXPERIMENTAL-SCRIPTS","HYPERON-EXPERIMENTAL-SCRIPTS",""
"","2","METATYPES---METTA-LANGUAGE7.03","","Tue Dec 24 10:01:32 GMT 2024","passed","Tue Dec 24 10:01:32 GMT 2024","","METTA-LANG","METTA-LANG",""
"","2","BASIC-EVALUATION---METTA-LANGUAGE10.02","","Tue Dec 24 10:01:32 GMT 2024","passed","Tue Dec 24 10:01:32 GMT 2024","","METTA-LANG","METTA-LANG",""
"","2","E2-STATES.03","","Tue Dec 24 09:50:04 GMT 2024","passed","Tue Dec 24 09:50:04 GMT 2024","","HYPERON-EXPERIMENTAL-SCRIPTS","HYPERON-EXPERIMENTAL-SCRIPTS",""
"","75","B5-TYPES-PRELIM.02","","Tue Dec 24 09:50:04 GMT 2024","failed","Tue Dec 24 09:50:04 GMT 2024","","HYPERON-EXPERIMENTAL-SCRIPTS","HYPERON-EXPERIMENTAL-SCRIPTS",""
"","3","INTERSECTION-TESTS.01","","Tue Dec 24 09:52:48 GMT 2024","passed","Tue Dec 24 09:52:48 GMT 2024","","HYPERON-METTALOG-SANITY","HYPERON-METTALOG-SANITY",""
"","3","UNIQUE-TEST.02","","Tue Dec 24 09:52:48 GMT 2024","passed","Tue Dec 24 09:52:48 GMT 2024","","HYPERON-METTALOG-SANITY","HYPERON-METTALOG-SANITY",""
"","6000","metta_lang.Basic_evaluation___MeTTa_Language4","","Tue Dec 24 09:45:50 GMT 2024","passed","Tue Dec 24 09:45:56 GMT 2024","","WHOLE-TESTS","WHOLE-TESTS",""
"","2","C1-GROUNDED-BASIC.12","","Tue Dec 24 09:50:04 GMT 2024","passed","Tue Dec 24 09:50:04 GMT 2024","","HYPERON-EXPERIMENTAL-SCRIPTS","HYPERON-EXPERIMENTAL-SCRIPTS",""
"","2","WORKING-WITH-SPACES---METTA-LANGUAGE5.01","","Tue Dec 24 10:01:32 GMT 2024","passed","Tue Dec 24 10:01:32 GMT 2024","","METTA-LANG","METTA-LANG",""
"","3","CONSOLE-OUTPUT-AND-DEBUGGING---METTA-LANGUAGE10.01","","Tue Dec 24 10:01:32 GMT 2024","passed","Tue Dec 24 10:01:32 GMT 2024","","METTA-LANG","METTA-LANG",""
"","62","D5-AUTO-TYPES.01","","Tue Dec 24 09:50:04 GMT 2024","failed","Tue Dec 24 09:50:04 GMT 2024","","HYPERON-EXPERIMENTAL-SCRIPTS","HYPERON-EXPERIMENTAL-SCRIPTS",""
"","2","QUERYING-SPACE-CONTENT---METTA-LANGUAGE2.04","","Tue Dec 24 10:01:32 GMT 2024","passed","Tue Dec 24 10:01:32 GMT 2024","","METTA-LANG","METTA-LANG",""
"","2","TEST-IF-CLOSED.11","","Tue Dec 24 09:45:56 GMT 2024","passed","Tue Dec 24 09:45:56 GMT 2024","","ANTI-REGRESSION","ANTI-REGRESSION",""
"","11","CONCRETE-TYPES---METTA-LANGUAGE6.02","","Tue Dec 24 10:01:32 GMT 2024","failed","Tue Dec 24 10:01:32 GMT 2024","","METTA-LANG","METTA-LANG",""
"","47","RECURSIVE-AND-PARAMETRIC-TYPES---METTA-LANGUAGE5.06","","Tue Dec 24 10:01:32 GMT 2024","failed","Tue Dec 24 10:01:32 GMT 2024","","METTA-LANG","METTA-LANG",""
"","2","CONTROL-FLOW---METTA-LANGUAGE16.07","","Tue Dec 24 10:01:32 GMT 2024","passed","Tue Dec 24 10:01:32 GMT 2024","","METTA-LANG","METTA-LANG",""
"","2","D1-GADT.06","","Tue Dec 24 10:18:34 GMT 2024","passed","Tue Dec 24 10:18:34 GMT 2024","","QUICK","QUICK",""
"","15","D1-GADT.05","","Tue Dec 24 09:50:04 GMT 2024","passed","Tue Dec 24 09:50:04 GMT 2024","","HYPERON-EXPERIMENTAL-SCRIPTS","HYPERON-EXPERIMENTAL-SCRIPTS",""
"","2","RECURSION-AND-CONTROL---METTA-LANGUAGE2.05","","Tue Dec 24 10:01:32 GMT 2024","passed","Tue Dec 24 10:01:32 GMT 2024","","METTA-LANG","METTA-LANG",""
"","2","OR-TEST.16","","Tue Dec 24 09:52:48 GMT 2024","passed","Tue Dec 24 09:52:48 GMT 2024","","HYPERON-METTALOG-SANITY","HYPERON-METTALOG-SANITY",""
"","3","C1-GROUNDED-BASIC.01","","Tue Dec 24 09:50:04 GMT 2024","passed","Tue Dec 24 09:50:04 GMT 2024","","HYPERON-EXPERIMENTAL-SCRIPTS","HYPERON-EXPERIMENTAL-SCRIPTS",""
"","3","OPERATIONS-OVER-ATOMS---METTA-LANGUAGE5.01","","Tue Dec 24 10:01:32 GMT 2024","passed","Tue Dec 24 10:01:32 GMT 2024","","METTA-LANG","METTA-LANG",""
"","6000","metta_lang.Basic_evaluation___MeTTa_Language13","","Tue Dec 24 09:45:50 GMT 2024","passed","Tue Dec 24 09:45:56 GMT 2024","","WHOLE-TESTS","WHOLE-TESTS",""
"","2","SEQUENTIAL-NESTED.09","","Tue Dec 24 09:58:21 GMT 2024","passed","Tue Dec 24 09:58:21 GMT 2024","","METTA-MORPH-TESTS","METTA-MORPH-TESTS",""
"","2","01-LANG-INC.02","","Tue Dec 24 09:52:48 GMT 2024","passed","Tue Dec 24 09:52:48 GMT 2024","","HYPERON-METTALOG-SANITY","HYPERON-METTALOG-SANITY",""
"","3","INTERSECTION-TESTS.12","","Tue Dec 24 09:52:48 GMT 2024","passed","Tue Dec 24 09:52:48 GMT 2024","","HYPERON-METTALOG-SANITY","HYPERON-METTALOG-SANITY",""
"","1","SPACE-SUBTRACTION-TESTS.06","","Tue Dec 24 09:52:48 GMT 2024","passed","Tue Dec 24 09:52:48 GMT 2024","","HYPERON-METTALOG-SANITY","HYPERON-METTALOG-SANITY",""
"","7000","metta-morph_tests.types","","Tue Dec 24 09:45:50 GMT 2024","passed","Tue Dec 24 09:45:57 GMT 2024","","WHOLE-TESTS","WHOLE-TESTS",""
"","2","TEST-IF-CLOSED.09","","Tue Dec 24 09:45:56 GMT 2024","passed","Tue Dec 24 09:45:56 GMT 2024","","ANTI-REGRESSION","ANTI-REGRESSION",""
"","3","D2-HIGHERFUNC.01","","Tue Dec 24 09:50:04 GMT 2024","passed","Tue Dec 24 09:50:04 GMT 2024","","HYPERON-EXPERIMENTAL-SCRIPTS","HYPERON-EXPERIMENTAL-SCRIPTS",""
"","2","00-LANG-CASE.15","","Tue Dec 24 09:52:48 GMT 2024","passed","Tue Dec 24 09:52:48 GMT 2024","","HYPERON-METTALOG-SANITY","HYPERON-METTALOG-SANITY",""
"","4","INTERSECTION-TESTS.18","","Tue Dec 24 09:52:48 GMT 2024","passed","Tue Dec 24 09:52:48 GMT 2024","","HYPERON-METTALOG-SANITY","HYPERON-METTALOG-SANITY",""
"","3","CONTROLLING-PATTERN-MATCHING---METTA-LANGUAGE1.01","","Tue Dec 24 10:01:32 GMT 2024","passed","Tue Dec 24 10:01:32 GMT 2024","","METTA-LANG","METTA-LANG",""
"","3","CONTROLLING-PATTERN-MATCHING---METTA-LANGUAGE12.15","","Tue Dec 24 10:01:32 GMT 2024","passed","Tue Dec 24 10:01:32 GMT 2024","","METTA-LANG","METTA-LANG",""
"","3","UNIQUE-TEST.07","","Tue Dec 24 09:52:48 GMT 2024","passed","Tue Dec 24 09:52:48 GMT 2024","","HYPERON-METTALOG-SANITY","HYPERON-METTALOG-SANITY",""
"","38","E3-MATCH-STATES.03","","Tue Dec 24 09:50:04 GMT 2024","failed","Tue Dec 24 09:50:04 GMT 2024","","HYPERON-EXPERIMENTAL-SCRIPTS","HYPERON-EXPERIMENTAL-SCRIPTS",""
"","3","RECURSION-AND-CONTROL---METTA-LANGUAGE9.02","","Tue Dec 24 10:01:32 GMT 2024","passed","Tue Dec 24 10:01:32 GMT 2024","","METTA-LANG","METTA-LANG",""
"","2","CONSOLE-OUTPUT-AND-DEBUGGING---METTA-LANGUAGE2.08","","Tue Dec 24 10:01:32 GMT 2024","passed","Tue Dec 24 10:01:32 GMT 2024","","METTA-LANG","METTA-LANG",""
"","3","BASIC-GROUNDED-FUNCTIONS---METTA-LANGUAGE2.01","","Tue Dec 24 10:01:32 GMT 2024","passed","Tue Dec 24 10:01:32 GMT 2024","","METTA-LANG","METTA-LANG",""
"","2","XOR-TEST.03","","Tue Dec 24 09:52:48 GMT 2024","passed","Tue Dec 24 09:52:48 GMT 2024","","HYPERON-METTALOG-SANITY","HYPERON-METTALOG-SANITY",""
"","3","METATYPES---METTA-LANGUAGE1.01","","Tue Dec 24 10:01:32 GMT 2024","passed","Tue Dec 24 10:01:32 GMT 2024","","METTA-LANG","METTA-LANG",""
"","2","D2-HIGHERFUNC.13","","Tue Dec 24 09:50:04 GMT 2024","passed","Tue Dec 24 09:50:04 GMT 2024","","HYPERON-EXPERIMENTAL-SCRIPTS","HYPERON-EXPERIMENTAL-SCRIPTS",""
"","1","F1-MODULEA.10","","Tue Dec 24 10:18:34 GMT 2024","passed","Tue Dec 24 10:18:34 GMT 2024","","QUICK","QUICK",""
"","3","CONTROLLING-PATTERN-MATCHING---METTA-LANGUAGE5.01","","Tue Dec 24 10:01:32 GMT 2024","passed","Tue Dec 24 10:01:32 GMT 2024","","METTA-LANG","METTA-LANG",""
"","9","D2-HIGHERFUNC.21","","Tue Dec 24 10:18:34 GMT 2024","passed","Tue Dec 24 10:18:34 GMT 2024","","QUICK","QUICK",""
"","2","STATES-SPACES.02","","Tue Dec 24 09:58:21 GMT 2024","passed","Tue Dec 24 09:58:21 GMT 2024","","METTA-MORPH-TESTS","METTA-MORPH-TESTS",""
"","3","WORKING-WITH-SPACES---METTA-LANGUAGE3.04","","Tue Dec 24 10:01:32 GMT 2024","passed","Tue Dec 24 10:01:32 GMT 2024","","METTA-LANG","METTA-LANG",""
"","3","SUPERCOLLAPSE.06","","Tue Dec 24 09:58:21 GMT 2024","passed","Tue Dec 24 09:58:21 GMT 2024","","METTA-MORPH-TESTS","METTA-MORPH-TESTS",""
"","2","06-MATCH-IN-SPACE.04","","Tue Dec 24 09:52:48 GMT 2024","passed","Tue Dec 24 09:52:48 GMT 2024","","HYPERON-METTALOG-SANITY","HYPERON-METTALOG-SANITY",""
"","3","COMMA-IS-NOT-SPECIAL.01","","Tue Dec 24 09:45:56 GMT 2024","passed","Tue Dec 24 09:45:56 GMT 2024","","ANTI-REGRESSION","ANTI-REGRESSION",""
"","7000","metta-morph_tests.multifunction","","Tue Dec 24 09:45:50 GMT 2024","passed","Tue Dec 24 09:45:57 GMT 2024","","WHOLE-TESTS","WHOLE-TESTS",""
"","2","F1-MODULEA.04","","Tue Dec 24 10:18:34 GMT 2024","passed","Tue Dec 24 10:18:34 GMT 2024","","QUICK","QUICK",""
"","11","E3-MATCH-STATES.06","","Tue Dec 24 09:50:04 GMT 2024","failed","Tue Dec 24 09:50:04 GMT 2024","","HYPERON-EXPERIMENTAL-SCRIPTS","HYPERON-EXPERIMENTAL-SCRIPTS",""
"","5","UNIQUE-TEST.11","","Tue Dec 24 09:52:48 GMT 2024","passed","Tue Dec 24 09:52:48 GMT 2024","","HYPERON-METTALOG-SANITY","HYPERON-METTALOG-SANITY",""
"","3","BASIC-EVALUATION---METTA-LANGUAGE14.02","","Tue Dec 24 10:01:32 GMT 2024","passed","Tue Dec 24 10:01:32 GMT 2024","","METTA-LANG","METTA-LANG",""
"","2","METATYPES---METTA-LANGUAGE1.10","","Tue Dec 24 10:01:32 GMT 2024","passed","Tue Dec 24 10:01:32 GMT 2024","","METTA-LANG","METTA-LANG",""
"","1","06-MATCH-IN-SPACE.02","","Tue Dec 24 09:52:48 GMT 2024","passed","Tue Dec 24 09:52:48 GMT 2024","","HYPERON-METTALOG-SANITY","HYPERON-METTALOG-SANITY",""
"","2","BCHAIN-COMP.02","","Tue Dec 24 09:45:56 GMT 2024","passed","Tue Dec 24 09:45:56 GMT 2024","","ANTI-REGRESSION","ANTI-REGRESSION",""
"","2","06-MATCH-IN-SPACE.06","","Tue Dec 24 09:52:48 GMT 2024","passed","Tue Dec 24 09:52:48 GMT 2024","","HYPERON-METTALOG-SANITY","HYPERON-METTALOG-SANITY",""
"","2","D4-TYPE-PROP.18","","Tue Dec 24 10:18:34 GMT 2024","passed","Tue Dec 24 10:18:34 GMT 2024","","QUICK","QUICK",""
"","2","CONSOLE-OUTPUT-AND-DEBUGGING---METTA-LANGUAGE5.06","","Tue Dec 24 10:01:32 GMT 2024","passed","Tue Dec 24 10:01:32 GMT 2024","","METTA-LANG","METTA-LANG",""
"","1","D4-TYPE-PROP.12","","Tue Dec 24 09:50:04 GMT 2024","passed","Tue Dec 24 09:50:04 GMT 2024","","HYPERON-EXPERIMENTAL-SCRIPTS","HYPERON-EXPERIMENTAL-SCRIPTS",""
"","4","CONTROL-FLOW---METTA-LANGUAGE3.02","","Tue Dec 24 10:01:32 GMT 2024","passed","Tue Dec 24 10:01:32 GMT 2024","","METTA-LANG","METTA-LANG",""
"","3","B5-TYPES-PRELIM.07","","Tue Dec 24 09:50:04 GMT 2024","passed","Tue Dec 24 09:50:04 GMT 2024","","HYPERON-EXPERIMENTAL-SCRIPTS","HYPERON-EXPERIMENTAL-SCRIPTS",""
"","2","TMPMATCH1.04","","Tue Dec 24 09:45:56 GMT 2024","passed","Tue Dec 24 09:45:56 GMT 2024","","ANTI-REGRESSION","ANTI-REGRESSION",""
"","2","CONTROL-FLOW---METTA-LANGUAGE16.05","","Tue Dec 24 10:01:32 GMT 2024","passed","Tue Dec 24 10:01:32 GMT 2024","","METTA-LANG","METTA-LANG",""
"","3","E2-STATES.12","","Tue Dec 24 09:50:04 GMT 2024","passed","Tue Dec 24 09:50:04 GMT 2024","","HYPERON-EXPERIMENTAL-SCRIPTS","HYPERON-EXPERIMENTAL-SCRIPTS",""
"","2","00-LANG-CASE.10","","Tue Dec 24 09:52:48 GMT 2024","passed","Tue Dec 24 09:52:48 GMT 2024","","HYPERON-METTALOG-SANITY","HYPERON-METTALOG-SANITY",""
"","7000","metta_lang.Metatypes___MeTTa_Language3","","Tue Dec 24 09:45:50 GMT 2024","passed","Tue Dec 24 09:45:57 GMT 2024","","WHOLE-TESTS","WHOLE-TESTS",""
"","2","RECURSION-AND-CONTROL---METTA-LANGUAGE2.04","","Tue Dec 24 10:01:32 GMT 2024","passed","Tue Dec 24 10:01:32 GMT 2024","","METTA-LANG","METTA-LANG",""
"","3","D2-HIGHERFUNC.26","","Tue Dec 24 09:50:04 GMT 2024","passed","Tue Dec 24 09:50:04 GMT 2024","","HYPERON-EXPERIMENTAL-SCRIPTS","HYPERON-EXPERIMENTAL-SCRIPTS",""
"","3","OPERATIONS-OVER-ATOMS---METTA-LANGUAGE1.01","","Tue Dec 24 10:01:32 GMT 2024","passed","Tue Dec 24 10:01:32 GMT 2024","","METTA-LANG","METTA-LANG",""
"","42000","metta_lang.Nested_queries_and_recursive_graph_traversal___MeTTa_Language3","","Tue Dec 24 09:45:50 GMT 2024","failed","Tue Dec 24 09:46:32 GMT 2024","","WHOLE-TESTS","WHOLE-TESTS",""
"","3","STRING-TESTS.01","","Tue Dec 24 09:52:48 GMT 2024","passed","Tue Dec 24 09:52:48 GMT 2024","","HYPERON-METTALOG-SANITY","HYPERON-METTALOG-SANITY",""
"","7000","metta_lang.Control_flow___MeTTa_Language2","","Tue Dec 24 09:45:50 GMT 2024","passed","Tue Dec 24 09:45:57 GMT 2024","","WHOLE-TESTS","WHOLE-TESTS",""
"","1","FUNCTIONS-AND-UNIFICATION---METTA-LANGUAGE6.02","","Tue Dec 24 10:01:32 GMT 2024","passed","Tue Dec 24 10:01:32 GMT 2024","","METTA-LANG","METTA-LANG",""
"","2","D2-HIGHERFUNC.12","","Tue Dec 24 09:50:04 GMT 2024","passed","Tue Dec 24 09:50:04 GMT 2024","","HYPERON-EXPERIMENTAL-SCRIPTS","HYPERON-EXPERIMENTAL-SCRIPTS",""
"","7000","metta_lang.Working_with_spaces___MeTTa_Language17","","Tue Dec 24 09:45:50 GMT 2024","passed","Tue Dec 24 09:45:57 GMT 2024","","WHOLE-TESTS","WHOLE-TESTS",""
"","2","WORKING-WITH-SPACES---METTA-LANGUAGE10.02","","Tue Dec 24 10:01:32 GMT 2024","passed","Tue Dec 24 10:01:32 GMT 2024","","METTA-LANG","METTA-LANG",""
"","2","OR-TEST.04","","Tue Dec 24 09:52:48 GMT 2024","passed","Tue Dec 24 09:52:48 GMT 2024","","HYPERON-METTALOG-SANITY","HYPERON-METTALOG-SANITY",""
"","3","A1-SYMBOLS.05","","Tue Dec 24 09:50:04 GMT 2024","passed","Tue Dec 24 09:50:04 GMT 2024","","HYPERON-EXPERIMENTAL-SCRIPTS","HYPERON-EXPERIMENTAL-SCRIPTS",""
"","2","CATCH-THROW-TESTS.02","","Tue Dec 24 09:52:48 GMT 2024","passed","Tue Dec 24 09:52:48 GMT 2024","","HYPERON-METTALOG-SANITY","HYPERON-METTALOG-SANITY",""
"","2","METATYPES---METTA-LANGUAGE4.01","","Tue Dec 24 10:01:32 GMT 2024","passed","Tue Dec 24 10:01:32 GMT 2024","","METTA-LANG","METTA-LANG",""
"","3","BASIC-GROUNDED-FUNCTIONS---METTA-LANGUAGE4.01","","Tue Dec 24 10:01:32 GMT 2024","passed","Tue Dec 24 10:01:32 GMT 2024","","METTA-LANG","METTA-LANG",""
"","2","BASIC-GROUNDED-FUNCTIONS---METTA-LANGUAGE6.01","","Tue Dec 24 10:01:32 GMT 2024","passed","Tue Dec 24 10:01:32 GMT 2024","","METTA-LANG","METTA-LANG",""
"","3","BASIC-EVALUATION---METTA-LANGUAGE2.02","","Tue Dec 24 10:01:32 GMT 2024","passed","Tue Dec 24 10:01:32 GMT 2024","","METTA-LANG","METTA-LANG",""
"","3","CONTROLLING-PATTERN-MATCHING---METTA-LANGUAGE12.03","","Tue Dec 24 10:01:32 GMT 2024","passed","Tue Dec 24 10:01:32 GMT 2024","","METTA-LANG","METTA-LANG",""
"","7000","metta_lang.Concrete_types___MeTTa_Language13","","Tue Dec 24 09:45:50 GMT 2024","passed","Tue Dec 24 09:45:57 GMT 2024","","WHOLE-TESTS","WHOLE-TESTS",""
"","7000","metta-morph_tests.add_atom_match","","Tue Dec 24 09:45:50 GMT 2024","passed","Tue Dec 24 09:45:57 GMT 2024","","WHOLE-TESTS","WHOLE-TESTS",""
"","239","TIME-SYNTHESIZE-SHORT.01","","Tue Dec 24 09:55:59 GMT 2024","passed","Tue Dec 24 09:55:59 GMT 2024","","SYNTH-BUFFER","SYNTH-BUFFER",""
"","7000","metta_lang.Operations_over_atoms___MeTTa_Language8","","Tue Dec 24 09:45:50 GMT 2024","passed","Tue Dec 24 09:45:57 GMT 2024","","WHOLE-TESTS","WHOLE-TESTS",""
"","2","FUNCTIONS-AND-UNIFICATION---METTA-LANGUAGE2.06","","Tue Dec 24 10:01:32 GMT 2024","passed","Tue Dec 24 10:01:32 GMT 2024","","METTA-LANG","METTA-LANG",""
"","7000","metta_lang.Working_with_spaces___MeTTa_Language2","","Tue Dec 24 09:45:50 GMT 2024","passed","Tue Dec 24 09:45:57 GMT 2024","","WHOLE-TESTS","WHOLE-TESTS",""
"","74","F1-IMPORTS.18","","Tue Dec 24 09:50:04 GMT 2024","passed","Tue Dec 24 09:50:04 GMT 2024","","HYPERON-EXPERIMENTAL-SCRIPTS","HYPERON-EXPERIMENTAL-SCRIPTS",""
"","2","CONCRETE-TYPES---METTA-LANGUAGE10.01","","Tue Dec 24 10:01:32 GMT 2024","passed","Tue Dec 24 10:01:32 GMT 2024","","METTA-LANG","METTA-LANG",""
"","46179","TEST-SPO-116378.01","","Tue Dec 24 09:46:55 GMT 2024","passed","Tue Dec 24 09:47:41 GMT 2024","","METTA-WAM-ISSUE-116","METTA-WAM-ISSUE-116",""
"","3","D1-GADT.01","","Tue Dec 24 09:50:04 GMT 2024","passed","Tue Dec 24 09:50:04 GMT 2024","","HYPERON-EXPERIMENTAL-SCRIPTS","HYPERON-EXPERIMENTAL-SCRIPTS",""
"","15","CONTROLLING-PATTERN-MATCHING---METTA-LANGUAGE10.08","","Tue Dec 24 10:01:32 GMT 2024","passed","Tue Dec 24 10:01:32 GMT 2024","","METTA-LANG","METTA-LANG",""
"","3","B5-TYPES-PRELIM.16","","Tue Dec 24 09:50:04 GMT 2024","passed","Tue Dec 24 09:50:04 GMT 2024","","HYPERON-EXPERIMENTAL-SCRIPTS","HYPERON-EXPERIMENTAL-SCRIPTS",""
"","2","F1-IMPORTS.16","","Tue Dec 24 09:50:04 GMT 2024","passed","Tue Dec 24 09:50:04 GMT 2024","","HYPERON-EXPERIMENTAL-SCRIPTS","HYPERON-EXPERIMENTAL-SCRIPTS",""
"","42000","anti-regression.mettalogTestCurried","","Tue Dec 24 09:45:50 GMT 2024","failed","Tue Dec 24 09:46:32 GMT 2024","","WHOLE-TESTS","WHOLE-TESTS",""
"","2","STRING-TESTS.02","","Tue Dec 24 09:52:48 GMT 2024","passed","Tue Dec 24 09:52:48 GMT 2024","","HYPERON-METTALOG-SANITY","HYPERON-METTALOG-SANITY",""
"","7000","metta_lang.Working_with_spaces___MeTTa_Language6","","Tue Dec 24 09:45:50 GMT 2024","passed","Tue Dec 24 09:45:57 GMT 2024","","WHOLE-TESTS","WHOLE-TESTS",""
"","2","BASIC-EVALUATION---METTA-LANGUAGE15.05","","Tue Dec 24 10:01:32 GMT 2024","passed","Tue Dec 24 10:01:32 GMT 2024","","METTA-LANG","METTA-LANG",""
"","49","CONTROL-FLOW---METTA-LANGUAGE2.01","","Tue Dec 24 10:01:32 GMT 2024","failed","Tue Dec 24 10:01:32 GMT 2024","","METTA-LANG","METTA-LANG",""
"","896","FREE-VARIABLES-AND-NONDETERMINISM-AGAIN,-RECURSIVELY---METTA-LANGUAGE3.02","","Tue Dec 24 10:01:32 GMT 2024","passed","Tue Dec 24 10:01:32 GMT 2024","","METTA-LANG","METTA-LANG",""
"","2","C1-GROUNDED-BASIC.19","","Tue Dec 24 09:50:04 GMT 2024","passed","Tue Dec 24 09:50:04 GMT 2024","","HYPERON-EXPERIMENTAL-SCRIPTS","HYPERON-EXPERIMENTAL-SCRIPTS",""
"","2","CONSOLE-OUTPUT-AND-DEBUGGING---METTA-LANGUAGE5.01","","Tue Dec 24 10:01:32 GMT 2024","passed","Tue Dec 24 10:01:32 GMT 2024","","METTA-LANG","METTA-LANG",""
"","2","CONCRETE-TYPES---METTA-LANGUAGE1.03","","Tue Dec 24 10:01:32 GMT 2024","passed","Tue Dec 24 10:01:32 GMT 2024","","METTA-LANG","METTA-LANG",""
"","2","FUNCTIONS-AND-UNIFICATION---METTA-LANGUAGE1.04","","Tue Dec 24 10:01:32 GMT 2024","passed","Tue Dec 24 10:01:32 GMT 2024","","METTA-LANG","METTA-LANG",""
"","7000","hyperon-mettalog_sanity.xor_test","","Tue Dec 24 09:45:50 GMT 2024","passed","Tue Dec 24 09:45:57 GMT 2024","","WHOLE-TESTS","WHOLE-TESTS",""
"","2","OPERATIONS-OVER-ATOMS---METTA-LANGUAGE3.01","","Tue Dec 24 10:01:32 GMT 2024","passed","Tue Dec 24 10:01:32 GMT 2024","","METTA-LANG","METTA-LANG",""
"","6000","metta_lang.Functions_and_unification___MeTTa_Language7","","Tue Dec 24 09:45:50 GMT 2024","passed","Tue Dec 24 09:45:56 GMT 2024","","WHOLE-TESTS","WHOLE-TESTS",""
"","2","HANDLING-NONDETERMINISTIC-RESULTS---METTA-LANGUAGE7.03","","Tue Dec 24 10:01:32 GMT 2024","passed","Tue Dec 24 10:01:32 GMT 2024","","METTA-LANG","METTA-LANG",""
"","2","E3-MATCH-STATES.04","","Tue Dec 24 09:50:04 GMT 2024","passed","Tue Dec 24 09:50:04 GMT 2024","","HYPERON-EXPERIMENTAL-SCRIPTS","HYPERON-EXPERIMENTAL-SCRIPTS",""
"","49","D5-AUTO-TYPES.05","","Tue Dec 24 09:50:04 GMT 2024","failed","Tue Dec 24 09:50:04 GMT 2024","","HYPERON-EXPERIMENTAL-SCRIPTS","HYPERON-EXPERIMENTAL-SCRIPTS",""
"","2","METATYPES---METTA-LANGUAGE2.07","","Tue Dec 24 10:01:32 GMT 2024","passed","Tue Dec 24 10:01:32 GMT 2024","","METTA-LANG","METTA-LANG",""
"","2","METATYPES---METTA-LANGUAGE1.07","","Tue Dec 24 10:01:32 GMT 2024","passed","Tue Dec 24 10:01:32 GMT 2024","","METTA-LANG","METTA-LANG",""
"","25","WORKING-WITH-SPACES---METTA-LANGUAGE17.02","","Tue Dec 24 10:01:32 GMT 2024","failed","Tue Dec 24 10:01:32 GMT 2024","","METTA-LANG","METTA-LANG",""
"","3","NESTED-QUERIES-AND-RECURSIVE-GRAPH-TRAVERSAL---METTA-LANGUAGE2.01","","Tue Dec 24 10:01:32 GMT 2024","passed","Tue Dec 24 10:01:32 GMT 2024","","METTA-LANG","METTA-LANG",""
"","3","B1-EQUAL-CHAIN.05","","Tue Dec 24 09:50:04 GMT 2024","passed","Tue Dec 24 09:50:04 GMT 2024","","HYPERON-EXPERIMENTAL-SCRIPTS","HYPERON-EXPERIMENTAL-SCRIPTS",""
"","2","D1-GADT.14","","Tue Dec 24 10:18:34 GMT 2024","passed","Tue Dec 24 10:18:34 GMT 2024","","QUICK","QUICK",""
"","52","CONTROLLING-PATTERN-MATCHING---METTA-LANGUAGE9.02","","Tue Dec 24 10:01:32 GMT 2024","passed","Tue Dec 24 10:01:32 GMT 2024","","METTA-LANG","METTA-LANG",""
"","5","WORKING-WITH-SPACES---METTA-LANGUAGE4.02","","Tue Dec 24 10:01:32 GMT 2024","passed","Tue Dec 24 10:01:32 GMT 2024","","METTA-LANG","METTA-LANG",""
"","2","BASIC-EVALUATION---METTA-LANGUAGE7.01","","Tue Dec 24 10:01:32 GMT 2024","passed","Tue Dec 24 10:01:32 GMT 2024","","METTA-LANG","METTA-LANG",""
"","68","WORKING-WITH-SPACES---METTA-LANGUAGE8.06","","Tue Dec 24 10:01:32 GMT 2024","failed","Tue Dec 24 10:01:32 GMT 2024","","METTA-LANG","METTA-LANG",""
"","2","SUPERCOLLAPSE.08","","Tue Dec 24 09:58:21 GMT 2024","passed","Tue Dec 24 09:58:21 GMT 2024","","METTA-MORPH-TESTS","METTA-MORPH-TESTS",""
"","7000","metta_lang.Concrete_types___MeTTa_Language7","","Tue Dec 24 09:45:50 GMT 2024","passed","Tue Dec 24 09:45:57 GMT 2024","","WHOLE-TESTS","WHOLE-TESTS",""
"","7000","metta_lang.Working_with_spaces___MeTTa_Language8","","Tue Dec 24 09:45:50 GMT 2024","passed","Tue Dec 24 09:45:57 GMT 2024","","WHOLE-TESTS","WHOLE-TESTS",""
"","3","INTERSECTION-TESTS.05","","Tue Dec 24 09:52:48 GMT 2024","passed","Tue Dec 24 09:52:48 GMT 2024","","HYPERON-METTALOG-SANITY","HYPERON-METTALOG-SANITY",""
"","7000","metta_lang.Working_with_spaces___MeTTa_Language1","","Tue Dec 24 09:45:50 GMT 2024","passed","Tue Dec 24 09:45:57 GMT 2024","","WHOLE-TESTS","WHOLE-TESTS",""
"","2","A1-SYMBOLS.06","","Tue Dec 24 09:50:04 GMT 2024","passed","Tue Dec 24 09:50:04 GMT 2024","","HYPERON-EXPERIMENTAL-SCRIPTS","HYPERON-EXPERIMENTAL-SCRIPTS",""
"","2","WORKING-WITH-SPACES---METTA-LANGUAGE2.05","","Tue Dec 24 10:01:32 GMT 2024","passed","Tue Dec 24 10:01:32 GMT 2024","","METTA-LANG","METTA-LANG",""
"","17","WORKING-WITH-SPACES---METTA-LANGUAGE7.02","","Tue Dec 24 10:01:32 GMT 2024","failed","Tue Dec 24 10:01:32 GMT 2024","","METTA-LANG","METTA-LANG",""
"","2","CATCH-THROW-TESTS.10","","Tue Dec 24 09:52:48 GMT 2024","passed","Tue Dec 24 09:52:48 GMT 2024","","HYPERON-METTALOG-SANITY","HYPERON-METTALOG-SANITY",""
"","2","SEQUENTIAL-NESTED.04","","Tue Dec 24 09:58:21 GMT 2024","passed","Tue Dec 24 09:58:21 GMT 2024","","METTA-MORPH-TESTS","METTA-MORPH-TESTS",""
"","7000","metta_lang.Recursive_and_parametric_types___MeTTa_Language2","","Tue Dec 24 09:45:50 GMT 2024","passed","Tue Dec 24 09:45:57 GMT 2024","","WHOLE-TESTS","WHOLE-TESTS",""
"","2","C1-GROUNDED-BASIC.16","","Tue Dec 24 10:18:34 GMT 2024","passed","Tue Dec 24 10:18:34 GMT 2024","","QUICK","QUICK",""
"","2","METATYPES---METTA-LANGUAGE1.09","","Tue Dec 24 10:01:32 GMT 2024","passed","Tue Dec 24 10:01:32 GMT 2024","","METTA-LANG","METTA-LANG",""
"","6000","metta_lang.Basic_evaluation___MeTTa_Language2","","Tue Dec 24 09:45:50 GMT 2024","passed","Tue Dec 24 09:45:56 GMT 2024","","WHOLE-TESTS","WHOLE-TESTS",""
"","3","CONTROLLING-PATTERN-MATCHING---METTA-LANGUAGE3.01","","Tue Dec 24 10:01:32 GMT 2024","passed","Tue Dec 24 10:01:32 GMT 2024","","METTA-LANG","METTA-LANG",""
"","7000","metta-morph_tests.peano","","Tue Dec 24 09:45:50 GMT 2024","passed","Tue Dec 24 09:45:57 GMT 2024","","WHOLE-TESTS","WHOLE-TESTS",""
"","7000","metta_lang.Working_with_spaces___MeTTa_Language12","","Tue Dec 24 09:45:50 GMT 2024","passed","Tue Dec 24 09:45:57 GMT 2024","","WHOLE-TESTS","WHOLE-TESTS",""
"","3","FUNCTIONS-AND-UNIFICATION---METTA-LANGUAGE4.04","","Tue Dec 24 10:01:32 GMT 2024","passed","Tue Dec 24 10:01:32 GMT 2024","","METTA-LANG","METTA-LANG",""
"","3","D2-HIGHERFUNC.27","","Tue Dec 24 10:18:34 GMT 2024","passed","Tue Dec 24 10:18:34 GMT 2024","","QUICK","QUICK",""
"","2","B4-NONDETERM.04","","Tue Dec 24 09:50:04 GMT 2024","passed","Tue Dec 24 09:50:04 GMT 2024","","HYPERON-EXPERIMENTAL-SCRIPTS","HYPERON-EXPERIMENTAL-SCRIPTS",""
"","2","CONCRETE-TYPES---METTA-LANGUAGE8.02","","Tue Dec 24 10:01:32 GMT 2024","passed","Tue Dec 24 10:01:32 GMT 2024","","METTA-LANG","METTA-LANG",""
"","2","B1-EQUAL-CHAIN.03","","Tue Dec 24 09:50:04 GMT 2024","passed","Tue Dec 24 09:50:04 GMT 2024","","HYPERON-EXPERIMENTAL-SCRIPTS","HYPERON-EXPERIMENTAL-SCRIPTS",""
"","3","CONTROL-FLOW---METTA-LANGUAGE16.01","","Tue Dec 24 10:01:32 GMT 2024","passed","Tue Dec 24 10:01:32 GMT 2024","","METTA-LANG","METTA-LANG",""
"","2","C1-GROUNDED-BASIC.13","","Tue Dec 24 09:50:04 GMT 2024","passed","Tue Dec 24 09:50:04 GMT 2024","","HYPERON-EXPERIMENTAL-SCRIPTS","HYPERON-EXPERIMENTAL-SCRIPTS",""
"","2","LET-SUPERPOSE-LIST.01","","Tue Dec 24 09:58:21 GMT 2024","passed","Tue Dec 24 09:58:21 GMT 2024","","METTA-MORPH-TESTS","METTA-MORPH-TESTS",""
"","2","B5-TYPES-PRELIM.09","","Tue Dec 24 09:50:04 GMT 2024","passed","Tue Dec 24 09:50:04 GMT 2024","","HYPERON-EXPERIMENTAL-SCRIPTS","HYPERON-EXPERIMENTAL-SCRIPTS",""
"","2","D2-HIGHERFUNC.09","","Tue Dec 24 10:18:34 GMT 2024","passed","Tue Dec 24 10:18:34 GMT 2024","","QUICK","QUICK",""
"","2","CONTROL-FLOW---METTA-LANGUAGE16.06","","Tue Dec 24 10:01:32 GMT 2024","passed","Tue Dec 24 10:01:32 GMT 2024","","METTA-LANG","METTA-LANG",""
"","2","HANDLING-NONDETERMINISTIC-RESULTS---METTA-LANGUAGE6.03","","Tue Dec 24 10:01:32 GMT 2024","passed","Tue Dec 24 10:01:32 GMT 2024","","METTA-LANG","METTA-LANG",""
"","3","BCHAIN.03","","Tue Dec 24 09:45:56 GMT 2024","passed","Tue Dec 24 09:45:56 GMT 2024","","ANTI-REGRESSION","ANTI-REGRESSION",""
"","4","CONTROLLING-PATTERN-MATCHING---METTA-LANGUAGE10.01","","Tue Dec 24 10:01:32 GMT 2024","passed","Tue Dec 24 10:01:32 GMT 2024","","METTA-LANG","METTA-LANG",""
"","3","BASE-TEST-REPR-PARSE-INTERSECTION.03","","Tue Dec 24 09:52:48 GMT 2024","passed","Tue Dec 24 09:52:48 GMT 2024","","HYPERON-METTALOG-SANITY","HYPERON-METTALOG-SANITY",""
"","7000","metta_lang.Handling_nondeterministic_results___MeTTa_Language2","","Tue Dec 24 09:45:50 GMT 2024","passed","Tue Dec 24 09:45:57 GMT 2024","","WHOLE-TESTS","WHOLE-TESTS",""
"","2","HYPERPOSE.05","","Tue Dec 24 09:58:21 GMT 2024","passed","Tue Dec 24 09:58:21 GMT 2024","","METTA-MORPH-TESTS","METTA-MORPH-TESTS",""
"","2","QUERYING-SPACE-CONTENT---METTA-LANGUAGE4.02","","Tue Dec 24 10:01:32 GMT 2024","passed","Tue Dec 24 10:01:32 GMT 2024","","METTA-LANG","METTA-LANG",""
"","1","D1-GADT.08","","Tue Dec 24 10:18:34 GMT 2024","passed","Tue Dec 24 10:18:34 GMT 2024","","QUICK","QUICK",""
"","7000","hyperon-mettalog_sanity.sealed_test","","Tue Dec 24 09:45:50 GMT 2024","passed","Tue Dec 24 09:45:57 GMT 2024","","WHOLE-TESTS","WHOLE-TESTS",""
"","3","SUBTRACTION-TEST.01","","Tue Dec 24 09:52:48 GMT 2024","passed","Tue Dec 24 09:52:48 GMT 2024","","HYPERON-METTALOG-SANITY","HYPERON-METTALOG-SANITY",""
"","75","B4-NONDETERM.03","","Tue Dec 24 09:50:04 GMT 2024","passed","Tue Dec 24 09:50:04 GMT 2024","","HYPERON-EXPERIMENTAL-SCRIPTS","HYPERON-EXPERIMENTAL-SCRIPTS",""
"","3","SUPERPOSE-NESTED.01","","Tue Dec 24 09:58:21 GMT 2024","passed","Tue Dec 24 09:58:21 GMT 2024","","METTA-MORPH-TESTS","METTA-MORPH-TESTS",""
"","2","SUPERCOLLAPSE.01","","Tue Dec 24 09:58:21 GMT 2024","passed","Tue Dec 24 09:58:21 GMT 2024","","METTA-MORPH-TESTS","METTA-MORPH-TESTS",""
"","3","TESTS0.04","","Tue Dec 24 09:58:21 GMT 2024","passed","Tue Dec 24 09:58:21 GMT 2024","","METTA-MORPH-TESTS","METTA-MORPH-TESTS",""
"","9","MATCH-VOID.05","","Tue Dec 24 09:58:21 GMT 2024","passed","Tue Dec 24 09:58:21 GMT 2024","","METTA-MORPH-TESTS","METTA-MORPH-TESTS",""
"","15","D3-DEPTYPES.04","","Tue Dec 24 09:50:04 GMT 2024","passed","Tue Dec 24 09:50:04 GMT 2024","","HYPERON-EXPERIMENTAL-SCRIPTS","HYPERON-EXPERIMENTAL-SCRIPTS",""
"","2","OPERATIONS-OVER-ATOMS---METTA-LANGUAGE3.02","","Tue Dec 24 10:01:32 GMT 2024","passed","Tue Dec 24 10:01:32 GMT 2024","","METTA-LANG","METTA-LANG",""
"","2","A2-OPENCOGGY.01","","Tue Dec 24 09:50:04 GMT 2024","passed","Tue Dec 24 09:50:04 GMT 2024","","HYPERON-EXPERIMENTAL-SCRIPTS","HYPERON-EXPERIMENTAL-SCRIPTS",""
"","859","WORKING-WITH-SPACES---METTA-LANGUAGE13.02","","Tue Dec 24 10:01:32 GMT 2024","failed","Tue Dec 24 10:01:32 GMT 2024","","METTA-LANG","METTA-LANG",""
"","22879","TIME-SYNTHESIZE-SHORT.02","","Tue Dec 24 09:55:59 GMT 2024","passed","Tue Dec 24 09:56:21 GMT 2024","","SYNTH-BUFFER","SYNTH-BUFFER",""
"","15","RECURSIVE-AND-PARAMETRIC-TYPES---METTA-LANGUAGE7.08","","Tue Dec 24 10:01:32 GMT 2024","passed","Tue Dec 24 10:01:32 GMT 2024","","METTA-LANG","METTA-LANG",""
"","2","D4-TYPE-PROP.07","","Tue Dec 24 09:50:04 GMT 2024","passed","Tue Dec 24 09:50:04 GMT 2024","","HYPERON-EXPERIMENTAL-SCRIPTS","HYPERON-EXPERIMENTAL-SCRIPTS",""
"","57","D5-AUTO-TYPES.02","","Tue Dec 24 09:50:04 GMT 2024","failed","Tue Dec 24 09:50:04 GMT 2024","","HYPERON-EXPERIMENTAL-SCRIPTS","HYPERON-EXPERIMENTAL-SCRIPTS",""
"","10","CONTROLLING-PATTERN-MATCHING---METTA-LANGUAGE6.02","","Tue Dec 24 10:01:32 GMT 2024","failed","Tue Dec 24 10:01:32 GMT 2024","","METTA-LANG","METTA-LANG",""
"","3","FREE-VARIABLES-AND-NONDETERMINISM-AGAIN,-RECURSIVELY---METTA-LANGUAGE1.01","","Tue Dec 24 10:01:32 GMT 2024","passed","Tue Dec 24 10:01:32 GMT 2024","","METTA-LANG","METTA-LANG",""
"","7000","metta_lang.Free_variables_and_nondeterminism_again,_recursively___MeTTa_Language1","","Tue Dec 24 09:45:50 GMT 2024","passed","Tue Dec 24 09:45:57 GMT 2024","","WHOLE-TESTS","WHOLE-TESTS",""
"","2","B0-CHAINING-PRELIM.03","","Tue Dec 24 09:50:04 GMT 2024","passed","Tue Dec 24 09:50:04 GMT 2024","","HYPERON-EXPERIMENTAL-SCRIPTS","HYPERON-EXPERIMENTAL-SCRIPTS",""
"","16","SPACE-INTERSECTION-TESTS.16","","Tue Dec 24 09:52:48 GMT 2024","failed","Tue Dec 24 09:52:48 GMT 2024","","HYPERON-METTALOG-SANITY","HYPERON-METTALOG-SANITY",""
"","2","B2-BACKCHAIN.03","","Tue Dec 24 09:50:04 GMT 2024","passed","Tue Dec 24 09:50:04 GMT 2024","","HYPERON-EXPERIMENTAL-SCRIPTS","HYPERON-EXPERIMENTAL-SCRIPTS",""
"","2","MATCH-SUPERPOSED-SPACES.02","","Tue Dec 24 09:58:21 GMT 2024","passed","Tue Dec 24 09:58:21 GMT 2024","","METTA-MORPH-TESTS","METTA-MORPH-TESTS",""
"","3","STRING-TESTS.08","","Tue Dec 24 09:52:48 GMT 2024","passed","Tue Dec 24 09:52:48 GMT 2024","","HYPERON-METTALOG-SANITY","HYPERON-METTALOG-SANITY",""
"","7000","metta_lang.Concrete_types___MeTTa_Language5","","Tue Dec 24 09:45:50 GMT 2024","passed","Tue Dec 24 09:45:57 GMT 2024","","WHOLE-TESTS","WHOLE-TESTS",""
"","2","XOR-TEST.02","","Tue Dec 24 09:52:48 GMT 2024","passed","Tue Dec 24 09:52:48 GMT 2024","","HYPERON-METTALOG-SANITY","HYPERON-METTALOG-SANITY",""
"","2","INTERSECTION-TESTS.19","","Tue Dec 24 09:52:48 GMT 2024","passed","Tue Dec 24 09:52:48 GMT 2024","","HYPERON-METTALOG-SANITY","HYPERON-METTALOG-SANITY",""
"","97","B5-TYPES-PRELIM.11","","Tue Dec 24 09:50:04 GMT 2024","failed","Tue Dec 24 09:50:04 GMT 2024","","HYPERON-EXPERIMENTAL-SCRIPTS","HYPERON-EXPERIMENTAL-SCRIPTS",""
"","7000","metta_lang.Handling_nondeterministic_results___MeTTa_Language6","","Tue Dec 24 09:45:50 GMT 2024","passed","Tue Dec 24 09:45:57 GMT 2024","","WHOLE-TESTS","WHOLE-TESTS",""
"","13","D4-TYPE-PROP.03","","Tue Dec 24 10:18:34 GMT 2024","passed","Tue Dec 24 10:18:34 GMT 2024","","QUICK","QUICK",""
"","1","D4-TYPE-PROP.13","","Tue Dec 24 10:18:34 GMT 2024","passed","Tue Dec 24 10:18:34 GMT 2024","","QUICK","QUICK",""
"","2","HANDLING-NONDETERMINISTIC-RESULTS---METTA-LANGUAGE2.01","","Tue Dec 24 10:01:32 GMT 2024","passed","Tue Dec 24 10:01:32 GMT 2024","","METTA-LANG","METTA-LANG",""
"","2","03-SORING-VIA-INSERT.04","","Tue Dec 24 09:52:48 GMT 2024","passed","Tue Dec 24 09:52:48 GMT 2024","","HYPERON-METTALOG-SANITY","HYPERON-METTALOG-SANITY",""
"","2","XOR-TEST.05","","Tue Dec 24 09:52:48 GMT 2024","passed","Tue Dec 24 09:52:48 GMT 2024","","HYPERON-METTALOG-SANITY","HYPERON-METTALOG-SANITY",""
"","2","NESTED-QUERIES-AND-RECURSIVE-GRAPH-TRAVERSAL---METTA-LANGUAGE3.01","","Tue Dec 24 10:01:32 GMT 2024","passed","Tue Dec 24 10:01:32 GMT 2024","","METTA-LANG","METTA-LANG",""
"","75","INTERSECTION-TESTS.29","","Tue Dec 24 09:52:48 GMT 2024","failed","Tue Dec 24 09:52:48 GMT 2024","","HYPERON-METTALOG-SANITY","HYPERON-METTALOG-SANITY",""
"","2","CONSOLE-OUTPUT-AND-DEBUGGING---METTA-LANGUAGE2.04","","Tue Dec 24 10:01:32 GMT 2024","passed","Tue Dec 24 10:01:32 GMT 2024","","METTA-LANG","METTA-LANG",""
"","2","METATYPES---METTA-LANGUAGE1.08","","Tue Dec 24 10:01:32 GMT 2024","passed","Tue Dec 24 10:01:32 GMT 2024","","METTA-LANG","METTA-LANG",""
"","3","BASIC-EVALUATION---METTA-LANGUAGE14.01","","Tue Dec 24 10:01:32 GMT 2024","passed","Tue Dec 24 10:01:32 GMT 2024","","METTA-LANG","METTA-LANG",""
"","2","BCHAIN-COMP.05","","Tue Dec 24 09:45:56 GMT 2024","passed","Tue Dec 24 09:45:56 GMT 2024","","ANTI-REGRESSION","ANTI-REGRESSION",""
"","3","BASIC-GROUNDED-FUNCTIONS---METTA-LANGUAGE8.01","","Tue Dec 24 10:01:32 GMT 2024","passed","Tue Dec 24 10:01:32 GMT 2024","","METTA-LANG","METTA-LANG",""
"","3","QUERYING-SPACE-CONTENT---METTA-LANGUAGE5.03","","Tue Dec 24 10:01:32 GMT 2024","passed","Tue Dec 24 10:01:32 GMT 2024","","METTA-LANG","METTA-LANG",""
"","2","STATES-SPACES.04","","Tue Dec 24 09:58:21 GMT 2024","passed","Tue Dec 24 09:58:21 GMT 2024","","METTA-MORPH-TESTS","METTA-MORPH-TESTS",""
"","7000","metta_lang.Nested_queries_and_recursive_graph_traversal___MeTTa_Language2","","Tue Dec 24 09:45:50 GMT 2024","passed","Tue Dec 24 09:45:57 GMT 2024","","WHOLE-TESTS","WHOLE-TESTS",""
"","3","B5-TYPES-PRELIM.10","","Tue Dec 24 09:50:04 GMT 2024","passed","Tue Dec 24 09:50:04 GMT 2024","","HYPERON-EXPERIMENTAL-SCRIPTS","HYPERON-EXPERIMENTAL-SCRIPTS",""
"","2","RECURSIVE-AND-PARAMETRIC-TYPES---METTA-LANGUAGE7.02","","Tue Dec 24 10:01:32 GMT 2024","passed","Tue Dec 24 10:01:32 GMT 2024","","METTA-LANG","METTA-LANG",""
"","3","E2-STATES.02","","Tue Dec 24 09:50:04 GMT 2024","passed","Tue Dec 24 09:50:04 GMT 2024","","HYPERON-EXPERIMENTAL-SCRIPTS","HYPERON-EXPERIMENTAL-SCRIPTS",""
"","3","D2-HIGHERFUNC.24","","Tue Dec 24 10:18:34 GMT 2024","passed","Tue Dec 24 10:18:34 GMT 2024","","QUICK","QUICK",""
"","2","D2-HIGHERFUNC.16","","Tue Dec 24 10:18:34 GMT 2024","passed","Tue Dec 24 10:18:34 GMT 2024","","QUICK","QUICK",""
"","3","BASIC-EVALUATION---METTA-LANGUAGE3.01","","Tue Dec 24 10:01:32 GMT 2024","passed","Tue Dec 24 10:01:32 GMT 2024","","METTA-LANG","METTA-LANG",""
"","5","G1-DOCS.01","","Tue Dec 24 09:50:04 GMT 2024","passed","Tue Dec 24 09:50:04 GMT 2024","","HYPERON-EXPERIMENTAL-SCRIPTS","HYPERON-EXPERIMENTAL-SCRIPTS",""
"","2","SPACE-INTERSECTION-TESTS.13","","Tue Dec 24 09:52:48 GMT 2024","passed","Tue Dec 24 09:52:48 GMT 2024","","HYPERON-METTALOG-SANITY","HYPERON-METTALOG-SANITY",""
"","7000","metta_lang.Controlling_pattern_matching___MeTTa_Language1","","Tue Dec 24 09:45:50 GMT 2024","passed","Tue Dec 24 09:45:57 GMT 2024","","WHOLE-TESTS","WHOLE-TESTS",""
"","7000","hyperon-experimental_scripts.b5_types_prelim","","Tue Dec 24 09:45:50 GMT 2024","passed","Tue Dec 24 09:45:57 GMT 2024","","WHOLE-TESTS","WHOLE-TESTS",""
"","3","METATYPES---METTA-LANGUAGE2.05","","Tue Dec 24 10:01:32 GMT 2024","passed","Tue Dec 24 10:01:32 GMT 2024","","METTA-LANG","METTA-LANG",""
"","2","B2-BACKCHAIN.02","","Tue Dec 24 09:50:04 GMT 2024","passed","Tue Dec 24 09:50:04 GMT 2024","","HYPERON-EXPERIMENTAL-SCRIPTS","HYPERON-EXPERIMENTAL-SCRIPTS",""
"","6000","metta_lang.Basic_evaluation___MeTTa_Language12","","Tue Dec 24 09:45:50 GMT 2024","passed","Tue Dec 24 09:45:56 GMT 2024","","WHOLE-TESTS","WHOLE-TESTS",""
"","2","F1-IMPORTS.14","","Tue Dec 24 10:18:34 GMT 2024","passed","Tue Dec 24 10:18:34 GMT 2024","","QUICK","QUICK",""
"","64","RECURSIVE-AND-PARAMETRIC-TYPES---METTA-LANGUAGE8.02","","Tue Dec 24 10:01:32 GMT 2024","failed","Tue Dec 24 10:01:32 GMT 2024","","METTA-LANG","METTA-LANG",""
"","1","F1-MODULEA.04","","Tue Dec 24 09:50:04 GMT 2024","passed","Tue Dec 24 09:50:04 GMT 2024","","HYPERON-EXPERIMENTAL-SCRIPTS","HYPERON-EXPERIMENTAL-SCRIPTS",""
"","3","D2-HIGHERFUNC.01","","Tue Dec 24 10:18:34 GMT 2024","passed","Tue Dec 24 10:18:34 GMT 2024","","QUICK","QUICK",""
"","3","CONSOLE-OUTPUT-AND-DEBUGGING---METTA-LANGUAGE3.01","","Tue Dec 24 10:01:32 GMT 2024","passed","Tue Dec 24 10:01:32 GMT 2024","","METTA-LANG","METTA-LANG",""
"","7000","module-system.c2_spaces","","Tue Dec 24 09:45:50 GMT 2024","passed","Tue Dec 24 09:45:57 GMT 2024","","WHOLE-TESTS","WHOLE-TESTS",""
"","3","E1-KB-WRITE.02","","Tue Dec 24 09:50:04 GMT 2024","passed","Tue Dec 24 09:50:04 GMT 2024","","HYPERON-EXPERIMENTAL-SCRIPTS","HYPERON-EXPERIMENTAL-SCRIPTS",""
"","72","BASIC-GROUNDED-FUNCTIONS---METTA-LANGUAGE4.04","","Tue Dec 24 10:01:32 GMT 2024","failed","Tue Dec 24 10:01:32 GMT 2024","","METTA-LANG","METTA-LANG",""
"","3","RECURSION-AND-CONTROL---METTA-LANGUAGE7.04","","Tue Dec 24 10:01:32 GMT 2024","passed","Tue Dec 24 10:01:32 GMT 2024","","METTA-LANG","METTA-LANG",""
"","2","F1-MODULEA.01","","Tue Dec 24 09:45:43 GMT 2024","passed","Tue Dec 24 09:45:43 GMT 2024","","MODULE-SYSTEM","MODULE-SYSTEM",""
"","3","FIND-ALL-TESTS.01","","Tue Dec 24 09:52:48 GMT 2024","passed","Tue Dec 24 09:52:48 GMT 2024","","HYPERON-METTALOG-SANITY","HYPERON-METTALOG-SANITY",""
"","7000","metta_lang.Concrete_types___MeTTa_Language6","","Tue Dec 24 09:45:50 GMT 2024","passed","Tue Dec 24 09:45:57 GMT 2024","","WHOLE-TESTS","WHOLE-TESTS",""
"","2","TEST-IF-CLOSED.04","","Tue Dec 24 09:45:56 GMT 2024","passed","Tue Dec 24 09:45:56 GMT 2024","","ANTI-REGRESSION","ANTI-REGRESSION",""
"","2","CONTROLLING-PATTERN-MATCHING---METTA-LANGUAGE12.07","","Tue Dec 24 10:01:32 GMT 2024","passed","Tue Dec 24 10:01:32 GMT 2024","","METTA-LANG","METTA-LANG",""
"","2","C2-SPACES.05","","Tue Dec 24 09:50:04 GMT 2024","passed","Tue Dec 24 09:50:04 GMT 2024","","HYPERON-EXPERIMENTAL-SCRIPTS","HYPERON-EXPERIMENTAL-SCRIPTS",""
"","2","RECURSIVE-AND-PARAMETRIC-TYPES---METTA-LANGUAGE2.02","","Tue Dec 24 10:01:32 GMT 2024","passed","Tue Dec 24 10:01:32 GMT 2024","","METTA-LANG","METTA-LANG",""
"","2","D2-HIGHERFUNC.16","","Tue Dec 24 09:50:04 GMT 2024","passed","Tue Dec 24 09:50:04 GMT 2024","","HYPERON-EXPERIMENTAL-SCRIPTS","HYPERON-EXPERIMENTAL-SCRIPTS",""
"","2","CONTROLLING-PATTERN-MATCHING---METTA-LANGUAGE12.14","","Tue Dec 24 10:01:32 GMT 2024","passed","Tue Dec 24 10:01:32 GMT 2024","","METTA-LANG","METTA-LANG",""
"","2","FUNCTIONAL-PROGRAMMING-TESTS.01","","Tue Dec 24 09:52:48 GMT 2024","passed","Tue Dec 24 09:52:48 GMT 2024","","HYPERON-METTALOG-SANITY","HYPERON-METTALOG-SANITY",""
"","3","D4-TYPE-PROP.02","","Tue Dec 24 09:50:04 GMT 2024","passed","Tue Dec 24 09:50:04 GMT 2024","","HYPERON-EXPERIMENTAL-SCRIPTS","HYPERON-EXPERIMENTAL-SCRIPTS",""
"","7000","metta_lang.Concrete_types___MeTTa_Language12","","Tue Dec 24 09:45:50 GMT 2024","passed","Tue Dec 24 09:45:57 GMT 2024","","WHOLE-TESTS","WHOLE-TESTS",""
"","14","CONCRETE-TYPES---METTA-LANGUAGE7.03","","Tue Dec 24 10:01:32 GMT 2024","passed","Tue Dec 24 10:01:32 GMT 2024","","METTA-LANG","METTA-LANG",""
"","2","MAX-TIME-TESTS.05","","Tue Dec 24 09:52:48 GMT 2024","passed","Tue Dec 24 09:52:48 GMT 2024","","HYPERON-METTALOG-SANITY","HYPERON-METTALOG-SANITY",""
"","3","B2-BACKCHAIN.05","","Tue Dec 24 09:50:04 GMT 2024","passed","Tue Dec 24 09:50:04 GMT 2024","","HYPERON-EXPERIMENTAL-SCRIPTS","HYPERON-EXPERIMENTAL-SCRIPTS",""
"","1","CONTROLLING-PATTERN-MATCHING---METTA-LANGUAGE1.02","","Tue Dec 24 10:01:32 GMT 2024","passed","Tue Dec 24 10:01:32 GMT 2024","","METTA-LANG","METTA-LANG",""
"","3","WORKING-WITH-SPACES---METTA-LANGUAGE7.01","","Tue Dec 24 10:01:32 GMT 2024","passed","Tue Dec 24 10:01:32 GMT 2024","","METTA-LANG","METTA-LANG",""
"","2","HANDLING-NONDETERMINISTIC-RESULTS---METTA-LANGUAGE4.02","","Tue Dec 24 10:01:32 GMT 2024","passed","Tue Dec 24 10:01:32 GMT 2024","","METTA-LANG","METTA-LANG",""
"","2","F1-MODULEA.02","","Tue Dec 24 09:50:04 GMT 2024","passed","Tue Dec 24 09:50:04 GMT 2024","","HYPERON-EXPERIMENTAL-SCRIPTS","HYPERON-EXPERIMENTAL-SCRIPTS",""
"","3","QUERYING-SPACE-CONTENT---METTA-LANGUAGE5.01","","Tue Dec 24 10:01:32 GMT 2024","passed","Tue Dec 24 10:01:32 GMT 2024","","METTA-LANG","METTA-LANG",""
"","2","TYPES2.01","","Tue Dec 24 09:58:21 GMT 2024","passed","Tue Dec 24 09:58:21 GMT 2024","","METTA-MORPH-TESTS","METTA-MORPH-TESTS",""
"","6000","metta-morph_tests.identity","","Tue Dec 24 09:45:50 GMT 2024","passed","Tue Dec 24 09:45:56 GMT 2024","","WHOLE-TESTS","WHOLE-TESTS",""
"","2","CONCRETE-TYPES---METTA-LANGUAGE12.04","","Tue Dec 24 10:01:32 GMT 2024","passed","Tue Dec 24 10:01:32 GMT 2024","","METTA-LANG","METTA-LANG",""
"","42","RECURSIVE-AND-PARAMETRIC-TYPES---METTA-LANGUAGE5.08","","Tue Dec 24 10:01:32 GMT 2024","failed","Tue Dec 24 10:01:32 GMT 2024","","METTA-LANG","METTA-LANG",""
"","3","RECURSION-AND-CONTROL---METTA-LANGUAGE9.01","","Tue Dec 24 10:01:32 GMT 2024","passed","Tue Dec 24 10:01:32 GMT 2024","","METTA-LANG","METTA-LANG",""
"","2","D2-HIGHERFUNC.19","","Tue Dec 24 09:50:04 GMT 2024","passed","Tue Dec 24 09:50:04 GMT 2024","","HYPERON-EXPERIMENTAL-SCRIPTS","HYPERON-EXPERIMENTAL-SCRIPTS",""
"","1","D4-TYPE-PROP.14","","Tue Dec 24 10:18:34 GMT 2024","passed","Tue Dec 24 10:18:34 GMT 2024","","QUICK","QUICK",""
"","3","WORKING-WITH-SPACES---METTA-LANGUAGE6.01","","Tue Dec 24 10:01:32 GMT 2024","passed","Tue Dec 24 10:01:32 GMT 2024","","METTA-LANG","METTA-LANG",""
"","7000","metta_lang.Recursive_and_parametric_types___MeTTa_Language9","","Tue Dec 24 09:45:50 GMT 2024","passed","Tue Dec 24 09:45:57 GMT 2024","","WHOLE-TESTS","WHOLE-TESTS",""
"","17","CONSOLE-OUTPUT-AND-DEBUGGING---METTA-LANGUAGE2.02","","Tue Dec 24 10:01:32 GMT 2024","passed","Tue Dec 24 10:01:32 GMT 2024","","METTA-LANG","METTA-LANG",""
"","2","WORKING-WITH-SPACES---METTA-LANGUAGE12.04","","Tue Dec 24 10:01:32 GMT 2024","passed","Tue Dec 24 10:01:32 GMT 2024","","METTA-LANG","METTA-LANG",""
"","2","CONSOLE-OUTPUT-AND-DEBUGGING---METTA-LANGUAGE3.03","","Tue Dec 24 10:01:32 GMT 2024","passed","Tue Dec 24 10:01:32 GMT 2024","","METTA-LANG","METTA-LANG",""
"","13","D1-GADT.13","","Tue Dec 24 10:18:34 GMT 2024","passed","Tue Dec 24 10:18:34 GMT 2024","","QUICK","QUICK",""
"","2","F1-IMPORTS.16","","Tue Dec 24 09:45:43 GMT 2024","passed","Tue Dec 24 09:45:43 GMT 2024","","MODULE-SYSTEM","MODULE-SYSTEM",""
"","2","FUNCTIONS-AND-UNIFICATION---METTA-LANGUAGE3.03","","Tue Dec 24 10:01:32 GMT 2024","passed","Tue Dec 24 10:01:32 GMT 2024","","METTA-LANG","METTA-LANG",""
"","54","METATYPES---METTA-LANGUAGE2.04","","Tue Dec 24 10:01:32 GMT 2024","failed","Tue Dec 24 10:01:32 GMT 2024","","METTA-LANG","METTA-LANG",""
"","2","CONCRETE-TYPES---METTA-LANGUAGE1.02","","Tue Dec 24 10:01:32 GMT 2024","passed","Tue Dec 24 10:01:32 GMT 2024","","METTA-LANG","METTA-LANG",""
"","2","C1-GROUNDED-BASIC.03","","Tue Dec 24 10:18:34 GMT 2024","passed","Tue Dec 24 10:18:34 GMT 2024","","QUICK","QUICK",""
"","2","D1-GADT.02","","Tue Dec 24 10:18:34 GMT 2024","passed","Tue Dec 24 10:18:34 GMT 2024","","QUICK","QUICK",""
"","9000","anti-regression.bc_comp","","Tue Dec 24 09:45:50 GMT 2024","passed","Tue Dec 24 09:45:59 GMT 2024","","WHOLE-TESTS","WHOLE-TESTS",""
"","3","AND-OR.01","","Tue Dec 24 09:58:21 GMT 2024","passed","Tue Dec 24 09:58:21 GMT 2024","","METTA-MORPH-TESTS","METTA-MORPH-TESTS",""
"","17","WORKING-WITH-SPACES---METTA-LANGUAGE16.02","","Tue Dec 24 10:01:32 GMT 2024","failed","Tue Dec 24 10:01:32 GMT 2024","","METTA-LANG","METTA-LANG",""
"","3","BASIC-EVALUATION---METTA-LANGUAGE9.01","","Tue Dec 24 10:01:32 GMT 2024","passed","Tue Dec 24 10:01:32 GMT 2024","","METTA-LANG","METTA-LANG",""
"","2","00-LANG-CASE.06","","Tue Dec 24 09:52:48 GMT 2024","passed","Tue Dec 24 09:52:48 GMT 2024","","HYPERON-METTALOG-SANITY","HYPERON-METTALOG-SANITY",""
"","7000","metta_lang.Working_with_spaces___MeTTa_Language16","","Tue Dec 24 09:45:50 GMT 2024","passed","Tue Dec 24 09:45:57 GMT 2024","","WHOLE-TESTS","WHOLE-TESTS",""
"","2","F1-IMPORTS.17","","Tue Dec 24 09:50:04 GMT 2024","passed","Tue Dec 24 09:50:04 GMT 2024","","HYPERON-EXPERIMENTAL-SCRIPTS","HYPERON-EXPERIMENTAL-SCRIPTS",""
"","108","SPACE-INTERSECTION-TESTS.08","","Tue Dec 24 09:52:48 GMT 2024","failed","Tue Dec 24 09:52:48 GMT 2024","","HYPERON-METTALOG-SANITY","HYPERON-METTALOG-SANITY",""
"","147","NALIFIER.01","","Tue Dec 24 09:58:21 GMT 2024","passed","Tue Dec 24 09:58:21 GMT 2024","","METTA-MORPH-TESTS","METTA-MORPH-TESTS",""
"","3","A3-TWOSIDE.01","","Tue Dec 24 09:50:04 GMT 2024","passed","Tue Dec 24 09:50:04 GMT 2024","","HYPERON-EXPERIMENTAL-SCRIPTS","HYPERON-EXPERIMENTAL-SCRIPTS",""
"","4","SPACE-SUBTRACTION-TESTS.05","","Tue Dec 24 09:52:48 GMT 2024","passed","Tue Dec 24 09:52:48 GMT 2024","","HYPERON-METTALOG-SANITY","HYPERON-METTALOG-SANITY",""
"","7000","hyperon-mettalog_sanity.first_answer_long","","Tue Dec 24 09:45:50 GMT 2024","passed","Tue Dec 24 09:45:57 GMT 2024","","WHOLE-TESTS","WHOLE-TESTS",""
"","3","SUBTRACTION-TEST.05","","Tue Dec 24 09:52:48 GMT 2024","passed","Tue Dec 24 09:52:48 GMT 2024","","HYPERON-METTALOG-SANITY","HYPERON-METTALOG-SANITY",""
"","101","C1-GROUNDED-BASIC.14","","Tue Dec 24 09:50:04 GMT 2024","failed","Tue Dec 24 09:50:04 GMT 2024","","HYPERON-EXPERIMENTAL-SCRIPTS","HYPERON-EXPERIMENTAL-SCRIPTS",""
"","2","RECURSIVE-AND-PARAMETRIC-TYPES---METTA-LANGUAGE3.03","","Tue Dec 24 10:01:32 GMT 2024","passed","Tue Dec 24 10:01:32 GMT 2024","","METTA-LANG","METTA-LANG",""
"","7000","hyperon-mettalog_sanity.first_answer","","Tue Dec 24 09:45:50 GMT 2024","passed","Tue Dec 24 09:45:57 GMT 2024","","WHOLE-TESTS","WHOLE-TESTS",""
"","15","CONCRETE-TYPES---METTA-LANGUAGE11.01","","Tue Dec 24 10:01:32 GMT 2024","passed","Tue Dec 24 10:01:32 GMT 2024","","METTA-LANG","METTA-LANG",""
"","3","C1-GROUNDED-BASIC.13","","Tue Dec 24 10:18:34 GMT 2024","passed","Tue Dec 24 10:18:34 GMT 2024","","QUICK","QUICK",""
"","2","C1-GROUNDED-BASIC.18","","Tue Dec 24 10:18:34 GMT 2024","passed","Tue Dec 24 10:18:34 GMT 2024","","QUICK","QUICK",""
"","1","HYPERPOSE.07","","Tue Dec 24 09:58:21 GMT 2024","passed","Tue Dec 24 09:58:21 GMT 2024","","METTA-MORPH-TESTS","METTA-MORPH-TESTS",""
"","1","F1-MODULEA.09","","Tue Dec 24 10:18:34 GMT 2024","passed","Tue Dec 24 10:18:34 GMT 2024","","QUICK","QUICK",""
"","3","CONTROL-FLOW---METTA-LANGUAGE10.03","","Tue Dec 24 10:01:32 GMT 2024","passed","Tue Dec 24 10:01:32 GMT 2024","","METTA-LANG","METTA-LANG",""
"","6000","metta_lang.Operations_over_atoms___MeTTa_Language4","","Tue Dec 24 09:45:50 GMT 2024","passed","Tue Dec 24 09:45:56 GMT 2024","","WHOLE-TESTS","WHOLE-TESTS",""
"","1","C2-SPACES.04","","Tue Dec 24 09:45:43 GMT 2024","passed","Tue Dec 24 09:45:43 GMT 2024","","MODULE-SYSTEM","MODULE-SYSTEM",""
"","3","FUNCTIONS-AND-UNIFICATION---METTA-LANGUAGE2.02","","Tue Dec 24 10:01:32 GMT 2024","passed","Tue Dec 24 10:01:32 GMT 2024","","METTA-LANG","METTA-LANG",""
"","59","D5-AUTO-TYPES.03","","Tue Dec 24 09:50:04 GMT 2024","failed","Tue Dec 24 09:50:04 GMT 2024","","HYPERON-EXPERIMENTAL-SCRIPTS","HYPERON-EXPERIMENTAL-SCRIPTS",""
"","3","FUNCTIONAL-PROGRAMMING-TESTS.04","","Tue Dec 24 09:52:48 GMT 2024","passed","Tue Dec 24 09:52:48 GMT 2024","","HYPERON-METTALOG-SANITY","HYPERON-METTALOG-SANITY",""
"","2","C1-GROUNDED-BASIC.05","","Tue Dec 24 10:18:34 GMT 2024","passed","Tue Dec 24 10:18:34 GMT 2024","","QUICK","QUICK",""
"","3","B5-TYPES-PRELIM.01","","Tue Dec 24 09:50:04 GMT 2024","passed","Tue Dec 24 09:50:04 GMT 2024","","HYPERON-EXPERIMENTAL-SCRIPTS","HYPERON-EXPERIMENTAL-SCRIPTS",""
"","3","RECURSIVE-AND-PARAMETRIC-TYPES---METTA-LANGUAGE6.01","","Tue Dec 24 10:01:32 GMT 2024","passed","Tue Dec 24 10:01:32 GMT 2024","","METTA-LANG","METTA-LANG",""
"","3","MULTIFUNCTION.01","","Tue Dec 24 09:58:21 GMT 2024","passed","Tue Dec 24 09:58:21 GMT 2024","","METTA-MORPH-TESTS","METTA-MORPH-TESTS",""
"","3","F1-IMPORTS.11","","Tue Dec 24 09:45:43 GMT 2024","passed","Tue Dec 24 09:45:43 GMT 2024","","MODULE-SYSTEM","MODULE-SYSTEM",""
"","3","B1-EQUAL-CHAIN.01","","Tue Dec 24 09:50:04 GMT 2024","passed","Tue Dec 24 09:50:04 GMT 2024","","HYPERON-EXPERIMENTAL-SCRIPTS","HYPERON-EXPERIMENTAL-SCRIPTS",""
"","7","SPACE-SUBTRACTION-TESTS.09","","Tue Dec 24 09:52:48 GMT 2024","passed","Tue Dec 24 09:52:48 GMT 2024","","HYPERON-METTALOG-SANITY","HYPERON-METTALOG-SANITY",""
"","3","CONTROLLING-PATTERN-MATCHING---METTA-LANGUAGE2.01","","Tue Dec 24 10:01:32 GMT 2024","passed","Tue Dec 24 10:01:32 GMT 2024","","METTA-LANG","METTA-LANG",""
"","7000","metta_lang.Basic_evaluation___MeTTa_Language10","","Tue Dec 24 09:45:50 GMT 2024","passed","Tue Dec 24 09:45:57 GMT 2024","","WHOLE-TESTS","WHOLE-TESTS",""
"","2","B4-NONDETERM.08","","Tue Dec 24 09:50:04 GMT 2024","passed","Tue Dec 24 09:50:04 GMT 2024","","HYPERON-EXPERIMENTAL-SCRIPTS","HYPERON-EXPERIMENTAL-SCRIPTS",""
"","1","D2-HIGHERFUNC.04","","Tue Dec 24 10:18:34 GMT 2024","passed","Tue Dec 24 10:18:34 GMT 2024","","QUICK","QUICK",""
"","2","RECURSIVE-AND-PARAMETRIC-TYPES---METTA-LANGUAGE7.04","","Tue Dec 24 10:01:32 GMT 2024","passed","Tue Dec 24 10:01:32 GMT 2024","","METTA-LANG","METTA-LANG",""
"","2","METATYPES---METTA-LANGUAGE1.03","","Tue Dec 24 10:01:32 GMT 2024","passed","Tue Dec 24 10:01:32 GMT 2024","","METTA-LANG","METTA-LANG",""
"","3","FIND-ALL-TESTS.05","","Tue Dec 24 09:52:48 GMT 2024","passed","Tue Dec 24 09:52:48 GMT 2024","","HYPERON-METTALOG-SANITY","HYPERON-METTALOG-SANITY",""
"","3","RECURSIVE-AND-PARAMETRIC-TYPES---METTA-LANGUAGE5.03","","Tue Dec 24 10:01:32 GMT 2024","passed","Tue Dec 24 10:01:32 GMT 2024","","METTA-LANG","METTA-LANG",""
"","3","STRING-TESTS.19","","Tue Dec 24 09:52:48 GMT 2024","passed","Tue Dec 24 09:52:48 GMT 2024","","HYPERON-METTALOG-SANITY","HYPERON-METTALOG-SANITY",""
"","45","METATYPES---METTA-LANGUAGE1.06","","Tue Dec 24 10:01:32 GMT 2024","failed","Tue Dec 24 10:01:32 GMT 2024","","METTA-LANG","METTA-LANG",""
"","7000","metta_lang.Free_variables_and_nondeterminism_again,_recursively___MeTTa_Language4","","Tue Dec 24 09:45:50 GMT 2024","passed","Tue Dec 24 09:45:57 GMT 2024","","WHOLE-TESTS","WHOLE-TESTS",""
"","3","METATYPES---METTA-LANGUAGE8.01","","Tue Dec 24 10:01:32 GMT 2024","passed","Tue Dec 24 10:01:32 GMT 2024","","METTA-LANG","METTA-LANG",""
"","6000","metta_lang.Functions_and_unification___MeTTa_Language6","","Tue Dec 24 09:45:50 GMT 2024","passed","Tue Dec 24 09:45:56 GMT 2024","","WHOLE-TESTS","WHOLE-TESTS",""
"","2","D3-DEPTYPES.07","","Tue Dec 24 09:50:04 GMT 2024","passed","Tue Dec 24 09:50:04 GMT 2024","","HYPERON-EXPERIMENTAL-SCRIPTS","HYPERON-EXPERIMENTAL-SCRIPTS",""
"","1","SEQUENTIAL-NESTED.06","","Tue Dec 24 09:58:21 GMT 2024","passed","Tue Dec 24 09:58:21 GMT 2024","","METTA-MORPH-TESTS","METTA-MORPH-TESTS",""
"","1","C1-GROUNDED-BASIC.16","","Tue Dec 24 09:50:04 GMT 2024","passed","Tue Dec 24 09:50:04 GMT 2024","","HYPERON-EXPERIMENTAL-SCRIPTS","HYPERON-EXPERIMENTAL-SCRIPTS",""
"","2","RECURSIVE-AND-PARAMETRIC-TYPES---METTA-LANGUAGE7.07","","Tue Dec 24 10:01:32 GMT 2024","passed","Tue Dec 24 10:01:32 GMT 2024","","METTA-LANG","METTA-LANG",""
"","73","F1-IMPORTS.13","","Tue Dec 24 09:50:04 GMT 2024","failed","Tue Dec 24 09:50:04 GMT 2024","","HYPERON-EXPERIMENTAL-SCRIPTS","HYPERON-EXPERIMENTAL-SCRIPTS",""
"","3","SPACE-INTERSECTION-TESTS.01","","Tue Dec 24 09:52:48 GMT 2024","passed","Tue Dec 24 09:52:48 GMT 2024","","HYPERON-METTALOG-SANITY","HYPERON-METTALOG-SANITY",""
"","3","A1-SYMBOLS.02","","Tue Dec 24 09:50:04 GMT 2024","passed","Tue Dec 24 09:50:04 GMT 2024","","HYPERON-EXPERIMENTAL-SCRIPTS","HYPERON-EXPERIMENTAL-SCRIPTS",""
"","112","OPERATIONS-OVER-ATOMS---METTA-LANGUAGE2.02","","Tue Dec 24 10:01:32 GMT 2024","failed","Tue Dec 24 10:01:32 GMT 2024","","METTA-LANG","METTA-LANG",""
"","2","CONTROL-FLOW---METTA-LANGUAGE11.02","","Tue Dec 24 10:01:32 GMT 2024","passed","Tue Dec 24 10:01:32 GMT 2024","","METTA-LANG","METTA-LANG",""
"","2","B5-TYPES-PRELIM.19","","Tue Dec 24 09:50:04 GMT 2024","passed","Tue Dec 24 09:50:04 GMT 2024","","HYPERON-EXPERIMENTAL-SCRIPTS","HYPERON-EXPERIMENTAL-SCRIPTS",""
"","3","SEQUENTIAL-NESTED.01","","Tue Dec 24 09:58:21 GMT 2024","passed","Tue Dec 24 09:58:21 GMT 2024","","METTA-MORPH-TESTS","METTA-MORPH-TESTS",""
"","2","METATYPES---METTA-LANGUAGE1.12","","Tue Dec 24 10:01:32 GMT 2024","passed","Tue Dec 24 10:01:32 GMT 2024","","METTA-LANG","METTA-LANG",""
"","45000","synth_buffer.time_synthesize_long","","Tue Dec 24 09:45:50 GMT 2024","failed","Tue Dec 24 09:46:35 GMT 2024","","WHOLE-TESTS","WHOLE-TESTS",""
"","3","E2-STATES.01","","Tue Dec 24 09:50:04 GMT 2024","passed","Tue Dec 24 09:50:04 GMT 2024","","HYPERON-EXPERIMENTAL-SCRIPTS","HYPERON-EXPERIMENTAL-SCRIPTS",""
"","7000","hyperon-experimental_scripts.d1_gadt","","Tue Dec 24 09:45:50 GMT 2024","passed","Tue Dec 24 09:45:57 GMT 2024","","WHOLE-TESTS","WHOLE-TESTS",""
"","2","IDENTITY.01","","Tue Dec 24 09:58:21 GMT 2024","passed","Tue Dec 24 09:58:21 GMT 2024","","METTA-MORPH-TESTS","METTA-MORPH-TESTS",""
"","2","03-SORING-VIA-INSERT.02","","Tue Dec 24 09:52:48 GMT 2024","passed","Tue Dec 24 09:52:48 GMT 2024","","HYPERON-METTALOG-SANITY","HYPERON-METTALOG-SANITY",""
"","68","METATYPES---METTA-LANGUAGE8.04","","Tue Dec 24 10:01:32 GMT 2024","failed","Tue Dec 24 10:01:32 GMT 2024","","METTA-LANG","METTA-LANG",""
"","3","A1-SYMBOLS.03","","Tue Dec 24 09:50:04 GMT 2024","passed","Tue Dec 24 09:50:04 GMT 2024","","HYPERON-EXPERIMENTAL-SCRIPTS","HYPERON-EXPERIMENTAL-SCRIPTS",""
"","3","00-LANG-CASE.08","","Tue Dec 24 09:52:48 GMT 2024","passed","Tue Dec 24 09:52:48 GMT 2024","","HYPERON-METTALOG-SANITY","HYPERON-METTALOG-SANITY",""
"","2","FIND-ALL-TESTS.02","","Tue Dec 24 09:52:48 GMT 2024","passed","Tue Dec 24 09:52:48 GMT 2024","","HYPERON-METTALOG-SANITY","HYPERON-METTALOG-SANITY",""
"","7000","metta_lang.Controlling_pattern_matching___MeTTa_Language3","","Tue Dec 24 09:45:50 GMT 2024","passed","Tue Dec 24 09:45:57 GMT 2024","","WHOLE-TESTS","WHOLE-TESTS",""
"","8000","metta-morph_tests.match_feval","","Tue Dec 24 09:45:50 GMT 2024","passed","Tue Dec 24 09:45:58 GMT 2024","","WHOLE-TESTS","WHOLE-TESTS",""
"","17","RECURSIVE-AND-PARAMETRIC-TYPES---METTA-LANGUAGE1.05","","Tue Dec 24 10:01:32 GMT 2024","failed","Tue Dec 24 10:01:32 GMT 2024","","METTA-LANG","METTA-LANG",""
"","1","CONTROL-FLOW---METTA-LANGUAGE11.04","","Tue Dec 24 10:01:32 GMT 2024","passed","Tue Dec 24 10:01:32 GMT 2024","","METTA-LANG","METTA-LANG",""
"","147","SPACE-INTERSECTION-TESTS.07","","Tue Dec 24 09:52:48 GMT 2024","failed","Tue Dec 24 09:52:48 GMT 2024","","HYPERON-METTALOG-SANITY","HYPERON-METTALOG-SANITY",""
"","2","CONCRETE-TYPES---METTA-LANGUAGE5.01","","Tue Dec 24 10:01:32 GMT 2024","passed","Tue Dec 24 10:01:32 GMT 2024","","METTA-LANG","METTA-LANG",""
"","3","BASIC-EVALUATION---METTA-LANGUAGE8.01","","Tue Dec 24 10:01:32 GMT 2024","passed","Tue Dec 24 10:01:32 GMT 2024","","METTA-LANG","METTA-LANG",""
"","61","WORKING-WITH-SPACES---METTA-LANGUAGE12.05","","Tue Dec 24 10:01:32 GMT 2024","passed","Tue Dec 24 10:01:32 GMT 2024","","METTA-LANG","METTA-LANG",""
"","3","TMPMATCH1.02","","Tue Dec 24 09:45:56 GMT 2024","passed","Tue Dec 24 09:45:56 GMT 2024","","ANTI-REGRESSION","ANTI-REGRESSION",""
"","1","D2-HIGHERFUNC.14","","Tue Dec 24 09:50:04 GMT 2024","passed","Tue Dec 24 09:50:04 GMT 2024","","HYPERON-EXPERIMENTAL-SCRIPTS","HYPERON-EXPERIMENTAL-SCRIPTS",""
"","2","CONTROLLING-PATTERN-MATCHING---METTA-LANGUAGE4.04","","Tue Dec 24 10:01:32 GMT 2024","passed","Tue Dec 24 10:01:32 GMT 2024","","METTA-LANG","METTA-LANG",""
"","3","RECURSIVE-AND-PARAMETRIC-TYPES---METTA-LANGUAGE5.01","","Tue Dec 24 10:01:32 GMT 2024","passed","Tue Dec 24 10:01:32 GMT 2024","","METTA-LANG","METTA-LANG",""
"","7000","hyperon-mettalog_sanity.represent_and_parse_tests","","Tue Dec 24 09:45:50 GMT 2024","passed","Tue Dec 24 09:45:57 GMT 2024","","WHOLE-TESTS","WHOLE-TESTS",""
"","7000","metta_lang.Free_variables_and_nondeterminism_again,_recursively___MeTTa_Language3","","Tue Dec 24 09:45:50 GMT 2024","passed","Tue Dec 24 09:45:57 GMT 2024","","WHOLE-TESTS","WHOLE-TESTS",""
"","2","D4-TYPE-PROP.10","","Tue Dec 24 09:50:04 GMT 2024","passed","Tue Dec 24 09:50:04 GMT 2024","","HYPERON-EXPERIMENTAL-SCRIPTS","HYPERON-EXPERIMENTAL-SCRIPTS",""
"","7000","metta_lang.Querying_space_content___MeTTa_Language5","","Tue Dec 24 09:45:50 GMT 2024","passed","Tue Dec 24 09:45:57 GMT 2024","","WHOLE-TESTS","WHOLE-TESTS",""
"","3","CONCRETE-TYPES---METTA-LANGUAGE7.01","","Tue Dec 24 10:01:32 GMT 2024","passed","Tue Dec 24 10:01:32 GMT 2024","","METTA-LANG","METTA-LANG",""
"","4","SUBTRACTION-TEST.08","","Tue Dec 24 09:52:48 GMT 2024","passed","Tue Dec 24 09:52:48 GMT 2024","","HYPERON-METTALOG-SANITY","HYPERON-METTALOG-SANITY",""
"","2","METATYPES---METTA-LANGUAGE4.02","","Tue Dec 24 10:01:32 GMT 2024","passed","Tue Dec 24 10:01:32 GMT 2024","","METTA-LANG","METTA-LANG",""
"","2","03-SORING-VIA-INSERT.03","","Tue Dec 24 09:52:48 GMT 2024","passed","Tue Dec 24 09:52:48 GMT 2024","","HYPERON-METTALOG-SANITY","HYPERON-METTALOG-SANITY",""
"","2","HANDLING-NONDETERMINISTIC-RESULTS---METTA-LANGUAGE5.03","","Tue Dec 24 10:01:32 GMT 2024","passed","Tue Dec 24 10:01:32 GMT 2024","","METTA-LANG","METTA-LANG",""
"","2","D2-HIGHERFUNC.08","","Tue Dec 24 09:50:04 GMT 2024","passed","Tue Dec 24 09:50:04 GMT 2024","","HYPERON-EXPERIMENTAL-SCRIPTS","HYPERON-EXPERIMENTAL-SCRIPTS",""
"","2","CONTROLLING-PATTERN-MATCHING---METTA-LANGUAGE11.02","","Tue Dec 24 10:01:32 GMT 2024","passed","Tue Dec 24 10:01:32 GMT 2024","","METTA-LANG","METTA-LANG",""
"","1","STRING-TESTS.03","","Tue Dec 24 09:52:48 GMT 2024","passed","Tue Dec 24 09:52:48 GMT 2024","","HYPERON-METTALOG-SANITY","HYPERON-METTALOG-SANITY",""
"","1","CONTROL-FLOW---METTA-LANGUAGE16.02","","Tue Dec 24 10:01:32 GMT 2024","passed","Tue Dec 24 10:01:32 GMT 2024","","METTA-LANG","METTA-LANG",""
"","18","CONCRETE-TYPES---METTA-LANGUAGE2.01","","Tue Dec 24 10:01:32 GMT 2024","failed","Tue Dec 24 10:01:32 GMT 2024","","METTA-LANG","METTA-LANG",""
"","6","F1-IMPORTS.02","","Tue Dec 24 10:18:34 GMT 2024","passed","Tue Dec 24 10:18:34 GMT 2024","","QUICK","QUICK",""
"","3","SEALED-TEST.04","","Tue Dec 24 09:52:48 GMT 2024","passed","Tue Dec 24 09:52:48 GMT 2024","","HYPERON-METTALOG-SANITY","HYPERON-METTALOG-SANITY",""
"","110","B4-NONDETERM.10","","Tue Dec 24 09:50:04 GMT 2024","passed","Tue Dec 24 09:50:04 GMT 2024","","HYPERON-EXPERIMENTAL-SCRIPTS","HYPERON-EXPERIMENTAL-SCRIPTS",""
"","3","CONCRETE-TYPES---METTA-LANGUAGE14.01","","Tue Dec 24 10:01:32 GMT 2024","passed","Tue Dec 24 10:01:32 GMT 2024","","METTA-LANG","METTA-LANG",""
"","3","FUNCTIONS-AND-UNIFICATION---METTA-LANGUAGE3.02","","Tue Dec 24 10:01:32 GMT 2024","passed","Tue Dec 24 10:01:32 GMT 2024","","METTA-LANG","METTA-LANG",""
"","7000","hyperon-experimental_scripts.c3_pln_stv","","Tue Dec 24 09:45:50 GMT 2024","passed","Tue Dec 24 09:45:57 GMT 2024","","WHOLE-TESTS","WHOLE-TESTS",""
"","3","D4-TYPE-PROP.11","","Tue Dec 24 09:50:04 GMT 2024","passed","Tue Dec 24 09:50:04 GMT 2024","","HYPERON-EXPERIMENTAL-SCRIPTS","HYPERON-EXPERIMENTAL-SCRIPTS",""
"","7000","metta_lang.Basic_grounded_functions___MeTTa_Language8","","Tue Dec 24 09:45:50 GMT 2024","passed","Tue Dec 24 09:45:57 GMT 2024","","WHOLE-TESTS","WHOLE-TESTS",""
"","7000","metta_lang.Console_output_and_debugging___MeTTa_Language5","","Tue Dec 24 09:45:50 GMT 2024","passed","Tue Dec 24 09:45:57 GMT 2024","","WHOLE-TESTS","WHOLE-TESTS",""
"","2","F1-IMPORTS.03","","Tue Dec 24 10:18:34 GMT 2024","passed","Tue Dec 24 10:18:34 GMT 2024","","QUICK","QUICK",""
"","2","B5-TYPES-PRELIM.13","","Tue Dec 24 09:50:04 GMT 2024","passed","Tue Dec 24 09:50:04 GMT 2024","","HYPERON-EXPERIMENTAL-SCRIPTS","HYPERON-EXPERIMENTAL-SCRIPTS",""
"","3","CONCRETE-TYPES---METTA-LANGUAGE4.01","","Tue Dec 24 10:01:32 GMT 2024","passed","Tue Dec 24 10:01:32 GMT 2024","","METTA-LANG","METTA-LANG",""
"","2","BASIC-GROUNDED-FUNCTIONS---METTA-LANGUAGE1.03","","Tue Dec 24 10:01:32 GMT 2024","passed","Tue Dec 24 10:01:32 GMT 2024","","METTA-LANG","METTA-LANG",""
"","7000","metta_lang.Metatypes___MeTTa_Language2","","Tue Dec 24 09:45:50 GMT 2024","passed","Tue Dec 24 09:45:57 GMT 2024","","WHOLE-TESTS","WHOLE-TESTS",""
"","3","D4-TYPE-PROP.04","","Tue Dec 24 10:18:34 GMT 2024","passed","Tue Dec 24 10:18:34 GMT 2024","","QUICK","QUICK",""
"","3","WORKING-WITH-SPACES---METTA-LANGUAGE3.05","","Tue Dec 24 10:01:32 GMT 2024","passed","Tue Dec 24 10:01:32 GMT 2024","","METTA-LANG","METTA-LANG",""
"","2","00-LANG-CASE.05","","Tue Dec 24 09:52:48 GMT 2024","passed","Tue Dec 24 09:52:48 GMT 2024","","HYPERON-METTALOG-SANITY","HYPERON-METTALOG-SANITY",""
"","2","D1-GADT.03","","Tue Dec 24 10:18:34 GMT 2024","passed","Tue Dec 24 10:18:34 GMT 2024","","QUICK","QUICK",""
"","10000","metta-wam-issue-116.test_spo_1000","","Tue Dec 24 09:45:50 GMT 2024","passed","Tue Dec 24 09:46:00 GMT 2024","","WHOLE-TESTS","WHOLE-TESTS",""
"","2","CONTROL-FLOW---METTA-LANGUAGE15.06","","Tue Dec 24 10:01:32 GMT 2024","passed","Tue Dec 24 10:01:32 GMT 2024","","METTA-LANG","METTA-LANG",""
"","3","FUNCTIONS-AND-UNIFICATION---METTA-LANGUAGE3.01","","Tue Dec 24 10:01:32 GMT 2024","passed","Tue Dec 24 10:01:32 GMT 2024","","METTA-LANG","METTA-LANG",""
"","3","SUPERCOLLAPSE.07","","Tue Dec 24 09:58:21 GMT 2024","passed","Tue Dec 24 09:58:21 GMT 2024","","METTA-MORPH-TESTS","METTA-MORPH-TESTS",""
"","97","RECURSIVE-AND-PARAMETRIC-TYPES---METTA-LANGUAGE1.03","","Tue Dec 24 10:01:32 GMT 2024","failed","Tue Dec 24 10:01:32 GMT 2024","","METTA-LANG","METTA-LANG",""
"","2","HANDLING-NONDETERMINISTIC-RESULTS---METTA-LANGUAGE8.02","","Tue Dec 24 10:01:32 GMT 2024","passed","Tue Dec 24 10:01:32 GMT 2024","","METTA-LANG","METTA-LANG",""
"","3","D2-HIGHERFUNC.27","","Tue Dec 24 09:50:04 GMT 2024","passed","Tue Dec 24 09:50:04 GMT 2024","","HYPERON-EXPERIMENTAL-SCRIPTS","HYPERON-EXPERIMENTAL-SCRIPTS",""
"","2","HANDLING-NONDETERMINISTIC-RESULTS---METTA-LANGUAGE6.01","","Tue Dec 24 10:01:32 GMT 2024","passed","Tue Dec 24 10:01:32 GMT 2024","","METTA-LANG","METTA-LANG",""
"","2","D2-HIGHERFUNC.04","","Tue Dec 24 09:50:04 GMT 2024","passed","Tue Dec 24 09:50:04 GMT 2024","","HYPERON-EXPERIMENTAL-SCRIPTS","HYPERON-EXPERIMENTAL-SCRIPTS",""
"","7000","metta_lang.Basic_evaluation___MeTTa_Language11","","Tue Dec 24 09:45:50 GMT 2024","passed","Tue Dec 24 09:45:57 GMT 2024","","WHOLE-TESTS","WHOLE-TESTS",""
"","2","B5-TYPES-PRELIM.17","","Tue Dec 24 09:50:04 GMT 2024","passed","Tue Dec 24 09:50:04 GMT 2024","","HYPERON-EXPERIMENTAL-SCRIPTS","HYPERON-EXPERIMENTAL-SCRIPTS",""
"","3","METATYPES---METTA-LANGUAGE7.02","","Tue Dec 24 10:01:32 GMT 2024","passed","Tue Dec 24 10:01:32 GMT 2024","","METTA-LANG","METTA-LANG",""
"","2","RECURSION-AND-CONTROL---METTA-LANGUAGE2.01","","Tue Dec 24 10:01:32 GMT 2024","passed","Tue Dec 24 10:01:32 GMT 2024","","METTA-LANG","METTA-LANG",""
"","2","HANDLING-NONDETERMINISTIC-RESULTS---METTA-LANGUAGE8.04","","Tue Dec 24 10:01:32 GMT 2024","passed","Tue Dec 24 10:01:32 GMT 2024","","METTA-LANG","METTA-LANG",""
"","3","SEALED-TEST.03","","Tue Dec 24 09:52:48 GMT 2024","passed","Tue Dec 24 09:52:48 GMT 2024","","HYPERON-METTALOG-SANITY","HYPERON-METTALOG-SANITY",""
"","7000","hyperon-mettalog_sanity.base_test_repr_parse_intersection","","Tue Dec 24 09:45:50 GMT 2024","passed","Tue Dec 24 09:45:57 GMT 2024","","WHOLE-TESTS","WHOLE-TESTS",""
"","3","WORKING-WITH-SPACES---METTA-LANGUAGE9.01","","Tue Dec 24 10:01:32 GMT 2024","passed","Tue Dec 24 10:01:32 GMT 2024","","METTA-LANG","METTA-LANG",""
"","7000","metta_lang.Metatypes___MeTTa_Language7","","Tue Dec 24 09:45:50 GMT 2024","passed","Tue Dec 24 09:45:57 GMT 2024","","WHOLE-TESTS","WHOLE-TESTS",""
"","2","D3-DEPTYPES.06","","Tue Dec 24 09:50:04 GMT 2024","passed","Tue Dec 24 09:50:04 GMT 2024","","HYPERON-EXPERIMENTAL-SCRIPTS","HYPERON-EXPERIMENTAL-SCRIPTS",""
"","2","SUPERPOSE-NESTED.04","","Tue Dec 24 09:58:21 GMT 2024","passed","Tue Dec 24 09:58:21 GMT 2024","","METTA-MORPH-TESTS","METTA-MORPH-TESTS",""
"","2","RECURSIVE-AND-PARAMETRIC-TYPES---METTA-LANGUAGE5.04","","Tue Dec 24 10:01:32 GMT 2024","passed","Tue Dec 24 10:01:32 GMT 2024","","METTA-LANG","METTA-LANG",""
"","7000","metta-wam-issue-116.test_spo_100","","Tue Dec 24 09:45:50 GMT 2024","passed","Tue Dec 24 09:45:57 GMT 2024","","WHOLE-TESTS","WHOLE-TESTS",""
"","105","WORKING-WITH-SPACES---METTA-LANGUAGE8.02","","Tue Dec 24 10:01:32 GMT 2024","failed","Tue Dec 24 10:01:32 GMT 2024","","METTA-LANG","METTA-LANG",""
"","7000","hyperon-mettalog_sanity.unique_test","","Tue Dec 24 09:45:50 GMT 2024","passed","Tue Dec 24 09:45:57 GMT 2024","","WHOLE-TESTS","WHOLE-TESTS",""
"","2","E3-MATCH-STATES.02","","Tue Dec 24 09:50:04 GMT 2024","passed","Tue Dec 24 09:50:04 GMT 2024","","HYPERON-EXPERIMENTAL-SCRIPTS","HYPERON-EXPERIMENTAL-SCRIPTS",""
"","62","C1-GROUNDED-BASIC.15","","Tue Dec 24 10:18:34 GMT 2024","failed","Tue Dec 24 10:18:34 GMT 2024","","QUICK","QUICK",""
"","3","INTERSECTION-TESTS.22","","Tue Dec 24 09:52:48 GMT 2024","passed","Tue Dec 24 09:52:48 GMT 2024","","HYPERON-METTALOG-SANITY","HYPERON-METTALOG-SANITY",""
"","3","D4-TYPE-PROP.10","","Tue Dec 24 10:18:34 GMT 2024","passed","Tue Dec 24 10:18:34 GMT 2024","","QUICK","QUICK",""
"","5","OR-TEST.14","","Tue Dec 24 09:52:48 GMT 2024","passed","Tue Dec 24 09:52:48 GMT 2024","","HYPERON-METTALOG-SANITY","HYPERON-METTALOG-SANITY",""
"","14","D2-HIGHERFUNC.22","","Tue Dec 24 09:50:04 GMT 2024","passed","Tue Dec 24 09:50:04 GMT 2024","","HYPERON-EXPERIMENTAL-SCRIPTS","HYPERON-EXPERIMENTAL-SCRIPTS",""
"","2","F1-IMPORTS.19","","Tue Dec 24 09:50:04 GMT 2024","passed","Tue Dec 24 09:50:04 GMT 2024","","HYPERON-EXPERIMENTAL-SCRIPTS","HYPERON-EXPERIMENTAL-SCRIPTS",""
"","2","C1-GROUNDED-BASIC.03","","Tue Dec 24 09:50:04 GMT 2024","passed","Tue Dec 24 09:50:04 GMT 2024","","HYPERON-EXPERIMENTAL-SCRIPTS","HYPERON-EXPERIMENTAL-SCRIPTS",""
"","14","00-LANG-CASE.11","","Tue Dec 24 09:52:48 GMT 2024","passed","Tue Dec 24 09:52:48 GMT 2024","","HYPERON-METTALOG-SANITY","HYPERON-METTALOG-SANITY",""
"","2","INTERSECTION-TESTS.16","","Tue Dec 24 09:52:48 GMT 2024","passed","Tue Dec 24 09:52:48 GMT 2024","","HYPERON-METTALOG-SANITY","HYPERON-METTALOG-SANITY",""
"","11","METTALOGTESTCURRIED2.07","","Tue Dec 24 09:45:56 GMT 2024","passed","Tue Dec 24 09:45:56 GMT 2024","","ANTI-REGRESSION","ANTI-REGRESSION",""
"","6000","metta-morph_tests.let_superpose_if_case","","Tue Dec 24 09:45:50 GMT 2024","passed","Tue Dec 24 09:45:56 GMT 2024","","WHOLE-TESTS","WHOLE-TESTS",""
"","3","CONTROL-FLOW---METTA-LANGUAGE10.01","","Tue Dec 24 10:01:32 GMT 2024","passed","Tue Dec 24 10:01:32 GMT 2024","","METTA-LANG","METTA-LANG",""
"","2","D2-HIGHERFUNC.08","","Tue Dec 24 10:18:34 GMT 2024","passed","Tue Dec 24 10:18:34 GMT 2024","","QUICK","QUICK",""
"","2","INTERSECTION-TESTS.09","","Tue Dec 24 09:52:48 GMT 2024","passed","Tue Dec 24 09:52:48 GMT 2024","","HYPERON-METTALOG-SANITY","HYPERON-METTALOG-SANITY",""
"","3","CONCRETE-TYPES---METTA-LANGUAGE7.06","","Tue Dec 24 10:01:32 GMT 2024","passed","Tue Dec 24 10:01:32 GMT 2024","","METTA-LANG","METTA-LANG",""
"","7000","metta-morph_tests.match_void","","Tue Dec 24 09:45:50 GMT 2024","passed","Tue Dec 24 09:45:57 GMT 2024","","WHOLE-TESTS","WHOLE-TESTS",""
"","2","TYPES2.04","","Tue Dec 24 09:58:21 GMT 2024","passed","Tue Dec 24 09:58:21 GMT 2024","","METTA-MORPH-TESTS","METTA-MORPH-TESTS",""
"","2","SUPERPOSE-NESTED.03","","Tue Dec 24 09:58:21 GMT 2024","passed","Tue Dec 24 09:58:21 GMT 2024","","METTA-MORPH-TESTS","METTA-MORPH-TESTS",""
"","1","CONSOLE-OUTPUT-AND-DEBUGGING---METTA-LANGUAGE2.06","","Tue Dec 24 10:01:32 GMT 2024","passed","Tue Dec 24 10:01:32 GMT 2024","","METTA-LANG","METTA-LANG",""
"","7000","hyperon-experimental_scripts.b4_nondeterm","","Tue Dec 24 09:45:50 GMT 2024","passed","Tue Dec 24 09:45:57 GMT 2024","","WHOLE-TESTS","WHOLE-TESTS",""
"","2","SUBTRACTION-TEST.04","","Tue Dec 24 09:52:48 GMT 2024","passed","Tue Dec 24 09:52:48 GMT 2024","","HYPERON-METTALOG-SANITY","HYPERON-METTALOG-SANITY",""
"","2","CONTROLLING-PATTERN-MATCHING---METTA-LANGUAGE6.04","","Tue Dec 24 10:01:32 GMT 2024","passed","Tue Dec 24 10:01:32 GMT 2024","","METTA-LANG","METTA-LANG",""
"","65","G1-DOCS.03","","Tue Dec 24 09:50:04 GMT 2024","failed","Tue Dec 24 09:50:04 GMT 2024","","HYPERON-EXPERIMENTAL-SCRIPTS","HYPERON-EXPERIMENTAL-SCRIPTS",""
"","2","RECURSION-AND-CONTROL---METTA-LANGUAGE3.04","","Tue Dec 24 10:01:32 GMT 2024","passed","Tue Dec 24 10:01:32 GMT 2024","","METTA-LANG","METTA-LANG",""
"","2","OR-TEST.15","","Tue Dec 24 09:52:48 GMT 2024","passed","Tue Dec 24 09:52:48 GMT 2024","","HYPERON-METTALOG-SANITY","HYPERON-METTALOG-SANITY",""
"","7000","metta_lang.Handling_nondeterministic_results___MeTTa_Language8","","Tue Dec 24 09:45:50 GMT 2024","passed","Tue Dec 24 09:45:57 GMT 2024","","WHOLE-TESTS","WHOLE-TESTS",""
"","123","WORKING-WITH-SPACES---METTA-LANGUAGE10.03","","Tue Dec 24 10:01:32 GMT 2024","failed","Tue Dec 24 10:01:32 GMT 2024","","METTA-LANG","METTA-LANG",""
"","2","CONTROLLING-PATTERN-MATCHING---METTA-LANGUAGE12.06","","Tue Dec 24 10:01:32 GMT 2024","passed","Tue Dec 24 10:01:32 GMT 2024","","METTA-LANG","METTA-LANG",""
"","6000","metta_lang.Basic_evaluation___MeTTa_Language3","","Tue Dec 24 09:45:50 GMT 2024","passed","Tue Dec 24 09:45:56 GMT 2024","","WHOLE-TESTS","WHOLE-TESTS",""
"","7000","metta_lang.Controlling_pattern_matching___MeTTa_Language8","","Tue Dec 24 09:45:50 GMT 2024","passed","Tue Dec 24 09:45:57 GMT 2024","","WHOLE-TESTS","WHOLE-TESTS",""
"","5","UNIQUE-TEST.14","","Tue Dec 24 09:52:48 GMT 2024","passed","Tue Dec 24 09:52:48 GMT 2024","","HYPERON-METTALOG-SANITY","HYPERON-METTALOG-SANITY",""
"","2","CONTROLLING-PATTERN-MATCHING---METTA-LANGUAGE4.03","","Tue Dec 24 10:01:32 GMT 2024","passed","Tue Dec 24 10:01:32 GMT 2024","","METTA-LANG","METTA-LANG",""
"","2","HANDLING-NONDETERMINISTIC-RESULTS---METTA-LANGUAGE8.05","","Tue Dec 24 10:01:32 GMT 2024","passed","Tue Dec 24 10:01:32 GMT 2024","","METTA-LANG","METTA-LANG",""
"","80","CONTROLLING-PATTERN-MATCHING---METTA-LANGUAGE4.02","","Tue Dec 24 10:01:32 GMT 2024","passed","Tue Dec 24 10:01:32 GMT 2024","","METTA-LANG","METTA-LANG",""
"","3","HANDLING-NONDETERMINISTIC-RESULTS---METTA-LANGUAGE8.03","","Tue Dec 24 10:01:32 GMT 2024","passed","Tue Dec 24 10:01:32 GMT 2024","","METTA-LANG","METTA-LANG",""
"","89","BASE-TEST-REPR-PARSE-INTERSECTION.01","","Tue Dec 24 09:52:48 GMT 2024","passed","Tue Dec 24 09:52:48 GMT 2024","","HYPERON-METTALOG-SANITY","HYPERON-METTALOG-SANITY",""
"","3","CONTROL-FLOW---METTA-LANGUAGE9.01","","Tue Dec 24 10:01:32 GMT 2024","passed","Tue Dec 24 10:01:32 GMT 2024","","METTA-LANG","METTA-LANG",""
"","2","C2-SPACES.02","","Tue Dec 24 09:50:04 GMT 2024","passed","Tue Dec 24 09:50:04 GMT 2024","","HYPERON-EXPERIMENTAL-SCRIPTS","HYPERON-EXPERIMENTAL-SCRIPTS",""
"","7000","hyperon-mettalog_sanity.00_lang_case","","Tue Dec 24 09:45:50 GMT 2024","passed","Tue Dec 24 09:45:57 GMT 2024","","WHOLE-TESTS","WHOLE-TESTS",""
"","5","03-SORING-VIA-INSERT.01","","Tue Dec 24 09:52:48 GMT 2024","passed","Tue Dec 24 09:52:48 GMT 2024","","HYPERON-METTALOG-SANITY","HYPERON-METTALOG-SANITY",""
"","7000","hyperon-mettalog_sanity.intersection_tests","","Tue Dec 24 09:45:50 GMT 2024","passed","Tue Dec 24 09:45:57 GMT 2024","","WHOLE-TESTS","WHOLE-TESTS",""
"","2","C1-GROUNDED-BASIC.10","","Tue Dec 24 10:18:34 GMT 2024","passed","Tue Dec 24 10:18:34 GMT 2024","","QUICK","QUICK",""
"","96","B4-NONDETERM.11","","Tue Dec 24 09:50:04 GMT 2024","passed","Tue Dec 24 09:50:04 GMT 2024","","HYPERON-EXPERIMENTAL-SCRIPTS","HYPERON-EXPERIMENTAL-SCRIPTS",""
"","7000","metta_lang.Controlling_pattern_matching___MeTTa_Language10","","Tue Dec 24 09:45:50 GMT 2024","passed","Tue Dec 24 09:45:57 GMT 2024","","WHOLE-TESTS","WHOLE-TESTS",""
"","74","FUNCTIONS-AND-UNIFICATION---METTA-LANGUAGE3.04","","Tue Dec 24 10:01:32 GMT 2024","passed","Tue Dec 24 10:01:32 GMT 2024","","METTA-LANG","METTA-LANG",""
"","2","C2-SPACES.03","","Tue Dec 24 09:45:43 GMT 2024","passed","Tue Dec 24 09:45:43 GMT 2024","","MODULE-SYSTEM","MODULE-SYSTEM",""
"","2","SUBTRACTION-TEST.06","","Tue Dec 24 09:52:48 GMT 2024","passed","Tue Dec 24 09:52:48 GMT 2024","","HYPERON-METTALOG-SANITY","HYPERON-METTALOG-SANITY",""
"","2","C1-GROUNDED-BASIC.19","","Tue Dec 24 10:18:34 GMT 2024","passed","Tue Dec 24 10:18:34 GMT 2024","","QUICK","QUICK",""
"","2","TMPMATCH2.01","","Tue Dec 24 09:45:56 GMT 2024","passed","Tue Dec 24 09:45:56 GMT 2024","","ANTI-REGRESSION","ANTI-REGRESSION",""
"","2","E2-STATES.09","","Tue Dec 24 09:50:04 GMT 2024","passed","Tue Dec 24 09:50:04 GMT 2024","","HYPERON-EXPERIMENTAL-SCRIPTS","HYPERON-EXPERIMENTAL-SCRIPTS",""
"","7000","metta_lang.Operations_over_atoms___MeTTa_Language2","","Tue Dec 24 09:45:50 GMT 2024","passed","Tue Dec 24 09:45:57 GMT 2024","","WHOLE-TESTS","WHOLE-TESTS",""
"","1","SEQUENTIAL-NESTED.12","","Tue Dec 24 09:58:21 GMT 2024","passed","Tue Dec 24 09:58:21 GMT 2024","","METTA-MORPH-TESTS","METTA-MORPH-TESTS",""
"","1","D1-GADT.10","","Tue Dec 24 09:50:04 GMT 2024","passed","Tue Dec 24 09:50:04 GMT 2024","","HYPERON-EXPERIMENTAL-SCRIPTS","HYPERON-EXPERIMENTAL-SCRIPTS",""
"","2","SPACE-INTERSECTION-TESTS.05","","Tue Dec 24 09:52:48 GMT 2024","passed","Tue Dec 24 09:52:48 GMT 2024","","HYPERON-METTALOG-SANITY","HYPERON-METTALOG-SANITY",""
"","2","CONTROL-FLOW---METTA-LANGUAGE15.01","","Tue Dec 24 10:01:32 GMT 2024","passed","Tue Dec 24 10:01:32 GMT 2024","","METTA-LANG","METTA-LANG",""
"","3","WORKING-WITH-SPACES---METTA-LANGUAGE17.01","","Tue Dec 24 10:01:32 GMT 2024","passed","Tue Dec 24 10:01:32 GMT 2024","","METTA-LANG","METTA-LANG",""
"","2","RECURSIVE-AND-PARAMETRIC-TYPES---METTA-LANGUAGE8.01","","Tue Dec 24 10:01:32 GMT 2024","passed","Tue Dec 24 10:01:32 GMT 2024","","METTA-LANG","METTA-LANG",""
"","66","BASIC-GROUNDED-FUNCTIONS---METTA-LANGUAGE5.03","","Tue Dec 24 10:01:32 GMT 2024","failed","Tue Dec 24 10:01:32 GMT 2024","","METTA-LANG","METTA-LANG",""
"","2","F1-MODULEA.07","","Tue Dec 24 09:45:43 GMT 2024","passed","Tue Dec 24 09:45:43 GMT 2024","","MODULE-SYSTEM","MODULE-SYSTEM",""
"","7000","metta_lang.Recursive_and_parametric_types___MeTTa_Language5","","Tue Dec 24 09:45:50 GMT 2024","passed","Tue Dec 24 09:45:57 GMT 2024","","WHOLE-TESTS","WHOLE-TESTS",""
"","2","D4-TYPE-PROP.16","","Tue Dec 24 09:50:04 GMT 2024","passed","Tue Dec 24 09:50:04 GMT 2024","","HYPERON-EXPERIMENTAL-SCRIPTS","HYPERON-EXPERIMENTAL-SCRIPTS",""
"","3","SEQUENTIAL-NESTED.05","","Tue Dec 24 09:58:21 GMT 2024","passed","Tue Dec 24 09:58:21 GMT 2024","","METTA-MORPH-TESTS","METTA-MORPH-TESTS",""
"","68","CONSOLE-OUTPUT-AND-DEBUGGING---METTA-LANGUAGE5.02","","Tue Dec 24 10:01:32 GMT 2024","failed","Tue Dec 24 10:01:32 GMT 2024","","METTA-LANG","METTA-LANG",""
"","3","INTERSECTION-TESTS.07","","Tue Dec 24 09:52:48 GMT 2024","passed","Tue Dec 24 09:52:48 GMT 2024","","HYPERON-METTALOG-SANITY","HYPERON-METTALOG-SANITY",""
"","2","IS-SPACE.03","","Tue Dec 24 09:52:48 GMT 2024","passed","Tue Dec 24 09:52:48 GMT 2024","","HYPERON-METTALOG-SANITY","HYPERON-METTALOG-SANITY",""
"","3","CONTROL-FLOW---METTA-LANGUAGE13.01","","Tue Dec 24 10:01:32 GMT 2024","passed","Tue Dec 24 10:01:32 GMT 2024","","METTA-LANG","METTA-LANG",""
"","2","CONTROLLING-PATTERN-MATCHING---METTA-LANGUAGE10.02","","Tue Dec 24 10:01:32 GMT 2024","passed","Tue Dec 24 10:01:32 GMT 2024","","METTA-LANG","METTA-LANG",""
"","2","HANDLING-NONDETERMINISTIC-RESULTS---METTA-LANGUAGE8.01","","Tue Dec 24 10:01:32 GMT 2024","passed","Tue Dec 24 10:01:32 GMT 2024","","METTA-LANG","METTA-LANG",""
"","1","INTERSECTION-TESTS.04","","Tue Dec 24 09:52:48 GMT 2024","passed","Tue Dec 24 09:52:48 GMT 2024","","HYPERON-METTALOG-SANITY","HYPERON-METTALOG-SANITY",""
"","108","CONTROL-FLOW---METTA-LANGUAGE12.02","","Tue Dec 24 10:01:32 GMT 2024","passed","Tue Dec 24 10:01:32 GMT 2024","","METTA-LANG","METTA-LANG",""
"","2","D1-GADT.07","","Tue Dec 24 10:18:34 GMT 2024","passed","Tue Dec 24 10:18:34 GMT 2024","","QUICK","QUICK",""
"","2","D2-HIGHERFUNC.24","","Tue Dec 24 09:50:04 GMT 2024","passed","Tue Dec 24 09:50:04 GMT 2024","","HYPERON-EXPERIMENTAL-SCRIPTS","HYPERON-EXPERIMENTAL-SCRIPTS",""
"","3","RECURSION-AND-CONTROL---METTA-LANGUAGE7.01","","Tue Dec 24 10:01:32 GMT 2024","passed","Tue Dec 24 10:01:32 GMT 2024","","METTA-LANG","METTA-LANG",""
"","3","D2-HIGHERFUNC.11","","Tue Dec 24 10:18:34 GMT 2024","passed","Tue Dec 24 10:18:34 GMT 2024","","QUICK","QUICK",""
"","2","CONTROL-FLOW---METTA-LANGUAGE8.02","","Tue Dec 24 10:01:32 GMT 2024","passed","Tue Dec 24 10:01:32 GMT 2024","","METTA-LANG","METTA-LANG",""
"","7000","hyperon-mettalog_sanity.catch_throw_tests","","Tue Dec 24 09:45:50 GMT 2024","passed","Tue Dec 24 09:45:57 GMT 2024","","WHOLE-TESTS","WHOLE-TESTS",""
"","15","E3-MATCH-STATES.05","","Tue Dec 24 09:50:04 GMT 2024","failed","Tue Dec 24 09:50:04 GMT 2024","","HYPERON-EXPERIMENTAL-SCRIPTS","HYPERON-EXPERIMENTAL-SCRIPTS",""
"","2","TEST-SPO-1000.01","","Tue Dec 24 09:46:55 GMT 2024","passed","Tue Dec 24 09:46:55 GMT 2024","","METTA-WAM-ISSUE-116","METTA-WAM-ISSUE-116",""
"","2","CONCRETE-TYPES---METTA-LANGUAGE12.03","","Tue Dec 24 10:01:32 GMT 2024","passed","Tue Dec 24 10:01:32 GMT 2024","","METTA-LANG","METTA-LANG",""
"","7000","metta_lang.Basic_evaluation___MeTTa_Language1","","Tue Dec 24 09:45:50 GMT 2024","passed","Tue Dec 24 09:45:57 GMT 2024","","WHOLE-TESTS","WHOLE-TESTS",""
"","7000","metta-morph_tests.tests0","","Tue Dec 24 09:45:50 GMT 2024","passed","Tue Dec 24 09:45:57 GMT 2024","","WHOLE-TESTS","WHOLE-TESTS",""
"","3","BASIC-EVALUATION---METTA-LANGUAGE2.01","","Tue Dec 24 10:01:32 GMT 2024","passed","Tue Dec 24 10:01:32 GMT 2024","","METTA-LANG","METTA-LANG",""
"","2","INTERSECTION-TESTS.11","","Tue Dec 24 09:52:48 GMT 2024","passed","Tue Dec 24 09:52:48 GMT 2024","","HYPERON-METTALOG-SANITY","HYPERON-METTALOG-SANITY",""
"","32","G1-DOCS.05","","Tue Dec 24 09:50:04 GMT 2024","failed","Tue Dec 24 09:50:04 GMT 2024","","HYPERON-EXPERIMENTAL-SCRIPTS","HYPERON-EXPERIMENTAL-SCRIPTS",""
"","15","D1-GADT.04","","Tue Dec 24 09:50:04 GMT 2024","passed","Tue Dec 24 09:50:04 GMT 2024","","HYPERON-EXPERIMENTAL-SCRIPTS","HYPERON-EXPERIMENTAL-SCRIPTS",""
"","3","STRING-TESTS.05","","Tue Dec 24 09:52:48 GMT 2024","passed","Tue Dec 24 09:52:48 GMT 2024","","HYPERON-METTALOG-SANITY","HYPERON-METTALOG-SANITY",""
"","2","B5-TYPES-PRELIM.04","","Tue Dec 24 09:50:04 GMT 2024","passed","Tue Dec 24 09:50:04 GMT 2024","","HYPERON-EXPERIMENTAL-SCRIPTS","HYPERON-EXPERIMENTAL-SCRIPTS",""
"","8000","metta-morph_tests.minnars","","Tue Dec 24 09:45:50 GMT 2024","passed","Tue Dec 24 09:45:58 GMT 2024","","WHOLE-TESTS","WHOLE-TESTS",""
"","3","LET-SUPERPOSE-IF-CASE.01","","Tue Dec 24 09:58:21 GMT 2024","passed","Tue Dec 24 09:58:21 GMT 2024","","METTA-MORPH-TESTS","METTA-MORPH-TESTS",""
"","119","WORKING-WITH-SPACES---METTA-LANGUAGE1.10","","Tue Dec 24 10:01:32 GMT 2024","failed","Tue Dec 24 10:01:32 GMT 2024","","METTA-LANG","METTA-LANG",""
"","2","WORKING-WITH-SPACES---METTA-LANGUAGE1.07","","Tue Dec 24 10:01:32 GMT 2024","passed","Tue Dec 24 10:01:32 GMT 2024","","METTA-LANG","METTA-LANG",""
"","2","BASIC-EVALUATION---METTA-LANGUAGE15.06","","Tue Dec 24 10:01:32 GMT 2024","passed","Tue Dec 24 10:01:32 GMT 2024","","METTA-LANG","METTA-LANG",""
"","3","OR-TEST.13","","Tue Dec 24 09:52:48 GMT 2024","passed","Tue Dec 24 09:52:48 GMT 2024","","HYPERON-METTALOG-SANITY","HYPERON-METTALOG-SANITY",""
"","2","F1-IMPORTS.01","","Tue Dec 24 09:45:43 GMT 2024","passed","Tue Dec 24 09:45:43 GMT 2024","","MODULE-SYSTEM","MODULE-SYSTEM",""
"","2","CONSOLE-OUTPUT-AND-DEBUGGING---METTA-LANGUAGE2.09","","Tue Dec 24 10:01:32 GMT 2024","passed","Tue Dec 24 10:01:32 GMT 2024","","METTA-LANG","METTA-LANG",""
"","2","OPERATIONS-OVER-ATOMS---METTA-LANGUAGE9.01","","Tue Dec 24 10:01:32 GMT 2024","passed","Tue Dec 24 10:01:32 GMT 2024","","METTA-LANG","METTA-LANG",""
"","6000","metta_lang.Basic_grounded_functions___MeTTa_Language4","","Tue Dec 24 09:45:50 GMT 2024","passed","Tue Dec 24 09:45:56 GMT 2024","","WHOLE-TESTS","WHOLE-TESTS",""
"","1","CATCH-THROW-TESTS.04","","Tue Dec 24 09:52:48 GMT 2024","passed","Tue Dec 24 09:52:48 GMT 2024","","HYPERON-METTALOG-SANITY","HYPERON-METTALOG-SANITY",""
"","7000","hyperon-mettalog_sanity.06_match_in_space","","Tue Dec 24 09:45:50 GMT 2024","passed","Tue Dec 24 09:45:57 GMT 2024","","WHOLE-TESTS","WHOLE-TESTS",""
"","2","CONTROL-FLOW---METTA-LANGUAGE16.04","","Tue Dec 24 10:01:32 GMT 2024","passed","Tue Dec 24 10:01:32 GMT 2024","","METTA-LANG","METTA-LANG",""
"","2","RECURSION-AND-CONTROL---METTA-LANGUAGE3.02","","Tue Dec 24 10:01:32 GMT 2024","passed","Tue Dec 24 10:01:32 GMT 2024","","METTA-LANG","METTA-LANG",""
"","2","STRING-TESTS.17","","Tue Dec 24 09:52:48 GMT 2024","passed","Tue Dec 24 09:52:48 GMT 2024","","HYPERON-METTALOG-SANITY","HYPERON-METTALOG-SANITY",""
"","2","CONTROLLING-PATTERN-MATCHING---METTA-LANGUAGE11.06","","Tue Dec 24 10:01:32 GMT 2024","passed","Tue Dec 24 10:01:32 GMT 2024","","METTA-LANG","METTA-LANG",""
"","2","CONTROLLING-PATTERN-MATCHING---METTA-LANGUAGE12.05","","Tue Dec 24 10:01:32 GMT 2024","passed","Tue Dec 24 10:01:32 GMT 2024","","METTA-LANG","METTA-LANG",""
"","7000","hyperon-mettalog_sanity.flip_test","","Tue Dec 24 09:45:50 GMT 2024","passed","Tue Dec 24 09:45:57 GMT 2024","","WHOLE-TESTS","WHOLE-TESTS",""
"","2","CONSOLE-OUTPUT-AND-DEBUGGING---METTA-LANGUAGE5.05","","Tue Dec 24 10:01:32 GMT 2024","passed","Tue Dec 24 10:01:32 GMT 2024","","METTA-LANG","METTA-LANG",""
"","67","METATYPES---METTA-LANGUAGE6.02","","Tue Dec 24 10:01:32 GMT 2024","failed","Tue Dec 24 10:01:32 GMT 2024","","METTA-LANG","METTA-LANG",""
"","12","CONTROLLING-PATTERN-MATCHING---METTA-LANGUAGE6.01","","Tue Dec 24 10:01:32 GMT 2024","failed","Tue Dec 24 10:01:32 GMT 2024","","METTA-LANG","METTA-LANG",""
"","2","SEALED-TEST.06","","Tue Dec 24 09:52:48 GMT 2024","passed","Tue Dec 24 09:52:48 GMT 2024","","HYPERON-METTALOG-SANITY","HYPERON-METTALOG-SANITY",""
"","2","D2-HIGHERFUNC.18","","Tue Dec 24 09:50:04 GMT 2024","passed","Tue Dec 24 09:50:04 GMT 2024","","HYPERON-EXPERIMENTAL-SCRIPTS","HYPERON-EXPERIMENTAL-SCRIPTS",""
"","2","D4-TYPE-PROP.04","","Tue Dec 24 09:50:04 GMT 2024","passed","Tue Dec 24 09:50:04 GMT 2024","","HYPERON-EXPERIMENTAL-SCRIPTS","HYPERON-EXPERIMENTAL-SCRIPTS",""
"","3","TEST-IF-CLOSED.07","","Tue Dec 24 09:45:56 GMT 2024","passed","Tue Dec 24 09:45:56 GMT 2024","","ANTI-REGRESSION","ANTI-REGRESSION",""
"","2","RECURSION-AND-CONTROL---METTA-LANGUAGE5.02","","Tue Dec 24 10:01:32 GMT 2024","passed","Tue Dec 24 10:01:32 GMT 2024","","METTA-LANG","METTA-LANG",""
"","3","OPERATIONS-OVER-ATOMS---METTA-LANGUAGE9.02","","Tue Dec 24 10:01:32 GMT 2024","passed","Tue Dec 24 10:01:32 GMT 2024","","METTA-LANG","METTA-LANG",""
"","7000","metta_lang.Recursion_and_control___MeTTa_Language6","","Tue Dec 24 09:45:50 GMT 2024","passed","Tue Dec 24 09:45:57 GMT 2024","","WHOLE-TESTS","WHOLE-TESTS",""
"","93","CONCRETE-TYPES---METTA-LANGUAGE13.04","","Tue Dec 24 10:01:32 GMT 2024","failed","Tue Dec 24 10:01:32 GMT 2024","","METTA-LANG","METTA-LANG",""
"","7000","metta_lang.Handling_nondeterministic_results___MeTTa_Language5","","Tue Dec 24 09:45:50 GMT 2024","passed","Tue Dec 24 09:45:57 GMT 2024","","WHOLE-TESTS","WHOLE-TESTS",""
"","135","TESTS0.01","","Tue Dec 24 09:58:21 GMT 2024","passed","Tue Dec 24 09:58:21 GMT 2024","","METTA-MORPH-TESTS","METTA-MORPH-TESTS",""
"","2","BCHAIN.01","","Tue Dec 24 09:45:56 GMT 2024","passed","Tue Dec 24 09:45:56 GMT 2024","","ANTI-REGRESSION","ANTI-REGRESSION",""
"","4","CONTROL-FLOW---METTA-LANGUAGE4.01","","Tue Dec 24 10:01:32 GMT 2024","passed","Tue Dec 24 10:01:32 GMT 2024","","METTA-LANG","METTA-LANG",""
"","6000","metta_lang.Working_with_spaces___MeTTa_Language9","","Tue Dec 24 09:45:50 GMT 2024","passed","Tue Dec 24 09:45:56 GMT 2024","","WHOLE-TESTS","WHOLE-TESTS",""
"","3","SPACE-INTERSECTION-TESTS.18","","Tue Dec 24 09:52:48 GMT 2024","passed","Tue Dec 24 09:52:48 GMT 2024","","HYPERON-METTALOG-SANITY","HYPERON-METTALOG-SANITY",""
"","7000","hyperon-experimental_scripts.a3_twoside","","Tue Dec 24 09:45:50 GMT 2024","passed","Tue Dec 24 09:45:57 GMT 2024","","WHOLE-TESTS","WHOLE-TESTS",""
"","7000","metta-morph_tests.sequential_nested","","Tue Dec 24 09:45:50 GMT 2024","passed","Tue Dec 24 09:45:57 GMT 2024","","WHOLE-TESTS","WHOLE-TESTS",""
"","2","D4-TYPE-PROP.08","","Tue Dec 24 10:18:34 GMT 2024","passed","Tue Dec 24 10:18:34 GMT 2024","","QUICK","QUICK",""
"","2","OR-TEST.19","","Tue Dec 24 09:52:48 GMT 2024","passed","Tue Dec 24 09:52:48 GMT 2024","","HYPERON-METTALOG-SANITY","HYPERON-METTALOG-SANITY",""
"","2","A1-SYMBOLS.04","","Tue Dec 24 09:50:04 GMT 2024","passed","Tue Dec 24 09:50:04 GMT 2024","","HYPERON-EXPERIMENTAL-SCRIPTS","HYPERON-EXPERIMENTAL-SCRIPTS",""
"","2","F1-IMPORTS.05","","Tue Dec 24 09:45:43 GMT 2024","passed","Tue Dec 24 09:45:43 GMT 2024","","MODULE-SYSTEM","MODULE-SYSTEM",""
"","3","RECURSION-AND-CONTROL---METTA-LANGUAGE6.04","","Tue Dec 24 10:01:32 GMT 2024","passed","Tue Dec 24 10:01:32 GMT 2024","","METTA-LANG","METTA-LANG",""
"","1","TMPMATCH2.03","","Tue Dec 24 09:45:56 GMT 2024","passed","Tue Dec 24 09:45:56 GMT 2024","","ANTI-REGRESSION","ANTI-REGRESSION",""
"","49","CONSOLE-OUTPUT-AND-DEBUGGING---METTA-LANGUAGE10.02","","Tue Dec 24 10:01:32 GMT 2024","failed","Tue Dec 24 10:01:32 GMT 2024","","METTA-LANG","METTA-LANG",""
"","2","RECURSIVE-AND-PARAMETRIC-TYPES---METTA-LANGUAGE7.03","","Tue Dec 24 10:01:32 GMT 2024","passed","Tue Dec 24 10:01:32 GMT 2024","","METTA-LANG","METTA-LANG",""
"","7000","metta_lang.Recursive_and_parametric_types___MeTTa_Language4","","Tue Dec 24 09:45:50 GMT 2024","passed","Tue Dec 24 09:45:57 GMT 2024","","WHOLE-TESTS","WHOLE-TESTS",""
"","3","WORKING-WITH-SPACES---METTA-LANGUAGE1.05","","Tue Dec 24 10:01:32 GMT 2024","passed","Tue Dec 24 10:01:32 GMT 2024","","METTA-LANG","METTA-LANG",""
"","6000","metta_lang.Basic_evaluation___MeTTa_Language8","","Tue Dec 24 09:45:50 GMT 2024","passed","Tue Dec 24 09:45:56 GMT 2024","","WHOLE-TESTS","WHOLE-TESTS",""
"","2","B3-DIRECT.02","","Tue Dec 24 09:50:04 GMT 2024","passed","Tue Dec 24 09:50:04 GMT 2024","","HYPERON-EXPERIMENTAL-SCRIPTS","HYPERON-EXPERIMENTAL-SCRIPTS",""
"","2","RECURSION-AND-CONTROL---METTA-LANGUAGE8.03","","Tue Dec 24 10:01:32 GMT 2024","passed","Tue Dec 24 10:01:32 GMT 2024","","METTA-LANG","METTA-LANG",""
"","3","UNIQUE-TEST.10","","Tue Dec 24 09:52:48 GMT 2024","passed","Tue Dec 24 09:52:48 GMT 2024","","HYPERON-METTALOG-SANITY","HYPERON-METTALOG-SANITY",""
"","2","OR-TEST.05","","Tue Dec 24 09:52:48 GMT 2024","passed","Tue Dec 24 09:52:48 GMT 2024","","HYPERON-METTALOG-SANITY","HYPERON-METTALOG-SANITY",""
"","17","FUNCTIONS-AND-UNIFICATION---METTA-LANGUAGE5.02","","Tue Dec 24 10:01:32 GMT 2024","failed","Tue Dec 24 10:01:32 GMT 2024","","METTA-LANG","METTA-LANG",""
"","95","SPACE-INTERSECTION-TESTS.10","","Tue Dec 24 09:52:48 GMT 2024","failed","Tue Dec 24 09:52:48 GMT 2024","","HYPERON-METTALOG-SANITY","HYPERON-METTALOG-SANITY",""
"","3","SUBTRACTION-TEST.03","","Tue Dec 24 09:52:48 GMT 2024","passed","Tue Dec 24 09:52:48 GMT 2024","","HYPERON-METTALOG-SANITY","HYPERON-METTALOG-SANITY",""
"","2","C1-GROUNDED-BASIC.04","","Tue Dec 24 09:50:04 GMT 2024","passed","Tue Dec 24 09:50:04 GMT 2024","","HYPERON-EXPERIMENTAL-SCRIPTS","HYPERON-EXPERIMENTAL-SCRIPTS",""
"","51","OR-TEST.02","","Tue Dec 24 09:52:48 GMT 2024","failed","Tue Dec 24 09:52:48 GMT 2024","","HYPERON-METTALOG-SANITY","HYPERON-METTALOG-SANITY",""
"","3","D4-TYPE-PROP.01","","Tue Dec 24 09:50:04 GMT 2024","passed","Tue Dec 24 09:50:04 GMT 2024","","HYPERON-EXPERIMENTAL-SCRIPTS","HYPERON-EXPERIMENTAL-SCRIPTS",""
"","99","WORKING-WITH-SPACES---METTA-LANGUAGE1.08","","Tue Dec 24 10:01:32 GMT 2024","failed","Tue Dec 24 10:01:32 GMT 2024","","METTA-LANG","METTA-LANG",""
"","4","SEALED-TEST.05","","Tue Dec 24 09:52:48 GMT 2024","passed","Tue Dec 24 09:52:48 GMT 2024","","HYPERON-METTALOG-SANITY","HYPERON-METTALOG-SANITY",""
"","3","D2-HIGHERFUNC.19","","Tue Dec 24 10:18:34 GMT 2024","passed","Tue Dec 24 10:18:34 GMT 2024","","QUICK","QUICK",""
"","2","F1-MODULEA.07","","Tue Dec 24 10:18:34 GMT 2024","passed","Tue Dec 24 10:18:34 GMT 2024","","QUICK","QUICK",""
"","2","FUNCTIONAL-PROGRAMMING-TESTS.07","","Tue Dec 24 09:52:48 GMT 2024","passed","Tue Dec 24 09:52:48 GMT 2024","","HYPERON-METTALOG-SANITY","HYPERON-METTALOG-SANITY",""
"","2","XOR-TEST.01","","Tue Dec 24 09:52:48 GMT 2024","passed","Tue Dec 24 09:52:48 GMT 2024","","HYPERON-METTALOG-SANITY","HYPERON-METTALOG-SANITY",""
"","9","D2-HIGHERFUNC.22","","Tue Dec 24 10:18:34 GMT 2024","passed","Tue Dec 24 10:18:34 GMT 2024","","QUICK","QUICK",""
"","11","RECURSIVE-AND-PARAMETRIC-TYPES---METTA-LANGUAGE6.03","","Tue Dec 24 10:01:32 GMT 2024","passed","Tue Dec 24 10:01:32 GMT 2024","","METTA-LANG","METTA-LANG",""
"","2","QUERYING-SPACE-CONTENT---METTA-LANGUAGE2.03","","Tue Dec 24 10:01:32 GMT 2024","passed","Tue Dec 24 10:01:32 GMT 2024","","METTA-LANG","METTA-LANG",""
"","6000","metta-morph_tests.if","","Tue Dec 24 09:45:50 GMT 2024","passed","Tue Dec 24 09:45:56 GMT 2024","","WHOLE-TESTS","WHOLE-TESTS",""
"","2","C1-GROUNDED-BASIC.11","","Tue Dec 24 09:50:04 GMT 2024","passed","Tue Dec 24 09:50:04 GMT 2024","","HYPERON-EXPERIMENTAL-SCRIPTS","HYPERON-EXPERIMENTAL-SCRIPTS",""
"","3","SUPERCOLLAPSE.04","","Tue Dec 24 09:58:21 GMT 2024","passed","Tue Dec 24 09:58:21 GMT 2024","","METTA-MORPH-TESTS","METTA-MORPH-TESTS",""
"","3","F1-MODULEA.02","","Tue Dec 24 10:18:34 GMT 2024","passed","Tue Dec 24 10:18:34 GMT 2024","","QUICK","QUICK",""
"","2","F1-IMPORTS.10","","Tue Dec 24 09:45:43 GMT 2024","passed","Tue Dec 24 09:45:43 GMT 2024","","MODULE-SYSTEM","MODULE-SYSTEM",""
"","3","WORKING-WITH-SPACES---METTA-LANGUAGE3.03","","Tue Dec 24 10:01:32 GMT 2024","passed","Tue Dec 24 10:01:32 GMT 2024","","METTA-LANG","METTA-LANG",""
"","3","CONTROLLING-PATTERN-MATCHING---METTA-LANGUAGE12.09","","Tue Dec 24 10:01:32 GMT 2024","passed","Tue Dec 24 10:01:32 GMT 2024","","METTA-LANG","METTA-LANG",""
"","3","BASIC-GROUNDED-FUNCTIONS---METTA-LANGUAGE5.02","","Tue Dec 24 10:01:32 GMT 2024","passed","Tue Dec 24 10:01:32 GMT 2024","","METTA-LANG","METTA-LANG",""
"","3","D2-HIGHERFUNC.02","","Tue Dec 24 10:18:34 GMT 2024","passed","Tue Dec 24 10:18:34 GMT 2024","","QUICK","QUICK",""
"","2","E1-KB-WRITE.01","","Tue Dec 24 09:50:04 GMT 2024","passed","Tue Dec 24 09:50:04 GMT 2024","","HYPERON-EXPERIMENTAL-SCRIPTS","HYPERON-EXPERIMENTAL-SCRIPTS",""
"","63","SEQUENTIAL-NESTED.11","","Tue Dec 24 09:58:21 GMT 2024","passed","Tue Dec 24 09:58:21 GMT 2024","","METTA-MORPH-TESTS","METTA-MORPH-TESTS",""
"","3","FUNCTIONS-AND-UNIFICATION---METTA-LANGUAGE4.01","","Tue Dec 24 10:01:32 GMT 2024","passed","Tue Dec 24 10:01:32 GMT 2024","","METTA-LANG","METTA-LANG",""
"","2","RECURSIVE-AND-PARAMETRIC-TYPES---METTA-LANGUAGE5.02","","Tue Dec 24 10:01:32 GMT 2024","passed","Tue Dec 24 10:01:32 GMT 2024","","METTA-LANG","METTA-LANG",""
"","7000","metta-morph_tests.superpose_nested","","Tue Dec 24 09:45:50 GMT 2024","passed","Tue Dec 24 09:45:57 GMT 2024","","WHOLE-TESTS","WHOLE-TESTS",""
"","1","HYPERPOSE.03","","Tue Dec 24 09:58:21 GMT 2024","passed","Tue Dec 24 09:58:21 GMT 2024","","METTA-MORPH-TESTS","METTA-MORPH-TESTS",""
"","7000","metta-morph_tests.hyperpose","","Tue Dec 24 09:45:50 GMT 2024","passed","Tue Dec 24 09:45:57 GMT 2024","","WHOLE-TESTS","WHOLE-TESTS",""
"","2","D1-GADT.11","","Tue Dec 24 10:18:34 GMT 2024","passed","Tue Dec 24 10:18:34 GMT 2024","","QUICK","QUICK",""
"","44","BASIC-GROUNDED-FUNCTIONS---METTA-LANGUAGE3.02","","Tue Dec 24 10:01:32 GMT 2024","failed","Tue Dec 24 10:01:32 GMT 2024","","METTA-LANG","METTA-LANG",""
"","2","RECURSIVE-AND-PARAMETRIC-TYPES---METTA-LANGUAGE2.04","","Tue Dec 24 10:01:32 GMT 2024","passed","Tue Dec 24 10:01:32 GMT 2024","","METTA-LANG","METTA-LANG",""
"","2","WORKING-WITH-SPACES---METTA-LANGUAGE1.06","","Tue Dec 24 10:01:32 GMT 2024","passed","Tue Dec 24 10:01:32 GMT 2024","","METTA-LANG","METTA-LANG",""
"","87","D2-HIGHERFUNC.07","","Tue Dec 24 10:18:34 GMT 2024","failed","Tue Dec 24 10:18:34 GMT 2024","","QUICK","QUICK",""
"","4","MATCH-FEVAL.01","","Tue Dec 24 09:58:21 GMT 2024","passed","Tue Dec 24 09:58:21 GMT 2024","","METTA-MORPH-TESTS","METTA-MORPH-TESTS",""
"","3","CATCH-THROW-TESTS.01","","Tue Dec 24 09:52:48 GMT 2024","passed","Tue Dec 24 09:52:48 GMT 2024","","HYPERON-METTALOG-SANITY","HYPERON-METTALOG-SANITY",""
"","2","00-LANG-CASE.18","","Tue Dec 24 09:52:48 GMT 2024","passed","Tue Dec 24 09:52:48 GMT 2024","","HYPERON-METTALOG-SANITY","HYPERON-METTALOG-SANITY",""
"","2","CONTROLLING-PATTERN-MATCHING---METTA-LANGUAGE12.04","","Tue Dec 24 10:01:32 GMT 2024","passed","Tue Dec 24 10:01:32 GMT 2024","","METTA-LANG","METTA-LANG",""
"","83","F1-IMPORTS.14","","Tue Dec 24 09:45:43 GMT 2024","passed","Tue Dec 24 09:45:43 GMT 2024","","MODULE-SYSTEM","MODULE-SYSTEM",""
"","3","D2-HIGHERFUNC.05","","Tue Dec 24 09:50:04 GMT 2024","passed","Tue Dec 24 09:50:04 GMT 2024","","HYPERON-EXPERIMENTAL-SCRIPTS","HYPERON-EXPERIMENTAL-SCRIPTS",""
"","3","HANDLING-NONDETERMINISTIC-RESULTS---METTA-LANGUAGE8.06","","Tue Dec 24 10:01:32 GMT 2024","passed","Tue Dec 24 10:01:32 GMT 2024","","METTA-LANG","METTA-LANG",""
"","7000","metta_lang.Concrete_types___MeTTa_Language11","","Tue Dec 24 09:45:50 GMT 2024","passed","Tue Dec 24 09:45:57 GMT 2024","","WHOLE-TESTS","WHOLE-TESTS",""
"","2","D4-TYPE-PROP.09","","Tue Dec 24 10:18:34 GMT 2024","passed","Tue Dec 24 10:18:34 GMT 2024","","QUICK","QUICK",""
"","2","F1-IMPORTS.02","","Tue Dec 24 09:45:43 GMT 2024","passed","Tue Dec 24 09:45:43 GMT 2024","","MODULE-SYSTEM","MODULE-SYSTEM",""
"","15","D2-HIGHERFUNC.20","","Tue Dec 24 09:50:04 GMT 2024","passed","Tue Dec 24 09:50:04 GMT 2024","","HYPERON-EXPERIMENTAL-SCRIPTS","HYPERON-EXPERIMENTAL-SCRIPTS",""
"","71","F1-IMPORTS.13","","Tue Dec 24 10:18:34 GMT 2024","failed","Tue Dec 24 10:18:34 GMT 2024","","QUICK","QUICK",""
"","2","D3-DEPTYPES.01","","Tue Dec 24 09:50:04 GMT 2024","passed","Tue Dec 24 09:50:04 GMT 2024","","HYPERON-EXPERIMENTAL-SCRIPTS","HYPERON-EXPERIMENTAL-SCRIPTS",""
"","3","BCHAIN-COMP.06","","Tue Dec 24 09:45:56 GMT 2024","passed","Tue Dec 24 09:45:56 GMT 2024","","ANTI-REGRESSION","ANTI-REGRESSION",""
"","2","WORKING-WITH-SPACES---METTA-LANGUAGE3.02","","Tue Dec 24 10:01:32 GMT 2024","passed","Tue Dec 24 10:01:32 GMT 2024","","METTA-LANG","METTA-LANG",""
"","97","C1-GROUNDED-BASIC.14","","Tue Dec 24 10:18:34 GMT 2024","failed","Tue Dec 24 10:18:34 GMT 2024","","QUICK","QUICK",""
"","2","SUPERCOLLAPSE.02","","Tue Dec 24 09:58:21 GMT 2024","passed","Tue Dec 24 09:58:21 GMT 2024","","METTA-MORPH-TESTS","METTA-MORPH-TESTS",""
"","2","OPERATIONS-OVER-ATOMS---METTA-LANGUAGE3.03","","Tue Dec 24 10:01:32 GMT 2024","passed","Tue Dec 24 10:01:32 GMT 2024","","METTA-LANG","METTA-LANG",""
"","4","INTERSECTION-TESTS.26","","Tue Dec 24 09:52:48 GMT 2024","passed","Tue Dec 24 09:52:48 GMT 2024","","HYPERON-METTALOG-SANITY","HYPERON-METTALOG-SANITY",""
"","7000","metta_lang.Working_with_spaces___MeTTa_Language4","","Tue Dec 24 09:45:50 GMT 2024","passed","Tue Dec 24 09:45:57 GMT 2024","","WHOLE-TESTS","WHOLE-TESTS",""
"","2","C1-GROUNDED-BASIC.09","","Tue Dec 24 10:18:34 GMT 2024","passed","Tue Dec 24 10:18:34 GMT 2024","","QUICK","QUICK",""
"","3","FUNCTIONS-AND-UNIFICATION---METTA-LANGUAGE2.05","","Tue Dec 24 10:01:32 GMT 2024","passed","Tue Dec 24 10:01:32 GMT 2024","","METTA-LANG","METTA-LANG",""
"","2","F1-IMPORTS.13","","Tue Dec 24 09:45:43 GMT 2024","passed","Tue Dec 24 09:45:43 GMT 2024","","MODULE-SYSTEM","MODULE-SYSTEM",""
"","2","D4-TYPE-PROP.18","","Tue Dec 24 09:50:04 GMT 2024","passed","Tue Dec 24 09:50:04 GMT 2024","","HYPERON-EXPERIMENTAL-SCRIPTS","HYPERON-EXPERIMENTAL-SCRIPTS",""
"","3","RECURSIVE-AND-PARAMETRIC-TYPES---METTA-LANGUAGE5.07","","Tue Dec 24 10:01:32 GMT 2024","passed","Tue Dec 24 10:01:32 GMT 2024","","METTA-LANG","METTA-LANG",""
"","2","OR-TEST.18","","Tue Dec 24 09:52:48 GMT 2024","passed","Tue Dec 24 09:52:48 GMT 2024","","HYPERON-METTALOG-SANITY","HYPERON-METTALOG-SANITY",""
"","2","F1-IMPORTS.19","","Tue Dec 24 10:18:34 GMT 2024","passed","Tue Dec 24 10:18:34 GMT 2024","","QUICK","QUICK",""
"","2","TYPES2.02","","Tue Dec 24 09:58:21 GMT 2024","passed","Tue Dec 24 09:58:21 GMT 2024","","METTA-MORPH-TESTS","METTA-MORPH-TESTS",""
"","7000","metta_lang.Metatypes___MeTTa_Language1","","Tue Dec 24 09:45:50 GMT 2024","passed","Tue Dec 24 09:45:57 GMT 2024","","WHOLE-TESTS","WHOLE-TESTS",""
"","3","OPERATIONS-OVER-ATOMS---METTA-LANGUAGE4.01","","Tue Dec 24 10:01:32 GMT 2024","passed","Tue Dec 24 10:01:32 GMT 2024","","METTA-LANG","METTA-LANG",""
"","1","NESTED-QUERIES-AND-RECURSIVE-GRAPH-TRAVERSAL---METTA-LANGUAGE2.02","","Tue Dec 24 10:01:32 GMT 2024","passed","Tue Dec 24 10:01:32 GMT 2024","","METTA-LANG","METTA-LANG",""
"","2","C1-GROUNDED-BASIC.10","","Tue Dec 24 09:50:04 GMT 2024","passed","Tue Dec 24 09:50:04 GMT 2024","","HYPERON-EXPERIMENTAL-SCRIPTS","HYPERON-EXPERIMENTAL-SCRIPTS",""
"","15","CONCRETE-TYPES---METTA-LANGUAGE9.01","","Tue Dec 24 10:01:32 GMT 2024","passed","Tue Dec 24 10:01:32 GMT 2024","","METTA-LANG","METTA-LANG",""
"","3","METATYPES---METTA-LANGUAGE2.03","","Tue Dec 24 10:01:32 GMT 2024","passed","Tue Dec 24 10:01:32 GMT 2024","","METTA-LANG","METTA-LANG",""
"","324","QUERYING-SPACE-CONTENT---METTA-LANGUAGE5.04","","Tue Dec 24 10:01:32 GMT 2024","failed","Tue Dec 24 10:01:32 GMT 2024","","METTA-LANG","METTA-LANG",""
"","6000","metta_lang.Basic_evaluation___MeTTa_Language14","","Tue Dec 24 09:45:50 GMT 2024","passed","Tue Dec 24 09:45:56 GMT 2024","","WHOLE-TESTS","WHOLE-TESTS",""
"","2","CONSOLE-OUTPUT-AND-DEBUGGING---METTA-LANGUAGE3.02","","Tue Dec 24 10:01:32 GMT 2024","passed","Tue Dec 24 10:01:32 GMT 2024","","METTA-LANG","METTA-LANG",""
"","15","CONCRETE-TYPES---METTA-LANGUAGE10.02","","Tue Dec 24 10:01:32 GMT 2024","passed","Tue Dec 24 10:01:32 GMT 2024","","METTA-LANG","METTA-LANG",""
"","3","F1-IMPORTS.08","","Tue Dec 24 09:45:43 GMT 2024","passed","Tue Dec 24 09:45:43 GMT 2024","","MODULE-SYSTEM","MODULE-SYSTEM",""
"","3","F1-MODULEA.01","","Tue Dec 24 09:50:04 GMT 2024","passed","Tue Dec 24 09:50:04 GMT 2024","","HYPERON-EXPERIMENTAL-SCRIPTS","HYPERON-EXPERIMENTAL-SCRIPTS",""
"","3","WORKING-WITH-SPACES---METTA-LANGUAGE16.01","","Tue Dec 24 10:01:32 GMT 2024","passed","Tue Dec 24 10:01:32 GMT 2024","","METTA-LANG","METTA-LANG",""
"","1","XOR-TEST.11","","Tue Dec 24 09:52:48 GMT 2024","passed","Tue Dec 24 09:52:48 GMT 2024","","HYPERON-METTALOG-SANITY","HYPERON-METTALOG-SANITY",""
"","1","D4-TYPE-PROP.14","","Tue Dec 24 09:50:04 GMT 2024","passed","Tue Dec 24 09:50:04 GMT 2024","","HYPERON-EXPERIMENTAL-SCRIPTS","HYPERON-EXPERIMENTAL-SCRIPTS",""
"","2","F1-IMPORTS.09","","Tue Dec 24 09:45:43 GMT 2024","passed","Tue Dec 24 09:45:43 GMT 2024","","MODULE-SYSTEM","MODULE-SYSTEM",""
"","3","STATES-SPACES.01","","Tue Dec 24 09:58:21 GMT 2024","passed","Tue Dec 24 09:58:21 GMT 2024","","METTA-MORPH-TESTS","METTA-MORPH-TESTS",""
"","7000","metta-morph_tests.states_spaces","","Tue Dec 24 09:45:50 GMT 2024","passed","Tue Dec 24 09:45:57 GMT 2024","","WHOLE-TESTS","WHOLE-TESTS",""
"","3","B0-CHAINING-PRELIM.01","","Tue Dec 24 09:50:04 GMT 2024","passed","Tue Dec 24 09:50:04 GMT 2024","","HYPERON-EXPERIMENTAL-SCRIPTS","HYPERON-EXPERIMENTAL-SCRIPTS",""
"","28","G1-DOCS.04","","Tue Dec 24 09:50:04 GMT 2024","failed","Tue Dec 24 09:50:04 GMT 2024","","HYPERON-EXPERIMENTAL-SCRIPTS","HYPERON-EXPERIMENTAL-SCRIPTS",""
"","2","STATES-SPACES.06","","Tue Dec 24 09:58:21 GMT 2024","passed","Tue Dec 24 09:58:21 GMT 2024","","METTA-MORPH-TESTS","METTA-MORPH-TESTS",""
"","2","CONSOLE-OUTPUT-AND-DEBUGGING---METTA-LANGUAGE3.05","","Tue Dec 24 10:01:32 GMT 2024","passed","Tue Dec 24 10:01:32 GMT 2024","","METTA-LANG","METTA-LANG",""
"","2","CONTROL-FLOW---METTA-LANGUAGE12.01","","Tue Dec 24 10:01:32 GMT 2024","passed","Tue Dec 24 10:01:32 GMT 2024","","METTA-LANG","METTA-LANG",""
"","2","CONSOLE-OUTPUT-AND-DEBUGGING---METTA-LANGUAGE2.01","","Tue Dec 24 10:01:32 GMT 2024","passed","Tue Dec 24 10:01:32 GMT 2024","","METTA-LANG","METTA-LANG",""
"","4","TEST-IF-CLOSED.01","","Tue Dec 24 09:45:56 GMT 2024","passed","Tue Dec 24 09:45:56 GMT 2024","","ANTI-REGRESSION","ANTI-REGRESSION",""
"","2","FLIP-TEST.02","","Tue Dec 24 09:52:48 GMT 2024","passed","Tue Dec 24 09:52:48 GMT 2024","","HYPERON-METTALOG-SANITY","HYPERON-METTALOG-SANITY",""
"","3","OPERATIONS-OVER-ATOMS---METTA-LANGUAGE6.02","","Tue Dec 24 10:01:32 GMT 2024","passed","Tue Dec 24 10:01:32 GMT 2024","","METTA-LANG","METTA-LANG",""
"","55","F1-IMPORTS.17","","Tue Dec 24 09:45:43 GMT 2024","passed","Tue Dec 24 09:45:43 GMT 2024","","MODULE-SYSTEM","MODULE-SYSTEM",""
"","2","OPERATIONS-OVER-ATOMS---METTA-LANGUAGE8.01","","Tue Dec 24 10:01:32 GMT 2024","passed","Tue Dec 24 10:01:32 GMT 2024","","METTA-LANG","METTA-LANG",""
"","1","ZEROARGS.02","","Tue Dec 24 09:58:21 GMT 2024","passed","Tue Dec 24 09:58:21 GMT 2024","","METTA-MORPH-TESTS","METTA-MORPH-TESTS",""
"","6000","metta_lang.Control_flow___MeTTa_Language14","","Tue Dec 24 09:45:50 GMT 2024","passed","Tue Dec 24 09:45:56 GMT 2024","","WHOLE-TESTS","WHOLE-TESTS",""
"","7000","quick.f1_moduleA","","Tue Dec 24 09:45:50 GMT 2024","passed","Tue Dec 24 09:45:57 GMT 2024","","WHOLE-TESTS","WHOLE-TESTS",""
"","1","D4-TYPE-PROP.06","","Tue Dec 24 09:50:04 GMT 2024","passed","Tue Dec 24 09:50:04 GMT 2024","","HYPERON-EXPERIMENTAL-SCRIPTS","HYPERON-EXPERIMENTAL-SCRIPTS",""
"","99","CONTROL-FLOW---METTA-LANGUAGE5.01","","Tue Dec 24 10:01:32 GMT 2024","passed","Tue Dec 24 10:01:32 GMT 2024","","METTA-LANG","METTA-LANG",""
"","3","BASIC-EVALUATION---METTA-LANGUAGE14.03","","Tue Dec 24 10:01:32 GMT 2024","passed","Tue Dec 24 10:01:32 GMT 2024","","METTA-LANG","METTA-LANG",""
"","7000","metta_lang.Free_variables_and_nondeterminism_again_recursively___MeTTa_Language5","","Tue Dec 24 09:45:50 GMT 2024","passed","Tue Dec 24 09:45:57 GMT 2024","","WHOLE-TESTS","WHOLE-TESTS",""
"","3","TEST-SPO-100.01","","Tue Dec 24 09:46:55 GMT 2024","passed","Tue Dec 24 09:46:55 GMT 2024","","METTA-WAM-ISSUE-116","METTA-WAM-ISSUE-116",""
"","2","CONCRETE-TYPES---METTA-LANGUAGE7.05","","Tue Dec 24 10:01:32 GMT 2024","passed","Tue Dec 24 10:01:32 GMT 2024","","METTA-LANG","METTA-LANG",""
"","2","SUPERCOLLAPSE.03","","Tue Dec 24 09:58:21 GMT 2024","passed","Tue Dec 24 09:58:21 GMT 2024","","METTA-MORPH-TESTS","METTA-MORPH-TESTS",""
"","6000","baseline_compat.rust_02","","Tue Dec 24 09:45:50 GMT 2024","passed","Tue Dec 24 09:45:56 GMT 2024","","WHOLE-TESTS","WHOLE-TESTS",""
"","7000","hyperon-experimental_scripts.d4_type_prop","","Tue Dec 24 09:45:50 GMT 2024","passed","Tue Dec 24 09:45:57 GMT 2024","","WHOLE-TESTS","WHOLE-TESTS",""
"","2","F1-MODULEA.01","","Tue Dec 24 10:18:34 GMT 2024","passed","Tue Dec 24 10:18:34 GMT 2024","","QUICK","QUICK",""
"","3","IF.01","","Tue Dec 24 09:58:21 GMT 2024","passed","Tue Dec 24 09:58:21 GMT 2024","","METTA-MORPH-TESTS","METTA-MORPH-TESTS",""
"","6","CONSOLE-OUTPUT-AND-DEBUGGING---METTA-LANGUAGE2.03","","Tue Dec 24 10:01:32 GMT 2024","passed","Tue Dec 24 10:01:32 GMT 2024","","METTA-LANG","METTA-LANG",""
"","2","D4-TYPE-PROP.16","","Tue Dec 24 10:18:34 GMT 2024","passed","Tue Dec 24 10:18:34 GMT 2024","","QUICK","QUICK",""
"","164","TEST-SPO-5000.01","","Tue Dec 24 09:46:55 GMT 2024","passed","Tue Dec 24 09:46:55 GMT 2024","","METTA-WAM-ISSUE-116","METTA-WAM-ISSUE-116",""
"","2","INTERSECTION-TESTS.10","","Tue Dec 24 09:52:48 GMT 2024","passed","Tue Dec 24 09:52:48 GMT 2024","","HYPERON-METTALOG-SANITY","HYPERON-METTALOG-SANITY",""
"","3","OPERATIONS-OVER-ATOMS---METTA-LANGUAGE4.02","","Tue Dec 24 10:01:32 GMT 2024","passed","Tue Dec 24 10:01:32 GMT 2024","","METTA-LANG","METTA-LANG",""
"","2","METATYPES---METTA-LANGUAGE7.01","","Tue Dec 24 10:01:32 GMT 2024","passed","Tue Dec 24 10:01:32 GMT 2024","","METTA-LANG","METTA-LANG",""
"","3","RECURSIVE-AND-PARAMETRIC-TYPES---METTA-LANGUAGE2.01","","Tue Dec 24 10:01:32 GMT 2024","passed","Tue Dec 24 10:01:32 GMT 2024","","METTA-LANG","METTA-LANG",""
"","3","G1-DOCS.02","","Tue Dec 24 09:50:04 GMT 2024","passed","Tue Dec 24 09:50:04 GMT 2024","","HYPERON-EXPERIMENTAL-SCRIPTS","HYPERON-EXPERIMENTAL-SCRIPTS",""
"","3","SPACE-SUBTRACTION-TESTS.01","","Tue Dec 24 09:52:48 GMT 2024","passed","Tue Dec 24 09:52:48 GMT 2024","","HYPERON-METTALOG-SANITY","HYPERON-METTALOG-SANITY",""
"","11","FUNCTIONS-AND-UNIFICATION---METTA-LANGUAGE7.02","","Tue Dec 24 10:01:32 GMT 2024","failed","Tue Dec 24 10:01:32 GMT 2024","","METTA-LANG","METTA-LANG",""
"","2","D4-TYPE-PROP.17","","Tue Dec 24 10:18:34 GMT 2024","passed","Tue Dec 24 10:18:34 GMT 2024","","QUICK","QUICK",""
"","4","E2-STATES.11","","Tue Dec 24 09:50:04 GMT 2024","passed","Tue Dec 24 09:50:04 GMT 2024","","HYPERON-EXPERIMENTAL-SCRIPTS","HYPERON-EXPERIMENTAL-SCRIPTS",""
"","2","INTERSECTION-TESTS.02","","Tue Dec 24 09:52:48 GMT 2024","passed","Tue Dec 24 09:52:48 GMT 2024","","HYPERON-METTALOG-SANITY","HYPERON-METTALOG-SANITY",""
"","7000","metta_lang.Operations_over_atoms___MeTTa_Language7","","Tue Dec 24 09:45:50 GMT 2024","passed","Tue Dec 24 09:45:57 GMT 2024","","WHOLE-TESTS","WHOLE-TESTS",""
"","3","D1-GADT.10","","Tue Dec 24 10:18:34 GMT 2024","passed","Tue Dec 24 10:18:34 GMT 2024","","QUICK","QUICK",""
"","3","WORKING-WITH-SPACES---METTA-LANGUAGE3.01","","Tue Dec 24 10:01:32 GMT 2024","passed","Tue Dec 24 10:01:32 GMT 2024","","METTA-LANG","METTA-LANG",""
"","60","WORKING-WITH-SPACES---METTA-LANGUAGE9.06","","Tue Dec 24 10:01:32 GMT 2024","failed","Tue Dec 24 10:01:32 GMT 2024","","METTA-LANG","METTA-LANG",""
"","2","WORKING-WITH-SPACES---METTA-LANGUAGE3.06","","Tue Dec 24 10:01:32 GMT 2024","passed","Tue Dec 24 10:01:32 GMT 2024","","METTA-LANG","METTA-LANG",""
"","7000","anti-regression.comma_is_not_special","","Tue Dec 24 09:45:50 GMT 2024","passed","Tue Dec 24 09:45:57 GMT 2024","","WHOLE-TESTS","WHOLE-TESTS",""
"","2","BASIC-GROUNDED-FUNCTIONS---METTA-LANGUAGE4.02","","Tue Dec 24 10:01:32 GMT 2024","passed","Tue Dec 24 10:01:32 GMT 2024","","METTA-LANG","METTA-LANG",""
"","3","D4-TYPE-PROP.11","","Tue Dec 24 10:18:34 GMT 2024","passed","Tue Dec 24 10:18:34 GMT 2024","","QUICK","QUICK",""
"","2","C1-GROUNDED-BASIC.18","","Tue Dec 24 09:50:04 GMT 2024","passed","Tue Dec 24 09:50:04 GMT 2024","","HYPERON-EXPERIMENTAL-SCRIPTS","HYPERON-EXPERIMENTAL-SCRIPTS",""
"","1","METTALOGTESTCURRIED2.04","","Tue Dec 24 09:45:56 GMT 2024","passed","Tue Dec 24 09:45:56 GMT 2024","","ANTI-REGRESSION","ANTI-REGRESSION",""
"","2","B3-DIRECT.03","","Tue Dec 24 09:50:04 GMT 2024","passed","Tue Dec 24 09:50:04 GMT 2024","","HYPERON-EXPERIMENTAL-SCRIPTS","HYPERON-EXPERIMENTAL-SCRIPTS",""
"","2","BCHAIN.05","","Tue Dec 24 09:45:56 GMT 2024","passed","Tue Dec 24 09:45:56 GMT 2024","","ANTI-REGRESSION","ANTI-REGRESSION",""
"","2","STATES-SPACES.03","","Tue Dec 24 09:58:21 GMT 2024","passed","Tue Dec 24 09:58:21 GMT 2024","","METTA-MORPH-TESTS","METTA-MORPH-TESTS",""
"","2","WORKING-WITH-SPACES---METTA-LANGUAGE6.04","","Tue Dec 24 10:01:32 GMT 2024","passed","Tue Dec 24 10:01:32 GMT 2024","","METTA-LANG","METTA-LANG",""
"","7000","hyperon-mettalog_sanity.space_subtraction_tests","","Tue Dec 24 09:45:50 GMT 2024","passed","Tue Dec 24 09:45:57 GMT 2024","","WHOLE-TESTS","WHOLE-TESTS",""
"","7000","metta_lang.Recursive_and_parametric_types___MeTTa_Language6","","Tue Dec 24 09:45:50 GMT 2024","passed","Tue Dec 24 09:45:57 GMT 2024","","WHOLE-TESTS","WHOLE-TESTS",""
"","7000","metta_lang.Querying_space_content___MeTTa_Language4","","Tue Dec 24 09:45:50 GMT 2024","passed","Tue Dec 24 09:45:57 GMT 2024","","WHOLE-TESTS","WHOLE-TESTS",""
"","2","CONSOLE-OUTPUT-AND-DEBUGGING---METTA-LANGUAGE3.04","","Tue Dec 24 10:01:32 GMT 2024","passed","Tue Dec 24 10:01:32 GMT 2024","","METTA-LANG","METTA-LANG",""
"","3","C2-SPACES.04","","Tue Dec 24 09:50:04 GMT 2024","passed","Tue Dec 24 09:50:04 GMT 2024","","HYPERON-EXPERIMENTAL-SCRIPTS","HYPERON-EXPERIMENTAL-SCRIPTS",""
"","3","STRING-TESTS.14","","Tue Dec 24 09:52:48 GMT 2024","passed","Tue Dec 24 09:52:48 GMT 2024","","HYPERON-METTALOG-SANITY","HYPERON-METTALOG-SANITY",""
"","7000","metta_lang.Recursion_and_control___MeTTa_Language4","","Tue Dec 24 09:45:50 GMT 2024","passed","Tue Dec 24 09:45:57 GMT 2024","","WHOLE-TESTS","WHOLE-TESTS",""
"","7000","metta_lang.Recursion_and_control___MeTTa_Language1","","Tue Dec 24 09:45:50 GMT 2024","passed","Tue Dec 24 09:45:57 GMT 2024","","WHOLE-TESTS","WHOLE-TESTS",""
"","2","BASE-TEST-REPR-PARSE-INTERSECTION.04","","Tue Dec 24 09:52:48 GMT 2024","passed","Tue Dec 24 09:52:48 GMT 2024","","HYPERON-METTALOG-SANITY","HYPERON-METTALOG-SANITY",""
"","106","D5-AUTO-TYPES.04","","Tue Dec 24 09:50:04 GMT 2024","failed","Tue Dec 24 09:50:04 GMT 2024","","HYPERON-EXPERIMENTAL-SCRIPTS","HYPERON-EXPERIMENTAL-SCRIPTS",""
"","3","TMPMATCH1.01","","Tue Dec 24 09:45:56 GMT 2024","passed","Tue Dec 24 09:45:56 GMT 2024","","ANTI-REGRESSION","ANTI-REGRESSION",""
"","7000","hyperon-experimental_scripts.d5_auto_types","","Tue Dec 24 09:45:50 GMT 2024","passed","Tue Dec 24 09:45:57 GMT 2024","","WHOLE-TESTS","WHOLE-TESTS",""
"","2","FLIP-TEST.01","","Tue Dec 24 09:52:48 GMT 2024","passed","Tue Dec 24 09:52:48 GMT 2024","","HYPERON-METTALOG-SANITY","HYPERON-METTALOG-SANITY",""
"","3","RECURSIVE-AND-PARAMETRIC-TYPES---METTA-LANGUAGE2.03","","Tue Dec 24 10:01:32 GMT 2024","passed","Tue Dec 24 10:01:32 GMT 2024","","METTA-LANG","METTA-LANG",""
"","108","FREE-VARIABLES-AND-NONDETERMINISM-AGAIN,-RECURSIVELY---METTA-LANGUAGE1.02","","Tue Dec 24 10:01:32 GMT 2024","failed","Tue Dec 24 10:01:32 GMT 2024","","METTA-LANG","METTA-LANG",""
"","2","WORKING-WITH-SPACES---METTA-LANGUAGE3.08","","Tue Dec 24 10:01:32 GMT 2024","passed","Tue Dec 24 10:01:32 GMT 2024","","METTA-LANG","METTA-LANG",""
"","6000","metta_lang.Control_flow___MeTTa_Language15","","Tue Dec 24 09:45:50 GMT 2024","passed","Tue Dec 24 09:45:56 GMT 2024","","WHOLE-TESTS","WHOLE-TESTS",""
"","2","C2-SPACES.02","","Tue Dec 24 09:45:43 GMT 2024","passed","Tue Dec 24 09:45:43 GMT 2024","","MODULE-SYSTEM","MODULE-SYSTEM",""
"","7000","metta-morph_tests.collapse","","Tue Dec 24 09:45:50 GMT 2024","passed","Tue Dec 24 09:45:57 GMT 2024","","WHOLE-TESTS","WHOLE-TESTS",""
"","74","BASE-TEST-REPR-PARSE-INTERSECTION.02","","Tue Dec 24 09:52:48 GMT 2024","passed","Tue Dec 24 09:52:48 GMT 2024","","HYPERON-METTALOG-SANITY","HYPERON-METTALOG-SANITY",""
"","3","METATYPES---METTA-LANGUAGE2.01","","Tue Dec 24 10:01:32 GMT 2024","passed","Tue Dec 24 10:01:32 GMT 2024","","METTA-LANG","METTA-LANG",""
"","2","D2-HIGHERFUNC.13","","Tue Dec 24 10:18:34 GMT 2024","passed","Tue Dec 24 10:18:34 GMT 2024","","QUICK","QUICK",""
"","2","UNIQUE-TEST.08","","Tue Dec 24 09:52:48 GMT 2024","passed","Tue Dec 24 09:52:48 GMT 2024","","HYPERON-METTALOG-SANITY","HYPERON-METTALOG-SANITY",""
"","3","WORKING-WITH-SPACES---METTA-LANGUAGE8.03","","Tue Dec 24 10:01:32 GMT 2024","passed","Tue Dec 24 10:01:32 GMT 2024","","METTA-LANG","METTA-LANG",""
"","63","F1-IMPORTS.21","","Tue Dec 24 10:18:34 GMT 2024","passed","Tue Dec 24 10:18:34 GMT 2024","","QUICK","QUICK",""
"","3","TEST-IF-CLOSED.10","","Tue Dec 24 09:45:56 GMT 2024","passed","Tue Dec 24 09:45:56 GMT 2024","","ANTI-REGRESSION","ANTI-REGRESSION",""
"","2","MATCH-VOID.03","","Tue Dec 24 09:58:21 GMT 2024","passed","Tue Dec 24 09:58:21 GMT 2024","","METTA-MORPH-TESTS","METTA-MORPH-TESTS",""
"","6000","metta-morph_tests.let_superpose_list","","Tue Dec 24 09:45:50 GMT 2024","passed","Tue Dec 24 09:45:56 GMT 2024","","WHOLE-TESTS","WHOLE-TESTS",""
"","12","METATYPES---METTA-LANGUAGE2.06","","Tue Dec 24 10:01:32 GMT 2024","failed","Tue Dec 24 10:01:32 GMT 2024","","METTA-LANG","METTA-LANG",""
"","2","D4-TYPE-PROP.19","","Tue Dec 24 10:18:34 GMT 2024","passed","Tue Dec 24 10:18:34 GMT 2024","","QUICK","QUICK",""
"","3","FUNCTIONS-AND-UNIFICATION---METTA-LANGUAGE6.01","","Tue Dec 24 10:01:32 GMT 2024","passed","Tue Dec 24 10:01:32 GMT 2024","","METTA-LANG","METTA-LANG",""
"","7000","metta_lang.Controlling_pattern_matching___MeTTa_Language9","","Tue Dec 24 09:45:50 GMT 2024","passed","Tue Dec 24 09:45:57 GMT 2024","","WHOLE-TESTS","WHOLE-TESTS",""
"","2","C1-GROUNDED-BASIC.04","","Tue Dec 24 10:18:34 GMT 2024","passed","Tue Dec 24 10:18:34 GMT 2024","","QUICK","QUICK",""
"","14","CONCRETE-TYPES---METTA-LANGUAGE5.02","","Tue Dec 24 10:01:32 GMT 2024","passed","Tue Dec 24 10:01:32 GMT 2024","","METTA-LANG","METTA-LANG",""
"","2","SEQUENTIAL-NESTED.10","","Tue Dec 24 09:58:21 GMT 2024","passed","Tue Dec 24 09:58:21 GMT 2024","","METTA-MORPH-TESTS","METTA-MORPH-TESTS",""
"","2","FIND-ALL-TESTS.04","","Tue Dec 24 09:52:48 GMT 2024","passed","Tue Dec 24 09:52:48 GMT 2024","","HYPERON-METTALOG-SANITY","HYPERON-METTALOG-SANITY",""
"","2","CONTROL-FLOW---METTA-LANGUAGE15.05","","Tue Dec 24 10:01:32 GMT 2024","passed","Tue Dec 24 10:01:32 GMT 2024","","METTA-LANG","METTA-LANG",""
"","6","SPACE-SUBTRACTION-TESTS.04","","Tue Dec 24 09:52:48 GMT 2024","passed","Tue Dec 24 09:52:48 GMT 2024","","HYPERON-METTALOG-SANITY","HYPERON-METTALOG-SANITY",""
"","2","A1-SYMBOLS.07","","Tue Dec 24 09:50:04 GMT 2024","passed","Tue Dec 24 09:50:04 GMT 2024","","HYPERON-EXPERIMENTAL-SCRIPTS","HYPERON-EXPERIMENTAL-SCRIPTS",""
"","3","C1-GROUNDED-BASIC.09","","Tue Dec 24 09:50:04 GMT 2024","passed","Tue Dec 24 09:50:04 GMT 2024","","HYPERON-EXPERIMENTAL-SCRIPTS","HYPERON-EXPERIMENTAL-SCRIPTS",""
"","7000","metta-morph_tests.zeroargs","","Tue Dec 24 09:45:50 GMT 2024","passed","Tue Dec 24 09:45:57 GMT 2024","","WHOLE-TESTS","WHOLE-TESTS",""
"","67","WORKING-WITH-SPACES---METTA-LANGUAGE11.03","","Tue Dec 24 10:01:32 GMT 2024","failed","Tue Dec 24 10:01:32 GMT 2024","","METTA-LANG","METTA-LANG",""
"","2","OR-TEST.10","","Tue Dec 24 09:52:48 GMT 2024","passed","Tue Dec 24 09:52:48 GMT 2024","","HYPERON-METTALOG-SANITY","HYPERON-METTALOG-SANITY",""
"","2","00-LANG-CASE.16","","Tue Dec 24 09:52:48 GMT 2024","passed","Tue Dec 24 09:52:48 GMT 2024","","HYPERON-METTALOG-SANITY","HYPERON-METTALOG-SANITY",""
"","2","OPERATIONS-OVER-ATOMS---METTA-LANGUAGE1.03","","Tue Dec 24 10:01:32 GMT 2024","passed","Tue Dec 24 10:01:32 GMT 2024","","METTA-LANG","METTA-LANG",""
"","1","INTERSECTION-TESTS.25","","Tue Dec 24 09:52:48 GMT 2024","passed","Tue Dec 24 09:52:48 GMT 2024","","HYPERON-METTALOG-SANITY","HYPERON-METTALOG-SANITY",""
"","3","RECURSIVE-AND-PARAMETRIC-TYPES---METTA-LANGUAGE1.01","","Tue Dec 24 10:01:32 GMT 2024","passed","Tue Dec 24 10:01:32 GMT 2024","","METTA-LANG","METTA-LANG",""
"","2","03-SORING-VIA-INSERT.05","","Tue Dec 24 09:52:48 GMT 2024","passed","Tue Dec 24 09:52:48 GMT 2024","","HYPERON-METTALOG-SANITY","HYPERON-METTALOG-SANITY",""
"","3","OPERATIONS-OVER-ATOMS---METTA-LANGUAGE7.02","","Tue Dec 24 10:01:32 GMT 2024","passed","Tue Dec 24 10:01:32 GMT 2024","","METTA-LANG","METTA-LANG",""
"","6000","metta_lang.Recursion_and_control___MeTTa_Language7","","Tue Dec 24 09:45:50 GMT 2024","passed","Tue Dec 24 09:45:56 GMT 2024","","WHOLE-TESTS","WHOLE-TESTS",""
"","4","UNIQUE-TEST.13","","Tue Dec 24 09:52:48 GMT 2024","passed","Tue Dec 24 09:52:48 GMT 2024","","HYPERON-METTALOG-SANITY","HYPERON-METTALOG-SANITY",""
"","2","C1-GROUNDED-BASIC.05","","Tue Dec 24 09:50:04 GMT 2024","passed","Tue Dec 24 09:50:04 GMT 2024","","HYPERON-EXPERIMENTAL-SCRIPTS","HYPERON-EXPERIMENTAL-SCRIPTS",""
"","2","CATCH-THROW-TESTS.07","","Tue Dec 24 09:52:48 GMT 2024","passed","Tue Dec 24 09:52:48 GMT 2024","","HYPERON-METTALOG-SANITY","HYPERON-METTALOG-SANITY",""
"","2","WORKING-WITH-SPACES---METTA-LANGUAGE1.04","","Tue Dec 24 10:01:32 GMT 2024","passed","Tue Dec 24 10:01:32 GMT 2024","","METTA-LANG","METTA-LANG",""
"","7000","metta_lang.Handling_nondeterministic_results___MeTTa_Language1","","Tue Dec 24 09:45:50 GMT 2024","passed","Tue Dec 24 09:45:57 GMT 2024","","WHOLE-TESTS","WHOLE-TESTS",""
"","2","D4-TYPE-PROP.15","","Tue Dec 24 10:18:34 GMT 2024","passed","Tue Dec 24 10:18:34 GMT 2024","","QUICK","QUICK",""
"","7000","metta_lang.Metatypes___MeTTa_Language9","","Tue Dec 24 09:45:50 GMT 2024","passed","Tue Dec 24 09:45:57 GMT 2024","","WHOLE-TESTS","WHOLE-TESTS",""
"","3","METATYPES---METTA-LANGUAGE8.02","","Tue Dec 24 10:01:32 GMT 2024","passed","Tue Dec 24 10:01:32 GMT 2024","","METTA-LANG","METTA-LANG",""
"","2","00-LANG-CASE.02","","Tue Dec 24 09:52:48 GMT 2024","passed","Tue Dec 24 09:52:48 GMT 2024","","HYPERON-METTALOG-SANITY","HYPERON-METTALOG-SANITY",""
"","3","CONTROLLING-PATTERN-MATCHING---METTA-LANGUAGE4.01","","Tue Dec 24 10:01:32 GMT 2024","passed","Tue Dec 24 10:01:32 GMT 2024","","METTA-LANG","METTA-LANG",""
"","13","CONCRETE-TYPES---METTA-LANGUAGE5.04","","Tue Dec 24 10:01:32 GMT 2024","failed","Tue Dec 24 10:01:32 GMT 2024","","METTA-LANG","METTA-LANG",""
"","2","FACTORIAL.02","","Tue Dec 24 09:58:21 GMT 2024","passed","Tue Dec 24 09:58:21 GMT 2024","","METTA-MORPH-TESTS","METTA-MORPH-TESTS",""
"","3","BC-COMP.06","","Tue Dec 24 09:45:56 GMT 2024","passed","Tue Dec 24 09:45:56 GMT 2024","","ANTI-REGRESSION","ANTI-REGRESSION",""
"","7000","metta_lang.Recursion_and_control___MeTTa_Language5","","Tue Dec 24 09:45:50 GMT 2024","passed","Tue Dec 24 09:45:57 GMT 2024","","WHOLE-TESTS","WHOLE-TESTS",""
"","4","C1-GROUNDED-BASIC.08","","Tue Dec 24 09:50:04 GMT 2024","passed","Tue Dec 24 09:50:04 GMT 2024","","HYPERON-EXPERIMENTAL-SCRIPTS","HYPERON-EXPERIMENTAL-SCRIPTS",""
"","7000","anti-regression.tmpMatch1","","Tue Dec 24 09:45:50 GMT 2024","passed","Tue Dec 24 09:45:57 GMT 2024","","WHOLE-TESTS","WHOLE-TESTS",""
"","3","QUERYING-SPACE-CONTENT---METTA-LANGUAGE4.01","","Tue Dec 24 10:01:32 GMT 2024","passed","Tue Dec 24 10:01:32 GMT 2024","","METTA-LANG","METTA-LANG",""
"","2","D2-HIGHERFUNC.11","","Tue Dec 24 09:50:04 GMT 2024","passed","Tue Dec 24 09:50:04 GMT 2024","","HYPERON-EXPERIMENTAL-SCRIPTS","HYPERON-EXPERIMENTAL-SCRIPTS",""
"","89","D5-AUTO-TYPES.06","","Tue Dec 24 09:50:04 GMT 2024","failed","Tue Dec 24 09:50:04 GMT 2024","","HYPERON-EXPERIMENTAL-SCRIPTS","HYPERON-EXPERIMENTAL-SCRIPTS",""
"","3","CONTROLLING-PATTERN-MATCHING---METTA-LANGUAGE12.11","","Tue Dec 24 10:01:32 GMT 2024","passed","Tue Dec 24 10:01:32 GMT 2024","","METTA-LANG","METTA-LANG",""
"","76","MAX-TIME-TESTS.02","","Tue Dec 24 09:52:48 GMT 2024","failed","Tue Dec 24 09:52:48 GMT 2024","","HYPERON-METTALOG-SANITY","HYPERON-METTALOG-SANITY",""
"","9000","metta-morph_tests.nalifier","","Tue Dec 24 09:45:50 GMT 2024","passed","Tue Dec 24 09:45:59 GMT 2024","","WHOLE-TESTS","WHOLE-TESTS",""
"","3","D1-GADT.01","","Tue Dec 24 10:18:34 GMT 2024","passed","Tue Dec 24 10:18:34 GMT 2024","","QUICK","QUICK",""
"","2","MATCH-VOID.10","","Tue Dec 24 09:58:21 GMT 2024","passed","Tue Dec 24 09:58:21 GMT 2024","","METTA-MORPH-TESTS","METTA-MORPH-TESTS",""
"","2","CONTROL-FLOW---METTA-LANGUAGE2.02","","Tue Dec 24 10:01:32 GMT 2024","passed","Tue Dec 24 10:01:32 GMT 2024","","METTA-LANG","METTA-LANG",""
"","3","HANDLING-NONDETERMINISTIC-RESULTS---METTA-LANGUAGE1.03","","Tue Dec 24 10:01:32 GMT 2024","passed","Tue Dec 24 10:01:32 GMT 2024","","METTA-LANG","METTA-LANG",""
"","7000","metta_lang.Controlling_pattern_matching___MeTTa_Language7","","Tue Dec 24 09:45:50 GMT 2024","passed","Tue Dec 24 09:45:57 GMT 2024","","WHOLE-TESTS","WHOLE-TESTS",""
"","2","OPERATIONS-OVER-ATOMS---METTA-LANGUAGE2.04","","Tue Dec 24 10:01:32 GMT 2024","passed","Tue Dec 24 10:01:32 GMT 2024","","METTA-LANG","METTA-LANG",""
"","2","BASIC-EVALUATION---METTA-LANGUAGE6.02","","Tue Dec 24 10:01:32 GMT 2024","passed","Tue Dec 24 10:01:32 GMT 2024","","METTA-LANG","METTA-LANG",""
"","2","XOR-TEST.07","","Tue Dec 24 09:52:48 GMT 2024","passed","Tue Dec 24 09:52:48 GMT 2024","","HYPERON-METTALOG-SANITY","HYPERON-METTALOG-SANITY",""
"","2","WORKING-WITH-SPACES---METTA-LANGUAGE8.04","","Tue Dec 24 10:01:32 GMT 2024","passed","Tue Dec 24 10:01:32 GMT 2024","","METTA-LANG","METTA-LANG",""
"","2","BASIC-GROUNDED-FUNCTIONS---METTA-LANGUAGE1.01","","Tue Dec 24 10:01:32 GMT 2024","passed","Tue Dec 24 10:01:32 GMT 2024","","METTA-LANG","METTA-LANG",""
"","2","OR-TEST.03","","Tue Dec 24 09:52:48 GMT 2024","passed","Tue Dec 24 09:52:48 GMT 2024","","HYPERON-METTALOG-SANITY","HYPERON-METTALOG-SANITY",""
"","4","C1-GROUNDED-BASIC.08","","Tue Dec 24 10:18:34 GMT 2024","passed","Tue Dec 24 10:18:34 GMT 2024","","QUICK","QUICK",""
"","4","CONTROLLING-PATTERN-MATCHING---METTA-LANGUAGE7.01","","Tue Dec 24 10:01:32 GMT 2024","passed","Tue Dec 24 10:01:32 GMT 2024","","METTA-LANG","METTA-LANG",""
"","2","CONTROL-FLOW---METTA-LANGUAGE7.02","","Tue Dec 24 10:01:32 GMT 2024","passed","Tue Dec 24 10:01:32 GMT 2024","","METTA-LANG","METTA-LANG",""
"","3","03-SORING-VIA-INSERT.06","","Tue Dec 24 09:52:48 GMT 2024","passed","Tue Dec 24 09:52:48 GMT 2024","","HYPERON-METTALOG-SANITY","HYPERON-METTALOG-SANITY",""
"","2","FUNCTIONS-AND-UNIFICATION---METTA-LANGUAGE4.03","","Tue Dec 24 10:01:32 GMT 2024","passed","Tue Dec 24 10:01:32 GMT 2024","","METTA-LANG","METTA-LANG",""
"","2","E2-STATES.10","","Tue Dec 24 09:50:04 GMT 2024","passed","Tue Dec 24 09:50:04 GMT 2024","","HYPERON-EXPERIMENTAL-SCRIPTS","HYPERON-EXPERIMENTAL-SCRIPTS",""
"","13","MATCH-VOID.11","","Tue Dec 24 09:58:21 GMT 2024","passed","Tue Dec 24 09:58:21 GMT 2024","","METTA-MORPH-TESTS","METTA-MORPH-TESTS",""
"","3","SPACE-INTERSECTION-TESTS.14","","Tue Dec 24 09:52:48 GMT 2024","passed","Tue Dec 24 09:52:48 GMT 2024","","HYPERON-METTALOG-SANITY","HYPERON-METTALOG-SANITY",""
"","2","QUERYING-SPACE-CONTENT---METTA-LANGUAGE2.02","","Tue Dec 24 10:01:32 GMT 2024","passed","Tue Dec 24 10:01:32 GMT 2024","","METTA-LANG","METTA-LANG",""
"","2","RECURSION-AND-CONTROL---METTA-LANGUAGE7.02","","Tue Dec 24 10:01:32 GMT 2024","passed","Tue Dec 24 10:01:32 GMT 2024","","METTA-LANG","METTA-LANG",""
"","2","UNIQUE-TEST.06","","Tue Dec 24 09:52:48 GMT 2024","passed","Tue Dec 24 09:52:48 GMT 2024","","HYPERON-METTALOG-SANITY","HYPERON-METTALOG-SANITY",""
"","55","F1-IMPORTS.21","","Tue Dec 24 09:50:04 GMT 2024","passed","Tue Dec 24 09:50:04 GMT 2024","","HYPERON-EXPERIMENTAL-SCRIPTS","HYPERON-EXPERIMENTAL-SCRIPTS",""
"","7000","metta_lang.Control_flow___MeTTa_Language9","","Tue Dec 24 09:45:50 GMT 2024","passed","Tue Dec 24 09:45:57 GMT 2024","","WHOLE-TESTS","WHOLE-TESTS",""
"","82","HANDLING-NONDETERMINISTIC-RESULTS---METTA-LANGUAGE6.04","","Tue Dec 24 10:01:32 GMT 2024","passed","Tue Dec 24 10:01:32 GMT 2024","","METTA-LANG","METTA-LANG",""
"","7000","metta-morph_tests.factorial","","Tue Dec 24 09:45:50 GMT 2024","passed","Tue Dec 24 09:45:57 GMT 2024","","WHOLE-TESTS","WHOLE-TESTS",""
"","1","TEST-IF-CLOSED.05","","Tue Dec 24 09:45:56 GMT 2024","passed","Tue Dec 24 09:45:56 GMT 2024","","ANTI-REGRESSION","ANTI-REGRESSION",""
"","3","06-MATCH-IN-SPACE.01","","Tue Dec 24 09:52:48 GMT 2024","passed","Tue Dec 24 09:52:48 GMT 2024","","HYPERON-METTALOG-SANITY","HYPERON-METTALOG-SANITY",""
"","3","B2-BACKCHAIN.01","","Tue Dec 24 09:50:04 GMT 2024","passed","Tue Dec 24 09:50:04 GMT 2024","","HYPERON-EXPERIMENTAL-SCRIPTS","HYPERON-EXPERIMENTAL-SCRIPTS",""
"","1","D2-HIGHERFUNC.06","","Tue Dec 24 10:18:34 GMT 2024","passed","Tue Dec 24 10:18:34 GMT 2024","","QUICK","QUICK",""
"","3","BCHAIN.06","","Tue Dec 24 09:45:56 GMT 2024","passed","Tue Dec 24 09:45:56 GMT 2024","","ANTI-REGRESSION","ANTI-REGRESSION",""
"","2","D1-GADT.07","","Tue Dec 24 09:50:04 GMT 2024","passed","Tue Dec 24 09:50:04 GMT 2024","","HYPERON-EXPERIMENTAL-SCRIPTS","HYPERON-EXPERIMENTAL-SCRIPTS",""
"","1","B5-TYPES-PRELIM.26","","Tue Dec 24 09:50:04 GMT 2024","passed","Tue Dec 24 09:50:04 GMT 2024","","HYPERON-EXPERIMENTAL-SCRIPTS","HYPERON-EXPERIMENTAL-SCRIPTS",""
"","3","CONCRETE-TYPES---METTA-LANGUAGE1.01","","Tue Dec 24 10:01:32 GMT 2024","passed","Tue Dec 24 10:01:32 GMT 2024","","METTA-LANG","METTA-LANG",""
"","2","00-LANG-CASE.14","","Tue Dec 24 09:52:48 GMT 2024","passed","Tue Dec 24 09:52:48 GMT 2024","","HYPERON-METTALOG-SANITY","HYPERON-METTALOG-SANITY",""
"","7000","hyperon-experimental_scripts.d2_higherfunc","","Tue Dec 24 09:45:50 GMT 2024","passed","Tue Dec 24 09:45:57 GMT 2024","","WHOLE-TESTS","WHOLE-TESTS",""
"","7000","metta_lang.Recursive_and_parametric_types___MeTTa_Language7","","Tue Dec 24 09:45:50 GMT 2024","passed","Tue Dec 24 09:45:57 GMT 2024","","WHOLE-TESTS","WHOLE-TESTS",""
"","2","WORKING-WITH-SPACES---METTA-LANGUAGE1.09","","Tue Dec 24 10:01:32 GMT 2024","passed","Tue Dec 24 10:01:32 GMT 2024","","METTA-LANG","METTA-LANG",""
"","2","SPACE-INTERSECTION-TESTS.11","","Tue Dec 24 09:52:48 GMT 2024","passed","Tue Dec 24 09:52:48 GMT 2024","","HYPERON-METTALOG-SANITY","HYPERON-METTALOG-SANITY",""
"","13","D1-GADT.13","","Tue Dec 24 09:50:04 GMT 2024","passed","Tue Dec 24 09:50:04 GMT 2024","","HYPERON-EXPERIMENTAL-SCRIPTS","HYPERON-EXPERIMENTAL-SCRIPTS",""
"","78","METATYPES---METTA-LANGUAGE7.04","","Tue Dec 24 10:01:32 GMT 2024","failed","Tue Dec 24 10:01:32 GMT 2024","","METTA-LANG","METTA-LANG",""
"","17","HANDLING-NONDETERMINISTIC-RESULTS---METTA-LANGUAGE4.01","","Tue Dec 24 10:01:32 GMT 2024","failed","Tue Dec 24 10:01:32 GMT 2024","","METTA-LANG","METTA-LANG",""
"","2","MATCH-VOID.09","","Tue Dec 24 09:58:21 GMT 2024","passed","Tue Dec 24 09:58:21 GMT 2024","","METTA-MORPH-TESTS","METTA-MORPH-TESTS",""
"","3","CONTROLLING-PATTERN-MATCHING---METTA-LANGUAGE11.01","","Tue Dec 24 10:01:32 GMT 2024","passed","Tue Dec 24 10:01:32 GMT 2024","","METTA-LANG","METTA-LANG",""
"","2","C2-SPACES.05","","Tue Dec 24 09:45:43 GMT 2024","passed","Tue Dec 24 09:45:43 GMT 2024","","MODULE-SYSTEM","MODULE-SYSTEM",""
"","2","METATYPES---METTA-LANGUAGE2.02","","Tue Dec 24 10:01:32 GMT 2024","passed","Tue Dec 24 10:01:32 GMT 2024","","METTA-LANG","METTA-LANG",""
"","7000","synth_buffer.time_synthesize_short","","Tue Dec 24 09:45:50 GMT 2024","passed","Tue Dec 24 09:45:57 GMT 2024","","WHOLE-TESTS","WHOLE-TESTS",""
"","2","D2-HIGHERFUNC.05","","Tue Dec 24 10:18:34 GMT 2024","passed","Tue Dec 24 10:18:34 GMT 2024","","QUICK","QUICK",""
"","7000","hyperon-experimental_scripts.e1_kb_write","","Tue Dec 24 09:45:50 GMT 2024","passed","Tue Dec 24 09:45:57 GMT 2024","","WHOLE-TESTS","WHOLE-TESTS",""
"","2","C1-GROUNDED-BASIC.20","","Tue Dec 24 10:18:34 GMT 2024","passed","Tue Dec 24 10:18:34 GMT 2024","","QUICK","QUICK",""
"","2","F1-IMPORTS.17","","Tue Dec 24 10:18:34 GMT 2024","passed","Tue Dec 24 10:18:34 GMT 2024","","QUICK","QUICK",""
"","2","OPERATIONS-OVER-ATOMS---METTA-LANGUAGE6.01","","Tue Dec 24 10:01:32 GMT 2024","passed","Tue Dec 24 10:01:32 GMT 2024","","METTA-LANG","METTA-LANG",""
"","2","D1-GADT.02","","Tue Dec 24 09:50:04 GMT 2024","passed","Tue Dec 24 09:50:04 GMT 2024","","HYPERON-EXPERIMENTAL-SCRIPTS","HYPERON-EXPERIMENTAL-SCRIPTS",""
"","2","C1-GROUNDED-BASIC.06","","Tue Dec 24 09:50:04 GMT 2024","passed","Tue Dec 24 09:50:04 GMT 2024","","HYPERON-EXPERIMENTAL-SCRIPTS","HYPERON-EXPERIMENTAL-SCRIPTS",""
"","3","FUNCTIONS-AND-UNIFICATION---METTA-LANGUAGE5.01","","Tue Dec 24 10:01:32 GMT 2024","passed","Tue Dec 24 10:01:32 GMT 2024","","METTA-LANG","METTA-LANG",""
"","7000","metta-morph_tests.and_or","","Tue Dec 24 09:45:50 GMT 2024","passed","Tue Dec 24 09:45:57 GMT 2024","","WHOLE-TESTS","WHOLE-TESTS",""
"","2","CONTROLLING-PATTERN-MATCHING---METTA-LANGUAGE10.05","","Tue Dec 24 10:01:32 GMT 2024","passed","Tue Dec 24 10:01:32 GMT 2024","","METTA-LANG","METTA-LANG",""
"","3","01-LANG-INC.01","","Tue Dec 24 09:52:48 GMT 2024","passed","Tue Dec 24 09:52:48 GMT 2024","","HYPERON-METTALOG-SANITY","HYPERON-METTALOG-SANITY",""
"","3","FUNCTIONS-AND-UNIFICATION---METTA-LANGUAGE1.02","","Tue Dec 24 10:01:32 GMT 2024","passed","Tue Dec 24 10:01:32 GMT 2024","","METTA-LANG","METTA-LANG",""
"","3","INTERSECTION-TESTS.14","","Tue Dec 24 09:52:48 GMT 2024","passed","Tue Dec 24 09:52:48 GMT 2024","","HYPERON-METTALOG-SANITY","HYPERON-METTALOG-SANITY",""
"","2","00-LANG-CASE.04","","Tue Dec 24 09:52:48 GMT 2024","passed","Tue Dec 24 09:52:48 GMT 2024","","HYPERON-METTALOG-SANITY","HYPERON-METTALOG-SANITY",""
"","6000","metta_lang.Recursion_and_control___MeTTa_Language9","","Tue Dec 24 09:45:50 GMT 2024","passed","Tue Dec 24 09:45:56 GMT 2024","","WHOLE-TESTS","WHOLE-TESTS",""
"","3","BASIC-GROUNDED-FUNCTIONS---METTA-LANGUAGE8.02","","Tue Dec 24 10:01:32 GMT 2024","passed","Tue Dec 24 10:01:32 GMT 2024","","METTA-LANG","METTA-LANG",""
"","204","WORKING-WITH-SPACES---METTA-LANGUAGE4.04","","Tue Dec 24 10:01:32 GMT 2024","failed","Tue Dec 24 10:01:32 GMT 2024","","METTA-LANG","METTA-LANG",""
"","3","HANDLING-NONDETERMINISTIC-RESULTS---METTA-LANGUAGE8.07","","Tue Dec 24 10:01:32 GMT 2024","passed","Tue Dec 24 10:01:32 GMT 2024","","METTA-LANG","METTA-LANG",""
"","7000","hyperon-experimental_scripts.f1_moduleA","","Tue Dec 24 09:45:50 GMT 2024","passed","Tue Dec 24 09:45:57 GMT 2024","","WHOLE-TESTS","WHOLE-TESTS",""
"","4","OPERATIONS-OVER-ATOMS---METTA-LANGUAGE2.01","","Tue Dec 24 10:01:32 GMT 2024","passed","Tue Dec 24 10:01:32 GMT 2024","","METTA-LANG","METTA-LANG",""
"","2","SUBTRACTION-TEST.09","","Tue Dec 24 09:52:48 GMT 2024","passed","Tue Dec 24 09:52:48 GMT 2024","","HYPERON-METTALOG-SANITY","HYPERON-METTALOG-SANITY",""
"","2","CONCRETE-TYPES---METTA-LANGUAGE5.05","","Tue Dec 24 10:01:32 GMT 2024","passed","Tue Dec 24 10:01:32 GMT 2024","","METTA-LANG","METTA-LANG",""
"","4","OPERATIONS-OVER-ATOMS---METTA-LANGUAGE8.02","","Tue Dec 24 10:01:32 GMT 2024","passed","Tue Dec 24 10:01:32 GMT 2024","","METTA-LANG","METTA-LANG",""
"","2","D2-HIGHERFUNC.15","","Tue Dec 24 10:18:34 GMT 2024","passed","Tue Dec 24 10:18:34 GMT 2024","","QUICK","QUICK",""
"","3","SPACE-INTERSECTION-TESTS.06","","Tue Dec 24 09:52:48 GMT 2024","passed","Tue Dec 24 09:52:48 GMT 2024","","HYPERON-METTALOG-SANITY","HYPERON-METTALOG-SANITY",""
"","2","INTERSECTION-TESTS.17","","Tue Dec 24 09:52:48 GMT 2024","passed","Tue Dec 24 09:52:48 GMT 2024","","HYPERON-METTALOG-SANITY","HYPERON-METTALOG-SANITY",""
"","2","F1-IMPORTS.12","","Tue Dec 24 10:18:34 GMT 2024","passed","Tue Dec 24 10:18:34 GMT 2024","","QUICK","QUICK",""
"","2","D2-HIGHERFUNC.10","","Tue Dec 24 09:50:04 GMT 2024","passed","Tue Dec 24 09:50:04 GMT 2024","","HYPERON-EXPERIMENTAL-SCRIPTS","HYPERON-EXPERIMENTAL-SCRIPTS",""
"","3","RECURSION-AND-CONTROL---METTA-LANGUAGE7.03","","Tue Dec 24 10:01:32 GMT 2024","passed","Tue Dec 24 10:01:32 GMT 2024","","METTA-LANG","METTA-LANG",""
"","2","B0-CHAINING-PRELIM.05","","Tue Dec 24 09:50:04 GMT 2024","passed","Tue Dec 24 09:50:04 GMT 2024","","HYPERON-EXPERIMENTAL-SCRIPTS","HYPERON-EXPERIMENTAL-SCRIPTS",""
"","2","CATCH-THROW-TESTS.06","","Tue Dec 24 09:52:48 GMT 2024","passed","Tue Dec 24 09:52:48 GMT 2024","","HYPERON-METTALOG-SANITY","HYPERON-METTALOG-SANITY",""
"","2","RECURSION-AND-CONTROL---METTA-LANGUAGE2.06","","Tue Dec 24 10:01:32 GMT 2024","passed","Tue Dec 24 10:01:32 GMT 2024","","METTA-LANG","METTA-LANG",""
"","7000","baseline_compat.rust_01","","Tue Dec 24 09:45:50 GMT 2024","passed","Tue Dec 24 09:45:57 GMT 2024","","WHOLE-TESTS","WHOLE-TESTS",""
"","2","FACTORIAL.01","","Tue Dec 24 09:58:21 GMT 2024","passed","Tue Dec 24 09:58:21 GMT 2024","","METTA-MORPH-TESTS","METTA-MORPH-TESTS",""
"","3","BC-COMP.01","","Tue Dec 24 09:45:56 GMT 2024","passed","Tue Dec 24 09:45:56 GMT 2024","","ANTI-REGRESSION","ANTI-REGRESSION",""
"","2","INTERSECTION-TESTS.20","","Tue Dec 24 09:52:48 GMT 2024","passed","Tue Dec 24 09:52:48 GMT 2024","","HYPERON-METTALOG-SANITY","HYPERON-METTALOG-SANITY",""
"","7000","metta_lang.Metatypes___MeTTa_Language4","","Tue Dec 24 09:45:50 GMT 2024","passed","Tue Dec 24 09:45:57 GMT 2024","","WHOLE-TESTS","WHOLE-TESTS",""
"","2","D2-HIGHERFUNC.17","","Tue Dec 24 10:18:34 GMT 2024","passed","Tue Dec 24 10:18:34 GMT 2024","","QUICK","QUICK",""
"","3","TEST-IF-CLOSED.08","","Tue Dec 24 09:45:56 GMT 2024","passed","Tue Dec 24 09:45:56 GMT 2024","","ANTI-REGRESSION","ANTI-REGRESSION",""
"","2","BASIC-EVALUATION---METTA-LANGUAGE1.02","","Tue Dec 24 10:01:32 GMT 2024","passed","Tue Dec 24 10:01:32 GMT 2024","","METTA-LANG","METTA-LANG",""
"","2","METTALOGTESTCURRIED2.06","","Tue Dec 24 09:45:56 GMT 2024","passed","Tue Dec 24 09:45:56 GMT 2024","","ANTI-REGRESSION","ANTI-REGRESSION",""
"","7000","metta_lang.Operations_over_atoms___MeTTa_Language3","","Tue Dec 24 09:45:50 GMT 2024","passed","Tue Dec 24 09:45:57 GMT 2024","","WHOLE-TESTS","WHOLE-TESTS",""
"","2","FUNCTIONS-AND-UNIFICATION---METTA-LANGUAGE7.06","","Tue Dec 24 10:01:32 GMT 2024","passed","Tue Dec 24 10:01:32 GMT 2024","","METTA-LANG","METTA-LANG",""
"","2","CONTROL-FLOW---METTA-LANGUAGE15.04","","Tue Dec 24 10:01:32 GMT 2024","passed","Tue Dec 24 10:01:32 GMT 2024","","METTA-LANG","METTA-LANG",""
"","2","CONCRETE-TYPES---METTA-LANGUAGE5.03","","Tue Dec 24 10:01:32 GMT 2024","passed","Tue Dec 24 10:01:32 GMT 2024","","METTA-LANG","METTA-LANG",""
"","3","C1-GROUNDED-BASIC.07","","Tue Dec 24 09:50:04 GMT 2024","passed","Tue Dec 24 09:50:04 GMT 2024","","HYPERON-EXPERIMENTAL-SCRIPTS","HYPERON-EXPERIMENTAL-SCRIPTS",""
"","2","FUNCTIONS-AND-UNIFICATION---METTA-LANGUAGE7.04","","Tue Dec 24 10:01:32 GMT 2024","passed","Tue Dec 24 10:01:32 GMT 2024","","METTA-LANG","METTA-LANG",""
"","2","WORKING-WITH-SPACES---METTA-LANGUAGE13.01","","Tue Dec 24 10:01:32 GMT 2024","passed","Tue Dec 24 10:01:32 GMT 2024","","METTA-LANG","METTA-LANG",""
"","6000","metta_lang.Recursion_and_control___MeTTa_Language8","","Tue Dec 24 09:45:50 GMT 2024","passed","Tue Dec 24 09:45:56 GMT 2024","","WHOLE-TESTS","WHOLE-TESTS",""
"","7000","metta_lang.Working_with_spaces___MeTTa_Language13","","Tue Dec 24 09:45:50 GMT 2024","passed","Tue Dec 24 09:45:57 GMT 2024","","WHOLE-TESTS","WHOLE-TESTS",""
"","2","FREE-VARIABLES-AND-NONDETERMINISM-AGAIN-RECURSIVELY---METTA-LANGUAGE5.01","","Tue Dec 24 10:01:32 GMT 2024","passed","Tue Dec 24 10:01:32 GMT 2024","","METTA-LANG","METTA-LANG",""
"","14","D2-HIGHERFUNC.20","","Tue Dec 24 10:18:34 GMT 2024","passed","Tue Dec 24 10:18:34 GMT 2024","","QUICK","QUICK",""
"","2","TEST-IF-CLOSED.06","","Tue Dec 24 09:45:56 GMT 2024","passed","Tue Dec 24 09:45:56 GMT 2024","","ANTI-REGRESSION","ANTI-REGRESSION",""
"","8000","synth_buffer.synthesize","","Tue Dec 24 09:45:50 GMT 2024","passed","Tue Dec 24 09:45:58 GMT 2024","","WHOLE-TESTS","WHOLE-TESTS",""
"","5","UNIQUE-TEST.12","","Tue Dec 24 09:52:48 GMT 2024","passed","Tue Dec 24 09:52:48 GMT 2024","","HYPERON-METTALOG-SANITY","HYPERON-METTALOG-SANITY",""
"","3","CONTROLLING-PATTERN-MATCHING---METTA-LANGUAGE11.04","","Tue Dec 24 10:01:32 GMT 2024","passed","Tue Dec 24 10:01:32 GMT 2024","","METTA-LANG","METTA-LANG",""
"","2","E2-STATES.05","","Tue Dec 24 09:50:04 GMT 2024","passed","Tue Dec 24 09:50:04 GMT 2024","","HYPERON-EXPERIMENTAL-SCRIPTS","HYPERON-EXPERIMENTAL-SCRIPTS",""
"","2","TESTS0.02","","Tue Dec 24 09:58:21 GMT 2024","passed","Tue Dec 24 09:58:21 GMT 2024","","METTA-MORPH-TESTS","METTA-MORPH-TESTS",""
"","7000","hyperon-mettalog_sanity.is_space","","Tue Dec 24 09:45:50 GMT 2024","passed","Tue Dec 24 09:45:57 GMT 2024","","WHOLE-TESTS","WHOLE-TESTS",""
"","12","RECURSIVE-AND-PARAMETRIC-TYPES---METTA-LANGUAGE6.02","","Tue Dec 24 10:01:32 GMT 2024","failed","Tue Dec 24 10:01:32 GMT 2024","","METTA-LANG","METTA-LANG",""
"","2","LET-SUPERPOSE-LIST.02","","Tue Dec 24 09:58:21 GMT 2024","passed","Tue Dec 24 09:58:21 GMT 2024","","METTA-MORPH-TESTS","METTA-MORPH-TESTS",""
"","3","B4-NONDETERM.09","","Tue Dec 24 09:50:04 GMT 2024","passed","Tue Dec 24 09:50:04 GMT 2024","","HYPERON-EXPERIMENTAL-SCRIPTS","HYPERON-EXPERIMENTAL-SCRIPTS",""
"","66","E2-STATES.07","","Tue Dec 24 09:50:04 GMT 2024","failed","Tue Dec 24 09:50:04 GMT 2024","","HYPERON-EXPERIMENTAL-SCRIPTS","HYPERON-EXPERIMENTAL-SCRIPTS",""
"","121","INTERSECTION-TESTS.21","","Tue Dec 24 09:52:48 GMT 2024","passed","Tue Dec 24 09:52:48 GMT 2024","","HYPERON-METTALOG-SANITY","HYPERON-METTALOG-SANITY",""
"","7000","metta_lang.Concrete_types___MeTTa_Language1","","Tue Dec 24 09:45:50 GMT 2024","passed","Tue Dec 24 09:45:57 GMT 2024","","WHOLE-TESTS","WHOLE-TESTS",""
"","2","F1-MODULEA.05","","Tue Dec 24 09:50:04 GMT 2024","passed","Tue Dec 24 09:50:04 GMT 2024","","HYPERON-EXPERIMENTAL-SCRIPTS","HYPERON-EXPERIMENTAL-SCRIPTS",""
"","4","MINNARS.01","","Tue Dec 24 09:58:21 GMT 2024","passed","Tue Dec 24 09:58:21 GMT 2024","","METTA-MORPH-TESTS","METTA-MORPH-TESTS",""
"","7000","hyperon-mettalog_sanity.02-curried-plus","","Tue Dec 24 09:45:50 GMT 2024","passed","Tue Dec 24 09:45:57 GMT 2024","","WHOLE-TESTS","WHOLE-TESTS",""
"","3","WORKING-WITH-SPACES---METTA-LANGUAGE11.01","","Tue Dec 24 10:01:32 GMT 2024","passed","Tue Dec 24 10:01:32 GMT 2024","","METTA-LANG","METTA-LANG",""
"","7000","hyperon-mettalog_sanity.structure-tests","","Tue Dec 24 09:45:50 GMT 2024","passed","Tue Dec 24 09:45:57 GMT 2024","","WHOLE-TESTS","WHOLE-TESTS",""
"","2","D2-HIGHERFUNC.10","","Tue Dec 24 10:18:34 GMT 2024","passed","Tue Dec 24 10:18:34 GMT 2024","","QUICK","QUICK",""
"","14","CONCRETE-TYPES---METTA-LANGUAGE13.01","","Tue Dec 24 10:01:32 GMT 2024","passed","Tue Dec 24 10:01:32 GMT 2024","","METTA-LANG","METTA-LANG",""
"","7000","hyperon-experimental_scripts.e2_states","","Tue Dec 24 09:45:50 GMT 2024","passed","Tue Dec 24 09:45:57 GMT 2024","","WHOLE-TESTS","WHOLE-TESTS",""
"","72","RECURSIVE-AND-PARAMETRIC-TYPES---METTA-LANGUAGE3.04","","Tue Dec 24 10:01:32 GMT 2024","failed","Tue Dec 24 10:01:32 GMT 2024","","METTA-LANG","METTA-LANG",""
"","2","FIND-ALL-TESTS.07","","Tue Dec 24 09:52:48 GMT 2024","passed","Tue Dec 24 09:52:48 GMT 2024","","HYPERON-METTALOG-SANITY","HYPERON-METTALOG-SANITY",""
"","2","BCHAIN-COMP.01","","Tue Dec 24 09:45:56 GMT 2024","passed","Tue Dec 24 09:45:56 GMT 2024","","ANTI-REGRESSION","ANTI-REGRESSION",""
"","3","SUPERPOSE-NESTED.02","","Tue Dec 24 09:58:21 GMT 2024","passed","Tue Dec 24 09:58:21 GMT 2024","","METTA-MORPH-TESTS","METTA-MORPH-TESTS",""
"","2","RECURSIVE-AND-PARAMETRIC-TYPES---METTA-LANGUAGE1.04","","Tue Dec 24 10:01:32 GMT 2024","passed","Tue Dec 24 10:01:32 GMT 2024","","METTA-LANG","METTA-LANG",""
"","7000","metta_lang.Concrete_types___MeTTa_Language4","","Tue Dec 24 09:45:50 GMT 2024","passed","Tue Dec 24 09:45:57 GMT 2024","","WHOLE-TESTS","WHOLE-TESTS",""
"","12","D1-GADT.09","","Tue Dec 24 10:18:34 GMT 2024","passed","Tue Dec 24 10:18:34 GMT 2024","","QUICK","QUICK",""
"","2","BASIC-GROUNDED-FUNCTIONS---METTA-LANGUAGE6.04","","Tue Dec 24 10:01:32 GMT 2024","passed","Tue Dec 24 10:01:32 GMT 2024","","METTA-LANG","METTA-LANG",""
"","3","WORKING-WITH-SPACES---METTA-LANGUAGE8.05","","Tue Dec 24 10:01:32 GMT 2024","passed","Tue Dec 24 10:01:32 GMT 2024","","METTA-LANG","METTA-LANG",""
"","2","CONTROL-FLOW---METTA-LANGUAGE10.02","","Tue Dec 24 10:01:32 GMT 2024","passed","Tue Dec 24 10:01:32 GMT 2024","","METTA-LANG","METTA-LANG",""
"","3","OPERATIONS-OVER-ATOMS---METTA-LANGUAGE7.01","","Tue Dec 24 10:01:32 GMT 2024","passed","Tue Dec 24 10:01:32 GMT 2024","","METTA-LANG","METTA-LANG",""
"","2","METATYPES---METTA-LANGUAGE1.02","","Tue Dec 24 10:01:32 GMT 2024","passed","Tue Dec 24 10:01:32 GMT 2024","","METTA-LANG","METTA-LANG",""
"","2","CONTROL-FLOW---METTA-LANGUAGE16.08","","Tue Dec 24 10:01:32 GMT 2024","passed","Tue Dec 24 10:01:32 GMT 2024","","METTA-LANG","METTA-LANG",""
"","3","WORKING-WITH-SPACES---METTA-LANGUAGE4.01","","Tue Dec 24 10:01:32 GMT 2024","passed","Tue Dec 24 10:01:32 GMT 2024","","METTA-LANG","METTA-LANG",""
"","3","FREE-VARIABLES-AND-NONDETERMINISM-AGAIN-RECURSIVELY---METTA-LANGUAGE5.02","","Tue Dec 24 10:01:32 GMT 2024","passed","Tue Dec 24 10:01:32 GMT 2024","","METTA-LANG","METTA-LANG",""
"","2","METTALOGTESTCURRIED2.05","","Tue Dec 24 09:45:56 GMT 2024","passed","Tue Dec 24 09:45:56 GMT 2024","","ANTI-REGRESSION","ANTI-REGRESSION",""
"","2","A3-TWOSIDE.03","","Tue Dec 24 09:50:04 GMT 2024","passed","Tue Dec 24 09:50:04 GMT 2024","","HYPERON-EXPERIMENTAL-SCRIPTS","HYPERON-EXPERIMENTAL-SCRIPTS",""
"","45000","synth_buffer.time_synthesize","","Tue Dec 24 09:45:50 GMT 2024","failed","Tue Dec 24 09:46:35 GMT 2024","","WHOLE-TESTS","WHOLE-TESTS",""
"","3","HANDLING-NONDETERMINISTIC-RESULTS---METTA-LANGUAGE8.08","","Tue Dec 24 10:01:32 GMT 2024","passed","Tue Dec 24 10:01:32 GMT 2024","","METTA-LANG","METTA-LANG",""
"","7000","quick.d2_higherfunc","","Tue Dec 24 09:45:50 GMT 2024","passed","Tue Dec 24 09:45:57 GMT 2024","","WHOLE-TESTS","WHOLE-TESTS",""
"","3","RECURSION-AND-CONTROL---METTA-LANGUAGE6.03","","Tue Dec 24 10:01:32 GMT 2024","passed","Tue Dec 24 10:01:32 GMT 2024","","METTA-LANG","METTA-LANG",""
"","7000","metta_lang.Handling_nondeterministic_results___MeTTa_Language3","","Tue Dec 24 09:45:50 GMT 2024","passed","Tue Dec 24 09:45:57 GMT 2024","","WHOLE-TESTS","WHOLE-TESTS",""
"","7000","metta_lang.Working_with_spaces___MeTTa_Language3","","Tue Dec 24 09:45:50 GMT 2024","passed","Tue Dec 24 09:45:57 GMT 2024","","WHOLE-TESTS","WHOLE-TESTS",""
"","3","C1-GROUNDED-BASIC.23","","Tue Dec 24 10:18:34 GMT 2024","passed","Tue Dec 24 10:18:34 GMT 2024","","QUICK","QUICK",""
"","2","CONTROL-FLOW---METTA-LANGUAGE13.02","","Tue Dec 24 10:01:32 GMT 2024","passed","Tue Dec 24 10:01:32 GMT 2024","","METTA-LANG","METTA-LANG",""
"","7000","metta_lang.Recursive_and_parametric_types___MeTTa_Language3","","Tue Dec 24 09:45:50 GMT 2024","passed","Tue Dec 24 09:45:57 GMT 2024","","WHOLE-TESTS","WHOLE-TESTS",""
"","1","STATES-SPACES.05","","Tue Dec 24 09:58:21 GMT 2024","passed","Tue Dec 24 09:58:21 GMT 2024","","METTA-MORPH-TESTS","METTA-MORPH-TESTS",""
"","2","RECURSION-AND-CONTROL---METTA-LANGUAGE4.02","","Tue Dec 24 10:01:32 GMT 2024","passed","Tue Dec 24 10:01:32 GMT 2024","","METTA-LANG","METTA-LANG",""
"","2","WORKING-WITH-SPACES---METTA-LANGUAGE3.07","","Tue Dec 24 10:01:32 GMT 2024","passed","Tue Dec 24 10:01:32 GMT 2024","","METTA-LANG","METTA-LANG",""
"","3","E2-STATES.06","","Tue Dec 24 09:50:04 GMT 2024","passed","Tue Dec 24 09:50:04 GMT 2024","","HYPERON-EXPERIMENTAL-SCRIPTS","HYPERON-EXPERIMENTAL-SCRIPTS",""
"","2","CONCRETE-TYPES---METTA-LANGUAGE12.02","","Tue Dec 24 10:01:32 GMT 2024","passed","Tue Dec 24 10:01:32 GMT 2024","","METTA-LANG","METTA-LANG",""
"","3","CATCH-THROW-TESTS.05","","Tue Dec 24 09:52:48 GMT 2024","passed","Tue Dec 24 09:52:48 GMT 2024","","HYPERON-METTALOG-SANITY","HYPERON-METTALOG-SANITY",""
"","2","STRING-TESTS.07","","Tue Dec 24 09:52:48 GMT 2024","passed","Tue Dec 24 09:52:48 GMT 2024","","HYPERON-METTALOG-SANITY","HYPERON-METTALOG-SANITY",""
"","2","WORKING-WITH-SPACES---METTA-LANGUAGE12.02","","Tue Dec 24 10:01:32 GMT 2024","passed","Tue Dec 24 10:01:32 GMT 2024","","METTA-LANG","METTA-LANG",""
"","2","CONTROL-FLOW---METTA-LANGUAGE8.01","","Tue Dec 24 10:01:32 GMT 2024","passed","Tue Dec 24 10:01:32 GMT 2024","","METTA-LANG","METTA-LANG",""
"","98","INTERSECTION-TESTS.28","","Tue Dec 24 09:52:48 GMT 2024","failed","Tue Dec 24 09:52:48 GMT 2024","","HYPERON-METTALOG-SANITY","HYPERON-METTALOG-SANITY",""
"","2","OR-TEST.06","","Tue Dec 24 09:52:48 GMT 2024","passed","Tue Dec 24 09:52:48 GMT 2024","","HYPERON-METTALOG-SANITY","HYPERON-METTALOG-SANITY",""
"","7000","metta_lang.Control_flow___MeTTa_Language6","","Tue Dec 24 09:45:50 GMT 2024","passed","Tue Dec 24 09:45:57 GMT 2024","","WHOLE-TESTS","WHOLE-TESTS",""
"","3","TESTS0.03","","Tue Dec 24 09:58:21 GMT 2024","passed","Tue Dec 24 09:58:21 GMT 2024","","METTA-MORPH-TESTS","METTA-MORPH-TESTS",""
"","7000","hyperon-mettalog_sanity.01_lang_inc","","Tue Dec 24 09:45:50 GMT 2024","passed","Tue Dec 24 09:45:57 GMT 2024","","WHOLE-TESTS","WHOLE-TESTS",""
"","3","CONTROL-FLOW---METTA-LANGUAGE6.01","","Tue Dec 24 10:01:32 GMT 2024","passed","Tue Dec 24 10:01:32 GMT 2024","","METTA-LANG","METTA-LANG",""
"","3","B5-TYPES-PRELIM.21","","Tue Dec 24 09:50:04 GMT 2024","passed","Tue Dec 24 09:50:04 GMT 2024","","HYPERON-EXPERIMENTAL-SCRIPTS","HYPERON-EXPERIMENTAL-SCRIPTS",""
"","48","C1-GROUNDED-BASIC.15","","Tue Dec 24 09:50:04 GMT 2024","failed","Tue Dec 24 09:50:04 GMT 2024","","HYPERON-EXPERIMENTAL-SCRIPTS","HYPERON-EXPERIMENTAL-SCRIPTS",""
"","2","FUNCTIONAL-PROGRAMMING-TESTS.03","","Tue Dec 24 09:52:48 GMT 2024","passed","Tue Dec 24 09:52:48 GMT 2024","","HYPERON-METTALOG-SANITY","HYPERON-METTALOG-SANITY",""
"","2","D4-TYPE-PROP.09","","Tue Dec 24 09:50:04 GMT 2024","passed","Tue Dec 24 09:50:04 GMT 2024","","HYPERON-EXPERIMENTAL-SCRIPTS","HYPERON-EXPERIMENTAL-SCRIPTS",""
"","76","WORKING-WITH-SPACES---METTA-LANGUAGE5.02","","Tue Dec 24 10:01:32 GMT 2024","passed","Tue Dec 24 10:01:32 GMT 2024","","METTA-LANG","METTA-LANG",""
"","2","D3-DEPTYPES.05","","Tue Dec 24 09:50:04 GMT 2024","passed","Tue Dec 24 09:50:04 GMT 2024","","HYPERON-EXPERIMENTAL-SCRIPTS","HYPERON-EXPERIMENTAL-SCRIPTS",""
"","1","FUNCTIONS-AND-UNIFICATION---METTA-LANGUAGE2.04","","Tue Dec 24 10:01:32 GMT 2024","passed","Tue Dec 24 10:01:32 GMT 2024","","METTA-LANG","METTA-LANG",""
"","2","00-LANG-CASE.03","","Tue Dec 24 09:52:48 GMT 2024","passed","Tue Dec 24 09:52:48 GMT 2024","","HYPERON-METTALOG-SANITY","HYPERON-METTALOG-SANITY",""
"","2","CONTROL-FLOW---METTA-LANGUAGE16.03","","Tue Dec 24 10:01:32 GMT 2024","passed","Tue Dec 24 10:01:32 GMT 2024","","METTA-LANG","METTA-LANG",""
"","65","CONSOLE-OUTPUT-AND-DEBUGGING---METTA-LANGUAGE2.07","","Tue Dec 24 10:01:32 GMT 2024","passed","Tue Dec 24 10:01:32 GMT 2024","","METTA-LANG","METTA-LANG",""
"","2","METATYPES---METTA-LANGUAGE1.05","","Tue Dec 24 10:01:32 GMT 2024","passed","Tue Dec 24 10:01:32 GMT 2024","","METTA-LANG","METTA-LANG",""
"","7000","metta_lang.Basic_grounded_functions___MeTTa_Language7","","Tue Dec 24 09:45:50 GMT 2024","passed","Tue Dec 24 09:45:57 GMT 2024","","WHOLE-TESTS","WHOLE-TESTS",""
"","3","STRING-TESTS.21","","Tue Dec 24 09:52:48 GMT 2024","passed","Tue Dec 24 09:52:48 GMT 2024","","HYPERON-METTALOG-SANITY","HYPERON-METTALOG-SANITY",""
"","2","F1-IMPORTS.06","","Tue Dec 24 10:18:34 GMT 2024","passed","Tue Dec 24 10:18:34 GMT 2024","","QUICK","QUICK",""
"","2","BCHAIN.02","","Tue Dec 24 09:45:56 GMT 2024","passed","Tue Dec 24 09:45:56 GMT 2024","","ANTI-REGRESSION","ANTI-REGRESSION",""
"","3","C3-PLN-STV.04","","Tue Dec 24 09:50:04 GMT 2024","passed","Tue Dec 24 09:50:04 GMT 2024","","HYPERON-EXPERIMENTAL-SCRIPTS","HYPERON-EXPERIMENTAL-SCRIPTS",""
"","2","MATCH-SUPERPOSED-SPACES.04","","Tue Dec 24 09:58:21 GMT 2024","passed","Tue Dec 24 09:58:21 GMT 2024","","METTA-MORPH-TESTS","METTA-MORPH-TESTS",""
"","2","SEQUENTIAL-NESTED.07","","Tue Dec 24 09:58:21 GMT 2024","passed","Tue Dec 24 09:58:21 GMT 2024","","METTA-MORPH-TESTS","METTA-MORPH-TESTS",""
"","2","RUST-02.01","","Tue Dec 24 10:19:17 GMT 2024","passed","Tue Dec 24 10:19:17 GMT 2024","","BASELINE-COMPAT","BASELINE-COMPAT",""
"","3","A3-TWOSIDE.04","","Tue Dec 24 09:50:04 GMT 2024","passed","Tue Dec 24 09:50:04 GMT 2024","","HYPERON-EXPERIMENTAL-SCRIPTS","HYPERON-EXPERIMENTAL-SCRIPTS",""
"","1","D1-GADT.08","","Tue Dec 24 09:50:04 GMT 2024","passed","Tue Dec 24 09:50:04 GMT 2024","","HYPERON-EXPERIMENTAL-SCRIPTS","HYPERON-EXPERIMENTAL-SCRIPTS",""
"","7000","metta_lang.Recursion_and_control___MeTTa_Language2","","Tue Dec 24 09:45:50 GMT 2024","passed","Tue Dec 24 09:45:57 GMT 2024","","WHOLE-TESTS","WHOLE-TESTS",""
"","1","F1-MODULEA.06","","Tue Dec 24 09:45:43 GMT 2024","passed","Tue Dec 24 09:45:43 GMT 2024","","MODULE-SYSTEM","MODULE-SYSTEM",""
"","7000","hyperon-mettalog_sanity.03-soring-via-insert","","Tue Dec 24 09:45:50 GMT 2024","passed","Tue Dec 24 09:45:57 GMT 2024","","WHOLE-TESTS","WHOLE-TESTS",""
"","2","BASIC-EVALUATION---METTA-LANGUAGE12.01","","Tue Dec 24 10:01:32 GMT 2024","passed","Tue Dec 24 10:01:32 GMT 2024","","METTA-LANG","METTA-LANG",""
"","3","CONTROL-FLOW---METTA-LANGUAGE11.01","","Tue Dec 24 10:01:32 GMT 2024","passed","Tue Dec 24 10:01:32 GMT 2024","","METTA-LANG","METTA-LANG",""
"","3","CONTROLLING-PATTERN-MATCHING---METTA-LANGUAGE12.13","","Tue Dec 24 10:01:32 GMT 2024","passed","Tue Dec 24 10:01:32 GMT 2024","","METTA-LANG","METTA-LANG",""
"","1","D4-TYPE-PROP.06","","Tue Dec 24 10:18:34 GMT 2024","passed","Tue Dec 24 10:18:34 GMT 2024","","QUICK","QUICK",""
"","7000","metta_lang.Console_output_and_debugging___MeTTa_Language1","","Tue Dec 24 09:45:50 GMT 2024","passed","Tue Dec 24 09:45:57 GMT 2024","","WHOLE-TESTS","WHOLE-TESTS",""
"","12","CONCRETE-TYPES---METTA-LANGUAGE7.02","","Tue Dec 24 10:01:32 GMT 2024","passed","Tue Dec 24 10:01:32 GMT 2024","","METTA-LANG","METTA-LANG",""
"","2","B4-NONDETERM.06","","Tue Dec 24 09:50:04 GMT 2024","passed","Tue Dec 24 09:50:04 GMT 2024","","HYPERON-EXPERIMENTAL-SCRIPTS","HYPERON-EXPERIMENTAL-SCRIPTS",""
"","2","B2-BACKCHAIN.04","","Tue Dec 24 09:50:04 GMT 2024","passed","Tue Dec 24 09:50:04 GMT 2024","","HYPERON-EXPERIMENTAL-SCRIPTS","HYPERON-EXPERIMENTAL-SCRIPTS",""
"","3","RECURSIVE-AND-PARAMETRIC-TYPES---METTA-LANGUAGE7.01","","Tue Dec 24 10:01:32 GMT 2024","passed","Tue Dec 24 10:01:32 GMT 2024","","METTA-LANG","METTA-LANG",""
"","7000","metta_lang.Concrete_types___MeTTa_Language9","","Tue Dec 24 09:45:50 GMT 2024","passed","Tue Dec 24 09:45:57 GMT 2024","","WHOLE-TESTS","WHOLE-TESTS",""
"","2","D4-TYPE-PROP.02","","Tue Dec 24 10:18:34 GMT 2024","passed","Tue Dec 24 10:18:34 GMT 2024","","QUICK","QUICK",""
"","2","HANDLING-NONDETERMINISTIC-RESULTS---METTA-LANGUAGE7.01","","Tue Dec 24 10:01:32 GMT 2024","passed","Tue Dec 24 10:01:32 GMT 2024","","METTA-LANG","METTA-LANG",""
"","2","IS-SPACE.02","","Tue Dec 24 09:52:48 GMT 2024","passed","Tue Dec 24 09:52:48 GMT 2024","","HYPERON-METTALOG-SANITY","HYPERON-METTALOG-SANITY",""
"","82","B4-NONDETERM.01","","Tue Dec 24 09:50:04 GMT 2024","passed","Tue Dec 24 09:50:04 GMT 2024","","HYPERON-EXPERIMENTAL-SCRIPTS","HYPERON-EXPERIMENTAL-SCRIPTS",""
"","3","FUNCTIONS-AND-UNIFICATION---METTA-LANGUAGE7.03","","Tue Dec 24 10:01:32 GMT 2024","passed","Tue Dec 24 10:01:32 GMT 2024","","METTA-LANG","METTA-LANG",""
"","63","B5-TYPES-PRELIM.24","","Tue Dec 24 09:50:04 GMT 2024","failed","Tue Dec 24 09:50:04 GMT 2024","","HYPERON-EXPERIMENTAL-SCRIPTS","HYPERON-EXPERIMENTAL-SCRIPTS",""
"","1","XOR-TEST.10","","Tue Dec 24 09:52:48 GMT 2024","passed","Tue Dec 24 09:52:48 GMT 2024","","HYPERON-METTALOG-SANITY","HYPERON-METTALOG-SANITY",""
"","7000","metta_lang.Querying_space_content___MeTTa_Language2","","Tue Dec 24 09:45:50 GMT 2024","passed","Tue Dec 24 09:45:57 GMT 2024","","WHOLE-TESTS","WHOLE-TESTS",""
"","298","SPACE-SUBTRACTION-TESTS.07","","Tue Dec 24 09:52:48 GMT 2024","passed","Tue Dec 24 09:52:48 GMT 2024","","HYPERON-METTALOG-SANITY","HYPERON-METTALOG-SANITY",""
"","2","D3-DEPTYPES.03","","Tue Dec 24 09:50:04 GMT 2024","passed","Tue Dec 24 09:50:04 GMT 2024","","HYPERON-EXPERIMENTAL-SCRIPTS","HYPERON-EXPERIMENTAL-SCRIPTS",""
"","2","C1-GROUNDED-BASIC.17","","Tue Dec 24 10:18:34 GMT 2024","passed","Tue Dec 24 10:18:34 GMT 2024","","QUICK","QUICK",""
"","7000","metta_lang.Control_flow___MeTTa_Language10","","Tue Dec 24 09:45:50 GMT 2024","passed","Tue Dec 24 09:45:57 GMT 2024","","WHOLE-TESTS","WHOLE-TESTS",""
"","123","BASIC-EVALUATION---METTA-LANGUAGE4.01","","Tue Dec 24 10:01:32 GMT 2024","failed","Tue Dec 24 10:01:32 GMT 2024","","METTA-LANG","METTA-LANG",""
"","2","UNIQUE-TEST.04","","Tue Dec 24 09:52:48 GMT 2024","passed","Tue Dec 24 09:52:48 GMT 2024","","HYPERON-METTALOG-SANITY","HYPERON-METTALOG-SANITY",""
"","7000","anti-regression.test_if_closed","","Tue Dec 24 09:45:50 GMT 2024","passed","Tue Dec 24 09:45:57 GMT 2024","","WHOLE-TESTS","WHOLE-TESTS",""
"","7000","hyperon-experimental_scripts.d3_deptypes","","Tue Dec 24 09:45:50 GMT 2024","passed","Tue Dec 24 09:45:57 GMT 2024","","WHOLE-TESTS","WHOLE-TESTS",""
"","2","HYPERPOSE.04","","Tue Dec 24 09:58:21 GMT 2024","passed","Tue Dec 24 09:58:21 GMT 2024","","METTA-MORPH-TESTS","METTA-MORPH-TESTS",""
"","3","NESTED-PARAMETERS.01","","Tue Dec 24 09:58:21 GMT 2024","passed","Tue Dec 24 09:58:21 GMT 2024","","METTA-MORPH-TESTS","METTA-MORPH-TESTS",""
"","7000","hyperon-mettalog_sanity.or_test","","Tue Dec 24 09:45:50 GMT 2024","passed","Tue Dec 24 09:45:57 GMT 2024","","WHOLE-TESTS","WHOLE-TESTS",""
"","2","B5-TYPES-PRELIM.12","","Tue Dec 24 09:50:04 GMT 2024","passed","Tue Dec 24 09:50:04 GMT 2024","","HYPERON-EXPERIMENTAL-SCRIPTS","HYPERON-EXPERIMENTAL-SCRIPTS",""
"","2","MATCH-VOID.06","","Tue Dec 24 09:58:21 GMT 2024","passed","Tue Dec 24 09:58:21 GMT 2024","","METTA-MORPH-TESTS","METTA-MORPH-TESTS",""
"","2","D2-HIGHERFUNC.03","","Tue Dec 24 10:18:34 GMT 2024","passed","Tue Dec 24 10:18:34 GMT 2024","","QUICK","QUICK",""
"","2","MATCH-VOID.02","","Tue Dec 24 09:58:21 GMT 2024","passed","Tue Dec 24 09:58:21 GMT 2024","","METTA-MORPH-TESTS","METTA-MORPH-TESTS",""
"","2","SPACE-INTERSECTION-TESTS.04","","Tue Dec 24 09:52:48 GMT 2024","passed","Tue Dec 24 09:52:48 GMT 2024","","HYPERON-METTALOG-SANITY","HYPERON-METTALOG-SANITY",""
"","2","CONTROLLING-PATTERN-MATCHING---METTA-LANGUAGE11.03","","Tue Dec 24 10:01:32 GMT 2024","passed","Tue Dec 24 10:01:32 GMT 2024","","METTA-LANG","METTA-LANG",""
"","2","METATYPES---METTA-LANGUAGE1.11","","Tue Dec 24 10:01:32 GMT 2024","passed","Tue Dec 24 10:01:32 GMT 2024","","METTA-LANG","METTA-LANG",""
"","2","METATYPES---METTA-LANGUAGE1.04","","Tue Dec 24 10:01:32 GMT 2024","passed","Tue Dec 24 10:01:32 GMT 2024","","METTA-LANG","METTA-LANG",""
"","2","BASIC-GROUNDED-FUNCTIONS---METTA-LANGUAGE8.03","","Tue Dec 24 10:01:32 GMT 2024","passed","Tue Dec 24 10:01:32 GMT 2024","","METTA-LANG","METTA-LANG",""
"","3","STRING-TESTS.04","","Tue Dec 24 09:52:48 GMT 2024","passed","Tue Dec 24 09:52:48 GMT 2024","","HYPERON-METTALOG-SANITY","HYPERON-METTALOG-SANITY",""
"","2","WORKING-WITH-SPACES---METTA-LANGUAGE12.01","","Tue Dec 24 10:01:32 GMT 2024","passed","Tue Dec 24 10:01:32 GMT 2024","","METTA-LANG","METTA-LANG",""
"","22823","SYNTHESIZE.01","","Tue Dec 24 09:55:59 GMT 2024","passed","Tue Dec 24 09:56:21 GMT 2024","","SYNTH-BUFFER","SYNTH-BUFFER",""
"","2","HANDLING-NONDETERMINISTIC-RESULTS---METTA-LANGUAGE1.04","","Tue Dec 24 10:01:32 GMT 2024","passed","Tue Dec 24 10:01:32 GMT 2024","","METTA-LANG","METTA-LANG",""
"","3","LET-SUPERPOSE-IF-CASE.02","","Tue Dec 24 09:58:21 GMT 2024","passed","Tue Dec 24 09:58:21 GMT 2024","","METTA-MORPH-TESTS","METTA-MORPH-TESTS",""
"","2","WORKING-WITH-SPACES---METTA-LANGUAGE1.01","","Tue Dec 24 10:01:32 GMT 2024","passed","Tue Dec 24 10:01:32 GMT 2024","","METTA-LANG","METTA-LANG",""
"","29000","anti-regression.debug_mettalogTestCurried","","Tue Dec 24 09:45:50 GMT 2024","passed","Tue Dec 24 09:46:19 GMT 2024","","WHOLE-TESTS","WHOLE-TESTS",""
"","2","RECURSION-AND-CONTROL---METTA-LANGUAGE3.01","","Tue Dec 24 10:01:32 GMT 2024","passed","Tue Dec 24 10:01:32 GMT 2024","","METTA-LANG","METTA-LANG",""
"","7000","quick.d4_type_prop","","Tue Dec 24 09:45:50 GMT 2024","passed","Tue Dec 24 09:45:57 GMT 2024","","WHOLE-TESTS","WHOLE-TESTS",""
"","3","XOR-TEST.06","","Tue Dec 24 09:52:48 GMT 2024","passed","Tue Dec 24 09:52:48 GMT 2024","","HYPERON-METTALOG-SANITY","HYPERON-METTALOG-SANITY",""
"","5","OR-TEST.11","","Tue Dec 24 09:52:48 GMT 2024","passed","Tue Dec 24 09:52:48 GMT 2024","","HYPERON-METTALOG-SANITY","HYPERON-METTALOG-SANITY",""
"","3","WORKING-WITH-SPACES---METTA-LANGUAGE2.02","","Tue Dec 24 10:01:32 GMT 2024","passed","Tue Dec 24 10:01:32 GMT 2024","","METTA-LANG","METTA-LANG",""
"","8000","hyperon-mettalog_sanity.functional_programming_tests","","Tue Dec 24 09:45:50 GMT 2024","passed","Tue Dec 24 09:45:58 GMT 2024","","WHOLE-TESTS","WHOLE-TESTS",""
"","7000","metta-morph_tests.letlet","","Tue Dec 24 09:45:50 GMT 2024","passed","Tue Dec 24 09:45:57 GMT 2024","","WHOLE-TESTS","WHOLE-TESTS",""
"","3","D2-HIGHERFUNC.25","","Tue Dec 24 10:18:34 GMT 2024","passed","Tue Dec 24 10:18:34 GMT 2024","","QUICK","QUICK",""
"","2","SEQUENTIAL-NESTED.03","","Tue Dec 24 09:58:21 GMT 2024","passed","Tue Dec 24 09:58:21 GMT 2024","","METTA-MORPH-TESTS","METTA-MORPH-TESTS",""
"","3","RECURSION-AND-CONTROL---METTA-LANGUAGE9.03","","Tue Dec 24 10:01:32 GMT 2024","passed","Tue Dec 24 10:01:32 GMT 2024","","METTA-LANG","METTA-LANG",""
"","54","B5-TYPES-PRELIM.14","","Tue Dec 24 09:50:04 GMT 2024","failed","Tue Dec 24 09:50:04 GMT 2024","","HYPERON-EXPERIMENTAL-SCRIPTS","HYPERON-EXPERIMENTAL-SCRIPTS",""
"","2","D2-HIGHERFUNC.06","","Tue Dec 24 09:50:04 GMT 2024","passed","Tue Dec 24 09:50:04 GMT 2024","","HYPERON-EXPERIMENTAL-SCRIPTS","HYPERON-EXPERIMENTAL-SCRIPTS",""
"","3","FREE-VARIABLES-AND-NONDETERMINISM-AGAIN,-RECURSIVELY---METTA-LANGUAGE3.01","","Tue Dec 24 10:01:32 GMT 2024","passed","Tue Dec 24 10:01:32 GMT 2024","","METTA-LANG","METTA-LANG",""
"","2","FUNCTIONS-AND-UNIFICATION---METTA-LANGUAGE1.06","","Tue Dec 24 10:01:32 GMT 2024","passed","Tue Dec 24 10:01:32 GMT 2024","","METTA-LANG","METTA-LANG",""
"","7000","metta_lang.Console_output_and_debugging___MeTTa_Language10","","Tue Dec 24 09:45:50 GMT 2024","passed","Tue Dec 24 09:45:57 GMT 2024","","WHOLE-TESTS","WHOLE-TESTS",""
"","7000","metta_lang.Concrete_types___MeTTa_Language8","","Tue Dec 24 09:45:50 GMT 2024","passed","Tue Dec 24 09:45:57 GMT 2024","","WHOLE-TESTS","WHOLE-TESTS",""
"","2","MATCH-SUPERPOSED-SPACES.03","","Tue Dec 24 09:58:21 GMT 2024","passed","Tue Dec 24 09:58:21 GMT 2024","","METTA-MORPH-TESTS","METTA-MORPH-TESTS",""
"","3","WORKING-WITH-SPACES---METTA-LANGUAGE6.03","","Tue Dec 24 10:01:32 GMT 2024","passed","Tue Dec 24 10:01:32 GMT 2024","","METTA-LANG","METTA-LANG",""
"","18000","metta-wam-issue-116.test_spo_116378","","Tue Dec 24 09:45:50 GMT 2024","passed","Tue Dec 24 09:46:08 GMT 2024","","WHOLE-TESTS","WHOLE-TESTS",""
"","3","RECURSIVE-AND-PARAMETRIC-TYPES---METTA-LANGUAGE7.05","","Tue Dec 24 10:01:32 GMT 2024","passed","Tue Dec 24 10:01:32 GMT 2024","","METTA-LANG","METTA-LANG",""
"","2","WORKING-WITH-SPACES---METTA-LANGUAGE1.02","","Tue Dec 24 10:01:32 GMT 2024","passed","Tue Dec 24 10:01:32 GMT 2024","","METTA-LANG","METTA-LANG",""
"","4","BASIC-GROUNDED-FUNCTIONS---METTA-LANGUAGE5.01","","Tue Dec 24 10:01:32 GMT 2024","passed","Tue Dec 24 10:01:32 GMT 2024","","METTA-LANG","METTA-LANG",""
"","3","BASIC-GROUNDED-FUNCTIONS---METTA-LANGUAGE7.01","","Tue Dec 24 10:01:32 GMT 2024","passed","Tue Dec 24 10:01:32 GMT 2024","","METTA-LANG","METTA-LANG",""
"","7000","metta_lang.Control_flow___MeTTa_Language13","","Tue Dec 24 09:45:50 GMT 2024","passed","Tue Dec 24 09:45:57 GMT 2024","","WHOLE-TESTS","WHOLE-TESTS",""
"","2","D2-HIGHERFUNC.23","","Tue Dec 24 09:50:04 GMT 2024","passed","Tue Dec 24 09:50:04 GMT 2024","","HYPERON-EXPERIMENTAL-SCRIPTS","HYPERON-EXPERIMENTAL-SCRIPTS",""
"","2","C1-GROUNDED-BASIC.22","","Tue Dec 24 10:18:34 GMT 2024","passed","Tue Dec 24 10:18:34 GMT 2024","","QUICK","QUICK",""
"","2","FUNCTIONAL-PROGRAMMING-TESTS.05","","Tue Dec 24 09:52:48 GMT 2024","passed","Tue Dec 24 09:52:48 GMT 2024","","HYPERON-METTALOG-SANITY","HYPERON-METTALOG-SANITY",""
"","1","SPACE-SUBTRACTION-TESTS.03","","Tue Dec 24 09:52:48 GMT 2024","passed","Tue Dec 24 09:52:48 GMT 2024","","HYPERON-METTALOG-SANITY","HYPERON-METTALOG-SANITY",""
"","2","QUERYING-SPACE-CONTENT---METTA-LANGUAGE5.02","","Tue Dec 24 10:01:32 GMT 2024","passed","Tue Dec 24 10:01:32 GMT 2024","","METTA-LANG","METTA-LANG",""
"","5","OR-TEST.17","","Tue Dec 24 09:52:48 GMT 2024","passed","Tue Dec 24 09:52:48 GMT 2024","","HYPERON-METTALOG-SANITY","HYPERON-METTALOG-SANITY",""
"","3","RECURSIVE-AND-PARAMETRIC-TYPES---METTA-LANGUAGE3.01","","Tue Dec 24 10:01:32 GMT 2024","passed","Tue Dec 24 10:01:32 GMT 2024","","METTA-LANG","METTA-LANG",""
"","2","CONSOLE-OUTPUT-AND-DEBUGGING---METTA-LANGUAGE5.07","","Tue Dec 24 10:01:32 GMT 2024","passed","Tue Dec 24 10:01:32 GMT 2024","","METTA-LANG","METTA-LANG",""
"","2","F1-IMPORTS.20","","Tue Dec 24 09:50:04 GMT 2024","passed","Tue Dec 24 09:50:04 GMT 2024","","HYPERON-EXPERIMENTAL-SCRIPTS","HYPERON-EXPERIMENTAL-SCRIPTS",""
"","2","B5-TYPES-PRELIM.25","","Tue Dec 24 09:50:04 GMT 2024","passed","Tue Dec 24 09:50:04 GMT 2024","","HYPERON-EXPERIMENTAL-SCRIPTS","HYPERON-EXPERIMENTAL-SCRIPTS",""
"","2","MATCH-VOID.07","","Tue Dec 24 09:58:21 GMT 2024","passed","Tue Dec 24 09:58:21 GMT 2024","","METTA-MORPH-TESTS","METTA-MORPH-TESTS",""
"","3","CONSOLE-OUTPUT-AND-DEBUGGING---METTA-LANGUAGE5.04","","Tue Dec 24 10:01:32 GMT 2024","passed","Tue Dec 24 10:01:32 GMT 2024","","METTA-LANG","METTA-LANG",""
"","2","HANDLING-NONDETERMINISTIC-RESULTS---METTA-LANGUAGE6.02","","Tue Dec 24 10:01:32 GMT 2024","passed","Tue Dec 24 10:01:32 GMT 2024","","METTA-LANG","METTA-LANG",""
"","2","TEST-IF-CLOSED.03","","Tue Dec 24 09:45:56 GMT 2024","passed","Tue Dec 24 09:45:56 GMT 2024","","ANTI-REGRESSION","ANTI-REGRESSION",""
"","6000","metta_lang.Basic_evaluation___MeTTa_Language7","","Tue Dec 24 09:45:50 GMT 2024","passed","Tue Dec 24 09:45:56 GMT 2024","","WHOLE-TESTS","WHOLE-TESTS",""
"","2","B0-CHAINING-PRELIM.04","","Tue Dec 24 09:50:04 GMT 2024","passed","Tue Dec 24 09:50:04 GMT 2024","","HYPERON-EXPERIMENTAL-SCRIPTS","HYPERON-EXPERIMENTAL-SCRIPTS",""
"","2","SPACE-INTERSECTION-TESTS.19","","Tue Dec 24 09:52:48 GMT 2024","passed","Tue Dec 24 09:52:48 GMT 2024","","HYPERON-METTALOG-SANITY","HYPERON-METTALOG-SANITY",""
"","2","SEQUENTIAL-NESTED.08","","Tue Dec 24 09:58:21 GMT 2024","passed","Tue Dec 24 09:58:21 GMT 2024","","METTA-MORPH-TESTS","METTA-MORPH-TESTS",""
"","7000","module-system.f1_imports","","Tue Dec 24 09:45:50 GMT 2024","passed","Tue Dec 24 09:45:57 GMT 2024","","WHOLE-TESTS","WHOLE-TESTS",""
"","2","TMPMATCH2.02","","Tue Dec 24 09:45:56 GMT 2024","passed","Tue Dec 24 09:45:56 GMT 2024","","ANTI-REGRESSION","ANTI-REGRESSION",""
"","2","HANDLING-NONDETERMINISTIC-RESULTS---METTA-LANGUAGE5.01","","Tue Dec 24 10:01:32 GMT 2024","passed","Tue Dec 24 10:01:32 GMT 2024","","METTA-LANG","METTA-LANG",""
"","3","D1-GADT.03","","Tue Dec 24 09:50:04 GMT 2024","passed","Tue Dec 24 09:50:04 GMT 2024","","HYPERON-EXPERIMENTAL-SCRIPTS","HYPERON-EXPERIMENTAL-SCRIPTS",""
"","2","OPERATIONS-OVER-ATOMS---METTA-LANGUAGE2.03","","Tue Dec 24 10:01:32 GMT 2024","passed","Tue Dec 24 10:01:32 GMT 2024","","METTA-LANG","METTA-LANG",""
"","2","E2-STATES.04","","Tue Dec 24 09:50:04 GMT 2024","passed","Tue Dec 24 09:50:04 GMT 2024","","HYPERON-EXPERIMENTAL-SCRIPTS","HYPERON-EXPERIMENTAL-SCRIPTS",""
"","3","CONTROLLING-PATTERN-MATCHING---METTA-LANGUAGE12.01","","Tue Dec 24 10:01:32 GMT 2024","passed","Tue Dec 24 10:01:32 GMT 2024","","METTA-LANG","METTA-LANG",""
"","2","RECURSIVE-AND-PARAMETRIC-TYPES---METTA-LANGUAGE9.02","","Tue Dec 24 10:01:32 GMT 2024","passed","Tue Dec 24 10:01:32 GMT 2024","","METTA-LANG","METTA-LANG",""
"","8000","hyperon-experimental_scripts.c1_grounded_basic","","Tue Dec 24 09:45:50 GMT 2024","passed","Tue Dec 24 09:45:58 GMT 2024","","WHOLE-TESTS","WHOLE-TESTS",""
"","2","FUNCTIONAL-PROGRAMMING-TESTS.02","","Tue Dec 24 09:52:48 GMT 2024","passed","Tue Dec 24 09:52:48 GMT 2024","","HYPERON-METTALOG-SANITY","HYPERON-METTALOG-SANITY",""
"","3","A3-TWOSIDE.02","","Tue Dec 24 09:50:04 GMT 2024","passed","Tue Dec 24 09:50:04 GMT 2024","","HYPERON-EXPERIMENTAL-SCRIPTS","HYPERON-EXPERIMENTAL-SCRIPTS",""
"","7000","metta_lang.Controlling_pattern_matching___MeTTa_Language11","","Tue Dec 24 09:45:50 GMT 2024","passed","Tue Dec 24 09:45:57 GMT 2024","","WHOLE-TESTS","WHOLE-TESTS",""
"","3","BASIC-EVALUATION---METTA-LANGUAGE11.01","","Tue Dec 24 10:01:32 GMT 2024","passed","Tue Dec 24 10:01:32 GMT 2024","","METTA-LANG","METTA-LANG",""
"","3","STRING-TESTS.12","","Tue Dec 24 09:52:48 GMT 2024","passed","Tue Dec 24 09:52:48 GMT 2024","","HYPERON-METTALOG-SANITY","HYPERON-METTALOG-SANITY",""
"","2","F1-IMPORTS.03","","Tue Dec 24 09:50:04 GMT 2024","passed","Tue Dec 24 09:50:04 GMT 2024","","HYPERON-EXPERIMENTAL-SCRIPTS","HYPERON-EXPERIMENTAL-SCRIPTS",""
"","6","SEALED-TEST.08","","Tue Dec 24 09:52:48 GMT 2024","passed","Tue Dec 24 09:52:48 GMT 2024","","HYPERON-METTALOG-SANITY","HYPERON-METTALOG-SANITY",""
"","2","C1-GROUNDED-BASIC.22","","Tue Dec 24 09:50:04 GMT 2024","passed","Tue Dec 24 09:50:04 GMT 2024","","HYPERON-EXPERIMENTAL-SCRIPTS","HYPERON-EXPERIMENTAL-SCRIPTS",""
"","2","D2-HIGHERFUNC.09","","Tue Dec 24 09:50:04 GMT 2024","passed","Tue Dec 24 09:50:04 GMT 2024","","HYPERON-EXPERIMENTAL-SCRIPTS","HYPERON-EXPERIMENTAL-SCRIPTS",""
"","83","D2-HIGHERFUNC.07","","Tue Dec 24 09:50:04 GMT 2024","failed","Tue Dec 24 09:50:04 GMT 2024","","HYPERON-EXPERIMENTAL-SCRIPTS","HYPERON-EXPERIMENTAL-SCRIPTS",""
"","14","D1-GADT.04","","Tue Dec 24 10:18:34 GMT 2024","passed","Tue Dec 24 10:18:34 GMT 2024","","QUICK","QUICK",""
"","1","BC-COMP.03","","Tue Dec 24 09:45:56 GMT 2024","passed","Tue Dec 24 09:45:56 GMT 2024","","ANTI-REGRESSION","ANTI-REGRESSION",""
"","3","RUST-01.01","","Tue Dec 24 10:19:17 GMT 2024","passed","Tue Dec 24 10:19:17 GMT 2024","","BASELINE-COMPAT","BASELINE-COMPAT",""
"","6000","module-system.f1_moduleA","","Tue Dec 24 09:45:50 GMT 2024","passed","Tue Dec 24 09:45:56 GMT 2024","","WHOLE-TESTS","WHOLE-TESTS",""
"","98","HANDLING-NONDETERMINISTIC-RESULTS---METTA-LANGUAGE3.02","","Tue Dec 24 10:01:32 GMT 2024","failed","Tue Dec 24 10:01:32 GMT 2024","","METTA-LANG","METTA-LANG",""
"","179","CONTROLLING-PATTERN-MATCHING---METTA-LANGUAGE12.08","","Tue Dec 24 10:01:32 GMT 2024","failed","Tue Dec 24 10:01:32 GMT 2024","","METTA-LANG","METTA-LANG",""
"","7000","metta_lang.Working_with_spaces___MeTTa_Language5","","Tue Dec 24 09:45:50 GMT 2024","passed","Tue Dec 24 09:45:57 GMT 2024","","WHOLE-TESTS","WHOLE-TESTS",""
"","3","HANDLING-NONDETERMINISTIC-RESULTS---METTA-LANGUAGE1.01","","Tue Dec 24 10:01:32 GMT 2024","passed","Tue Dec 24 10:01:32 GMT 2024","","METTA-LANG","METTA-LANG",""
"","3","WORKING-WITH-SPACES---METTA-LANGUAGE12.03","","Tue Dec 24 10:01:32 GMT 2024","passed","Tue Dec 24 10:01:32 GMT 2024","","METTA-LANG","METTA-LANG",""
"","4","SEALED-TEST.10","","Tue Dec 24 09:52:48 GMT 2024","passed","Tue Dec 24 09:52:48 GMT 2024","","HYPERON-METTALOG-SANITY","HYPERON-METTALOG-SANITY",""
"","2","STRING-TESTS.13","","Tue Dec 24 09:52:48 GMT 2024","passed","Tue Dec 24 09:52:48 GMT 2024","","HYPERON-METTALOG-SANITY","HYPERON-METTALOG-SANITY",""
"","2","BASIC-GROUNDED-FUNCTIONS---METTA-LANGUAGE1.02","","Tue Dec 24 10:01:32 GMT 2024","passed","Tue Dec 24 10:01:32 GMT 2024","","METTA-LANG","METTA-LANG",""
"","2","METTALOGTESTCURRIED2.02","","Tue Dec 24 09:45:56 GMT 2024","passed","Tue Dec 24 09:45:56 GMT 2024","","ANTI-REGRESSION","ANTI-REGRESSION",""
"","2","XOR-TEST.09","","Tue Dec 24 09:52:48 GMT 2024","passed","Tue Dec 24 09:52:48 GMT 2024","","HYPERON-METTALOG-SANITY","HYPERON-METTALOG-SANITY",""
"","2","CONSOLE-OUTPUT-AND-DEBUGGING---METTA-LANGUAGE3.06","","Tue Dec 24 10:01:32 GMT 2024","passed","Tue Dec 24 10:01:32 GMT 2024","","METTA-LANG","METTA-LANG",""
"","2","B5-TYPES-PRELIM.03","","Tue Dec 24 09:50:04 GMT 2024","passed","Tue Dec 24 09:50:04 GMT 2024","","HYPERON-EXPERIMENTAL-SCRIPTS","HYPERON-EXPERIMENTAL-SCRIPTS",""
"","7000","anti-regression.mettalogTestCurried2","","Tue Dec 24 09:45:50 GMT 2024","passed","Tue Dec 24 09:45:57 GMT 2024","","WHOLE-TESTS","WHOLE-TESTS",""
"","3","TIME-SYNTHESIZE-SHORT.03","","Tue Dec 24 09:55:59 GMT 2024","passed","Tue Dec 24 09:55:59 GMT 2024","","SYNTH-BUFFER","SYNTH-BUFFER",""
"","6000","metta_lang.Basic_grounded_functions___MeTTa_Language2","","Tue Dec 24 09:45:50 GMT 2024","passed","Tue Dec 24 09:45:56 GMT 2024","","WHOLE-TESTS","WHOLE-TESTS",""
"","7000","metta_lang.Concrete_types___MeTTa_Language14","","Tue Dec 24 09:45:50 GMT 2024","passed","Tue Dec 24 09:45:57 GMT 2024","","WHOLE-TESTS","WHOLE-TESTS",""
"","7000","quick.d1_gadt","","Tue Dec 24 09:45:50 GMT 2024","passed","Tue Dec 24 09:45:57 GMT 2024","","WHOLE-TESTS","WHOLE-TESTS",""
"","7000","metta_lang.Functions_and_unification___MeTTa_Language1","","Tue Dec 24 09:45:50 GMT 2024","passed","Tue Dec 24 09:45:57 GMT 2024","","WHOLE-TESTS","WHOLE-TESTS",""
"","2","BASIC-EVALUATION---METTA-LANGUAGE6.03","","Tue Dec 24 10:01:32 GMT 2024","passed","Tue Dec 24 10:01:32 GMT 2024","","METTA-LANG","METTA-LANG",""
"","2","C1-GROUNDED-BASIC.02","","Tue Dec 24 09:50:04 GMT 2024","passed","Tue Dec 24 09:50:04 GMT 2024","","HYPERON-EXPERIMENTAL-SCRIPTS","HYPERON-EXPERIMENTAL-SCRIPTS",""
"","3","BASIC-GROUNDED-FUNCTIONS---METTA-LANGUAGE2.02","","Tue Dec 24 10:01:32 GMT 2024","passed","Tue Dec 24 10:01:32 GMT 2024","","METTA-LANG","METTA-LANG",""
"","69","RECURSIVE-AND-PARAMETRIC-TYPES---METTA-LANGUAGE4.02","","Tue Dec 24 10:01:32 GMT 2024","failed","Tue Dec 24 10:01:32 GMT 2024","","METTA-LANG","METTA-LANG",""
"","63","CONTROLLING-PATTERN-MATCHING---METTA-LANGUAGE9.03","","Tue Dec 24 10:01:32 GMT 2024","passed","Tue Dec 24 10:01:32 GMT 2024","","METTA-LANG","METTA-LANG",""
"","2","UNIQUE-TEST.09","","Tue Dec 24 09:52:48 GMT 2024","passed","Tue Dec 24 09:52:48 GMT 2024","","HYPERON-METTALOG-SANITY","HYPERON-METTALOG-SANITY",""
"","1","D4-TYPE-PROP.05","","Tue Dec 24 10:18:34 GMT 2024","passed","Tue Dec 24 10:18:34 GMT 2024","","QUICK","QUICK",""
"","6000","metta_lang.Basic_grounded_functions___MeTTa_Language6","","Tue Dec 24 09:45:50 GMT 2024","passed","Tue Dec 24 09:45:56 GMT 2024","","WHOLE-TESTS","WHOLE-TESTS",""
"","3","IS-SPACE.01","","Tue Dec 24 09:52:48 GMT 2024","passed","Tue Dec 24 09:52:48 GMT 2024","","HYPERON-METTALOG-SANITY","HYPERON-METTALOG-SANITY",""
"","6000","metta_lang.Operations_over_atoms___MeTTa_Language5","","Tue Dec 24 09:45:50 GMT 2024","passed","Tue Dec 24 09:45:56 GMT 2024","","WHOLE-TESTS","WHOLE-TESTS",""
"","2","WORKING-WITH-SPACES---METTA-LANGUAGE9.03","","Tue Dec 24 10:01:32 GMT 2024","passed","Tue Dec 24 10:01:32 GMT 2024","","METTA-LANG","METTA-LANG",""
"","2","RECURSION-AND-CONTROL---METTA-LANGUAGE6.02","","Tue Dec 24 10:01:32 GMT 2024","passed","Tue Dec 24 10:01:32 GMT 2024","","METTA-LANG","METTA-LANG",""
"","3","METATYPES---METTA-LANGUAGE9.01","","Tue Dec 24 10:01:32 GMT 2024","passed","Tue Dec 24 10:01:32 GMT 2024","","METTA-LANG","METTA-LANG",""
"","7000","metta_lang.Recursion_and_control___MeTTa_Language3","","Tue Dec 24 09:45:50 GMT 2024","passed","Tue Dec 24 09:45:57 GMT 2024","","WHOLE-TESTS","WHOLE-TESTS",""
"","165","CONTROLLING-PATTERN-MATCHING---METTA-LANGUAGE10.07","","Tue Dec 24 10:01:32 GMT 2024","failed","Tue Dec 24 10:01:32 GMT 2024","","METTA-LANG","METTA-LANG",""
"","1","MATCH-SUPERPOSED-SPACES.05","","Tue Dec 24 09:58:21 GMT 2024","passed","Tue Dec 24 09:58:21 GMT 2024","","METTA-MORPH-TESTS","METTA-MORPH-TESTS",""
"","3","TESTS0.05","","Tue Dec 24 09:58:21 GMT 2024","passed","Tue Dec 24 09:58:21 GMT 2024","","METTA-MORPH-TESTS","METTA-MORPH-TESTS",""
"","81","CONSOLE-OUTPUT-AND-DEBUGGING---METTA-LANGUAGE4.02","","Tue Dec 24 10:01:32 GMT 2024","passed","Tue Dec 24 10:01:32 GMT 2024","","METTA-LANG","METTA-LANG",""
"","149","BASIC-EVALUATION---METTA-LANGUAGE11.02","","Tue Dec 24 10:01:32 GMT 2024","failed","Tue Dec 24 10:01:32 GMT 2024","","METTA-LANG","METTA-LANG",""
"","7000","metta_lang.Control_flow___MeTTa_Language11","","Tue Dec 24 09:45:50 GMT 2024","passed","Tue Dec 24 09:45:57 GMT 2024","","WHOLE-TESTS","WHOLE-TESTS",""
"","2","METATYPES---METTA-LANGUAGE2.08","","Tue Dec 24 10:01:32 GMT 2024","passed","Tue Dec 24 10:01:32 GMT 2024","","METTA-LANG","METTA-LANG",""
"","7000","anti-regression.bchain","","Tue Dec 24 09:45:50 GMT 2024","passed","Tue Dec 24 09:45:57 GMT 2024","","WHOLE-TESTS","WHOLE-TESTS",""
"","2","OPERATIONS-OVER-ATOMS---METTA-LANGUAGE1.05","","Tue Dec 24 10:01:32 GMT 2024","passed","Tue Dec 24 10:01:32 GMT 2024","","METTA-LANG","METTA-LANG",""
"","2","STRING-TESTS.20","","Tue Dec 24 09:52:48 GMT 2024","passed","Tue Dec 24 09:52:48 GMT 2024","","HYPERON-METTALOG-SANITY","HYPERON-METTALOG-SANITY",""
"","2","UNIQUE-TEST.01","","Tue Dec 24 09:52:48 GMT 2024","passed","Tue Dec 24 09:52:48 GMT 2024","","HYPERON-METTALOG-SANITY","HYPERON-METTALOG-SANITY",""
"","14","CONTROL-FLOW---METTA-LANGUAGE14.02","","Tue Dec 24 10:01:32 GMT 2024","failed","Tue Dec 24 10:01:32 GMT 2024","","METTA-LANG","METTA-LANG",""
"","1","INTERSECTION-TESTS.08","","Tue Dec 24 09:52:48 GMT 2024","passed","Tue Dec 24 09:52:48 GMT 2024","","HYPERON-METTALOG-SANITY","HYPERON-METTALOG-SANITY",""
"","7000","metta_lang.Controlling_pattern_matching___MeTTa_Language2","","Tue Dec 24 09:45:50 GMT 2024","passed","Tue Dec 24 09:45:57 GMT 2024","","WHOLE-TESTS","WHOLE-TESTS",""
"","2","OR-TEST.09","","Tue Dec 24 09:52:48 GMT 2024","passed","Tue Dec 24 09:52:48 GMT 2024","","HYPERON-METTALOG-SANITY","HYPERON-METTALOG-SANITY",""
"","1","HYPERPOSE.08","","Tue Dec 24 09:58:21 GMT 2024","passed","Tue Dec 24 09:58:21 GMT 2024","","METTA-MORPH-TESTS","METTA-MORPH-TESTS",""
"","7000","hyperon-experimental_scripts.b3_direct","","Tue Dec 24 09:45:50 GMT 2024","passed","Tue Dec 24 09:45:57 GMT 2024","","WHOLE-TESTS","WHOLE-TESTS",""
"","12","CONCRETE-TYPES---METTA-LANGUAGE9.02","","Tue Dec 24 10:01:32 GMT 2024","failed","Tue Dec 24 10:01:32 GMT 2024","","METTA-LANG","METTA-LANG",""
"","2","CONCRETE-TYPES---METTA-LANGUAGE8.01","","Tue Dec 24 10:01:32 GMT 2024","passed","Tue Dec 24 10:01:32 GMT 2024","","METTA-LANG","METTA-LANG",""
"","2","F1-IMPORTS.12","","Tue Dec 24 09:50:04 GMT 2024","passed","Tue Dec 24 09:50:04 GMT 2024","","HYPERON-EXPERIMENTAL-SCRIPTS","HYPERON-EXPERIMENTAL-SCRIPTS",""
"","2","F1-IMPORTS.15","","Tue Dec 24 10:18:34 GMT 2024","passed","Tue Dec 24 10:18:34 GMT 2024","","QUICK","QUICK",""
"","3","WORKING-WITH-SPACES---METTA-LANGUAGE8.01","","Tue Dec 24 10:01:32 GMT 2024","passed","Tue Dec 24 10:01:32 GMT 2024","","METTA-LANG","METTA-LANG",""
"","2","00-LANG-CASE.17","","Tue Dec 24 09:52:48 GMT 2024","passed","Tue Dec 24 09:52:48 GMT 2024","","HYPERON-METTALOG-SANITY","HYPERON-METTALOG-SANITY",""
"","2","D1-GADT.12","","Tue Dec 24 09:50:04 GMT 2024","passed","Tue Dec 24 09:50:04 GMT 2024","","HYPERON-EXPERIMENTAL-SCRIPTS","HYPERON-EXPERIMENTAL-SCRIPTS",""
"","7000","metta-morph_tests.nested_parameters","","Tue Dec 24 09:45:50 GMT 2024","passed","Tue Dec 24 09:45:57 GMT 2024","","WHOLE-TESTS","WHOLE-TESTS",""
"","129","RECURSIVE-AND-PARAMETRIC-TYPES---METTA-LANGUAGE1.02","","Tue Dec 24 10:01:32 GMT 2024","failed","Tue Dec 24 10:01:32 GMT 2024","","METTA-LANG","METTA-LANG",""
"","3","OPERATIONS-OVER-ATOMS---METTA-LANGUAGE5.02","","Tue Dec 24 10:01:32 GMT 2024","passed","Tue Dec 24 10:01:32 GMT 2024","","METTA-LANG","METTA-LANG",""
"","6000","metta_lang.Functions_and_unification___MeTTa_Language4","","Tue Dec 24 09:45:50 GMT 2024","passed","Tue Dec 24 09:45:56 GMT 2024","","WHOLE-TESTS","WHOLE-TESTS",""
"","644","TESTS0.07","","Tue Dec 24 09:58:21 GMT 2024","passed","Tue Dec 24 09:58:21 GMT 2024","","METTA-MORPH-TESTS","METTA-MORPH-TESTS",""
"","2","CONTROL-FLOW---METTA-LANGUAGE10.04","","Tue Dec 24 10:01:32 GMT 2024","passed","Tue Dec 24 10:01:32 GMT 2024","","METTA-LANG","METTA-LANG",""
"","3","F1-IMPORTS.16","","Tue Dec 24 10:18:34 GMT 2024","passed","Tue Dec 24 10:18:34 GMT 2024","","QUICK","QUICK",""
"","92","MAX-TIME-TESTS.04","","Tue Dec 24 09:52:48 GMT 2024","failed","Tue Dec 24 09:52:48 GMT 2024","","HYPERON-METTALOG-SANITY","HYPERON-METTALOG-SANITY",""
"","7000","hyperon-experimental_scripts.b0_chaining_prelim","","Tue Dec 24 09:45:50 GMT 2024","passed","Tue Dec 24 09:45:57 GMT 2024","","WHOLE-TESTS","WHOLE-TESTS",""
"","17","F1-IMPORTS.12","","Tue Dec 24 09:45:43 GMT 2024","passed","Tue Dec 24 09:45:43 GMT 2024","","MODULE-SYSTEM","MODULE-SYSTEM",""
"","3","RECURSION-AND-CONTROL---METTA-LANGUAGE1.01","","Tue Dec 24 10:01:32 GMT 2024","passed","Tue Dec 24 10:01:32 GMT 2024","","METTA-LANG","METTA-LANG",""
"","2","F1-IMPORTS.15","","Tue Dec 24 09:50:04 GMT 2024","passed","Tue Dec 24 09:50:04 GMT 2024","","HYPERON-EXPERIMENTAL-SCRIPTS","HYPERON-EXPERIMENTAL-SCRIPTS",""
"","8000","metta-wam-issue-116.test_spo_5000","","Tue Dec 24 09:45:50 GMT 2024","passed","Tue Dec 24 09:45:58 GMT 2024","","WHOLE-TESTS","WHOLE-TESTS",""
"","2","CONTROLLING-PATTERN-MATCHING---METTA-LANGUAGE12.10","","Tue Dec 24 10:01:32 GMT 2024","passed","Tue Dec 24 10:01:32 GMT 2024","","METTA-LANG","METTA-LANG",""
"","3","B0-CHAINING-PRELIM.02","","Tue Dec 24 09:50:04 GMT 2024","passed","Tue Dec 24 09:50:04 GMT 2024","","HYPERON-EXPERIMENTAL-SCRIPTS","HYPERON-EXPERIMENTAL-SCRIPTS",""
"","376","TESTS0.06","","Tue Dec 24 09:58:21 GMT 2024","passed","Tue Dec 24 09:58:21 GMT 2024","","METTA-MORPH-TESTS","METTA-MORPH-TESTS",""
"","2","F1-IMPORTS.11","","Tue Dec 24 09:50:04 GMT 2024","passed","Tue Dec 24 09:50:04 GMT 2024","","HYPERON-EXPERIMENTAL-SCRIPTS","HYPERON-EXPERIMENTAL-SCRIPTS",""
"","7000","metta_lang.Operations_over_atoms___MeTTa_Language6","","Tue Dec 24 09:45:50 GMT 2024","passed","Tue Dec 24 09:45:57 GMT 2024","","WHOLE-TESTS","WHOLE-TESTS",""
"","2","CONTROLLING-PATTERN-MATCHING---METTA-LANGUAGE12.02","","Tue Dec 24 10:01:32 GMT 2024","passed","Tue Dec 24 10:01:32 GMT 2024","","METTA-LANG","METTA-LANG",""
"","3","WORKING-WITH-SPACES---METTA-LANGUAGE10.01","","Tue Dec 24 10:01:32 GMT 2024","passed","Tue Dec 24 10:01:32 GMT 2024","","METTA-LANG","METTA-LANG",""
"","2","COLLAPSE.01","","Tue Dec 24 09:58:21 GMT 2024","passed","Tue Dec 24 09:58:21 GMT 2024","","METTA-MORPH-TESTS","METTA-MORPH-TESTS",""
"","7000","metta_lang.Control_flow___MeTTa_Language16","","Tue Dec 24 09:45:50 GMT 2024","passed","Tue Dec 24 09:45:57 GMT 2024","","WHOLE-TESTS","WHOLE-TESTS",""
"","7000","metta-morph_tests.match_superposed_spaces","","Tue Dec 24 09:45:50 GMT 2024","passed","Tue Dec 24 09:45:57 GMT 2024","","WHOLE-TESTS","WHOLE-TESTS",""
"","60","WORKING-WITH-SPACES---METTA-LANGUAGE11.04","","Tue Dec 24 10:01:32 GMT 2024","failed","Tue Dec 24 10:01:32 GMT 2024","","METTA-LANG","METTA-LANG",""
"","3","RECURSION-AND-CONTROL---METTA-LANGUAGE8.01","","Tue Dec 24 10:01:32 GMT 2024","passed","Tue Dec 24 10:01:32 GMT 2024","","METTA-LANG","METTA-LANG",""
"","6","SEALED-TEST.07","","Tue Dec 24 09:52:48 GMT 2024","passed","Tue Dec 24 09:52:48 GMT 2024","","HYPERON-METTALOG-SANITY","HYPERON-METTALOG-SANITY",""
"","3","F1-MODULEA.05","","Tue Dec 24 10:18:34 GMT 2024","passed","Tue Dec 24 10:18:34 GMT 2024","","QUICK","QUICK",""
"","61","CONSOLE-OUTPUT-AND-DEBUGGING---METTA-LANGUAGE5.08","","Tue Dec 24 10:01:32 GMT 2024","failed","Tue Dec 24 10:01:32 GMT 2024","","METTA-LANG","METTA-LANG",""
"","2","CONTROLLING-PATTERN-MATCHING---METTA-LANGUAGE11.05","","Tue Dec 24 10:01:32 GMT 2024","passed","Tue Dec 24 10:01:32 GMT 2024","","METTA-LANG","METTA-LANG",""
"","2","MAX-TIME-TESTS.03","","Tue Dec 24 09:52:48 GMT 2024","passed","Tue Dec 24 09:52:48 GMT 2024","","HYPERON-METTALOG-SANITY","HYPERON-METTALOG-SANITY",""
"","8","D2-HIGHERFUNC.21","","Tue Dec 24 09:50:04 GMT 2024","passed","Tue Dec 24 09:50:04 GMT 2024","","HYPERON-EXPERIMENTAL-SCRIPTS","HYPERON-EXPERIMENTAL-SCRIPTS",""
"","2","FUNCTIONS-AND-UNIFICATION---METTA-LANGUAGE1.01","","Tue Dec 24 10:01:32 GMT 2024","passed","Tue Dec 24 10:01:32 GMT 2024","","METTA-LANG","METTA-LANG",""
"","7000","hyperon-mettalog_sanity.find_all_tests","","Tue Dec 24 09:45:50 GMT 2024","passed","Tue Dec 24 09:45:57 GMT 2024","","WHOLE-TESTS","WHOLE-TESTS",""
"","3","STRING-TESTS.06","","Tue Dec 24 09:52:48 GMT 2024","passed","Tue Dec 24 09:52:48 GMT 2024","","HYPERON-METTALOG-SANITY","HYPERON-METTALOG-SANITY",""
"","3","BASIC-GROUNDED-FUNCTIONS---METTA-LANGUAGE3.01","","Tue Dec 24 10:01:32 GMT 2024","passed","Tue Dec 24 10:01:32 GMT 2024","","METTA-LANG","METTA-LANG",""
"","2","C1-GROUNDED-BASIC.21","","Tue Dec 24 09:50:04 GMT 2024","passed","Tue Dec 24 09:50:04 GMT 2024","","HYPERON-EXPERIMENTAL-SCRIPTS","HYPERON-EXPERIMENTAL-SCRIPTS",""
"","2","D4-TYPE-PROP.19","","Tue Dec 24 09:50:04 GMT 2024","passed","Tue Dec 24 09:50:04 GMT 2024","","HYPERON-EXPERIMENTAL-SCRIPTS","HYPERON-EXPERIMENTAL-SCRIPTS",""
"","2","F1-MODULEA.08","","Tue Dec 24 09:50:04 GMT 2024","passed","Tue Dec 24 09:50:04 GMT 2024","","HYPERON-EXPERIMENTAL-SCRIPTS","HYPERON-EXPERIMENTAL-SCRIPTS",""
"","2","B5-TYPES-PRELIM.18","","Tue Dec 24 09:50:04 GMT 2024","passed","Tue Dec 24 09:50:04 GMT 2024","","HYPERON-EXPERIMENTAL-SCRIPTS","HYPERON-EXPERIMENTAL-SCRIPTS",""
"","2","CONTROLLING-PATTERN-MATCHING---METTA-LANGUAGE10.04","","Tue Dec 24 10:01:32 GMT 2024","passed","Tue Dec 24 10:01:32 GMT 2024","","METTA-LANG","METTA-LANG",""
"","2","RECURSION-AND-CONTROL---METTA-LANGUAGE2.02","","Tue Dec 24 10:01:32 GMT 2024","passed","Tue Dec 24 10:01:32 GMT 2024","","METTA-LANG","METTA-LANG",""
"","7000","quick.c1_grounded_basic","","Tue Dec 24 09:45:50 GMT 2024","passed","Tue Dec 24 09:45:57 GMT 2024","","WHOLE-TESTS","WHOLE-TESTS",""
"","2","B5-TYPES-PRELIM.22","","Tue Dec 24 09:50:04 GMT 2024","passed","Tue Dec 24 09:50:04 GMT 2024","","HYPERON-EXPERIMENTAL-SCRIPTS","HYPERON-EXPERIMENTAL-SCRIPTS",""
"","3","RECURSIVE-AND-PARAMETRIC-TYPES---METTA-LANGUAGE9.01","","Tue Dec 24 10:01:32 GMT 2024","passed","Tue Dec 24 10:01:32 GMT 2024","","METTA-LANG","METTA-LANG",""
"","3","QUERYING-SPACE-CONTENT---METTA-LANGUAGE2.01","","Tue Dec 24 10:01:32 GMT 2024","passed","Tue Dec 24 10:01:32 GMT 2024","","METTA-LANG","METTA-LANG",""
"","2","F1-MODULEA.08","","Tue Dec 24 10:18:34 GMT 2024","passed","Tue Dec 24 10:18:34 GMT 2024","","QUICK","QUICK",""
"","7000","metta_lang.Console_output_and_debugging___MeTTa_Language3","","Tue Dec 24 09:45:50 GMT 2024","passed","Tue Dec 24 09:45:57 GMT 2024","","WHOLE-TESTS","WHOLE-TESTS",""
"","2","BASIC-GROUNDED-FUNCTIONS---METTA-LANGUAGE4.03","","Tue Dec 24 10:01:32 GMT 2024","passed","Tue Dec 24 10:01:32 GMT 2024","","METTA-LANG","METTA-LANG",""
"","7000","metta-morph_tests.supercollapse","","Tue Dec 24 09:45:50 GMT 2024","passed","Tue Dec 24 09:45:57 GMT 2024","","WHOLE-TESTS","WHOLE-TESTS",""
"","7000","hyperon-experimental_scripts.a2_opencoggy","","Tue Dec 24 09:45:50 GMT 2024","passed","Tue Dec 24 09:45:57 GMT 2024","","WHOLE-TESTS","WHOLE-TESTS",""
"","2","TEST-IF-CLOSED.02","","Tue Dec 24 09:45:56 GMT 2024","passed","Tue Dec 24 09:45:56 GMT 2024","","ANTI-REGRESSION","ANTI-REGRESSION",""
"","2","BC-COMP.02","","Tue Dec 24 09:45:56 GMT 2024","passed","Tue Dec 24 09:45:56 GMT 2024","","ANTI-REGRESSION","ANTI-REGRESSION",""
"","3","BC-COMP.04","","Tue Dec 24 09:45:56 GMT 2024","passed","Tue Dec 24 09:45:56 GMT 2024","","ANTI-REGRESSION","ANTI-REGRESSION",""
"","91","WORKING-WITH-SPACES---METTA-LANGUAGE9.05","","Tue Dec 24 10:01:32 GMT 2024","failed","Tue Dec 24 10:01:32 GMT 2024","","METTA-LANG","METTA-LANG",""
"","3","BASIC-EVALUATION---METTA-LANGUAGE15.01","","Tue Dec 24 10:01:32 GMT 2024","passed","Tue Dec 24 10:01:32 GMT 2024","","METTA-LANG","METTA-LANG",""
"","51","B5-TYPES-PRELIM.15","","Tue Dec 24 09:50:04 GMT 2024","failed","Tue Dec 24 09:50:04 GMT 2024","","HYPERON-EXPERIMENTAL-SCRIPTS","HYPERON-EXPERIMENTAL-SCRIPTS",""
"","2","XOR-TEST.04","","Tue Dec 24 09:52:48 GMT 2024","passed","Tue Dec 24 09:52:48 GMT 2024","","HYPERON-METTALOG-SANITY","HYPERON-METTALOG-SANITY",""
"","2","CATCH-THROW-TESTS.08","","Tue Dec 24 09:52:48 GMT 2024","passed","Tue Dec 24 09:52:48 GMT 2024","","HYPERON-METTALOG-SANITY","HYPERON-METTALOG-SANITY",""
"","2","D2-HIGHERFUNC.25","","Tue Dec 24 09:50:04 GMT 2024","passed","Tue Dec 24 09:50:04 GMT 2024","","HYPERON-EXPERIMENTAL-SCRIPTS","HYPERON-EXPERIMENTAL-SCRIPTS",""
"","9","D4-TYPE-PROP.03","","Tue Dec 24 09:50:04 GMT 2024","passed","Tue Dec 24 09:50:04 GMT 2024","","HYPERON-EXPERIMENTAL-SCRIPTS","HYPERON-EXPERIMENTAL-SCRIPTS",""
"","7000","metta_lang.Controlling_pattern_matching___MeTTa_Language6","","Tue Dec 24 09:45:50 GMT 2024","passed","Tue Dec 24 09:45:57 GMT 2024","","WHOLE-TESTS","WHOLE-TESTS",""
"","2","HANDLING-NONDETERMINISTIC-RESULTS---METTA-LANGUAGE1.02","","Tue Dec 24 10:01:32 GMT 2024","passed","Tue Dec 24 10:01:32 GMT 2024","","METTA-LANG","METTA-LANG",""
"","2","WORKING-WITH-SPACES---METTA-LANGUAGE9.04","","Tue Dec 24 10:01:32 GMT 2024","passed","Tue Dec 24 10:01:32 GMT 2024","","METTA-LANG","METTA-LANG",""
"","3","CONTROL-FLOW---METTA-LANGUAGE3.01","","Tue Dec 24 10:01:32 GMT 2024","passed","Tue Dec 24 10:01:32 GMT 2024","","METTA-LANG","METTA-LANG",""
"","2","F1-MODULEA.10","","Tue Dec 24 09:50:04 GMT 2024","passed","Tue Dec 24 09:50:04 GMT 2024","","HYPERON-EXPERIMENTAL-SCRIPTS","HYPERON-EXPERIMENTAL-SCRIPTS",""
"","3","CONSOLE-OUTPUT-AND-DEBUGGING---METTA-LANGUAGE4.01","","Tue Dec 24 10:01:32 GMT 2024","passed","Tue Dec 24 10:01:32 GMT 2024","","METTA-LANG","METTA-LANG",""
"","153","BASIC-EVALUATION---METTA-LANGUAGE15.02","","Tue Dec 24 10:01:32 GMT 2024","passed","Tue Dec 24 10:01:32 GMT 2024","","METTA-LANG","METTA-LANG",""
"","84","HANDLING-NONDETERMINISTIC-RESULTS---METTA-LANGUAGE7.02","","Tue Dec 24 10:01:32 GMT 2024","passed","Tue Dec 24 10:01:32 GMT 2024","","METTA-LANG","METTA-LANG",""
"","5","FIRST-ANSWER.02","","Tue Dec 24 09:52:48 GMT 2024","passed","Tue Dec 24 09:52:48 GMT 2024","","HYPERON-METTALOG-SANITY","HYPERON-METTALOG-SANITY",""
"","3","SPACE-INTERSECTION-TESTS.20","","Tue Dec 24 09:52:48 GMT 2024","passed","Tue Dec 24 09:52:48 GMT 2024","","HYPERON-METTALOG-SANITY","HYPERON-METTALOG-SANITY",""
"","2","D4-TYPE-PROP.08","","Tue Dec 24 09:50:04 GMT 2024","passed","Tue Dec 24 09:50:04 GMT 2024","","HYPERON-EXPERIMENTAL-SCRIPTS","HYPERON-EXPERIMENTAL-SCRIPTS",""
"","7000","metta_lang.Working_with_spaces___MeTTa_Language10","","Tue Dec 24 09:45:50 GMT 2024","passed","Tue Dec 24 09:45:57 GMT 2024","","WHOLE-TESTS","WHOLE-TESTS",""
"","2","RECURSION-AND-CONTROL---METTA-LANGUAGE2.03","","Tue Dec 24 10:01:32 GMT 2024","passed","Tue Dec 24 10:01:32 GMT 2024","","METTA-LANG","METTA-LANG",""
"","3","00-LANG-CASE.01","","Tue Dec 24 09:52:48 GMT 2024","passed","Tue Dec 24 09:52:48 GMT 2024","","HYPERON-METTALOG-SANITY","HYPERON-METTALOG-SANITY",""
"","3","A1-SYMBOLS.01","","Tue Dec 24 09:50:04 GMT 2024","passed","Tue Dec 24 09:50:04 GMT 2024","","HYPERON-EXPERIMENTAL-SCRIPTS","HYPERON-EXPERIMENTAL-SCRIPTS",""
"","3","SUBTRACTION-TEST.07","","Tue Dec 24 09:52:48 GMT 2024","passed","Tue Dec 24 09:52:48 GMT 2024","","HYPERON-METTALOG-SANITY","HYPERON-METTALOG-SANITY",""
"","6000","metta_lang.Basic_grounded_functions___MeTTa_Language3","","Tue Dec 24 09:45:50 GMT 2024","passed","Tue Dec 24 09:45:56 GMT 2024","","WHOLE-TESTS","WHOLE-TESTS",""
"","7000","metta_lang.Concrete_types___MeTTa_Language3","","Tue Dec 24 09:45:50 GMT 2024","passed","Tue Dec 24 09:45:57 GMT 2024","","WHOLE-TESTS","WHOLE-TESTS",""
"","2","CONTROL-FLOW---METTA-LANGUAGE11.03","","Tue Dec 24 10:01:32 GMT 2024","passed","Tue Dec 24 10:01:32 GMT 2024","","METTA-LANG","METTA-LANG",""
"","3","WORKING-WITH-SPACES---METTA-LANGUAGE1.03","","Tue Dec 24 10:01:32 GMT 2024","passed","Tue Dec 24 10:01:32 GMT 2024","","METTA-LANG","METTA-LANG",""
"","2","F1-IMPORTS.01","","Tue Dec 24 09:50:04 GMT 2024","passed","Tue Dec 24 09:50:04 GMT 2024","","HYPERON-EXPERIMENTAL-SCRIPTS","HYPERON-EXPERIMENTAL-SCRIPTS",""
"","3","RECURSIVE-AND-PARAMETRIC-TYPES---METTA-LANGUAGE5.05","","Tue Dec 24 10:01:32 GMT 2024","passed","Tue Dec 24 10:01:32 GMT 2024","","METTA-LANG","METTA-LANG",""
"","7000","metta_lang.Concrete_types___MeTTa_Language10","","Tue Dec 24 09:45:50 GMT 2024","passed","Tue Dec 24 09:45:57 GMT 2024","","WHOLE-TESTS","WHOLE-TESTS",""
"","2","FUNCTIONS-AND-UNIFICATION---METTA-LANGUAGE1.05","","Tue Dec 24 10:01:32 GMT 2024","passed","Tue Dec 24 10:01:32 GMT 2024","","METTA-LANG","METTA-LANG",""
"","4","F1-IMPORTS.02","","Tue Dec 24 09:50:04 GMT 2024","passed","Tue Dec 24 09:50:04 GMT 2024","","HYPERON-EXPERIMENTAL-SCRIPTS","HYPERON-EXPERIMENTAL-SCRIPTS",""
"","3","C3-PLN-STV.02","","Tue Dec 24 09:50:04 GMT 2024","passed","Tue Dec 24 09:50:04 GMT 2024","","HYPERON-EXPERIMENTAL-SCRIPTS","HYPERON-EXPERIMENTAL-SCRIPTS",""
"","7000","hyperon-experimental_scripts.e3_match_states","","Tue Dec 24 09:45:50 GMT 2024","passed","Tue Dec 24 09:45:57 GMT 2024","","WHOLE-TESTS","WHOLE-TESTS",""
"","7000","metta_lang.Control_flow___MeTTa_Language5","","Tue Dec 24 09:45:50 GMT 2024","passed","Tue Dec 24 09:45:57 GMT 2024","","WHOLE-TESTS","WHOLE-TESTS",""
"","2","TYPES2.05","","Tue Dec 24 09:58:21 GMT 2024","passed","Tue Dec 24 09:58:21 GMT 2024","","METTA-MORPH-TESTS","METTA-MORPH-TESTS",""
"","2","D1-GADT.11","","Tue Dec 24 09:50:04 GMT 2024","passed","Tue Dec 24 09:50:04 GMT 2024","","HYPERON-EXPERIMENTAL-SCRIPTS","HYPERON-EXPERIMENTAL-SCRIPTS",""
"","2","B5-TYPES-PRELIM.20","","Tue Dec 24 09:50:04 GMT 2024","passed","Tue Dec 24 09:50:04 GMT 2024","","HYPERON-EXPERIMENTAL-SCRIPTS","HYPERON-EXPERIMENTAL-SCRIPTS",""
