"DESCRIPTION","DURATION IN MS","NAME","PARENT SUITE","START TIME","STATUS","STOP TIME","SUB SUITE","SUITE","TEST CLASS","TEST METHOD"
"","2","C1-GROUNDED-BASIC.04","","Fri Dec 13 18:24:16 GMT 2024","passed","Fri Dec 13 18:24:16 GMT 2024","","QUICK","QUICK",""
"","6","SEALED-TEST.07","","Fri Dec 13 18:00:24 GMT 2024","passed","Fri Dec 13 18:00:24 GMT 2024","","HYPERON-METTALOG-SANITY","HYPERON-METTALOG-SANITY",""
"","3","CONCRETE-TYPES---METTA-LANGUAGE12.03","","Fri Dec 13 18:08:33 GMT 2024","passed","Fri Dec 13 18:08:33 GMT 2024","","METTA-LANG","METTA-LANG",""
"","2","F1-MODULEA.03","","Fri Dec 13 17:53:50 GMT 2024","passed","Fri Dec 13 17:53:50 GMT 2024","","MODULE-SYSTEM","MODULE-SYSTEM",""
"","3","RECURSIVE-AND-PARAMETRIC-TYPES---METTA-LANGUAGE1.01","","Fri Dec 13 18:08:33 GMT 2024","passed","Fri Dec 13 18:08:33 GMT 2024","","METTA-LANG","METTA-LANG",""
"","6000","module-system.f1_moduleA","","Fri Dec 13 17:53:57 GMT 2024","passed","Fri Dec 13 17:54:03 GMT 2024","","WHOLE-TESTS","WHOLE-TESTS",""
"","2","D4-TYPE-PROP.10","","Fri Dec 13 18:24:16 GMT 2024","passed","Fri Dec 13 18:24:16 GMT 2024","","QUICK","QUICK",""
"","302","QUERYING-SPACE-CONTENT---METTA-LANGUAGE5.04","","Fri Dec 13 18:08:33 GMT 2024","failed","Fri Dec 13 18:08:33 GMT 2024","","METTA-LANG","METTA-LANG",""
"","6000","metta-morph_tests.letlet","","Fri Dec 13 17:53:57 GMT 2024","passed","Fri Dec 13 17:54:03 GMT 2024","","WHOLE-TESTS","WHOLE-TESTS",""
"","3","METATYPES---METTA-LANGUAGE1.01","","Fri Dec 13 18:08:33 GMT 2024","passed","Fri Dec 13 18:08:33 GMT 2024","","METTA-LANG","METTA-LANG",""
"","147","BASIC-EVALUATION---METTA-LANGUAGE15.02","","Fri Dec 13 18:08:33 GMT 2024","passed","Fri Dec 13 18:08:33 GMT 2024","","METTA-LANG","METTA-LANG",""
"","2","CONTROLLING-PATTERN-MATCHING---METTA-LANGUAGE12.02","","Fri Dec 13 18:08:33 GMT 2024","passed","Fri Dec 13 18:08:33 GMT 2024","","METTA-LANG","METTA-LANG",""
"","2","STRING-TESTS.20","","Fri Dec 13 18:00:24 GMT 2024","passed","Fri Dec 13 18:00:24 GMT 2024","","HYPERON-METTALOG-SANITY","HYPERON-METTALOG-SANITY",""
"","6000","hyperon-experimental_scripts.e2_states","","Fri Dec 13 17:53:57 GMT 2024","passed","Fri Dec 13 17:54:03 GMT 2024","","WHOLE-TESTS","WHOLE-TESTS",""
"","77","F1-IMPORTS.18","","Fri Dec 13 17:57:59 GMT 2024","passed","Fri Dec 13 17:57:59 GMT 2024","","HYPERON-EXPERIMENTAL-SCRIPTS","HYPERON-EXPERIMENTAL-SCRIPTS",""
"","3","SPACE-SUBTRACTION-TESTS.02","","Fri Dec 13 18:00:24 GMT 2024","passed","Fri Dec 13 18:00:24 GMT 2024","","HYPERON-METTALOG-SANITY","HYPERON-METTALOG-SANITY",""
"","2","B1-EQUAL-CHAIN.05","","Fri Dec 13 17:57:59 GMT 2024","passed","Fri Dec 13 17:57:59 GMT 2024","","HYPERON-EXPERIMENTAL-SCRIPTS","HYPERON-EXPERIMENTAL-SCRIPTS",""
"","7000","metta_lang.Console_output_and_debugging___MeTTa_Language5","","Fri Dec 13 17:53:57 GMT 2024","passed","Fri Dec 13 17:54:04 GMT 2024","","WHOLE-TESTS","WHOLE-TESTS",""
"","2","BASIC-EVALUATION---METTA-LANGUAGE15.06","","Fri Dec 13 18:08:33 GMT 2024","passed","Fri Dec 13 18:08:33 GMT 2024","","METTA-LANG","METTA-LANG",""
"","4","SPACE-SUBTRACTION-TESTS.11","","Fri Dec 13 18:00:24 GMT 2024","passed","Fri Dec 13 18:00:24 GMT 2024","","HYPERON-METTALOG-SANITY","HYPERON-METTALOG-SANITY",""
"","3","CONSOLE-OUTPUT-AND-DEBUGGING---METTA-LANGUAGE5.01","","Fri Dec 13 18:08:33 GMT 2024","passed","Fri Dec 13 18:08:33 GMT 2024","","METTA-LANG","METTA-LANG",""
"","2","WORKING-WITH-SPACES---METTA-LANGUAGE9.03","","Fri Dec 13 18:08:33 GMT 2024","passed","Fri Dec 13 18:08:33 GMT 2024","","METTA-LANG","METTA-LANG",""
"","2","BASIC-EVALUATION---METTA-LANGUAGE7.01","","Fri Dec 13 18:08:33 GMT 2024","passed","Fri Dec 13 18:08:33 GMT 2024","","METTA-LANG","METTA-LANG",""
"","2","SPACE-INTERSECTION-TESTS.11","","Fri Dec 13 18:00:24 GMT 2024","passed","Fri Dec 13 18:00:24 GMT 2024","","HYPERON-METTALOG-SANITY","HYPERON-METTALOG-SANITY",""
"","2","METATYPES---METTA-LANGUAGE7.02","","Fri Dec 13 18:08:33 GMT 2024","passed","Fri Dec 13 18:08:33 GMT 2024","","METTA-LANG","METTA-LANG",""
"","7000","quick.d1_gadt","","Fri Dec 13 17:53:57 GMT 2024","passed","Fri Dec 13 17:54:04 GMT 2024","","WHOLE-TESTS","WHOLE-TESTS",""
"","7","SPACE-INTERSECTION-TESTS.03","","Fri Dec 13 18:00:24 GMT 2024","passed","Fri Dec 13 18:00:24 GMT 2024","","HYPERON-METTALOG-SANITY","HYPERON-METTALOG-SANITY",""
"","3","B1-EQUAL-CHAIN.04","","Fri Dec 13 17:57:59 GMT 2024","passed","Fri Dec 13 17:57:59 GMT 2024","","HYPERON-EXPERIMENTAL-SCRIPTS","HYPERON-EXPERIMENTAL-SCRIPTS",""
"","3","BASIC-GROUNDED-FUNCTIONS---METTA-LANGUAGE1.01","","Fri Dec 13 18:08:33 GMT 2024","passed","Fri Dec 13 18:08:33 GMT 2024","","METTA-LANG","METTA-LANG",""
"","2","METATYPES---METTA-LANGUAGE1.12","","Fri Dec 13 18:08:33 GMT 2024","passed","Fri Dec 13 18:08:33 GMT 2024","","METTA-LANG","METTA-LANG",""
"","2","HANDLING-NONDETERMINISTIC-RESULTS---METTA-LANGUAGE6.03","","Fri Dec 13 18:08:33 GMT 2024","passed","Fri Dec 13 18:08:33 GMT 2024","","METTA-LANG","METTA-LANG",""
"","3","RECURSION-AND-CONTROL---METTA-LANGUAGE6.02","","Fri Dec 13 18:08:33 GMT 2024","passed","Fri Dec 13 18:08:33 GMT 2024","","METTA-LANG","METTA-LANG",""
"","4","SPACE-SUBTRACTION-TESTS.09","","Fri Dec 13 18:00:24 GMT 2024","passed","Fri Dec 13 18:00:24 GMT 2024","","HYPERON-METTALOG-SANITY","HYPERON-METTALOG-SANITY",""
"","2","MATCH-VOID.03","","Fri Dec 13 18:05:39 GMT 2024","passed","Fri Dec 13 18:05:39 GMT 2024","","METTA-MORPH-TESTS","METTA-MORPH-TESTS",""
"","2","SEQUENTIAL-NESTED.03","","Fri Dec 13 18:05:39 GMT 2024","passed","Fri Dec 13 18:05:39 GMT 2024","","METTA-MORPH-TESTS","METTA-MORPH-TESTS",""
"","1","D4-TYPE-PROP.07","","Fri Dec 13 18:24:16 GMT 2024","passed","Fri Dec 13 18:24:16 GMT 2024","","QUICK","QUICK",""
"","2","OR-TEST.08","","Fri Dec 13 18:00:24 GMT 2024","passed","Fri Dec 13 18:00:24 GMT 2024","","HYPERON-METTALOG-SANITY","HYPERON-METTALOG-SANITY",""
"","49","CONTROLLING-PATTERN-MATCHING---METTA-LANGUAGE9.03","","Fri Dec 13 18:08:33 GMT 2024","passed","Fri Dec 13 18:08:33 GMT 2024","","METTA-LANG","METTA-LANG",""
"","2","HANDLING-NONDETERMINISTIC-RESULTS---METTA-LANGUAGE6.01","","Fri Dec 13 18:08:33 GMT 2024","passed","Fri Dec 13 18:08:33 GMT 2024","","METTA-LANG","METTA-LANG",""
"","3","SUBTRACTION-TEST.01","","Fri Dec 13 18:00:24 GMT 2024","passed","Fri Dec 13 18:00:24 GMT 2024","","HYPERON-METTALOG-SANITY","HYPERON-METTALOG-SANITY",""
"","7000","metta_lang.Controlling_pattern_matching___MeTTa_Language9","","Fri Dec 13 17:53:57 GMT 2024","passed","Fri Dec 13 17:54:04 GMT 2024","","WHOLE-TESTS","WHOLE-TESTS",""
"","2","FACTORIAL.01","","Fri Dec 13 18:05:39 GMT 2024","passed","Fri Dec 13 18:05:39 GMT 2024","","METTA-MORPH-TESTS","METTA-MORPH-TESTS",""
"","3","06-MATCH-IN-SPACE.05","","Fri Dec 13 18:00:24 GMT 2024","passed","Fri Dec 13 18:00:24 GMT 2024","","HYPERON-METTALOG-SANITY","HYPERON-METTALOG-SANITY",""
"","6000","hyperon-mettalog_sanity.subtraction_test","","Fri Dec 13 17:53:57 GMT 2024","passed","Fri Dec 13 17:54:03 GMT 2024","","WHOLE-TESTS","WHOLE-TESTS",""
"","2","D2-HIGHERFUNC.12","","Fri Dec 13 17:57:59 GMT 2024","passed","Fri Dec 13 17:57:59 GMT 2024","","HYPERON-EXPERIMENTAL-SCRIPTS","HYPERON-EXPERIMENTAL-SCRIPTS",""
"","2","WORKING-WITH-SPACES---METTA-LANGUAGE6.01","","Fri Dec 13 18:08:33 GMT 2024","passed","Fri Dec 13 18:08:33 GMT 2024","","METTA-LANG","METTA-LANG",""
"","2","WORKING-WITH-SPACES---METTA-LANGUAGE1.03","","Fri Dec 13 18:08:33 GMT 2024","passed","Fri Dec 13 18:08:33 GMT 2024","","METTA-LANG","METTA-LANG",""
"","2","CONTROLLING-PATTERN-MATCHING---METTA-LANGUAGE12.07","","Fri Dec 13 18:08:33 GMT 2024","passed","Fri Dec 13 18:08:33 GMT 2024","","METTA-LANG","METTA-LANG",""
"","3","CONSOLE-OUTPUT-AND-DEBUGGING---METTA-LANGUAGE2.02","","Fri Dec 13 18:08:33 GMT 2024","passed","Fri Dec 13 18:08:33 GMT 2024","","METTA-LANG","METTA-LANG",""
"","6000","metta_lang.Concrete_types___MeTTa_Language4","","Fri Dec 13 17:53:57 GMT 2024","passed","Fri Dec 13 17:54:03 GMT 2024","","WHOLE-TESTS","WHOLE-TESTS",""
"","3","RUST-01.01","","Fri Dec 13 18:24:56 GMT 2024","passed","Fri Dec 13 18:24:56 GMT 2024","","BASELINE-COMPAT","BASELINE-COMPAT",""
"","2","F1-MODULEA.05","","Fri Dec 13 18:24:16 GMT 2024","passed","Fri Dec 13 18:24:16 GMT 2024","","QUICK","QUICK",""
"","2","F1-IMPORTS.16","","Fri Dec 13 17:53:50 GMT 2024","passed","Fri Dec 13 17:53:50 GMT 2024","","MODULE-SYSTEM","MODULE-SYSTEM",""
"","6000","metta_lang.Querying_space_content___MeTTa_Language2","","Fri Dec 13 17:53:57 GMT 2024","passed","Fri Dec 13 17:54:03 GMT 2024","","WHOLE-TESTS","WHOLE-TESTS",""
"","3","D3-DEPTYPES.01","","Fri Dec 13 17:57:59 GMT 2024","passed","Fri Dec 13 17:57:59 GMT 2024","","HYPERON-EXPERIMENTAL-SCRIPTS","HYPERON-EXPERIMENTAL-SCRIPTS",""
"","2","CONTROL-FLOW---METTA-LANGUAGE15.05","","Fri Dec 13 18:08:33 GMT 2024","passed","Fri Dec 13 18:08:33 GMT 2024","","METTA-LANG","METTA-LANG",""
"","3","FUNCTIONS-AND-UNIFICATION---METTA-LANGUAGE5.01","","Fri Dec 13 18:08:33 GMT 2024","passed","Fri Dec 13 18:08:33 GMT 2024","","METTA-LANG","METTA-LANG",""
"","2","D4-TYPE-PROP.02","","Fri Dec 13 17:57:59 GMT 2024","passed","Fri Dec 13 17:57:59 GMT 2024","","HYPERON-EXPERIMENTAL-SCRIPTS","HYPERON-EXPERIMENTAL-SCRIPTS",""
"","2","C1-GROUNDED-BASIC.20","","Fri Dec 13 17:57:59 GMT 2024","passed","Fri Dec 13 17:57:59 GMT 2024","","HYPERON-EXPERIMENTAL-SCRIPTS","HYPERON-EXPERIMENTAL-SCRIPTS",""
"","2","STRING-TESTS.10","","Fri Dec 13 18:00:24 GMT 2024","passed","Fri Dec 13 18:00:24 GMT 2024","","HYPERON-METTALOG-SANITY","HYPERON-METTALOG-SANITY",""
"","2","D2-HIGHERFUNC.03","","Fri Dec 13 18:24:16 GMT 2024","passed","Fri Dec 13 18:24:16 GMT 2024","","QUICK","QUICK",""
"","28000","anti-regression.system_proofTestCurried","","Fri Dec 13 17:53:57 GMT 2024","passed","Fri Dec 13 17:54:25 GMT 2024","","WHOLE-TESTS","WHOLE-TESTS",""
"","2","C1-GROUNDED-BASIC.13","","Fri Dec 13 17:57:59 GMT 2024","passed","Fri Dec 13 17:57:59 GMT 2024","","HYPERON-EXPERIMENTAL-SCRIPTS","HYPERON-EXPERIMENTAL-SCRIPTS",""
"","2","D4-TYPE-PROP.14","","Fri Dec 13 18:24:16 GMT 2024","passed","Fri Dec 13 18:24:16 GMT 2024","","QUICK","QUICK",""
"","2","STRING-TESTS.14","","Fri Dec 13 18:00:24 GMT 2024","passed","Fri Dec 13 18:00:24 GMT 2024","","HYPERON-METTALOG-SANITY","HYPERON-METTALOG-SANITY",""
"","373","TESTS0.06","","Fri Dec 13 18:05:39 GMT 2024","passed","Fri Dec 13 18:05:39 GMT 2024","","METTA-MORPH-TESTS","METTA-MORPH-TESTS",""
"","2","D2-HIGHERFUNC.06","","Fri Dec 13 18:24:16 GMT 2024","passed","Fri Dec 13 18:24:16 GMT 2024","","QUICK","QUICK",""
"","2","F1-IMPORTS.20","","Fri Dec 13 17:57:59 GMT 2024","passed","Fri Dec 13 17:57:59 GMT 2024","","HYPERON-EXPERIMENTAL-SCRIPTS","HYPERON-EXPERIMENTAL-SCRIPTS",""
"","5","F1-IMPORTS.02","","Fri Dec 13 18:24:16 GMT 2024","passed","Fri Dec 13 18:24:16 GMT 2024","","QUICK","QUICK",""
"","2","CONSOLE-OUTPUT-AND-DEBUGGING---METTA-LANGUAGE3.01","","Fri Dec 13 18:08:33 GMT 2024","passed","Fri Dec 13 18:08:33 GMT 2024","","METTA-LANG","METTA-LANG",""
"","3","SUPERCOLLAPSE.02","","Fri Dec 13 18:05:39 GMT 2024","passed","Fri Dec 13 18:05:39 GMT 2024","","METTA-MORPH-TESTS","METTA-MORPH-TESTS",""
"","3","CONCRETE-TYPES---METTA-LANGUAGE5.03","","Fri Dec 13 18:08:33 GMT 2024","passed","Fri Dec 13 18:08:33 GMT 2024","","METTA-LANG","METTA-LANG",""
"","2","WORKING-WITH-SPACES---METTA-LANGUAGE12.02","","Fri Dec 13 18:08:33 GMT 2024","passed","Fri Dec 13 18:08:33 GMT 2024","","METTA-LANG","METTA-LANG",""
"","2","STATES-SPACES.05","","Fri Dec 13 18:05:39 GMT 2024","passed","Fri Dec 13 18:05:39 GMT 2024","","METTA-MORPH-TESTS","METTA-MORPH-TESTS",""
"","3","00-LANG-CASE.08","","Fri Dec 13 18:00:24 GMT 2024","passed","Fri Dec 13 18:00:24 GMT 2024","","HYPERON-METTALOG-SANITY","HYPERON-METTALOG-SANITY",""
"","6000","metta_lang.Basic_grounded_functions___MeTTa_Language5","","Fri Dec 13 17:53:57 GMT 2024","passed","Fri Dec 13 17:54:03 GMT 2024","","WHOLE-TESTS","WHOLE-TESTS",""
"","3","D2-HIGHERFUNC.15","","Fri Dec 13 18:24:16 GMT 2024","passed","Fri Dec 13 18:24:16 GMT 2024","","QUICK","QUICK",""
"","2","CONTROLLING-PATTERN-MATCHING---METTA-LANGUAGE12.12","","Fri Dec 13 18:08:33 GMT 2024","passed","Fri Dec 13 18:08:33 GMT 2024","","METTA-LANG","METTA-LANG",""
"","2","BCHAIN-COMP.05","","Fri Dec 13 17:54:03 GMT 2024","passed","Fri Dec 13 17:54:03 GMT 2024","","ANTI-REGRESSION","ANTI-REGRESSION",""
"","14","D1-GADT.05","","Fri Dec 13 17:57:59 GMT 2024","passed","Fri Dec 13 17:57:59 GMT 2024","","HYPERON-EXPERIMENTAL-SCRIPTS","HYPERON-EXPERIMENTAL-SCRIPTS",""
"","2","HANDLING-NONDETERMINISTIC-RESULTS---METTA-LANGUAGE5.04","","Fri Dec 13 18:08:33 GMT 2024","passed","Fri Dec 13 18:08:33 GMT 2024","","METTA-LANG","METTA-LANG",""
"","3","D4-TYPE-PROP.04","","Fri Dec 13 17:57:59 GMT 2024","passed","Fri Dec 13 17:57:59 GMT 2024","","HYPERON-EXPERIMENTAL-SCRIPTS","HYPERON-EXPERIMENTAL-SCRIPTS",""
"","3","INTERSECTION-TESTS.15","","Fri Dec 13 18:00:24 GMT 2024","passed","Fri Dec 13 18:00:24 GMT 2024","","HYPERON-METTALOG-SANITY","HYPERON-METTALOG-SANITY",""
"","2","E3-MATCH-STATES.02","","Fri Dec 13 17:57:59 GMT 2024","passed","Fri Dec 13 17:57:59 GMT 2024","","HYPERON-EXPERIMENTAL-SCRIPTS","HYPERON-EXPERIMENTAL-SCRIPTS",""
"","4","LET-SUPERPOSE-IF-CASE.01","","Fri Dec 13 18:05:39 GMT 2024","passed","Fri Dec 13 18:05:39 GMT 2024","","METTA-MORPH-TESTS","METTA-MORPH-TESTS",""
"","2","FIND-ALL-TESTS.05","","Fri Dec 13 18:00:24 GMT 2024","passed","Fri Dec 13 18:00:24 GMT 2024","","HYPERON-METTALOG-SANITY","HYPERON-METTALOG-SANITY",""
"","66","B5-TYPES-PRELIM.15","","Fri Dec 13 17:57:59 GMT 2024","failed","Fri Dec 13 17:57:59 GMT 2024","","HYPERON-EXPERIMENTAL-SCRIPTS","HYPERON-EXPERIMENTAL-SCRIPTS",""
"","6000","hyperon-experimental_scripts.d3_deptypes","","Fri Dec 13 17:53:57 GMT 2024","passed","Fri Dec 13 17:54:03 GMT 2024","","WHOLE-TESTS","WHOLE-TESTS",""
"","118","SPACE-INTERSECTION-TESTS.09","","Fri Dec 13 18:00:24 GMT 2024","failed","Fri Dec 13 18:00:24 GMT 2024","","HYPERON-METTALOG-SANITY","HYPERON-METTALOG-SANITY",""
"","2","STRING-TESTS.04","","Fri Dec 13 18:00:24 GMT 2024","passed","Fri Dec 13 18:00:24 GMT 2024","","HYPERON-METTALOG-SANITY","HYPERON-METTALOG-SANITY",""
"","2","STRING-TESTS.03","","Fri Dec 13 18:00:24 GMT 2024","passed","Fri Dec 13 18:00:24 GMT 2024","","HYPERON-METTALOG-SANITY","HYPERON-METTALOG-SANITY",""
"","3","CONCRETE-TYPES---METTA-LANGUAGE7.01","","Fri Dec 13 18:08:33 GMT 2024","passed","Fri Dec 13 18:08:33 GMT 2024","","METTA-LANG","METTA-LANG",""
"","3","HANDLING-NONDETERMINISTIC-RESULTS---METTA-LANGUAGE1.03","","Fri Dec 13 18:08:33 GMT 2024","passed","Fri Dec 13 18:08:33 GMT 2024","","METTA-LANG","METTA-LANG",""
"","1","C1-GROUNDED-BASIC.11","","Fri Dec 13 17:57:59 GMT 2024","passed","Fri Dec 13 17:57:59 GMT 2024","","HYPERON-EXPERIMENTAL-SCRIPTS","HYPERON-EXPERIMENTAL-SCRIPTS",""
"","2","METATYPES---METTA-LANGUAGE2.02","","Fri Dec 13 18:08:33 GMT 2024","passed","Fri Dec 13 18:08:33 GMT 2024","","METTA-LANG","METTA-LANG",""
"","57","D5-AUTO-TYPES.02","","Fri Dec 13 17:57:59 GMT 2024","failed","Fri Dec 13 17:57:59 GMT 2024","","HYPERON-EXPERIMENTAL-SCRIPTS","HYPERON-EXPERIMENTAL-SCRIPTS",""
"","3","MULTIFUNCTION.01","","Fri Dec 13 18:05:39 GMT 2024","passed","Fri Dec 13 18:05:39 GMT 2024","","METTA-MORPH-TESTS","METTA-MORPH-TESTS",""
"","2","CATCH-THROW-TESTS.05","","Fri Dec 13 18:00:24 GMT 2024","passed","Fri Dec 13 18:00:24 GMT 2024","","HYPERON-METTALOG-SANITY","HYPERON-METTALOG-SANITY",""
"","2","WORKING-WITH-SPACES---METTA-LANGUAGE6.03","","Fri Dec 13 18:08:33 GMT 2024","passed","Fri Dec 13 18:08:33 GMT 2024","","METTA-LANG","METTA-LANG",""
"","6000","metta_lang.Metatypes___MeTTa_Language8","","Fri Dec 13 17:53:57 GMT 2024","passed","Fri Dec 13 17:54:03 GMT 2024","","WHOLE-TESTS","WHOLE-TESTS",""
"","3","CONTROLLING-PATTERN-MATCHING---METTA-LANGUAGE4.01","","Fri Dec 13 18:08:33 GMT 2024","passed","Fri Dec 13 18:08:33 GMT 2024","","METTA-LANG","METTA-LANG",""
"","2","FUNCTIONS-AND-UNIFICATION---METTA-LANGUAGE1.05","","Fri Dec 13 18:08:33 GMT 2024","passed","Fri Dec 13 18:08:33 GMT 2024","","METTA-LANG","METTA-LANG",""
"","2","CONSOLE-OUTPUT-AND-DEBUGGING---METTA-LANGUAGE5.05","","Fri Dec 13 18:08:33 GMT 2024","passed","Fri Dec 13 18:08:33 GMT 2024","","METTA-LANG","METTA-LANG",""
"","2","00-LANG-CASE.10","","Fri Dec 13 18:00:24 GMT 2024","passed","Fri Dec 13 18:00:24 GMT 2024","","HYPERON-METTALOG-SANITY","HYPERON-METTALOG-SANITY",""
"","2","OR-TEST.15","","Fri Dec 13 18:00:24 GMT 2024","passed","Fri Dec 13 18:00:24 GMT 2024","","HYPERON-METTALOG-SANITY","HYPERON-METTALOG-SANITY",""
"","1","D4-TYPE-PROP.13","","Fri Dec 13 18:24:16 GMT 2024","passed","Fri Dec 13 18:24:16 GMT 2024","","QUICK","QUICK",""
"","6000","metta_lang.Controlling_pattern_matching___MeTTa_Language11","","Fri Dec 13 17:53:57 GMT 2024","passed","Fri Dec 13 17:54:03 GMT 2024","","WHOLE-TESTS","WHOLE-TESTS",""
"","2","SPACE-INTERSECTION-TESTS.14","","Fri Dec 13 18:00:24 GMT 2024","passed","Fri Dec 13 18:00:24 GMT 2024","","HYPERON-METTALOG-SANITY","HYPERON-METTALOG-SANITY",""
"","3","B5-TYPES-PRELIM.06","","Fri Dec 13 17:57:59 GMT 2024","passed","Fri Dec 13 17:57:59 GMT 2024","","HYPERON-EXPERIMENTAL-SCRIPTS","HYPERON-EXPERIMENTAL-SCRIPTS",""
"","94","HANDLING-NONDETERMINISTIC-RESULTS---METTA-LANGUAGE3.02","","Fri Dec 13 18:08:33 GMT 2024","failed","Fri Dec 13 18:08:33 GMT 2024","","METTA-LANG","METTA-LANG",""
"","2","INTERSECTION-TESTS.24","","Fri Dec 13 18:00:24 GMT 2024","passed","Fri Dec 13 18:00:24 GMT 2024","","HYPERON-METTALOG-SANITY","HYPERON-METTALOG-SANITY",""
"","2","C1-GROUNDED-BASIC.06","","Fri Dec 13 18:24:16 GMT 2024","passed","Fri Dec 13 18:24:16 GMT 2024","","QUICK","QUICK",""
"","12","F1-IMPORTS.04","","Fri Dec 13 17:53:50 GMT 2024","failed","Fri Dec 13 17:53:50 GMT 2024","","MODULE-SYSTEM","MODULE-SYSTEM",""
"","7000","hyperon-mettalog_sanity.unique_test","","Fri Dec 13 17:53:57 GMT 2024","passed","Fri Dec 13 17:54:04 GMT 2024","","WHOLE-TESTS","WHOLE-TESTS",""
"","6000","metta_lang.Nested_queries_and_recursive_graph_traversal___MeTTa_Language2","","Fri Dec 13 17:53:57 GMT 2024","passed","Fri Dec 13 17:54:03 GMT 2024","","WHOLE-TESTS","WHOLE-TESTS",""
"","2","TEST-IF-CLOSED.05","","Fri Dec 13 17:54:03 GMT 2024","passed","Fri Dec 13 17:54:03 GMT 2024","","ANTI-REGRESSION","ANTI-REGRESSION",""
"","5","G1-DOCS.01","","Fri Dec 13 17:57:59 GMT 2024","passed","Fri Dec 13 17:57:59 GMT 2024","","HYPERON-EXPERIMENTAL-SCRIPTS","HYPERON-EXPERIMENTAL-SCRIPTS",""
"","2","CONTROLLING-PATTERN-MATCHING---METTA-LANGUAGE10.04","","Fri Dec 13 18:08:33 GMT 2024","passed","Fri Dec 13 18:08:33 GMT 2024","","METTA-LANG","METTA-LANG",""
"","3","WORKING-WITH-SPACES---METTA-LANGUAGE4.03","","Fri Dec 13 18:08:33 GMT 2024","passed","Fri Dec 13 18:08:33 GMT 2024","","METTA-LANG","METTA-LANG",""
"","6000","metta_lang.Operations_over_atoms___MeTTa_Language4","","Fri Dec 13 17:53:57 GMT 2024","passed","Fri Dec 13 17:54:03 GMT 2024","","WHOLE-TESTS","WHOLE-TESTS",""
"","2","C1-GROUNDED-BASIC.19","","Fri Dec 13 18:24:16 GMT 2024","passed","Fri Dec 13 18:24:16 GMT 2024","","QUICK","QUICK",""
"","2","D1-GADT.07","","Fri Dec 13 18:24:16 GMT 2024","passed","Fri Dec 13 18:24:16 GMT 2024","","QUICK","QUICK",""
"","3","CONTROLLING-PATTERN-MATCHING---METTA-LANGUAGE12.16","","Fri Dec 13 18:08:33 GMT 2024","passed","Fri Dec 13 18:08:33 GMT 2024","","METTA-LANG","METTA-LANG",""
"","63","B5-TYPES-PRELIM.14","","Fri Dec 13 17:57:59 GMT 2024","failed","Fri Dec 13 17:57:59 GMT 2024","","HYPERON-EXPERIMENTAL-SCRIPTS","HYPERON-EXPERIMENTAL-SCRIPTS",""
"","58","WORKING-WITH-SPACES---METTA-LANGUAGE9.06","","Fri Dec 13 18:08:33 GMT 2024","failed","Fri Dec 13 18:08:33 GMT 2024","","METTA-LANG","METTA-LANG",""
"","71","CONSOLE-OUTPUT-AND-DEBUGGING---METTA-LANGUAGE5.02","","Fri Dec 13 18:08:33 GMT 2024","failed","Fri Dec 13 18:08:33 GMT 2024","","METTA-LANG","METTA-LANG",""
"","7000","metta_lang.Basic_grounded_functions___MeTTa_Language4","","Fri Dec 13 17:53:57 GMT 2024","passed","Fri Dec 13 17:54:04 GMT 2024","","WHOLE-TESTS","WHOLE-TESTS",""
"","2","SPACE-INTERSECTION-TESTS.05","","Fri Dec 13 18:00:24 GMT 2024","passed","Fri Dec 13 18:00:24 GMT 2024","","HYPERON-METTALOG-SANITY","HYPERON-METTALOG-SANITY",""
"","80","BASIC-GROUNDED-FUNCTIONS---METTA-LANGUAGE4.04","","Fri Dec 13 18:08:33 GMT 2024","failed","Fri Dec 13 18:08:33 GMT 2024","","METTA-LANG","METTA-LANG",""
"","3","BASIC-GROUNDED-FUNCTIONS---METTA-LANGUAGE7.01","","Fri Dec 13 18:08:33 GMT 2024","passed","Fri Dec 13 18:08:33 GMT 2024","","METTA-LANG","METTA-LANG",""
"","147","NALIFIER.01","","Fri Dec 13 18:05:39 GMT 2024","passed","Fri Dec 13 18:05:39 GMT 2024","","METTA-MORPH-TESTS","METTA-MORPH-TESTS",""
"","2","A1-SYMBOLS.07","","Fri Dec 13 17:57:59 GMT 2024","passed","Fri Dec 13 17:57:59 GMT 2024","","HYPERON-EXPERIMENTAL-SCRIPTS","HYPERON-EXPERIMENTAL-SCRIPTS",""
"","3","C2-SPACES.01","","Fri Dec 13 17:57:59 GMT 2024","passed","Fri Dec 13 17:57:59 GMT 2024","","HYPERON-EXPERIMENTAL-SCRIPTS","HYPERON-EXPERIMENTAL-SCRIPTS",""
"","3","WORKING-WITH-SPACES---METTA-LANGUAGE12.01","","Fri Dec 13 18:08:33 GMT 2024","passed","Fri Dec 13 18:08:33 GMT 2024","","METTA-LANG","METTA-LANG",""
"","121","TESTS0.01","","Fri Dec 13 18:05:39 GMT 2024","passed","Fri Dec 13 18:05:39 GMT 2024","","METTA-MORPH-TESTS","METTA-MORPH-TESTS",""
"","7000","metta_lang.Control_flow___MeTTa_Language3","","Fri Dec 13 17:53:57 GMT 2024","passed","Fri Dec 13 17:54:04 GMT 2024","","WHOLE-TESTS","WHOLE-TESTS",""
"","3","UNIQUE-TEST.07","","Fri Dec 13 18:00:24 GMT 2024","passed","Fri Dec 13 18:00:24 GMT 2024","","HYPERON-METTALOG-SANITY","HYPERON-METTALOG-SANITY",""
"","3","SUPERCOLLAPSE.01","","Fri Dec 13 18:05:39 GMT 2024","passed","Fri Dec 13 18:05:39 GMT 2024","","METTA-MORPH-TESTS","METTA-MORPH-TESTS",""
"","3","MATCH-VOID.01","","Fri Dec 13 18:05:39 GMT 2024","passed","Fri Dec 13 18:05:39 GMT 2024","","METTA-MORPH-TESTS","METTA-MORPH-TESTS",""
"","7000","metta_lang.Operations_over_atoms___MeTTa_Language6","","Fri Dec 13 17:53:57 GMT 2024","passed","Fri Dec 13 17:54:04 GMT 2024","","WHOLE-TESTS","WHOLE-TESTS",""
"","2","CONSOLE-OUTPUT-AND-DEBUGGING---METTA-LANGUAGE2.09","","Fri Dec 13 18:08:33 GMT 2024","passed","Fri Dec 13 18:08:33 GMT 2024","","METTA-LANG","METTA-LANG",""
"","4","WORKING-WITH-SPACES---METTA-LANGUAGE9.01","","Fri Dec 13 18:08:33 GMT 2024","passed","Fri Dec 13 18:08:33 GMT 2024","","METTA-LANG","METTA-LANG",""
"","2","CONSOLE-OUTPUT-AND-DEBUGGING---METTA-LANGUAGE4.01","","Fri Dec 13 18:08:33 GMT 2024","passed","Fri Dec 13 18:08:33 GMT 2024","","METTA-LANG","METTA-LANG",""
"","2","MAX-TIME-TESTS.03","","Fri Dec 13 18:00:24 GMT 2024","passed","Fri Dec 13 18:00:24 GMT 2024","","HYPERON-METTALOG-SANITY","HYPERON-METTALOG-SANITY",""
"","2","CONCRETE-TYPES---METTA-LANGUAGE1.03","","Fri Dec 13 18:08:33 GMT 2024","passed","Fri Dec 13 18:08:33 GMT 2024","","METTA-LANG","METTA-LANG",""
"","2","B5-TYPES-PRELIM.05","","Fri Dec 13 17:57:59 GMT 2024","passed","Fri Dec 13 17:57:59 GMT 2024","","HYPERON-EXPERIMENTAL-SCRIPTS","HYPERON-EXPERIMENTAL-SCRIPTS",""
"","6000","anti-regression.tmpMatch2","","Fri Dec 13 17:53:57 GMT 2024","passed","Fri Dec 13 17:54:03 GMT 2024","","WHOLE-TESTS","WHOLE-TESTS",""
"","2","FUNCTIONS-AND-UNIFICATION---METTA-LANGUAGE4.04","","Fri Dec 13 18:08:33 GMT 2024","passed","Fri Dec 13 18:08:33 GMT 2024","","METTA-LANG","METTA-LANG",""
"","2","FACTORIAL.02","","Fri Dec 13 18:05:39 GMT 2024","passed","Fri Dec 13 18:05:39 GMT 2024","","METTA-MORPH-TESTS","METTA-MORPH-TESTS",""
"","6000","metta_lang.Handling_nondeterministic_results___MeTTa_Language8","","Fri Dec 13 17:53:57 GMT 2024","passed","Fri Dec 13 17:54:03 GMT 2024","","WHOLE-TESTS","WHOLE-TESTS",""
"","2","D4-TYPE-PROP.08","","Fri Dec 13 18:24:16 GMT 2024","passed","Fri Dec 13 18:24:16 GMT 2024","","QUICK","QUICK",""
"","2","D1-GADT.02","","Fri Dec 13 17:57:59 GMT 2024","passed","Fri Dec 13 17:57:59 GMT 2024","","HYPERON-EXPERIMENTAL-SCRIPTS","HYPERON-EXPERIMENTAL-SCRIPTS",""
"","5","03-SORING-VIA-INSERT.01","","Fri Dec 13 18:00:24 GMT 2024","passed","Fri Dec 13 18:00:24 GMT 2024","","HYPERON-METTALOG-SANITY","HYPERON-METTALOG-SANITY",""
"","2","C1-GROUNDED-BASIC.05","","Fri Dec 13 18:24:16 GMT 2024","passed","Fri Dec 13 18:24:16 GMT 2024","","QUICK","QUICK",""
"","11","WORKING-WITH-SPACES---METTA-LANGUAGE11.02","","Fri Dec 13 18:08:33 GMT 2024","failed","Fri Dec 13 18:08:33 GMT 2024","","METTA-LANG","METTA-LANG",""
"","3","CATCH-THROW-TESTS.01","","Fri Dec 13 18:00:24 GMT 2024","passed","Fri Dec 13 18:00:24 GMT 2024","","HYPERON-METTALOG-SANITY","HYPERON-METTALOG-SANITY",""
"","2","OR-TEST.16","","Fri Dec 13 18:00:24 GMT 2024","passed","Fri Dec 13 18:00:24 GMT 2024","","HYPERON-METTALOG-SANITY","HYPERON-METTALOG-SANITY",""
"","2","IDENTITY.01","","Fri Dec 13 18:05:39 GMT 2024","passed","Fri Dec 13 18:05:39 GMT 2024","","METTA-MORPH-TESTS","METTA-MORPH-TESTS",""
"","3","OPERATIONS-OVER-ATOMS---METTA-LANGUAGE9.01","","Fri Dec 13 18:08:33 GMT 2024","passed","Fri Dec 13 18:08:33 GMT 2024","","METTA-LANG","METTA-LANG",""
"","89","FUNCTIONAL-PROGRAMMING-TESTS.06","","Fri Dec 13 18:00:24 GMT 2024","failed","Fri Dec 13 18:00:24 GMT 2024","","HYPERON-METTALOG-SANITY","HYPERON-METTALOG-SANITY",""
"","2","CONTROL-FLOW---METTA-LANGUAGE16.04","","Fri Dec 13 18:08:33 GMT 2024","passed","Fri Dec 13 18:08:33 GMT 2024","","METTA-LANG","METTA-LANG",""
"","6000","metta_lang.Controlling_pattern_matching___MeTTa_Language12","","Fri Dec 13 17:53:57 GMT 2024","passed","Fri Dec 13 17:54:03 GMT 2024","","WHOLE-TESTS","WHOLE-TESTS",""
"","2","FIND-ALL-TESTS.07","","Fri Dec 13 18:00:24 GMT 2024","passed","Fri Dec 13 18:00:24 GMT 2024","","HYPERON-METTALOG-SANITY","HYPERON-METTALOG-SANITY",""
"","4","FREE-VARIABLES-AND-NONDETERMINISM-AGAIN-RECURSIVELY---METTA-LANGUAGE5.02","","Fri Dec 13 18:08:33 GMT 2024","passed","Fri Dec 13 18:08:33 GMT 2024","","METTA-LANG","METTA-LANG",""
"","2","CONCRETE-TYPES---METTA-LANGUAGE5.05","","Fri Dec 13 18:08:33 GMT 2024","passed","Fri Dec 13 18:08:33 GMT 2024","","METTA-LANG","METTA-LANG",""
"","2","CONTROL-FLOW---METTA-LANGUAGE10.02","","Fri Dec 13 18:08:33 GMT 2024","passed","Fri Dec 13 18:08:33 GMT 2024","","METTA-LANG","METTA-LANG",""
"","2","D1-GADT.07","","Fri Dec 13 17:57:59 GMT 2024","passed","Fri Dec 13 17:57:59 GMT 2024","","HYPERON-EXPERIMENTAL-SCRIPTS","HYPERON-EXPERIMENTAL-SCRIPTS",""
"","6000","metta_lang.Working_with_spaces___MeTTa_Language12","","Fri Dec 13 17:53:57 GMT 2024","passed","Fri Dec 13 17:54:03 GMT 2024","","WHOLE-TESTS","WHOLE-TESTS",""
"","2","C1-GROUNDED-BASIC.11","","Fri Dec 13 18:24:16 GMT 2024","passed","Fri Dec 13 18:24:16 GMT 2024","","QUICK","QUICK",""
"","2","HANDLING-NONDETERMINISTIC-RESULTS---METTA-LANGUAGE8.04","","Fri Dec 13 18:08:33 GMT 2024","passed","Fri Dec 13 18:08:33 GMT 2024","","METTA-LANG","METTA-LANG",""
"","3","E2-STATES.02","","Fri Dec 13 17:57:59 GMT 2024","passed","Fri Dec 13 17:57:59 GMT 2024","","HYPERON-EXPERIMENTAL-SCRIPTS","HYPERON-EXPERIMENTAL-SCRIPTS",""
"","3","CONTROL-FLOW---METTA-LANGUAGE15.01","","Fri Dec 13 18:08:33 GMT 2024","passed","Fri Dec 13 18:08:33 GMT 2024","","METTA-LANG","METTA-LANG",""
"","6000","metta_lang.Console_output_and_debugging___MeTTa_Language10","","Fri Dec 13 17:53:57 GMT 2024","passed","Fri Dec 13 17:54:03 GMT 2024","","WHOLE-TESTS","WHOLE-TESTS",""
"","3","A1-SYMBOLS.02","","Fri Dec 13 17:57:59 GMT 2024","passed","Fri Dec 13 17:57:59 GMT 2024","","HYPERON-EXPERIMENTAL-SCRIPTS","HYPERON-EXPERIMENTAL-SCRIPTS",""
"","4","SPACE-INTERSECTION-TESTS.06","","Fri Dec 13 18:00:24 GMT 2024","passed","Fri Dec 13 18:00:24 GMT 2024","","HYPERON-METTALOG-SANITY","HYPERON-METTALOG-SANITY",""
"","3","B5-TYPES-PRELIM.07","","Fri Dec 13 17:57:59 GMT 2024","passed","Fri Dec 13 17:57:59 GMT 2024","","HYPERON-EXPERIMENTAL-SCRIPTS","HYPERON-EXPERIMENTAL-SCRIPTS",""
"","7000","hyperon-mettalog_sanity.space_subtraction_tests","","Fri Dec 13 17:53:57 GMT 2024","passed","Fri Dec 13 17:54:04 GMT 2024","","WHOLE-TESTS","WHOLE-TESTS",""
"","18","CONCRETE-TYPES---METTA-LANGUAGE5.02","","Fri Dec 13 18:08:33 GMT 2024","passed","Fri Dec 13 18:08:33 GMT 2024","","METTA-LANG","METTA-LANG",""
"","2","CONTROL-FLOW---METTA-LANGUAGE10.03","","Fri Dec 13 18:08:33 GMT 2024","passed","Fri Dec 13 18:08:33 GMT 2024","","METTA-LANG","METTA-LANG",""
"","5","OR-TEST.14","","Fri Dec 13 18:00:24 GMT 2024","passed","Fri Dec 13 18:00:24 GMT 2024","","HYPERON-METTALOG-SANITY","HYPERON-METTALOG-SANITY",""
"","4","INTERSECTION-TESTS.27","","Fri Dec 13 18:00:24 GMT 2024","passed","Fri Dec 13 18:00:24 GMT 2024","","HYPERON-METTALOG-SANITY","HYPERON-METTALOG-SANITY",""
"","2","IS-SPACE.02","","Fri Dec 13 18:00:24 GMT 2024","passed","Fri Dec 13 18:00:24 GMT 2024","","HYPERON-METTALOG-SANITY","HYPERON-METTALOG-SANITY",""
"","6000","metta_lang.Recursion_and_control___MeTTa_Language5","","Fri Dec 13 17:53:57 GMT 2024","passed","Fri Dec 13 17:54:03 GMT 2024","","WHOLE-TESTS","WHOLE-TESTS",""
"","7000","metta_lang.Free_variables_and_nondeterminism_again,_recursively___MeTTa_Language4","","Fri Dec 13 17:53:57 GMT 2024","passed","Fri Dec 13 17:54:04 GMT 2024","","WHOLE-TESTS","WHOLE-TESTS",""
"","108","B4-NONDETERM.11","","Fri Dec 13 17:57:59 GMT 2024","passed","Fri Dec 13 17:57:59 GMT 2024","","HYPERON-EXPERIMENTAL-SCRIPTS","HYPERON-EXPERIMENTAL-SCRIPTS",""
"","2","MATCH-VOID.09","","Fri Dec 13 18:05:39 GMT 2024","passed","Fri Dec 13 18:05:39 GMT 2024","","METTA-MORPH-TESTS","METTA-MORPH-TESTS",""
"","3","WORKING-WITH-SPACES---METTA-LANGUAGE5.01","","Fri Dec 13 18:08:33 GMT 2024","passed","Fri Dec 13 18:08:33 GMT 2024","","METTA-LANG","METTA-LANG",""
"","2","HANDLING-NONDETERMINISTIC-RESULTS---METTA-LANGUAGE6.02","","Fri Dec 13 18:08:33 GMT 2024","passed","Fri Dec 13 18:08:33 GMT 2024","","METTA-LANG","METTA-LANG",""
"","6000","metta_lang.Control_flow___MeTTa_Language13","","Fri Dec 13 17:53:57 GMT 2024","passed","Fri Dec 13 17:54:03 GMT 2024","","WHOLE-TESTS","WHOLE-TESTS",""
"","2","F1-IMPORTS.15","","Fri Dec 13 17:53:50 GMT 2024","passed","Fri Dec 13 17:53:50 GMT 2024","","MODULE-SYSTEM","MODULE-SYSTEM",""
"","2","BASIC-GROUNDED-FUNCTIONS---METTA-LANGUAGE1.05","","Fri Dec 13 18:08:33 GMT 2024","passed","Fri Dec 13 18:08:33 GMT 2024","","METTA-LANG","METTA-LANG",""
"","2","FIND-ALL-TESTS.04","","Fri Dec 13 18:00:24 GMT 2024","passed","Fri Dec 13 18:00:24 GMT 2024","","HYPERON-METTALOG-SANITY","HYPERON-METTALOG-SANITY",""
"","3","SPACE-SUBTRACTION-TESTS.01","","Fri Dec 13 18:00:24 GMT 2024","passed","Fri Dec 13 18:00:24 GMT 2024","","HYPERON-METTALOG-SANITY","HYPERON-METTALOG-SANITY",""
"","2","B0-CHAINING-PRELIM.05","","Fri Dec 13 17:57:59 GMT 2024","passed","Fri Dec 13 17:57:59 GMT 2024","","HYPERON-EXPERIMENTAL-SCRIPTS","HYPERON-EXPERIMENTAL-SCRIPTS",""
"","3","QUERYING-SPACE-CONTENT---METTA-LANGUAGE4.01","","Fri Dec 13 18:08:33 GMT 2024","passed","Fri Dec 13 18:08:33 GMT 2024","","METTA-LANG","METTA-LANG",""
"","6000","metta-morph_tests.collapse","","Fri Dec 13 17:53:57 GMT 2024","passed","Fri Dec 13 17:54:03 GMT 2024","","WHOLE-TESTS","WHOLE-TESTS",""
"","3","B5-TYPES-PRELIM.01","","Fri Dec 13 17:57:59 GMT 2024","passed","Fri Dec 13 17:57:59 GMT 2024","","HYPERON-EXPERIMENTAL-SCRIPTS","HYPERON-EXPERIMENTAL-SCRIPTS",""
"","42","BASIC-GROUNDED-FUNCTIONS---METTA-LANGUAGE1.04","","Fri Dec 13 18:08:33 GMT 2024","passed","Fri Dec 13 18:08:33 GMT 2024","","METTA-LANG","METTA-LANG",""
"","2","METTALOGTESTCURRIED2.06","","Fri Dec 13 17:54:03 GMT 2024","passed","Fri Dec 13 17:54:03 GMT 2024","","ANTI-REGRESSION","ANTI-REGRESSION",""
"","7000","metta-morph_tests.types3","","Fri Dec 13 17:53:57 GMT 2024","passed","Fri Dec 13 17:54:04 GMT 2024","","WHOLE-TESTS","WHOLE-TESTS",""
"","2","TEST-IF-CLOSED.06","","Fri Dec 13 17:54:03 GMT 2024","passed","Fri Dec 13 17:54:03 GMT 2024","","ANTI-REGRESSION","ANTI-REGRESSION",""
"","3","BCHAIN.04","","Fri Dec 13 17:54:03 GMT 2024","passed","Fri Dec 13 17:54:03 GMT 2024","","ANTI-REGRESSION","ANTI-REGRESSION",""
"","2","CONSOLE-OUTPUT-AND-DEBUGGING---METTA-LANGUAGE2.08","","Fri Dec 13 18:08:33 GMT 2024","passed","Fri Dec 13 18:08:33 GMT 2024","","METTA-LANG","METTA-LANG",""
"","3","CONTROLLING-PATTERN-MATCHING---METTA-LANGUAGE12.01","","Fri Dec 13 18:08:33 GMT 2024","passed","Fri Dec 13 18:08:33 GMT 2024","","METTA-LANG","METTA-LANG",""
"","2","LET-SUPERPOSE-LIST.01","","Fri Dec 13 18:05:39 GMT 2024","passed","Fri Dec 13 18:05:39 GMT 2024","","METTA-MORPH-TESTS","METTA-MORPH-TESTS",""
"","4","INTERSECTION-TESTS.18","","Fri Dec 13 18:00:24 GMT 2024","passed","Fri Dec 13 18:00:24 GMT 2024","","HYPERON-METTALOG-SANITY","HYPERON-METTALOG-SANITY",""
"","2","C2-SPACES.04","","Fri Dec 13 17:57:59 GMT 2024","passed","Fri Dec 13 17:57:59 GMT 2024","","HYPERON-EXPERIMENTAL-SCRIPTS","HYPERON-EXPERIMENTAL-SCRIPTS",""
"","2","CATCH-THROW-TESTS.09","","Fri Dec 13 18:00:24 GMT 2024","passed","Fri Dec 13 18:00:24 GMT 2024","","HYPERON-METTALOG-SANITY","HYPERON-METTALOG-SANITY",""
"","2","B5-TYPES-PRELIM.12","","Fri Dec 13 17:57:59 GMT 2024","passed","Fri Dec 13 17:57:59 GMT 2024","","HYPERON-EXPERIMENTAL-SCRIPTS","HYPERON-EXPERIMENTAL-SCRIPTS",""
"","2","OR-TEST.05","","Fri Dec 13 18:00:24 GMT 2024","passed","Fri Dec 13 18:00:24 GMT 2024","","HYPERON-METTALOG-SANITY","HYPERON-METTALOG-SANITY",""
"","1","D2-HIGHERFUNC.13","","Fri Dec 13 18:24:16 GMT 2024","passed","Fri Dec 13 18:24:16 GMT 2024","","QUICK","QUICK",""
"","2","TESTS0.05","","Fri Dec 13 18:05:39 GMT 2024","passed","Fri Dec 13 18:05:39 GMT 2024","","METTA-MORPH-TESTS","METTA-MORPH-TESTS",""
"","2","B4-NONDETERM.09","","Fri Dec 13 17:57:59 GMT 2024","passed","Fri Dec 13 17:57:59 GMT 2024","","HYPERON-EXPERIMENTAL-SCRIPTS","HYPERON-EXPERIMENTAL-SCRIPTS",""
"","66","WORKING-WITH-SPACES---METTA-LANGUAGE11.04","","Fri Dec 13 18:08:33 GMT 2024","failed","Fri Dec 13 18:08:33 GMT 2024","","METTA-LANG","METTA-LANG",""
"","2","F1-IMPORTS.16","","Fri Dec 13 17:57:59 GMT 2024","passed","Fri Dec 13 17:57:59 GMT 2024","","HYPERON-EXPERIMENTAL-SCRIPTS","HYPERON-EXPERIMENTAL-SCRIPTS",""
"","2","FUNCTIONS-AND-UNIFICATION---METTA-LANGUAGE3.01","","Fri Dec 13 18:08:33 GMT 2024","passed","Fri Dec 13 18:08:33 GMT 2024","","METTA-LANG","METTA-LANG",""
"","1","BASIC-GROUNDED-FUNCTIONS---METTA-LANGUAGE8.04","","Fri Dec 13 18:08:33 GMT 2024","passed","Fri Dec 13 18:08:33 GMT 2024","","METTA-LANG","METTA-LANG",""
"","2","XOR-TEST.03","","Fri Dec 13 18:00:24 GMT 2024","passed","Fri Dec 13 18:00:24 GMT 2024","","HYPERON-METTALOG-SANITY","HYPERON-METTALOG-SANITY",""
"","7000","hyperon-experimental_scripts.b3_direct","","Fri Dec 13 17:53:57 GMT 2024","passed","Fri Dec 13 17:54:04 GMT 2024","","WHOLE-TESTS","WHOLE-TESTS",""
"","2","CONSOLE-OUTPUT-AND-DEBUGGING---METTA-LANGUAGE3.03","","Fri Dec 13 18:08:33 GMT 2024","passed","Fri Dec 13 18:08:33 GMT 2024","","METTA-LANG","METTA-LANG",""
"","3","MINNARS.01","","Fri Dec 13 18:05:39 GMT 2024","passed","Fri Dec 13 18:05:39 GMT 2024","","METTA-MORPH-TESTS","METTA-MORPH-TESTS",""
"","1","INTERSECTION-TESTS.19","","Fri Dec 13 18:00:24 GMT 2024","passed","Fri Dec 13 18:00:24 GMT 2024","","HYPERON-METTALOG-SANITY","HYPERON-METTALOG-SANITY",""
"","2","F1-IMPORTS.09","","Fri Dec 13 17:53:50 GMT 2024","passed","Fri Dec 13 17:53:50 GMT 2024","","MODULE-SYSTEM","MODULE-SYSTEM",""
"","2","UNIQUE-TEST.05","","Fri Dec 13 18:00:24 GMT 2024","passed","Fri Dec 13 18:00:24 GMT 2024","","HYPERON-METTALOG-SANITY","HYPERON-METTALOG-SANITY",""
"","15","D1-GADT.09","","Fri Dec 13 18:24:16 GMT 2024","passed","Fri Dec 13 18:24:16 GMT 2024","","QUICK","QUICK",""
"","2","MATCH-VOID.08","","Fri Dec 13 18:05:39 GMT 2024","passed","Fri Dec 13 18:05:39 GMT 2024","","METTA-MORPH-TESTS","METTA-MORPH-TESTS",""
"","3","UNIQUE-TEST.01","","Fri Dec 13 18:00:24 GMT 2024","passed","Fri Dec 13 18:00:24 GMT 2024","","HYPERON-METTALOG-SANITY","HYPERON-METTALOG-SANITY",""
"","6000","metta_lang.Handling_nondeterministic_results___MeTTa_Language1","","Fri Dec 13 17:53:57 GMT 2024","passed","Fri Dec 13 17:54:03 GMT 2024","","WHOLE-TESTS","WHOLE-TESTS",""
"","2","F1-IMPORTS.17","","Fri Dec 13 18:24:16 GMT 2024","passed","Fri Dec 13 18:24:16 GMT 2024","","QUICK","QUICK",""
"","4","C1-GROUNDED-BASIC.08","","Fri Dec 13 18:24:16 GMT 2024","passed","Fri Dec 13 18:24:16 GMT 2024","","QUICK","QUICK",""
"","2","D2-HIGHERFUNC.16","","Fri Dec 13 18:24:16 GMT 2024","passed","Fri Dec 13 18:24:16 GMT 2024","","QUICK","QUICK",""
"","2","CONCRETE-TYPES---METTA-LANGUAGE12.04","","Fri Dec 13 18:08:33 GMT 2024","passed","Fri Dec 13 18:08:33 GMT 2024","","METTA-LANG","METTA-LANG",""
"","13","D1-GADT.04","","Fri Dec 13 18:24:16 GMT 2024","passed","Fri Dec 13 18:24:16 GMT 2024","","QUICK","QUICK",""
"","3","RECURSION-AND-CONTROL---METTA-LANGUAGE7.01","","Fri Dec 13 18:08:33 GMT 2024","passed","Fri Dec 13 18:08:33 GMT 2024","","METTA-LANG","METTA-LANG",""
"","4","MATCH-FEVAL.01","","Fri Dec 13 18:05:39 GMT 2024","passed","Fri Dec 13 18:05:39 GMT 2024","","METTA-MORPH-TESTS","METTA-MORPH-TESTS",""
"","8","D2-HIGHERFUNC.22","","Fri Dec 13 18:24:16 GMT 2024","passed","Fri Dec 13 18:24:16 GMT 2024","","QUICK","QUICK",""
"","2","WORKING-WITH-SPACES---METTA-LANGUAGE1.05","","Fri Dec 13 18:08:33 GMT 2024","passed","Fri Dec 13 18:08:33 GMT 2024","","METTA-LANG","METTA-LANG",""
"","3","BASIC-EVALUATION---METTA-LANGUAGE1.01","","Fri Dec 13 18:08:33 GMT 2024","passed","Fri Dec 13 18:08:33 GMT 2024","","METTA-LANG","METTA-LANG",""
"","3","D2-HIGHERFUNC.24","","Fri Dec 13 17:57:59 GMT 2024","passed","Fri Dec 13 17:57:59 GMT 2024","","HYPERON-EXPERIMENTAL-SCRIPTS","HYPERON-EXPERIMENTAL-SCRIPTS",""
"","2","D1-GADT.10","","Fri Dec 13 18:24:16 GMT 2024","passed","Fri Dec 13 18:24:16 GMT 2024","","QUICK","QUICK",""
"","2","D2-HIGHERFUNC.01","","Fri Dec 13 17:57:59 GMT 2024","passed","Fri Dec 13 17:57:59 GMT 2024","","HYPERON-EXPERIMENTAL-SCRIPTS","HYPERON-EXPERIMENTAL-SCRIPTS",""
"","5","SEALED-TEST.05","","Fri Dec 13 18:00:24 GMT 2024","passed","Fri Dec 13 18:00:24 GMT 2024","","HYPERON-METTALOG-SANITY","HYPERON-METTALOG-SANITY",""
"","86","B4-NONDETERM.01","","Fri Dec 13 17:57:59 GMT 2024","passed","Fri Dec 13 17:57:59 GMT 2024","","HYPERON-EXPERIMENTAL-SCRIPTS","HYPERON-EXPERIMENTAL-SCRIPTS",""
"","2","D1-GADT.10","","Fri Dec 13 17:57:59 GMT 2024","passed","Fri Dec 13 17:57:59 GMT 2024","","HYPERON-EXPERIMENTAL-SCRIPTS","HYPERON-EXPERIMENTAL-SCRIPTS",""
"","25","WORKING-WITH-SPACES---METTA-LANGUAGE16.02","","Fri Dec 13 18:08:33 GMT 2024","failed","Fri Dec 13 18:08:33 GMT 2024","","METTA-LANG","METTA-LANG",""
"","2","D2-HIGHERFUNC.23","","Fri Dec 13 17:57:59 GMT 2024","passed","Fri Dec 13 17:57:59 GMT 2024","","HYPERON-EXPERIMENTAL-SCRIPTS","HYPERON-EXPERIMENTAL-SCRIPTS",""
"","7000","metta-morph_tests.match_feval","","Fri Dec 13 17:53:57 GMT 2024","passed","Fri Dec 13 17:54:04 GMT 2024","","WHOLE-TESTS","WHOLE-TESTS",""
"","2","CONTROLLING-PATTERN-MATCHING---METTA-LANGUAGE11.05","","Fri Dec 13 18:08:33 GMT 2024","passed","Fri Dec 13 18:08:33 GMT 2024","","METTA-LANG","METTA-LANG",""
"","1","D2-HIGHERFUNC.06","","Fri Dec 13 17:57:59 GMT 2024","passed","Fri Dec 13 17:57:59 GMT 2024","","HYPERON-EXPERIMENTAL-SCRIPTS","HYPERON-EXPERIMENTAL-SCRIPTS",""
"","1","SEQUENTIAL-NESTED.04","","Fri Dec 13 18:05:39 GMT 2024","passed","Fri Dec 13 18:05:39 GMT 2024","","METTA-MORPH-TESTS","METTA-MORPH-TESTS",""
"","6000","synth_buffer.time_synthesize_short","","Fri Dec 13 17:53:57 GMT 2024","passed","Fri Dec 13 17:54:03 GMT 2024","","WHOLE-TESTS","WHOLE-TESTS",""
"","2","C1-GROUNDED-BASIC.03","","Fri Dec 13 17:57:59 GMT 2024","passed","Fri Dec 13 17:57:59 GMT 2024","","HYPERON-EXPERIMENTAL-SCRIPTS","HYPERON-EXPERIMENTAL-SCRIPTS",""
"","3","BC-COMP.01","","Fri Dec 13 17:54:03 GMT 2024","passed","Fri Dec 13 17:54:03 GMT 2024","","ANTI-REGRESSION","ANTI-REGRESSION",""
"","9000","metta-wam-issue-116.test_spo_1000","","Fri Dec 13 17:53:57 GMT 2024","passed","Fri Dec 13 17:54:06 GMT 2024","","WHOLE-TESTS","WHOLE-TESTS",""
"","2","MATCH-SUPERPOSED-SPACES.05","","Fri Dec 13 18:05:39 GMT 2024","passed","Fri Dec 13 18:05:39 GMT 2024","","METTA-MORPH-TESTS","METTA-MORPH-TESTS",""
"","2","METATYPES---METTA-LANGUAGE9.02","","Fri Dec 13 18:08:33 GMT 2024","passed","Fri Dec 13 18:08:33 GMT 2024","","METTA-LANG","METTA-LANG",""
"","3","OPERATIONS-OVER-ATOMS---METTA-LANGUAGE3.04","","Fri Dec 13 18:08:33 GMT 2024","passed","Fri Dec 13 18:08:33 GMT 2024","","METTA-LANG","METTA-LANG",""
"","7000","metta_lang.Recursive_and_parametric_types___MeTTa_Language6","","Fri Dec 13 17:53:57 GMT 2024","passed","Fri Dec 13 17:54:04 GMT 2024","","WHOLE-TESTS","WHOLE-TESTS",""
"","6000","hyperon-experimental_scripts.a2_opencoggy","","Fri Dec 13 17:53:57 GMT 2024","passed","Fri Dec 13 17:54:03 GMT 2024","","WHOLE-TESTS","WHOLE-TESTS",""
"","2","D1-GADT.11","","Fri Dec 13 17:57:59 GMT 2024","passed","Fri Dec 13 17:57:59 GMT 2024","","HYPERON-EXPERIMENTAL-SCRIPTS","HYPERON-EXPERIMENTAL-SCRIPTS",""
"","1","CONTROLLING-PATTERN-MATCHING---METTA-LANGUAGE12.04","","Fri Dec 13 18:08:33 GMT 2024","passed","Fri Dec 13 18:08:33 GMT 2024","","METTA-LANG","METTA-LANG",""
"","6000","metta-morph_tests.zeroargs","","Fri Dec 13 17:53:57 GMT 2024","passed","Fri Dec 13 17:54:03 GMT 2024","","WHOLE-TESTS","WHOLE-TESTS",""
"","2","BASIC-EVALUATION---METTA-LANGUAGE14.02","","Fri Dec 13 18:08:33 GMT 2024","passed","Fri Dec 13 18:08:33 GMT 2024","","METTA-LANG","METTA-LANG",""
"","4","RECURSION-AND-CONTROL---METTA-LANGUAGE4.01","","Fri Dec 13 18:08:33 GMT 2024","passed","Fri Dec 13 18:08:33 GMT 2024","","METTA-LANG","METTA-LANG",""
"","6000","metta-morph_tests.let_superpose_list","","Fri Dec 13 17:53:57 GMT 2024","passed","Fri Dec 13 17:54:03 GMT 2024","","WHOLE-TESTS","WHOLE-TESTS",""
"","56","D5-AUTO-TYPES.01","","Fri Dec 13 17:57:59 GMT 2024","failed","Fri Dec 13 17:57:59 GMT 2024","","HYPERON-EXPERIMENTAL-SCRIPTS","HYPERON-EXPERIMENTAL-SCRIPTS",""
"","2","B4-NONDETERM.08","","Fri Dec 13 17:57:59 GMT 2024","passed","Fri Dec 13 17:57:59 GMT 2024","","HYPERON-EXPERIMENTAL-SCRIPTS","HYPERON-EXPERIMENTAL-SCRIPTS",""
"","6000","metta_lang.Basic_evaluation___MeTTa_Language15","","Fri Dec 13 17:53:57 GMT 2024","passed","Fri Dec 13 17:54:03 GMT 2024","","WHOLE-TESTS","WHOLE-TESTS",""
"","3","B2-BACKCHAIN.04","","Fri Dec 13 17:57:59 GMT 2024","passed","Fri Dec 13 17:57:59 GMT 2024","","HYPERON-EXPERIMENTAL-SCRIPTS","HYPERON-EXPERIMENTAL-SCRIPTS",""
"","4","UNIQUE-TEST.10","","Fri Dec 13 18:00:24 GMT 2024","passed","Fri Dec 13 18:00:24 GMT 2024","","HYPERON-METTALOG-SANITY","HYPERON-METTALOG-SANITY",""
"","2","D4-TYPE-PROP.17","","Fri Dec 13 17:57:59 GMT 2024","passed","Fri Dec 13 17:57:59 GMT 2024","","HYPERON-EXPERIMENTAL-SCRIPTS","HYPERON-EXPERIMENTAL-SCRIPTS",""
"","2","D2-HIGHERFUNC.05","","Fri Dec 13 18:24:16 GMT 2024","passed","Fri Dec 13 18:24:16 GMT 2024","","QUICK","QUICK",""
"","2","E2-STATES.05","","Fri Dec 13 17:57:59 GMT 2024","passed","Fri Dec 13 17:57:59 GMT 2024","","HYPERON-EXPERIMENTAL-SCRIPTS","HYPERON-EXPERIMENTAL-SCRIPTS",""
"","6000","metta_lang.Operations_over_atoms___MeTTa_Language2","","Fri Dec 13 17:53:57 GMT 2024","passed","Fri Dec 13 17:54:03 GMT 2024","","WHOLE-TESTS","WHOLE-TESTS",""
"","2","D2-HIGHERFUNC.26","","Fri Dec 13 17:57:59 GMT 2024","passed","Fri Dec 13 17:57:59 GMT 2024","","HYPERON-EXPERIMENTAL-SCRIPTS","HYPERON-EXPERIMENTAL-SCRIPTS",""
"","2","BASIC-GROUNDED-FUNCTIONS---METTA-LANGUAGE8.02","","Fri Dec 13 18:08:33 GMT 2024","passed","Fri Dec 13 18:08:33 GMT 2024","","METTA-LANG","METTA-LANG",""
"","2","OPERATIONS-OVER-ATOMS---METTA-LANGUAGE1.05","","Fri Dec 13 18:08:33 GMT 2024","passed","Fri Dec 13 18:08:33 GMT 2024","","METTA-LANG","METTA-LANG",""
"","3","STRING-TESTS.07","","Fri Dec 13 18:00:24 GMT 2024","passed","Fri Dec 13 18:00:24 GMT 2024","","HYPERON-METTALOG-SANITY","HYPERON-METTALOG-SANITY",""
"","157","CONTROLLING-PATTERN-MATCHING---METTA-LANGUAGE10.07","","Fri Dec 13 18:08:33 GMT 2024","failed","Fri Dec 13 18:08:33 GMT 2024","","METTA-LANG","METTA-LANG",""
"","1","D2-HIGHERFUNC.11","","Fri Dec 13 17:57:59 GMT 2024","passed","Fri Dec 13 17:57:59 GMT 2024","","HYPERON-EXPERIMENTAL-SCRIPTS","HYPERON-EXPERIMENTAL-SCRIPTS",""
"","97","CONCRETE-TYPES---METTA-LANGUAGE13.04","","Fri Dec 13 18:08:33 GMT 2024","failed","Fri Dec 13 18:08:33 GMT 2024","","METTA-LANG","METTA-LANG",""
"","7000","metta-wam-issue-116.test_spo_5000","","Fri Dec 13 17:53:57 GMT 2024","passed","Fri Dec 13 17:54:04 GMT 2024","","WHOLE-TESTS","WHOLE-TESTS",""
"","2","CONTROL-FLOW---METTA-LANGUAGE15.03","","Fri Dec 13 18:08:33 GMT 2024","passed","Fri Dec 13 18:08:33 GMT 2024","","METTA-LANG","METTA-LANG",""
"","3","CONSOLE-OUTPUT-AND-DEBUGGING---METTA-LANGUAGE5.06","","Fri Dec 13 18:08:33 GMT 2024","passed","Fri Dec 13 18:08:33 GMT 2024","","METTA-LANG","METTA-LANG",""
"","2","TMPMATCH1.04","","Fri Dec 13 17:54:03 GMT 2024","passed","Fri Dec 13 17:54:03 GMT 2024","","ANTI-REGRESSION","ANTI-REGRESSION",""
"","2","XOR-TEST.07","","Fri Dec 13 18:00:24 GMT 2024","passed","Fri Dec 13 18:00:24 GMT 2024","","HYPERON-METTALOG-SANITY","HYPERON-METTALOG-SANITY",""
"","3","CONCRETE-TYPES---METTA-LANGUAGE10.01","","Fri Dec 13 18:08:33 GMT 2024","passed","Fri Dec 13 18:08:33 GMT 2024","","METTA-LANG","METTA-LANG",""
"","2","D2-HIGHERFUNC.23","","Fri Dec 13 18:24:16 GMT 2024","passed","Fri Dec 13 18:24:16 GMT 2024","","QUICK","QUICK",""
"","6000","anti-regression.tmpMatch1","","Fri Dec 13 17:53:57 GMT 2024","passed","Fri Dec 13 17:54:03 GMT 2024","","WHOLE-TESTS","WHOLE-TESTS",""
"","7000","hyperon-experimental_scripts.d1_gadt","","Fri Dec 13 17:53:57 GMT 2024","passed","Fri Dec 13 17:54:04 GMT 2024","","WHOLE-TESTS","WHOLE-TESTS",""
"","3","CONTROLLING-PATTERN-MATCHING---METTA-LANGUAGE12.11","","Fri Dec 13 18:08:33 GMT 2024","passed","Fri Dec 13 18:08:33 GMT 2024","","METTA-LANG","METTA-LANG",""
"","2","D3-DEPTYPES.07","","Fri Dec 13 17:57:59 GMT 2024","passed","Fri Dec 13 17:57:59 GMT 2024","","HYPERON-EXPERIMENTAL-SCRIPTS","HYPERON-EXPERIMENTAL-SCRIPTS",""
"","2","SUPERCOLLAPSE.06","","Fri Dec 13 18:05:39 GMT 2024","passed","Fri Dec 13 18:05:39 GMT 2024","","METTA-MORPH-TESTS","METTA-MORPH-TESTS",""
"","2","TEST-IF-CLOSED.07","","Fri Dec 13 17:54:03 GMT 2024","passed","Fri Dec 13 17:54:03 GMT 2024","","ANTI-REGRESSION","ANTI-REGRESSION",""
"","2","BASIC-EVALUATION---METTA-LANGUAGE15.05","","Fri Dec 13 18:08:33 GMT 2024","passed","Fri Dec 13 18:08:33 GMT 2024","","METTA-LANG","METTA-LANG",""
"","3","BASIC-EVALUATION---METTA-LANGUAGE1.02","","Fri Dec 13 18:08:33 GMT 2024","passed","Fri Dec 13 18:08:33 GMT 2024","","METTA-LANG","METTA-LANG",""
"","3","TESTS0.03","","Fri Dec 13 18:05:39 GMT 2024","passed","Fri Dec 13 18:05:39 GMT 2024","","METTA-MORPH-TESTS","METTA-MORPH-TESTS",""
"","3","RECURSION-AND-CONTROL---METTA-LANGUAGE3.02","","Fri Dec 13 18:08:33 GMT 2024","passed","Fri Dec 13 18:08:33 GMT 2024","","METTA-LANG","METTA-LANG",""
"","2","INTERSECTION-TESTS.05","","Fri Dec 13 18:00:24 GMT 2024","passed","Fri Dec 13 18:00:24 GMT 2024","","HYPERON-METTALOG-SANITY","HYPERON-METTALOG-SANITY",""
"","2","C1-GROUNDED-BASIC.22","","Fri Dec 13 18:24:16 GMT 2024","passed","Fri Dec 13 18:24:16 GMT 2024","","QUICK","QUICK",""
"","3","RECURSION-AND-CONTROL---METTA-LANGUAGE9.01","","Fri Dec 13 18:08:33 GMT 2024","passed","Fri Dec 13 18:08:33 GMT 2024","","METTA-LANG","METTA-LANG",""
"","2","D2-HIGHERFUNC.10","","Fri Dec 13 18:24:16 GMT 2024","passed","Fri Dec 13 18:24:16 GMT 2024","","QUICK","QUICK",""
"","2","00-LANG-CASE.18","","Fri Dec 13 18:00:24 GMT 2024","passed","Fri Dec 13 18:00:24 GMT 2024","","HYPERON-METTALOG-SANITY","HYPERON-METTALOG-SANITY",""
"","2","B4-NONDETERM.07","","Fri Dec 13 17:57:59 GMT 2024","passed","Fri Dec 13 17:57:59 GMT 2024","","HYPERON-EXPERIMENTAL-SCRIPTS","HYPERON-EXPERIMENTAL-SCRIPTS",""
"","2","SUPERCOLLAPSE.08","","Fri Dec 13 18:05:39 GMT 2024","passed","Fri Dec 13 18:05:39 GMT 2024","","METTA-MORPH-TESTS","METTA-MORPH-TESTS",""
"","2","WORKING-WITH-SPACES---METTA-LANGUAGE3.02","","Fri Dec 13 18:08:33 GMT 2024","passed","Fri Dec 13 18:08:33 GMT 2024","","METTA-LANG","METTA-LANG",""
"","2","D2-HIGHERFUNC.18","","Fri Dec 13 18:24:16 GMT 2024","passed","Fri Dec 13 18:24:16 GMT 2024","","QUICK","QUICK",""
"","3","00-LANG-CASE.01","","Fri Dec 13 18:00:24 GMT 2024","passed","Fri Dec 13 18:00:24 GMT 2024","","HYPERON-METTALOG-SANITY","HYPERON-METTALOG-SANITY",""
"","4","FREE-VARIABLES-AND-NONDETERMINISM-AGAIN,-RECURSIVELY---METTA-LANGUAGE4.01","","Fri Dec 13 18:08:33 GMT 2024","passed","Fri Dec 13 18:08:33 GMT 2024","","METTA-LANG","METTA-LANG",""
"","108","OPERATIONS-OVER-ATOMS---METTA-LANGUAGE2.02","","Fri Dec 13 18:08:33 GMT 2024","failed","Fri Dec 13 18:08:33 GMT 2024","","METTA-LANG","METTA-LANG",""
"","2","RECURSION-AND-CONTROL---METTA-LANGUAGE2.05","","Fri Dec 13 18:08:33 GMT 2024","passed","Fri Dec 13 18:08:33 GMT 2024","","METTA-LANG","METTA-LANG",""
"","2","00-LANG-CASE.03","","Fri Dec 13 18:00:24 GMT 2024","passed","Fri Dec 13 18:00:24 GMT 2024","","HYPERON-METTALOG-SANITY","HYPERON-METTALOG-SANITY",""
"","3","D4-TYPE-PROP.16","","Fri Dec 13 17:57:59 GMT 2024","passed","Fri Dec 13 17:57:59 GMT 2024","","HYPERON-EXPERIMENTAL-SCRIPTS","HYPERON-EXPERIMENTAL-SCRIPTS",""
"","3","METATYPES---METTA-LANGUAGE2.03","","Fri Dec 13 18:08:33 GMT 2024","passed","Fri Dec 13 18:08:33 GMT 2024","","METTA-LANG","METTA-LANG",""
"","2","BASE-TEST-REPR-PARSE-INTERSECTION.03","","Fri Dec 13 18:00:24 GMT 2024","passed","Fri Dec 13 18:00:24 GMT 2024","","HYPERON-METTALOG-SANITY","HYPERON-METTALOG-SANITY",""
"","3","RECURSIVE-AND-PARAMETRIC-TYPES---METTA-LANGUAGE9.01","","Fri Dec 13 18:08:33 GMT 2024","passed","Fri Dec 13 18:08:33 GMT 2024","","METTA-LANG","METTA-LANG",""
"","2","FUNCTIONS-AND-UNIFICATION---METTA-LANGUAGE2.01","","Fri Dec 13 18:08:33 GMT 2024","passed","Fri Dec 13 18:08:33 GMT 2024","","METTA-LANG","METTA-LANG",""
"","3","BASIC-EVALUATION---METTA-LANGUAGE14.03","","Fri Dec 13 18:08:33 GMT 2024","passed","Fri Dec 13 18:08:33 GMT 2024","","METTA-LANG","METTA-LANG",""
"","3","A3-TWOSIDE.04","","Fri Dec 13 17:57:59 GMT 2024","passed","Fri Dec 13 17:57:59 GMT 2024","","HYPERON-EXPERIMENTAL-SCRIPTS","HYPERON-EXPERIMENTAL-SCRIPTS",""
"","4","UNIQUE-TEST.11","","Fri Dec 13 18:00:24 GMT 2024","passed","Fri Dec 13 18:00:24 GMT 2024","","HYPERON-METTALOG-SANITY","HYPERON-METTALOG-SANITY",""
"","6000","hyperon-experimental_scripts.c1_grounded_basic","","Fri Dec 13 17:53:57 GMT 2024","passed","Fri Dec 13 17:54:03 GMT 2024","","WHOLE-TESTS","WHOLE-TESTS",""
"","3","WORKING-WITH-SPACES---METTA-LANGUAGE3.01","","Fri Dec 13 18:08:33 GMT 2024","passed","Fri Dec 13 18:08:33 GMT 2024","","METTA-LANG","METTA-LANG",""
"","2","B1-EQUAL-CHAIN.06","","Fri Dec 13 17:57:59 GMT 2024","passed","Fri Dec 13 17:57:59 GMT 2024","","HYPERON-EXPERIMENTAL-SCRIPTS","HYPERON-EXPERIMENTAL-SCRIPTS",""
"","2","B5-TYPES-PRELIM.04","","Fri Dec 13 17:57:59 GMT 2024","passed","Fri Dec 13 17:57:59 GMT 2024","","HYPERON-EXPERIMENTAL-SCRIPTS","HYPERON-EXPERIMENTAL-SCRIPTS",""
"","59","CONSOLE-OUTPUT-AND-DEBUGGING---METTA-LANGUAGE2.07","","Fri Dec 13 18:08:33 GMT 2024","passed","Fri Dec 13 18:08:33 GMT 2024","","METTA-LANG","METTA-LANG",""
"","2","B5-TYPES-PRELIM.25","","Fri Dec 13 17:57:59 GMT 2024","passed","Fri Dec 13 17:57:59 GMT 2024","","HYPERON-EXPERIMENTAL-SCRIPTS","HYPERON-EXPERIMENTAL-SCRIPTS",""
"","3","TESTS0.04","","Fri Dec 13 18:05:39 GMT 2024","passed","Fri Dec 13 18:05:39 GMT 2024","","METTA-MORPH-TESTS","METTA-MORPH-TESTS",""
"","1","C1-GROUNDED-BASIC.21","","Fri Dec 13 18:24:16 GMT 2024","passed","Fri Dec 13 18:24:16 GMT 2024","","QUICK","QUICK",""
"","2","F1-IMPORTS.14","","Fri Dec 13 17:57:59 GMT 2024","passed","Fri Dec 13 17:57:59 GMT 2024","","HYPERON-EXPERIMENTAL-SCRIPTS","HYPERON-EXPERIMENTAL-SCRIPTS",""
"","63","SEQUENTIAL-NESTED.11","","Fri Dec 13 18:05:39 GMT 2024","passed","Fri Dec 13 18:05:39 GMT 2024","","METTA-MORPH-TESTS","METTA-MORPH-TESTS",""
"","2","WORKING-WITH-SPACES---METTA-LANGUAGE3.04","","Fri Dec 13 18:08:33 GMT 2024","passed","Fri Dec 13 18:08:33 GMT 2024","","METTA-LANG","METTA-LANG",""
"","1","WORKING-WITH-SPACES---METTA-LANGUAGE3.08","","Fri Dec 13 18:08:33 GMT 2024","passed","Fri Dec 13 18:08:33 GMT 2024","","METTA-LANG","METTA-LANG",""
"","2","SEQUENTIAL-NESTED.12","","Fri Dec 13 18:05:39 GMT 2024","passed","Fri Dec 13 18:05:39 GMT 2024","","METTA-MORPH-TESTS","METTA-MORPH-TESTS",""
"","2","RECURSIVE-AND-PARAMETRIC-TYPES---METTA-LANGUAGE7.05","","Fri Dec 13 18:08:33 GMT 2024","passed","Fri Dec 13 18:08:33 GMT 2024","","METTA-LANG","METTA-LANG",""
"","2","C3-PLN-STV.05","","Fri Dec 13 17:57:59 GMT 2024","passed","Fri Dec 13 17:57:59 GMT 2024","","HYPERON-EXPERIMENTAL-SCRIPTS","HYPERON-EXPERIMENTAL-SCRIPTS",""
"","2","D2-HIGHERFUNC.17","","Fri Dec 13 17:57:59 GMT 2024","passed","Fri Dec 13 17:57:59 GMT 2024","","HYPERON-EXPERIMENTAL-SCRIPTS","HYPERON-EXPERIMENTAL-SCRIPTS",""
"","2","D2-HIGHERFUNC.10","","Fri Dec 13 17:57:59 GMT 2024","passed","Fri Dec 13 17:57:59 GMT 2024","","HYPERON-EXPERIMENTAL-SCRIPTS","HYPERON-EXPERIMENTAL-SCRIPTS",""
"","6000","metta_lang.Handling_nondeterministic_results___MeTTa_Language5","","Fri Dec 13 17:53:57 GMT 2024","passed","Fri Dec 13 17:54:03 GMT 2024","","WHOLE-TESTS","WHOLE-TESTS",""
"","3","FUNCTIONAL-PROGRAMMING-TESTS.01","","Fri Dec 13 18:00:24 GMT 2024","passed","Fri Dec 13 18:00:24 GMT 2024","","HYPERON-METTALOG-SANITY","HYPERON-METTALOG-SANITY",""
"","2","F1-IMPORTS.01","","Fri Dec 13 18:24:16 GMT 2024","passed","Fri Dec 13 18:24:16 GMT 2024","","QUICK","QUICK",""
"","3","WORKING-WITH-SPACES---METTA-LANGUAGE7.01","","Fri Dec 13 18:08:33 GMT 2024","passed","Fri Dec 13 18:08:33 GMT 2024","","METTA-LANG","METTA-LANG",""
"","3","RECURSION-AND-CONTROL---METTA-LANGUAGE3.06","","Fri Dec 13 18:08:33 GMT 2024","passed","Fri Dec 13 18:08:33 GMT 2024","","METTA-LANG","METTA-LANG",""
"","6000","metta_lang.Querying_space_content___MeTTa_Language4","","Fri Dec 13 17:53:57 GMT 2024","passed","Fri Dec 13 17:54:03 GMT 2024","","WHOLE-TESTS","WHOLE-TESTS",""
"","44000","synth_buffer.time_synthesize","","Fri Dec 13 17:53:57 GMT 2024","failed","Fri Dec 13 17:54:41 GMT 2024","","WHOLE-TESTS","WHOLE-TESTS",""
"","2","C1-GROUNDED-BASIC.19","","Fri Dec 13 17:57:59 GMT 2024","passed","Fri Dec 13 17:57:59 GMT 2024","","HYPERON-EXPERIMENTAL-SCRIPTS","HYPERON-EXPERIMENTAL-SCRIPTS",""
"","7","SPACE-SUBTRACTION-TESTS.10","","Fri Dec 13 18:00:24 GMT 2024","passed","Fri Dec 13 18:00:24 GMT 2024","","HYPERON-METTALOG-SANITY","HYPERON-METTALOG-SANITY",""
"","2","D1-GADT.06","","Fri Dec 13 18:24:16 GMT 2024","passed","Fri Dec 13 18:24:16 GMT 2024","","QUICK","QUICK",""
"","2","HANDLING-NONDETERMINISTIC-RESULTS---METTA-LANGUAGE1.02","","Fri Dec 13 18:08:33 GMT 2024","passed","Fri Dec 13 18:08:33 GMT 2024","","METTA-LANG","METTA-LANG",""
"","2","00-LANG-CASE.04","","Fri Dec 13 18:00:24 GMT 2024","passed","Fri Dec 13 18:00:24 GMT 2024","","HYPERON-METTALOG-SANITY","HYPERON-METTALOG-SANITY",""
"","2","F1-IMPORTS.11","","Fri Dec 13 18:24:16 GMT 2024","passed","Fri Dec 13 18:24:16 GMT 2024","","QUICK","QUICK",""
"","12","RECURSIVE-AND-PARAMETRIC-TYPES---METTA-LANGUAGE7.08","","Fri Dec 13 18:08:33 GMT 2024","passed","Fri Dec 13 18:08:33 GMT 2024","","METTA-LANG","METTA-LANG",""
"","1","D2-HIGHERFUNC.13","","Fri Dec 13 17:57:59 GMT 2024","passed","Fri Dec 13 17:57:59 GMT 2024","","HYPERON-EXPERIMENTAL-SCRIPTS","HYPERON-EXPERIMENTAL-SCRIPTS",""
"","2","RECURSION-AND-CONTROL---METTA-LANGUAGE8.03","","Fri Dec 13 18:08:33 GMT 2024","passed","Fri Dec 13 18:08:33 GMT 2024","","METTA-LANG","METTA-LANG",""
"","3","FREE-VARIABLES-AND-NONDETERMINISM-AGAIN,-RECURSIVELY---METTA-LANGUAGE3.01","","Fri Dec 13 18:08:33 GMT 2024","passed","Fri Dec 13 18:08:33 GMT 2024","","METTA-LANG","METTA-LANG",""
"","2","WORKING-WITH-SPACES---METTA-LANGUAGE12.03","","Fri Dec 13 18:08:33 GMT 2024","passed","Fri Dec 13 18:08:33 GMT 2024","","METTA-LANG","METTA-LANG",""
"","2","00-LANG-CASE.15","","Fri Dec 13 18:00:24 GMT 2024","passed","Fri Dec 13 18:00:24 GMT 2024","","HYPERON-METTALOG-SANITY","HYPERON-METTALOG-SANITY",""
"","2","D1-GADT.01","","Fri Dec 13 18:24:16 GMT 2024","passed","Fri Dec 13 18:24:16 GMT 2024","","QUICK","QUICK",""
"","65","C1-GROUNDED-BASIC.15","","Fri Dec 13 17:57:59 GMT 2024","failed","Fri Dec 13 17:57:59 GMT 2024","","HYPERON-EXPERIMENTAL-SCRIPTS","HYPERON-EXPERIMENTAL-SCRIPTS",""
"","6000","hyperon-mettalog_sanity.xor_test","","Fri Dec 13 17:53:57 GMT 2024","passed","Fri Dec 13 17:54:03 GMT 2024","","WHOLE-TESTS","WHOLE-TESTS",""
"","6000","metta_lang.Concrete_types___MeTTa_Language1","","Fri Dec 13 17:53:57 GMT 2024","passed","Fri Dec 13 17:54:03 GMT 2024","","WHOLE-TESTS","WHOLE-TESTS",""
"","3","BASIC-EVALUATION---METTA-LANGUAGE3.01","","Fri Dec 13 18:08:33 GMT 2024","passed","Fri Dec 13 18:08:33 GMT 2024","","METTA-LANG","METTA-LANG",""
"","3","RECURSION-AND-CONTROL---METTA-LANGUAGE8.01","","Fri Dec 13 18:08:33 GMT 2024","passed","Fri Dec 13 18:08:33 GMT 2024","","METTA-LANG","METTA-LANG",""
"","14","FUNCTIONS-AND-UNIFICATION---METTA-LANGUAGE5.02","","Fri Dec 13 18:08:33 GMT 2024","failed","Fri Dec 13 18:08:33 GMT 2024","","METTA-LANG","METTA-LANG",""
"","7000","metta_lang.Working_with_spaces___MeTTa_Language4","","Fri Dec 13 17:53:57 GMT 2024","passed","Fri Dec 13 17:54:04 GMT 2024","","WHOLE-TESTS","WHOLE-TESTS",""
"","2","OPERATIONS-OVER-ATOMS---METTA-LANGUAGE2.03","","Fri Dec 13 18:08:33 GMT 2024","passed","Fri Dec 13 18:08:33 GMT 2024","","METTA-LANG","METTA-LANG",""
"","3","CONCRETE-TYPES---METTA-LANGUAGE8.01","","Fri Dec 13 18:08:33 GMT 2024","passed","Fri Dec 13 18:08:33 GMT 2024","","METTA-LANG","METTA-LANG",""
"","2","SEQUENTIAL-NESTED.06","","Fri Dec 13 18:05:39 GMT 2024","passed","Fri Dec 13 18:05:39 GMT 2024","","METTA-MORPH-TESTS","METTA-MORPH-TESTS",""
"","71","HANDLING-NONDETERMINISTIC-RESULTS---METTA-LANGUAGE7.04","","Fri Dec 13 18:08:33 GMT 2024","passed","Fri Dec 13 18:08:33 GMT 2024","","METTA-LANG","METTA-LANG",""
"","1","D1-GADT.14","","Fri Dec 13 18:24:16 GMT 2024","passed","Fri Dec 13 18:24:16 GMT 2024","","QUICK","QUICK",""
"","3","F1-IMPORTS.19","","Fri Dec 13 17:57:59 GMT 2024","passed","Fri Dec 13 17:57:59 GMT 2024","","HYPERON-EXPERIMENTAL-SCRIPTS","HYPERON-EXPERIMENTAL-SCRIPTS",""
"","2","BASIC-GROUNDED-FUNCTIONS---METTA-LANGUAGE7.02","","Fri Dec 13 18:08:33 GMT 2024","passed","Fri Dec 13 18:08:33 GMT 2024","","METTA-LANG","METTA-LANG",""
"","2","D4-TYPE-PROP.19","","Fri Dec 13 17:57:59 GMT 2024","passed","Fri Dec 13 17:57:59 GMT 2024","","HYPERON-EXPERIMENTAL-SCRIPTS","HYPERON-EXPERIMENTAL-SCRIPTS",""
"","2","INTERSECTION-TESTS.12","","Fri Dec 13 18:00:24 GMT 2024","passed","Fri Dec 13 18:00:24 GMT 2024","","HYPERON-METTALOG-SANITY","HYPERON-METTALOG-SANITY",""
"","6000","hyperon-experimental_scripts.b1_equal_chain","","Fri Dec 13 17:53:57 GMT 2024","passed","Fri Dec 13 17:54:03 GMT 2024","","WHOLE-TESTS","WHOLE-TESTS",""
"","6000","metta_lang.Basic_evaluation___MeTTa_Language10","","Fri Dec 13 17:53:57 GMT 2024","passed","Fri Dec 13 17:54:03 GMT 2024","","WHOLE-TESTS","WHOLE-TESTS",""
"","76","B5-TYPES-PRELIM.24","","Fri Dec 13 17:57:59 GMT 2024","failed","Fri Dec 13 17:57:59 GMT 2024","","HYPERON-EXPERIMENTAL-SCRIPTS","HYPERON-EXPERIMENTAL-SCRIPTS",""
"","2","OR-TEST.19","","Fri Dec 13 18:00:24 GMT 2024","passed","Fri Dec 13 18:00:24 GMT 2024","","HYPERON-METTALOG-SANITY","HYPERON-METTALOG-SANITY",""
"","3","TYPES3.01","","Fri Dec 13 18:05:39 GMT 2024","passed","Fri Dec 13 18:05:39 GMT 2024","","METTA-MORPH-TESTS","METTA-MORPH-TESTS",""
"","2","FUNCTIONS-AND-UNIFICATION---METTA-LANGUAGE7.06","","Fri Dec 13 18:08:33 GMT 2024","passed","Fri Dec 13 18:08:33 GMT 2024","","METTA-LANG","METTA-LANG",""
"","6000","metta_lang.Concrete_types___MeTTa_Language12","","Fri Dec 13 17:53:57 GMT 2024","passed","Fri Dec 13 17:54:03 GMT 2024","","WHOLE-TESTS","WHOLE-TESTS",""
"","2","TEST-IF-CLOSED.04","","Fri Dec 13 17:54:03 GMT 2024","passed","Fri Dec 13 17:54:03 GMT 2024","","ANTI-REGRESSION","ANTI-REGRESSION",""
"","3","FUNCTIONAL-PROGRAMMING-TESTS.07","","Fri Dec 13 18:00:24 GMT 2024","passed","Fri Dec 13 18:00:24 GMT 2024","","HYPERON-METTALOG-SANITY","HYPERON-METTALOG-SANITY",""
"","2","C1-GROUNDED-BASIC.13","","Fri Dec 13 18:24:16 GMT 2024","passed","Fri Dec 13 18:24:16 GMT 2024","","QUICK","QUICK",""
"","6000","anti-regression.bchain","","Fri Dec 13 17:53:57 GMT 2024","passed","Fri Dec 13 17:54:03 GMT 2024","","WHOLE-TESTS","WHOLE-TESTS",""
"","2","B5-TYPES-PRELIM.17","","Fri Dec 13 17:57:59 GMT 2024","passed","Fri Dec 13 17:57:59 GMT 2024","","HYPERON-EXPERIMENTAL-SCRIPTS","HYPERON-EXPERIMENTAL-SCRIPTS",""
"","1","WORKING-WITH-SPACES---METTA-LANGUAGE12.04","","Fri Dec 13 18:08:33 GMT 2024","passed","Fri Dec 13 18:08:33 GMT 2024","","METTA-LANG","METTA-LANG",""
"","3","F1-IMPORTS.01","","Fri Dec 13 17:53:50 GMT 2024","passed","Fri Dec 13 17:53:50 GMT 2024","","MODULE-SYSTEM","MODULE-SYSTEM",""
"","1","D2-HIGHERFUNC.14","","Fri Dec 13 18:24:16 GMT 2024","passed","Fri Dec 13 18:24:16 GMT 2024","","QUICK","QUICK",""
"","24","G1-DOCS.04","","Fri Dec 13 17:57:59 GMT 2024","failed","Fri Dec 13 17:57:59 GMT 2024","","HYPERON-EXPERIMENTAL-SCRIPTS","HYPERON-EXPERIMENTAL-SCRIPTS",""
"","6000","metta_lang.Handling_nondeterministic_results___MeTTa_Language6","","Fri Dec 13 17:53:57 GMT 2024","passed","Fri Dec 13 17:54:03 GMT 2024","","WHOLE-TESTS","WHOLE-TESTS",""
"","2","D2-HIGHERFUNC.25","","Fri Dec 13 17:57:59 GMT 2024","passed","Fri Dec 13 17:57:59 GMT 2024","","HYPERON-EXPERIMENTAL-SCRIPTS","HYPERON-EXPERIMENTAL-SCRIPTS",""
"","2","F1-MODULEA.10","","Fri Dec 13 17:57:59 GMT 2024","passed","Fri Dec 13 17:57:59 GMT 2024","","HYPERON-EXPERIMENTAL-SCRIPTS","HYPERON-EXPERIMENTAL-SCRIPTS",""
"","2","CONTROLLING-PATTERN-MATCHING---METTA-LANGUAGE5.02","","Fri Dec 13 18:08:33 GMT 2024","passed","Fri Dec 13 18:08:33 GMT 2024","","METTA-LANG","METTA-LANG",""
"","2","C2-SPACES.02","","Fri Dec 13 17:57:59 GMT 2024","passed","Fri Dec 13 17:57:59 GMT 2024","","HYPERON-EXPERIMENTAL-SCRIPTS","HYPERON-EXPERIMENTAL-SCRIPTS",""
"","44","RECURSIVE-AND-PARAMETRIC-TYPES---METTA-LANGUAGE5.08","","Fri Dec 13 18:08:33 GMT 2024","failed","Fri Dec 13 18:08:33 GMT 2024","","METTA-LANG","METTA-LANG",""
"","6000","metta_lang.Concrete_types___MeTTa_Language3","","Fri Dec 13 17:53:57 GMT 2024","passed","Fri Dec 13 17:54:03 GMT 2024","","WHOLE-TESTS","WHOLE-TESTS",""
"","2","FUNCTIONAL-PROGRAMMING-TESTS.03","","Fri Dec 13 18:00:24 GMT 2024","passed","Fri Dec 13 18:00:24 GMT 2024","","HYPERON-METTALOG-SANITY","HYPERON-METTALOG-SANITY",""
"","3","TYPES2.01","","Fri Dec 13 18:05:39 GMT 2024","passed","Fri Dec 13 18:05:39 GMT 2024","","METTA-MORPH-TESTS","METTA-MORPH-TESTS",""
"","2","HANDLING-NONDETERMINISTIC-RESULTS---METTA-LANGUAGE8.02","","Fri Dec 13 18:08:33 GMT 2024","passed","Fri Dec 13 18:08:33 GMT 2024","","METTA-LANG","METTA-LANG",""
"","6000","hyperon-experimental_scripts.d2_higherfunc","","Fri Dec 13 17:53:57 GMT 2024","passed","Fri Dec 13 17:54:03 GMT 2024","","WHOLE-TESTS","WHOLE-TESTS",""
"","2","XOR-TEST.02","","Fri Dec 13 18:00:24 GMT 2024","passed","Fri Dec 13 18:00:24 GMT 2024","","HYPERON-METTALOG-SANITY","HYPERON-METTALOG-SANITY",""
"","2","CONTROL-FLOW---METTA-LANGUAGE8.01","","Fri Dec 13 18:08:33 GMT 2024","passed","Fri Dec 13 18:08:33 GMT 2024","","METTA-LANG","METTA-LANG",""
"","3","OPERATIONS-OVER-ATOMS---METTA-LANGUAGE2.05","","Fri Dec 13 18:08:33 GMT 2024","passed","Fri Dec 13 18:08:33 GMT 2024","","METTA-LANG","METTA-LANG",""
"","6000","metta_lang.Recursion_and_control___MeTTa_Language3","","Fri Dec 13 17:53:57 GMT 2024","passed","Fri Dec 13 17:54:03 GMT 2024","","WHOLE-TESTS","WHOLE-TESTS",""
"","2","MATCH-SUPERPOSED-SPACES.03","","Fri Dec 13 18:05:39 GMT 2024","passed","Fri Dec 13 18:05:39 GMT 2024","","METTA-MORPH-TESTS","METTA-MORPH-TESTS",""
"","12","RECURSIVE-AND-PARAMETRIC-TYPES---METTA-LANGUAGE6.02","","Fri Dec 13 18:08:33 GMT 2024","failed","Fri Dec 13 18:08:33 GMT 2024","","METTA-LANG","METTA-LANG",""
"","3","SUBTRACTION-TEST.10","","Fri Dec 13 18:00:24 GMT 2024","passed","Fri Dec 13 18:00:24 GMT 2024","","HYPERON-METTALOG-SANITY","HYPERON-METTALOG-SANITY",""
"","2","OR-TEST.10","","Fri Dec 13 18:00:24 GMT 2024","passed","Fri Dec 13 18:00:24 GMT 2024","","HYPERON-METTALOG-SANITY","HYPERON-METTALOG-SANITY",""
"","2","TEST-IF-CLOSED.01","","Fri Dec 13 17:54:03 GMT 2024","passed","Fri Dec 13 17:54:03 GMT 2024","","ANTI-REGRESSION","ANTI-REGRESSION",""
"","3","CONSOLE-OUTPUT-AND-DEBUGGING---METTA-LANGUAGE3.04","","Fri Dec 13 18:08:33 GMT 2024","passed","Fri Dec 13 18:08:33 GMT 2024","","METTA-LANG","METTA-LANG",""
"","7000","hyperon-experimental_scripts.f1_imports","","Fri Dec 13 17:53:57 GMT 2024","passed","Fri Dec 13 17:54:04 GMT 2024","","WHOLE-TESTS","WHOLE-TESTS",""
"","2","B2-BACKCHAIN.03","","Fri Dec 13 17:57:59 GMT 2024","passed","Fri Dec 13 17:57:59 GMT 2024","","HYPERON-EXPERIMENTAL-SCRIPTS","HYPERON-EXPERIMENTAL-SCRIPTS",""
"","2","D2-HIGHERFUNC.25","","Fri Dec 13 18:24:16 GMT 2024","passed","Fri Dec 13 18:24:16 GMT 2024","","QUICK","QUICK",""
"","2","CONSOLE-OUTPUT-AND-DEBUGGING---METTA-LANGUAGE2.04","","Fri Dec 13 18:08:33 GMT 2024","passed","Fri Dec 13 18:08:33 GMT 2024","","METTA-LANG","METTA-LANG",""
"","3","CONTROL-FLOW---METTA-LANGUAGE14.01","","Fri Dec 13 18:08:33 GMT 2024","passed","Fri Dec 13 18:08:33 GMT 2024","","METTA-LANG","METTA-LANG",""
"","3","C1-GROUNDED-BASIC.01","","Fri Dec 13 17:57:59 GMT 2024","passed","Fri Dec 13 17:57:59 GMT 2024","","HYPERON-EXPERIMENTAL-SCRIPTS","HYPERON-EXPERIMENTAL-SCRIPTS",""
"","2","B1-EQUAL-CHAIN.01","","Fri Dec 13 17:57:59 GMT 2024","passed","Fri Dec 13 17:57:59 GMT 2024","","HYPERON-EXPERIMENTAL-SCRIPTS","HYPERON-EXPERIMENTAL-SCRIPTS",""
"","1","XOR-TEST.10","","Fri Dec 13 18:00:24 GMT 2024","passed","Fri Dec 13 18:00:24 GMT 2024","","HYPERON-METTALOG-SANITY","HYPERON-METTALOG-SANITY",""
"","3","00-LANG-CASE.17","","Fri Dec 13 18:00:24 GMT 2024","passed","Fri Dec 13 18:00:24 GMT 2024","","HYPERON-METTALOG-SANITY","HYPERON-METTALOG-SANITY",""
"","7000","metta_lang.Concrete_types___MeTTa_Language11","","Fri Dec 13 17:53:57 GMT 2024","passed","Fri Dec 13 17:54:04 GMT 2024","","WHOLE-TESTS","WHOLE-TESTS",""
"","10","RECURSIVE-AND-PARAMETRIC-TYPES---METTA-LANGUAGE6.03","","Fri Dec 13 18:08:33 GMT 2024","passed","Fri Dec 13 18:08:33 GMT 2024","","METTA-LANG","METTA-LANG",""
"","2","OPERATIONS-OVER-ATOMS---METTA-LANGUAGE8.02","","Fri Dec 13 18:08:33 GMT 2024","passed","Fri Dec 13 18:08:33 GMT 2024","","METTA-LANG","METTA-LANG",""
"","83","D5-AUTO-TYPES.06","","Fri Dec 13 17:57:59 GMT 2024","failed","Fri Dec 13 17:57:59 GMT 2024","","HYPERON-EXPERIMENTAL-SCRIPTS","HYPERON-EXPERIMENTAL-SCRIPTS",""
"","6000","metta_lang.Working_with_spaces___MeTTa_Language5","","Fri Dec 13 17:53:57 GMT 2024","passed","Fri Dec 13 17:54:03 GMT 2024","","WHOLE-TESTS","WHOLE-TESTS",""
"","2","OR-TEST.06","","Fri Dec 13 18:00:24 GMT 2024","passed","Fri Dec 13 18:00:24 GMT 2024","","HYPERON-METTALOG-SANITY","HYPERON-METTALOG-SANITY",""
"","2","B4-NONDETERM.04","","Fri Dec 13 17:57:59 GMT 2024","passed","Fri Dec 13 17:57:59 GMT 2024","","HYPERON-EXPERIMENTAL-SCRIPTS","HYPERON-EXPERIMENTAL-SCRIPTS",""
"","3","RECURSION-AND-CONTROL---METTA-LANGUAGE2.06","","Fri Dec 13 18:08:33 GMT 2024","passed","Fri Dec 13 18:08:33 GMT 2024","","METTA-LANG","METTA-LANG",""
"","2","HYPERPOSE.02","","Fri Dec 13 18:05:39 GMT 2024","passed","Fri Dec 13 18:05:39 GMT 2024","","METTA-MORPH-TESTS","METTA-MORPH-TESTS",""
"","2","INTERSECTION-TESTS.16","","Fri Dec 13 18:00:24 GMT 2024","passed","Fri Dec 13 18:00:24 GMT 2024","","HYPERON-METTALOG-SANITY","HYPERON-METTALOG-SANITY",""
"","2","D1-GADT.03","","Fri Dec 13 17:57:59 GMT 2024","passed","Fri Dec 13 17:57:59 GMT 2024","","HYPERON-EXPERIMENTAL-SCRIPTS","HYPERON-EXPERIMENTAL-SCRIPTS",""
"","4","OR-TEST.11","","Fri Dec 13 18:00:24 GMT 2024","passed","Fri Dec 13 18:00:24 GMT 2024","","HYPERON-METTALOG-SANITY","HYPERON-METTALOG-SANITY",""
"","2","F1-MODULEA.02","","Fri Dec 13 17:57:59 GMT 2024","passed","Fri Dec 13 17:57:59 GMT 2024","","HYPERON-EXPERIMENTAL-SCRIPTS","HYPERON-EXPERIMENTAL-SCRIPTS",""
"","7000","quick.f1_moduleA","","Fri Dec 13 17:53:57 GMT 2024","passed","Fri Dec 13 17:54:04 GMT 2024","","WHOLE-TESTS","WHOLE-TESTS",""
"","3","METATYPES---METTA-LANGUAGE8.01","","Fri Dec 13 18:08:33 GMT 2024","passed","Fri Dec 13 18:08:33 GMT 2024","","METTA-LANG","METTA-LANG",""
"","2","CONTROLLING-PATTERN-MATCHING---METTA-LANGUAGE4.04","","Fri Dec 13 18:08:33 GMT 2024","passed","Fri Dec 13 18:08:33 GMT 2024","","METTA-LANG","METTA-LANG",""
"","7000","hyperon-mettalog_sanity.intersection_tests","","Fri Dec 13 17:53:57 GMT 2024","passed","Fri Dec 13 17:54:04 GMT 2024","","WHOLE-TESTS","WHOLE-TESTS",""
"","136","FREE-VARIABLES-AND-NONDETERMINISM-AGAIN,-RECURSIVELY---METTA-LANGUAGE1.02","","Fri Dec 13 18:08:33 GMT 2024","failed","Fri Dec 13 18:08:33 GMT 2024","","METTA-LANG","METTA-LANG",""
"","7000","metta_lang.Metatypes___MeTTa_Language6","","Fri Dec 13 17:53:57 GMT 2024","passed","Fri Dec 13 17:54:04 GMT 2024","","WHOLE-TESTS","WHOLE-TESTS",""
"","3","WORKING-WITH-SPACES---METTA-LANGUAGE16.01","","Fri Dec 13 18:08:33 GMT 2024","passed","Fri Dec 13 18:08:33 GMT 2024","","METTA-LANG","METTA-LANG",""
"","59","RECURSIVE-AND-PARAMETRIC-TYPES---METTA-LANGUAGE4.02","","Fri Dec 13 18:08:33 GMT 2024","failed","Fri Dec 13 18:08:33 GMT 2024","","METTA-LANG","METTA-LANG",""
"","2","RECURSION-AND-CONTROL---METTA-LANGUAGE3.01","","Fri Dec 13 18:08:33 GMT 2024","passed","Fri Dec 13 18:08:33 GMT 2024","","METTA-LANG","METTA-LANG",""
"","2","METATYPES---METTA-LANGUAGE1.10","","Fri Dec 13 18:08:33 GMT 2024","passed","Fri Dec 13 18:08:33 GMT 2024","","METTA-LANG","METTA-LANG",""
"","2","C1-GROUNDED-BASIC.07","","Fri Dec 13 17:57:59 GMT 2024","passed","Fri Dec 13 17:57:59 GMT 2024","","HYPERON-EXPERIMENTAL-SCRIPTS","HYPERON-EXPERIMENTAL-SCRIPTS",""
"","3","F1-IMPORTS.01","","Fri Dec 13 17:57:59 GMT 2024","passed","Fri Dec 13 17:57:59 GMT 2024","","HYPERON-EXPERIMENTAL-SCRIPTS","HYPERON-EXPERIMENTAL-SCRIPTS",""
"","1","D4-TYPE-PROP.06","","Fri Dec 13 18:24:16 GMT 2024","passed","Fri Dec 13 18:24:16 GMT 2024","","QUICK","QUICK",""
"","6000","metta_lang.Functions_and_unification___MeTTa_Language3","","Fri Dec 13 17:53:57 GMT 2024","passed","Fri Dec 13 17:54:03 GMT 2024","","WHOLE-TESTS","WHOLE-TESTS",""
"","2","BC-COMP.02","","Fri Dec 13 17:54:03 GMT 2024","passed","Fri Dec 13 17:54:03 GMT 2024","","ANTI-REGRESSION","ANTI-REGRESSION",""
"","2","MAX-TIME-TESTS.05","","Fri Dec 13 18:00:24 GMT 2024","passed","Fri Dec 13 18:00:24 GMT 2024","","HYPERON-METTALOG-SANITY","HYPERON-METTALOG-SANITY",""
"","78","FUNCTIONS-AND-UNIFICATION---METTA-LANGUAGE3.04","","Fri Dec 13 18:08:33 GMT 2024","passed","Fri Dec 13 18:08:33 GMT 2024","","METTA-LANG","METTA-LANG",""
"","62","WORKING-WITH-SPACES---METTA-LANGUAGE8.06","","Fri Dec 13 18:08:33 GMT 2024","failed","Fri Dec 13 18:08:33 GMT 2024","","METTA-LANG","METTA-LANG",""
"","7000","metta_lang.Controlling_pattern_matching___MeTTa_Language7","","Fri Dec 13 17:53:57 GMT 2024","passed","Fri Dec 13 17:54:04 GMT 2024","","WHOLE-TESTS","WHOLE-TESTS",""
"","2","BASIC-GROUNDED-FUNCTIONS---METTA-LANGUAGE1.03","","Fri Dec 13 18:08:33 GMT 2024","passed","Fri Dec 13 18:08:33 GMT 2024","","METTA-LANG","METTA-LANG",""
"","55","F1-IMPORTS.21","","Fri Dec 13 18:24:16 GMT 2024","passed","Fri Dec 13 18:24:16 GMT 2024","","QUICK","QUICK",""
"","2","STRING-TESTS.11","","Fri Dec 13 18:00:24 GMT 2024","passed","Fri Dec 13 18:00:24 GMT 2024","","HYPERON-METTALOG-SANITY","HYPERON-METTALOG-SANITY",""
"","1","TMPMATCH2.03","","Fri Dec 13 17:54:03 GMT 2024","passed","Fri Dec 13 17:54:03 GMT 2024","","ANTI-REGRESSION","ANTI-REGRESSION",""
"","6000","metta_lang.Concrete_types___MeTTa_Language5","","Fri Dec 13 17:53:57 GMT 2024","passed","Fri Dec 13 17:54:03 GMT 2024","","WHOLE-TESTS","WHOLE-TESTS",""
"","2","06-MATCH-IN-SPACE.02","","Fri Dec 13 18:00:24 GMT 2024","passed","Fri Dec 13 18:00:24 GMT 2024","","HYPERON-METTALOG-SANITY","HYPERON-METTALOG-SANITY",""
"","2","INTERSECTION-TESTS.25","","Fri Dec 13 18:00:24 GMT 2024","passed","Fri Dec 13 18:00:24 GMT 2024","","HYPERON-METTALOG-SANITY","HYPERON-METTALOG-SANITY",""
"","2","INTERSECTION-TESTS.13","","Fri Dec 13 18:00:24 GMT 2024","passed","Fri Dec 13 18:00:24 GMT 2024","","HYPERON-METTALOG-SANITY","HYPERON-METTALOG-SANITY",""
"","7000","metta-morph_tests.hyperpose","","Fri Dec 13 17:53:57 GMT 2024","passed","Fri Dec 13 17:54:04 GMT 2024","","WHOLE-TESTS","WHOLE-TESTS",""
"","48","OR-TEST.02","","Fri Dec 13 18:00:24 GMT 2024","failed","Fri Dec 13 18:00:24 GMT 2024","","HYPERON-METTALOG-SANITY","HYPERON-METTALOG-SANITY",""
"","2","00-LANG-CASE.16","","Fri Dec 13 18:00:24 GMT 2024","passed","Fri Dec 13 18:00:24 GMT 2024","","HYPERON-METTALOG-SANITY","HYPERON-METTALOG-SANITY",""
"","3","BASIC-EVALUATION---METTA-LANGUAGE12.01","","Fri Dec 13 18:08:33 GMT 2024","passed","Fri Dec 13 18:08:33 GMT 2024","","METTA-LANG","METTA-LANG",""
"","2","RECURSIVE-AND-PARAMETRIC-TYPES---METTA-LANGUAGE7.07","","Fri Dec 13 18:08:33 GMT 2024","passed","Fri Dec 13 18:08:33 GMT 2024","","METTA-LANG","METTA-LANG",""
"","102","OR-TEST.20","","Fri Dec 13 18:00:24 GMT 2024","failed","Fri Dec 13 18:00:24 GMT 2024","","HYPERON-METTALOG-SANITY","HYPERON-METTALOG-SANITY",""
"","3","CONTROL-FLOW---METTA-LANGUAGE11.03","","Fri Dec 13 18:08:33 GMT 2024","passed","Fri Dec 13 18:08:33 GMT 2024","","METTA-LANG","METTA-LANG",""
"","3","QUERYING-SPACE-CONTENT---METTA-LANGUAGE5.01","","Fri Dec 13 18:08:33 GMT 2024","passed","Fri Dec 13 18:08:33 GMT 2024","","METTA-LANG","METTA-LANG",""
"","2","E2-STATES.03","","Fri Dec 13 17:57:59 GMT 2024","passed","Fri Dec 13 17:57:59 GMT 2024","","HYPERON-EXPERIMENTAL-SCRIPTS","HYPERON-EXPERIMENTAL-SCRIPTS",""
"","2","D2-HIGHERFUNC.24","","Fri Dec 13 18:24:16 GMT 2024","passed","Fri Dec 13 18:24:16 GMT 2024","","QUICK","QUICK",""
"","6000","metta_lang.Controlling_pattern_matching___MeTTa_Language4","","Fri Dec 13 17:53:57 GMT 2024","passed","Fri Dec 13 17:54:03 GMT 2024","","WHOLE-TESTS","WHOLE-TESTS",""
"","3","F1-MODULEA.01","","Fri Dec 13 17:57:59 GMT 2024","passed","Fri Dec 13 17:57:59 GMT 2024","","HYPERON-EXPERIMENTAL-SCRIPTS","HYPERON-EXPERIMENTAL-SCRIPTS",""
"","1","D2-HIGHERFUNC.11","","Fri Dec 13 18:24:16 GMT 2024","passed","Fri Dec 13 18:24:16 GMT 2024","","QUICK","QUICK",""
"","7000","metta_lang.Recursive_and_parametric_types___MeTTa_Language2","","Fri Dec 13 17:53:57 GMT 2024","passed","Fri Dec 13 17:54:04 GMT 2024","","WHOLE-TESTS","WHOLE-TESTS",""
"","1","INTERSECTION-TESTS.10","","Fri Dec 13 18:00:24 GMT 2024","passed","Fri Dec 13 18:00:24 GMT 2024","","HYPERON-METTALOG-SANITY","HYPERON-METTALOG-SANITY",""
"","6000","metta_lang.Functions_and_unification___MeTTa_Language1","","Fri Dec 13 17:53:57 GMT 2024","passed","Fri Dec 13 17:54:03 GMT 2024","","WHOLE-TESTS","WHOLE-TESTS",""
"","6000","hyperon-mettalog_sanity.base_test_repr_parse_intersection","","Fri Dec 13 17:53:57 GMT 2024","passed","Fri Dec 13 17:54:03 GMT 2024","","WHOLE-TESTS","WHOLE-TESTS",""
"","84","D2-HIGHERFUNC.07","","Fri Dec 13 18:24:16 GMT 2024","failed","Fri Dec 13 18:24:16 GMT 2024","","QUICK","QUICK",""
"","1","CONTROL-FLOW---METTA-LANGUAGE8.02","","Fri Dec 13 18:08:33 GMT 2024","passed","Fri Dec 13 18:08:33 GMT 2024","","METTA-LANG","METTA-LANG",""
"","3","STRING-TESTS.13","","Fri Dec 13 18:00:24 GMT 2024","passed","Fri Dec 13 18:00:24 GMT 2024","","HYPERON-METTALOG-SANITY","HYPERON-METTALOG-SANITY",""
"","6000","metta_lang.Control_flow___MeTTa_Language4","","Fri Dec 13 17:53:57 GMT 2024","passed","Fri Dec 13 17:54:03 GMT 2024","","WHOLE-TESTS","WHOLE-TESTS",""
"","14","D4-TYPE-PROP.03","","Fri Dec 13 18:24:16 GMT 2024","passed","Fri Dec 13 18:24:16 GMT 2024","","QUICK","QUICK",""
"","2","D2-HIGHERFUNC.08","","Fri Dec 13 17:57:59 GMT 2024","passed","Fri Dec 13 17:57:59 GMT 2024","","HYPERON-EXPERIMENTAL-SCRIPTS","HYPERON-EXPERIMENTAL-SCRIPTS",""
"","106","CONTROL-FLOW---METTA-LANGUAGE5.01","","Fri Dec 13 18:08:33 GMT 2024","passed","Fri Dec 13 18:08:33 GMT 2024","","METTA-LANG","METTA-LANG",""
"","2","BASIC-GROUNDED-FUNCTIONS---METTA-LANGUAGE4.03","","Fri Dec 13 18:08:33 GMT 2024","passed","Fri Dec 13 18:08:33 GMT 2024","","METTA-LANG","METTA-LANG",""
"","6000","metta_lang.Basic_grounded_functions___MeTTa_Language2","","Fri Dec 13 17:53:57 GMT 2024","passed","Fri Dec 13 17:54:03 GMT 2024","","WHOLE-TESTS","WHOLE-TESTS",""
"","320","SPACE-SUBTRACTION-TESTS.07","","Fri Dec 13 18:00:24 GMT 2024","passed","Fri Dec 13 18:00:24 GMT 2024","","HYPERON-METTALOG-SANITY","HYPERON-METTALOG-SANITY",""
"","2","XOR-TEST.01","","Fri Dec 13 18:00:24 GMT 2024","passed","Fri Dec 13 18:00:24 GMT 2024","","HYPERON-METTALOG-SANITY","HYPERON-METTALOG-SANITY",""
"","6000","metta_lang.Control_flow___MeTTa_Language12","","Fri Dec 13 17:53:57 GMT 2024","passed","Fri Dec 13 17:54:03 GMT 2024","","WHOLE-TESTS","WHOLE-TESTS",""
"","2","CONTROL-FLOW---METTA-LANGUAGE16.05","","Fri Dec 13 18:08:33 GMT 2024","passed","Fri Dec 13 18:08:33 GMT 2024","","METTA-LANG","METTA-LANG",""
"","6000","metta_lang.Metatypes___MeTTa_Language9","","Fri Dec 13 17:53:57 GMT 2024","passed","Fri Dec 13 17:54:03 GMT 2024","","WHOLE-TESTS","WHOLE-TESTS",""
"","94","MAX-TIME-TESTS.02","","Fri Dec 13 18:00:24 GMT 2024","failed","Fri Dec 13 18:00:24 GMT 2024","","HYPERON-METTALOG-SANITY","HYPERON-METTALOG-SANITY",""
"","2","CONTROL-FLOW---METTA-LANGUAGE11.01","","Fri Dec 13 18:08:33 GMT 2024","passed","Fri Dec 13 18:08:33 GMT 2024","","METTA-LANG","METTA-LANG",""
"","3","METATYPES---METTA-LANGUAGE3.01","","Fri Dec 13 18:08:33 GMT 2024","passed","Fri Dec 13 18:08:33 GMT 2024","","METTA-LANG","METTA-LANG",""
"","2","RECURSIVE-AND-PARAMETRIC-TYPES---METTA-LANGUAGE2.02","","Fri Dec 13 18:08:33 GMT 2024","passed","Fri Dec 13 18:08:33 GMT 2024","","METTA-LANG","METTA-LANG",""
"","3","BASIC-EVALUATION---METTA-LANGUAGE9.01","","Fri Dec 13 18:08:33 GMT 2024","passed","Fri Dec 13 18:08:33 GMT 2024","","METTA-LANG","METTA-LANG",""
"","2","03-SORING-VIA-INSERT.03","","Fri Dec 13 18:00:24 GMT 2024","passed","Fri Dec 13 18:00:24 GMT 2024","","HYPERON-METTALOG-SANITY","HYPERON-METTALOG-SANITY",""
"","2","HANDLING-NONDETERMINISTIC-RESULTS---METTA-LANGUAGE8.07","","Fri Dec 13 18:08:33 GMT 2024","passed","Fri Dec 13 18:08:33 GMT 2024","","METTA-LANG","METTA-LANG",""
"","1","WORKING-WITH-SPACES---METTA-LANGUAGE9.02","","Fri Dec 13 18:08:33 GMT 2024","passed","Fri Dec 13 18:08:33 GMT 2024","","METTA-LANG","METTA-LANG",""
"","2","SEQUENTIAL-NESTED.02","","Fri Dec 13 18:05:39 GMT 2024","passed","Fri Dec 13 18:05:39 GMT 2024","","METTA-MORPH-TESTS","METTA-MORPH-TESTS",""
"","2","LET-SUPERPOSE-IF-CASE.02","","Fri Dec 13 18:05:39 GMT 2024","passed","Fri Dec 13 18:05:39 GMT 2024","","METTA-MORPH-TESTS","METTA-MORPH-TESTS",""
"","6000","metta_lang.Recursive_and_parametric_types___MeTTa_Language7","","Fri Dec 13 17:53:57 GMT 2024","passed","Fri Dec 13 17:54:03 GMT 2024","","WHOLE-TESTS","WHOLE-TESTS",""
"","3","TIME-SYNTHESIZE-SHORT.03","","Fri Dec 13 18:03:20 GMT 2024","passed","Fri Dec 13 18:03:20 GMT 2024","","SYNTH-BUFFER","SYNTH-BUFFER",""
"","3","D2-HIGHERFUNC.26","","Fri Dec 13 18:24:16 GMT 2024","passed","Fri Dec 13 18:24:16 GMT 2024","","QUICK","QUICK",""
"","3","D2-HIGHERFUNC.01","","Fri Dec 13 18:24:16 GMT 2024","passed","Fri Dec 13 18:24:16 GMT 2024","","QUICK","QUICK",""
"","2","F1-MODULEA.07","","Fri Dec 13 17:57:59 GMT 2024","passed","Fri Dec 13 17:57:59 GMT 2024","","HYPERON-EXPERIMENTAL-SCRIPTS","HYPERON-EXPERIMENTAL-SCRIPTS",""
"","3","WORKING-WITH-SPACES---METTA-LANGUAGE10.01","","Fri Dec 13 18:08:33 GMT 2024","passed","Fri Dec 13 18:08:33 GMT 2024","","METTA-LANG","METTA-LANG",""
"","14","D4-TYPE-PROP.03","","Fri Dec 13 17:57:59 GMT 2024","passed","Fri Dec 13 17:57:59 GMT 2024","","HYPERON-EXPERIMENTAL-SCRIPTS","HYPERON-EXPERIMENTAL-SCRIPTS",""
"","2","HYPERPOSE.04","","Fri Dec 13 18:05:39 GMT 2024","passed","Fri Dec 13 18:05:39 GMT 2024","","METTA-MORPH-TESTS","METTA-MORPH-TESTS",""
"","3","SEALED-TEST.02","","Fri Dec 13 18:00:24 GMT 2024","passed","Fri Dec 13 18:00:24 GMT 2024","","HYPERON-METTALOG-SANITY","HYPERON-METTALOG-SANITY",""
"","4","OR-TEST.07","","Fri Dec 13 18:00:24 GMT 2024","passed","Fri Dec 13 18:00:24 GMT 2024","","HYPERON-METTALOG-SANITY","HYPERON-METTALOG-SANITY",""
"","73","D2-HIGHERFUNC.07","","Fri Dec 13 17:57:59 GMT 2024","failed","Fri Dec 13 17:57:59 GMT 2024","","HYPERON-EXPERIMENTAL-SCRIPTS","HYPERON-EXPERIMENTAL-SCRIPTS",""
"","2","B0-CHAINING-PRELIM.03","","Fri Dec 13 17:57:59 GMT 2024","passed","Fri Dec 13 17:57:59 GMT 2024","","HYPERON-EXPERIMENTAL-SCRIPTS","HYPERON-EXPERIMENTAL-SCRIPTS",""
"","2","BASIC-GROUNDED-FUNCTIONS---METTA-LANGUAGE8.03","","Fri Dec 13 18:08:33 GMT 2024","passed","Fri Dec 13 18:08:33 GMT 2024","","METTA-LANG","METTA-LANG",""
"","7000","hyperon-mettalog_sanity.or_test","","Fri Dec 13 17:53:57 GMT 2024","passed","Fri Dec 13 17:54:04 GMT 2024","","WHOLE-TESTS","WHOLE-TESTS",""
"","6000","metta-morph_tests.factorial","","Fri Dec 13 17:53:57 GMT 2024","passed","Fri Dec 13 17:54:03 GMT 2024","","WHOLE-TESTS","WHOLE-TESTS",""
"","2","OPERATIONS-OVER-ATOMS---METTA-LANGUAGE5.02","","Fri Dec 13 18:08:33 GMT 2024","passed","Fri Dec 13 18:08:33 GMT 2024","","METTA-LANG","METTA-LANG",""
"","6000","quick.c1_grounded_basic","","Fri Dec 13 17:53:57 GMT 2024","passed","Fri Dec 13 17:54:03 GMT 2024","","WHOLE-TESTS","WHOLE-TESTS",""
"","3","SUBTRACTION-TEST.05","","Fri Dec 13 18:00:24 GMT 2024","passed","Fri Dec 13 18:00:24 GMT 2024","","HYPERON-METTALOG-SANITY","HYPERON-METTALOG-SANITY",""
"","6000","hyperon-experimental_scripts.b4_nondeterm","","Fri Dec 13 17:53:57 GMT 2024","passed","Fri Dec 13 17:54:03 GMT 2024","","WHOLE-TESTS","WHOLE-TESTS",""
"","3","LETLET.01","","Fri Dec 13 18:05:39 GMT 2024","passed","Fri Dec 13 18:05:39 GMT 2024","","METTA-MORPH-TESTS","METTA-MORPH-TESTS",""
"","2","FUNCTIONS-AND-UNIFICATION---METTA-LANGUAGE7.04","","Fri Dec 13 18:08:33 GMT 2024","passed","Fri Dec 13 18:08:33 GMT 2024","","METTA-LANG","METTA-LANG",""
"","168","SPACE-SUBTRACTION-TESTS.08","","Fri Dec 13 18:00:24 GMT 2024","passed","Fri Dec 13 18:00:24 GMT 2024","","HYPERON-METTALOG-SANITY","HYPERON-METTALOG-SANITY",""
"","14","CONCRETE-TYPES---METTA-LANGUAGE2.01","","Fri Dec 13 18:08:33 GMT 2024","failed","Fri Dec 13 18:08:33 GMT 2024","","METTA-LANG","METTA-LANG",""
"","107","WORKING-WITH-SPACES---METTA-LANGUAGE2.01","","Fri Dec 13 18:08:33 GMT 2024","failed","Fri Dec 13 18:08:33 GMT 2024","","METTA-LANG","METTA-LANG",""
"","3","D2-HIGHERFUNC.17","","Fri Dec 13 18:24:16 GMT 2024","passed","Fri Dec 13 18:24:16 GMT 2024","","QUICK","QUICK",""
"","2","RECURSIVE-AND-PARAMETRIC-TYPES---METTA-LANGUAGE1.04","","Fri Dec 13 18:08:33 GMT 2024","passed","Fri Dec 13 18:08:33 GMT 2024","","METTA-LANG","METTA-LANG",""
"","3","FIND-ALL-TESTS.02","","Fri Dec 13 18:00:24 GMT 2024","passed","Fri Dec 13 18:00:24 GMT 2024","","HYPERON-METTALOG-SANITY","HYPERON-METTALOG-SANITY",""
"","2","CONTROL-FLOW---METTA-LANGUAGE16.06","","Fri Dec 13 18:08:33 GMT 2024","passed","Fri Dec 13 18:08:33 GMT 2024","","METTA-LANG","METTA-LANG",""
"","7000","metta-morph_tests.and_or","","Fri Dec 13 17:53:57 GMT 2024","passed","Fri Dec 13 17:54:04 GMT 2024","","WHOLE-TESTS","WHOLE-TESTS",""
"","3","FUNCTIONS-AND-UNIFICATION---METTA-LANGUAGE4.03","","Fri Dec 13 18:08:33 GMT 2024","passed","Fri Dec 13 18:08:33 GMT 2024","","METTA-LANG","METTA-LANG",""
"","3","CONSOLE-OUTPUT-AND-DEBUGGING---METTA-LANGUAGE2.01","","Fri Dec 13 18:08:33 GMT 2024","passed","Fri Dec 13 18:08:33 GMT 2024","","METTA-LANG","METTA-LANG",""
"","2","STATES-SPACES.03","","Fri Dec 13 18:05:39 GMT 2024","passed","Fri Dec 13 18:05:39 GMT 2024","","METTA-MORPH-TESTS","METTA-MORPH-TESTS",""
"","2","CONCRETE-TYPES---METTA-LANGUAGE8.02","","Fri Dec 13 18:08:33 GMT 2024","passed","Fri Dec 13 18:08:33 GMT 2024","","METTA-LANG","METTA-LANG",""
"","2","SUBTRACTION-TEST.03","","Fri Dec 13 18:00:24 GMT 2024","passed","Fri Dec 13 18:00:24 GMT 2024","","HYPERON-METTALOG-SANITY","HYPERON-METTALOG-SANITY",""
"","2","RECURSION-AND-CONTROL---METTA-LANGUAGE4.02","","Fri Dec 13 18:08:33 GMT 2024","passed","Fri Dec 13 18:08:33 GMT 2024","","METTA-LANG","METTA-LANG",""
"","74","RECURSIVE-AND-PARAMETRIC-TYPES---METTA-LANGUAGE8.02","","Fri Dec 13 18:08:33 GMT 2024","failed","Fri Dec 13 18:08:33 GMT 2024","","METTA-LANG","METTA-LANG",""
"","6000","hyperon-experimental_scripts.c3_pln_stv","","Fri Dec 13 17:53:57 GMT 2024","passed","Fri Dec 13 17:54:03 GMT 2024","","WHOLE-TESTS","WHOLE-TESTS",""
"","3","SEALED-TEST.03","","Fri Dec 13 18:00:24 GMT 2024","passed","Fri Dec 13 18:00:24 GMT 2024","","HYPERON-METTALOG-SANITY","HYPERON-METTALOG-SANITY",""
"","2","FUNCTIONS-AND-UNIFICATION---METTA-LANGUAGE1.03","","Fri Dec 13 18:08:33 GMT 2024","passed","Fri Dec 13 18:08:33 GMT 2024","","METTA-LANG","METTA-LANG",""
"","2","SUBTRACTION-TEST.07","","Fri Dec 13 18:00:24 GMT 2024","passed","Fri Dec 13 18:00:24 GMT 2024","","HYPERON-METTALOG-SANITY","HYPERON-METTALOG-SANITY",""
"","2","D3-DEPTYPES.05","","Fri Dec 13 17:57:59 GMT 2024","passed","Fri Dec 13 17:57:59 GMT 2024","","HYPERON-EXPERIMENTAL-SCRIPTS","HYPERON-EXPERIMENTAL-SCRIPTS",""
"","3","D2-HIGHERFUNC.27","","Fri Dec 13 17:57:59 GMT 2024","passed","Fri Dec 13 17:57:59 GMT 2024","","HYPERON-EXPERIMENTAL-SCRIPTS","HYPERON-EXPERIMENTAL-SCRIPTS",""
"","2","QUERYING-SPACE-CONTENT---METTA-LANGUAGE2.02","","Fri Dec 13 18:08:33 GMT 2024","passed","Fri Dec 13 18:08:33 GMT 2024","","METTA-LANG","METTA-LANG",""
"","6","F1-IMPORTS.02","","Fri Dec 13 17:57:59 GMT 2024","passed","Fri Dec 13 17:57:59 GMT 2024","","HYPERON-EXPERIMENTAL-SCRIPTS","HYPERON-EXPERIMENTAL-SCRIPTS",""
"","6000","quick.f1_imports","","Fri Dec 13 17:53:57 GMT 2024","passed","Fri Dec 13 17:54:03 GMT 2024","","WHOLE-TESTS","WHOLE-TESTS",""
"","3","OPERATIONS-OVER-ATOMS---METTA-LANGUAGE1.01","","Fri Dec 13 18:08:33 GMT 2024","passed","Fri Dec 13 18:08:33 GMT 2024","","METTA-LANG","METTA-LANG",""
"","2","D4-TYPE-PROP.13","","Fri Dec 13 17:57:59 GMT 2024","passed","Fri Dec 13 17:57:59 GMT 2024","","HYPERON-EXPERIMENTAL-SCRIPTS","HYPERON-EXPERIMENTAL-SCRIPTS",""
"","6000","hyperon-mettalog_sanity.first_answer_long","","Fri Dec 13 17:53:57 GMT 2024","passed","Fri Dec 13 17:54:03 GMT 2024","","WHOLE-TESTS","WHOLE-TESTS",""
"","2","INTERSECTION-TESTS.07","","Fri Dec 13 18:00:24 GMT 2024","passed","Fri Dec 13 18:00:24 GMT 2024","","HYPERON-METTALOG-SANITY","HYPERON-METTALOG-SANITY",""
"","3","D1-GADT.03","","Fri Dec 13 18:24:16 GMT 2024","passed","Fri Dec 13 18:24:16 GMT 2024","","QUICK","QUICK",""
"","3","D1-GADT.01","","Fri Dec 13 17:57:59 GMT 2024","passed","Fri Dec 13 17:57:59 GMT 2024","","HYPERON-EXPERIMENTAL-SCRIPTS","HYPERON-EXPERIMENTAL-SCRIPTS",""
"","33","G1-DOCS.05","","Fri Dec 13 17:57:59 GMT 2024","failed","Fri Dec 13 17:57:59 GMT 2024","","HYPERON-EXPERIMENTAL-SCRIPTS","HYPERON-EXPERIMENTAL-SCRIPTS",""
"","3","C3-PLN-STV.01","","Fri Dec 13 17:57:59 GMT 2024","passed","Fri Dec 13 17:57:59 GMT 2024","","HYPERON-EXPERIMENTAL-SCRIPTS","HYPERON-EXPERIMENTAL-SCRIPTS",""
"","3","FIND-ALL-TESTS.03","","Fri Dec 13 18:00:24 GMT 2024","passed","Fri Dec 13 18:00:24 GMT 2024","","HYPERON-METTALOG-SANITY","HYPERON-METTALOG-SANITY",""
"","3","RECURSIVE-AND-PARAMETRIC-TYPES---METTA-LANGUAGE5.04","","Fri Dec 13 18:08:33 GMT 2024","passed","Fri Dec 13 18:08:33 GMT 2024","","METTA-LANG","METTA-LANG",""
"","12","CONTROLLING-PATTERN-MATCHING---METTA-LANGUAGE6.01","","Fri Dec 13 18:08:33 GMT 2024","failed","Fri Dec 13 18:08:33 GMT 2024","","METTA-LANG","METTA-LANG",""
"","7000","metta_lang.Control_flow___MeTTa_Language8","","Fri Dec 13 17:53:57 GMT 2024","passed","Fri Dec 13 17:54:04 GMT 2024","","WHOLE-TESTS","WHOLE-TESTS",""
"","4","SEALED-TEST.04","","Fri Dec 13 18:00:24 GMT 2024","passed","Fri Dec 13 18:00:24 GMT 2024","","HYPERON-METTALOG-SANITY","HYPERON-METTALOG-SANITY",""
"","2","CATCH-THROW-TESTS.10","","Fri Dec 13 18:00:24 GMT 2024","passed","Fri Dec 13 18:00:24 GMT 2024","","HYPERON-METTALOG-SANITY","HYPERON-METTALOG-SANITY",""
"","3","CONTROL-FLOW---METTA-LANGUAGE15.04","","Fri Dec 13 18:08:33 GMT 2024","passed","Fri Dec 13 18:08:33 GMT 2024","","METTA-LANG","METTA-LANG",""
"","2","C1-GROUNDED-BASIC.16","","Fri Dec 13 18:24:16 GMT 2024","passed","Fri Dec 13 18:24:16 GMT 2024","","QUICK","QUICK",""
"","144","SPACE-INTERSECTION-TESTS.07","","Fri Dec 13 18:00:24 GMT 2024","failed","Fri Dec 13 18:00:24 GMT 2024","","HYPERON-METTALOG-SANITY","HYPERON-METTALOG-SANITY",""
"","2","B5-TYPES-PRELIM.20","","Fri Dec 13 17:57:59 GMT 2024","passed","Fri Dec 13 17:57:59 GMT 2024","","HYPERON-EXPERIMENTAL-SCRIPTS","HYPERON-EXPERIMENTAL-SCRIPTS",""
"","3","BASIC-EVALUATION---METTA-LANGUAGE11.01","","Fri Dec 13 18:08:33 GMT 2024","passed","Fri Dec 13 18:08:33 GMT 2024","","METTA-LANG","METTA-LANG",""
"","2","C2-SPACES.03","","Fri Dec 13 17:53:50 GMT 2024","passed","Fri Dec 13 17:53:50 GMT 2024","","MODULE-SYSTEM","MODULE-SYSTEM",""
"","3","OPERATIONS-OVER-ATOMS---METTA-LANGUAGE6.02","","Fri Dec 13 18:08:33 GMT 2024","passed","Fri Dec 13 18:08:33 GMT 2024","","METTA-LANG","METTA-LANG",""
"","2","CONSOLE-OUTPUT-AND-DEBUGGING---METTA-LANGUAGE2.06","","Fri Dec 13 18:08:33 GMT 2024","passed","Fri Dec 13 18:08:33 GMT 2024","","METTA-LANG","METTA-LANG",""
"","6000","metta_lang.Operations_over_atoms___MeTTa_Language9","","Fri Dec 13 17:53:57 GMT 2024","passed","Fri Dec 13 17:54:03 GMT 2024","","WHOLE-TESTS","WHOLE-TESTS",""
"","113","BASIC-EVALUATION---METTA-LANGUAGE4.01","","Fri Dec 13 18:08:33 GMT 2024","failed","Fri Dec 13 18:08:33 GMT 2024","","METTA-LANG","METTA-LANG",""
"","6000","metta_lang.Working_with_spaces___MeTTa_Language8","","Fri Dec 13 17:53:57 GMT 2024","passed","Fri Dec 13 17:54:03 GMT 2024","","WHOLE-TESTS","WHOLE-TESTS",""
"","15","D3-DEPTYPES.04","","Fri Dec 13 17:57:59 GMT 2024","passed","Fri Dec 13 17:57:59 GMT 2024","","HYPERON-EXPERIMENTAL-SCRIPTS","HYPERON-EXPERIMENTAL-SCRIPTS",""
"","3","HANDLING-NONDETERMINISTIC-RESULTS---METTA-LANGUAGE7.01","","Fri Dec 13 18:08:33 GMT 2024","passed","Fri Dec 13 18:08:33 GMT 2024","","METTA-LANG","METTA-LANG",""
"","3","C1-GROUNDED-BASIC.16","","Fri Dec 13 17:57:59 GMT 2024","passed","Fri Dec 13 17:57:59 GMT 2024","","HYPERON-EXPERIMENTAL-SCRIPTS","HYPERON-EXPERIMENTAL-SCRIPTS",""
"","2","MATCH-VOID.02","","Fri Dec 13 18:05:39 GMT 2024","passed","Fri Dec 13 18:05:39 GMT 2024","","METTA-MORPH-TESTS","METTA-MORPH-TESTS",""
"","4","C1-GROUNDED-BASIC.23","","Fri Dec 13 18:24:16 GMT 2024","passed","Fri Dec 13 18:24:16 GMT 2024","","QUICK","QUICK",""
"","3","RECURSIVE-AND-PARAMETRIC-TYPES---METTA-LANGUAGE5.03","","Fri Dec 13 18:08:33 GMT 2024","passed","Fri Dec 13 18:08:33 GMT 2024","","METTA-LANG","METTA-LANG",""
"","7000","quick.d4_type_prop","","Fri Dec 13 17:53:57 GMT 2024","passed","Fri Dec 13 17:54:04 GMT 2024","","WHOLE-TESTS","WHOLE-TESTS",""
"","2","TEST-SPO-1000.01","","Fri Dec 13 17:54:59 GMT 2024","passed","Fri Dec 13 17:54:59 GMT 2024","","METTA-WAM-ISSUE-116","METTA-WAM-ISSUE-116",""
"","119","CONTROLLING-PATTERN-MATCHING---METTA-LANGUAGE6.03","","Fri Dec 13 18:08:33 GMT 2024","failed","Fri Dec 13 18:08:33 GMT 2024","","METTA-LANG","METTA-LANG",""
"","2","HANDLING-NONDETERMINISTIC-RESULTS---METTA-LANGUAGE5.03","","Fri Dec 13 18:08:33 GMT 2024","passed","Fri Dec 13 18:08:33 GMT 2024","","METTA-LANG","METTA-LANG",""
"","2","C1-GROUNDED-BASIC.18","","Fri Dec 13 17:57:59 GMT 2024","passed","Fri Dec 13 17:57:59 GMT 2024","","HYPERON-EXPERIMENTAL-SCRIPTS","HYPERON-EXPERIMENTAL-SCRIPTS",""
"","79","INTERSECTION-TESTS.29","","Fri Dec 13 18:00:24 GMT 2024","failed","Fri Dec 13 18:00:24 GMT 2024","","HYPERON-METTALOG-SANITY","HYPERON-METTALOG-SANITY",""
"","2","SEQUENTIAL-NESTED.09","","Fri Dec 13 18:05:39 GMT 2024","passed","Fri Dec 13 18:05:39 GMT 2024","","METTA-MORPH-TESTS","METTA-MORPH-TESTS",""
"","3","SEQUENTIAL-NESTED.01","","Fri Dec 13 18:05:39 GMT 2024","passed","Fri Dec 13 18:05:39 GMT 2024","","METTA-MORPH-TESTS","METTA-MORPH-TESTS",""
"","2","06-MATCH-IN-SPACE.04","","Fri Dec 13 18:00:24 GMT 2024","passed","Fri Dec 13 18:00:24 GMT 2024","","HYPERON-METTALOG-SANITY","HYPERON-METTALOG-SANITY",""
"","3","NESTED-PARAMETERS.01","","Fri Dec 13 18:05:39 GMT 2024","passed","Fri Dec 13 18:05:39 GMT 2024","","METTA-MORPH-TESTS","METTA-MORPH-TESTS",""
"","3","D2-HIGHERFUNC.02","","Fri Dec 13 17:57:59 GMT 2024","passed","Fri Dec 13 17:57:59 GMT 2024","","HYPERON-EXPERIMENTAL-SCRIPTS","HYPERON-EXPERIMENTAL-SCRIPTS",""
"","2","INTERSECTION-TESTS.08","","Fri Dec 13 18:00:24 GMT 2024","passed","Fri Dec 13 18:00:24 GMT 2024","","HYPERON-METTALOG-SANITY","HYPERON-METTALOG-SANITY",""
"","6000","hyperon-mettalog_sanity.space_intersection_tests","","Fri Dec 13 17:53:57 GMT 2024","passed","Fri Dec 13 17:54:03 GMT 2024","","WHOLE-TESTS","WHOLE-TESTS",""
"","3","CONTROLLING-PATTERN-MATCHING---METTA-LANGUAGE11.06","","Fri Dec 13 18:08:33 GMT 2024","passed","Fri Dec 13 18:08:33 GMT 2024","","METTA-LANG","METTA-LANG",""
"","2","CONTROL-FLOW---METTA-LANGUAGE11.02","","Fri Dec 13 18:08:33 GMT 2024","passed","Fri Dec 13 18:08:33 GMT 2024","","METTA-LANG","METTA-LANG",""
"","15","CONCRETE-TYPES---METTA-LANGUAGE5.04","","Fri Dec 13 18:08:33 GMT 2024","failed","Fri Dec 13 18:08:33 GMT 2024","","METTA-LANG","METTA-LANG",""
"","6000","hyperon-mettalog_sanity.01_lang_inc","","Fri Dec 13 17:53:57 GMT 2024","passed","Fri Dec 13 17:54:03 GMT 2024","","WHOLE-TESTS","WHOLE-TESTS",""
"","3","D1-GADT.12","","Fri Dec 13 17:57:59 GMT 2024","passed","Fri Dec 13 17:57:59 GMT 2024","","HYPERON-EXPERIMENTAL-SCRIPTS","HYPERON-EXPERIMENTAL-SCRIPTS",""
"","2","F1-MODULEA.07","","Fri Dec 13 17:53:50 GMT 2024","passed","Fri Dec 13 17:53:50 GMT 2024","","MODULE-SYSTEM","MODULE-SYSTEM",""
"","2","CATCH-THROW-TESTS.04","","Fri Dec 13 18:00:24 GMT 2024","passed","Fri Dec 13 18:00:24 GMT 2024","","HYPERON-METTALOG-SANITY","HYPERON-METTALOG-SANITY",""
"","1","HYPERPOSE.07","","Fri Dec 13 18:05:39 GMT 2024","passed","Fri Dec 13 18:05:39 GMT 2024","","METTA-MORPH-TESTS","METTA-MORPH-TESTS",""
"","53","CONSOLE-OUTPUT-AND-DEBUGGING---METTA-LANGUAGE5.03","","Fri Dec 13 18:08:33 GMT 2024","passed","Fri Dec 13 18:08:33 GMT 2024","","METTA-LANG","METTA-LANG",""
"","3","IF.01","","Fri Dec 13 18:05:39 GMT 2024","passed","Fri Dec 13 18:05:39 GMT 2024","","METTA-MORPH-TESTS","METTA-MORPH-TESTS",""
"","2","C1-GROUNDED-BASIC.17","","Fri Dec 13 17:57:59 GMT 2024","passed","Fri Dec 13 17:57:59 GMT 2024","","HYPERON-EXPERIMENTAL-SCRIPTS","HYPERON-EXPERIMENTAL-SCRIPTS",""
"","6000","anti-regression.test_if_closed","","Fri Dec 13 17:53:57 GMT 2024","passed","Fri Dec 13 17:54:03 GMT 2024","","WHOLE-TESTS","WHOLE-TESTS",""
"","2","C3-PLN-STV.02","","Fri Dec 13 17:57:59 GMT 2024","passed","Fri Dec 13 17:57:59 GMT 2024","","HYPERON-EXPERIMENTAL-SCRIPTS","HYPERON-EXPERIMENTAL-SCRIPTS",""
"","3","CONTROLLING-PATTERN-MATCHING---METTA-LANGUAGE10.01","","Fri Dec 13 18:08:33 GMT 2024","passed","Fri Dec 13 18:08:33 GMT 2024","","METTA-LANG","METTA-LANG",""
"","2","C1-GROUNDED-BASIC.04","","Fri Dec 13 17:57:59 GMT 2024","passed","Fri Dec 13 17:57:59 GMT 2024","","HYPERON-EXPERIMENTAL-SCRIPTS","HYPERON-EXPERIMENTAL-SCRIPTS",""
"","4","E2-STATES.11","","Fri Dec 13 17:57:59 GMT 2024","passed","Fri Dec 13 17:57:59 GMT 2024","","HYPERON-EXPERIMENTAL-SCRIPTS","HYPERON-EXPERIMENTAL-SCRIPTS",""
"","6000","baseline_compat.rust_02","","Fri Dec 13 17:53:57 GMT 2024","passed","Fri Dec 13 17:54:03 GMT 2024","","WHOLE-TESTS","WHOLE-TESTS",""
"","2","FUNCTIONS-AND-UNIFICATION---METTA-LANGUAGE1.02","","Fri Dec 13 18:08:33 GMT 2024","passed","Fri Dec 13 18:08:33 GMT 2024","","METTA-LANG","METTA-LANG",""
"","2","CONTROLLING-PATTERN-MATCHING---METTA-LANGUAGE12.06","","Fri Dec 13 18:08:33 GMT 2024","passed","Fri Dec 13 18:08:33 GMT 2024","","METTA-LANG","METTA-LANG",""
"","6000","metta-wam-issue-116.test_spo_100","","Fri Dec 13 17:53:57 GMT 2024","passed","Fri Dec 13 17:54:03 GMT 2024","","WHOLE-TESTS","WHOLE-TESTS",""
"","2","FUNCTIONS-AND-UNIFICATION---METTA-LANGUAGE6.02","","Fri Dec 13 18:08:33 GMT 2024","passed","Fri Dec 13 18:08:33 GMT 2024","","METTA-LANG","METTA-LANG",""
"","2","MATCH-VOID.10","","Fri Dec 13 18:05:39 GMT 2024","passed","Fri Dec 13 18:05:39 GMT 2024","","METTA-MORPH-TESTS","METTA-MORPH-TESTS",""
"","2","SUBTRACTION-TEST.02","","Fri Dec 13 18:00:24 GMT 2024","passed","Fri Dec 13 18:00:24 GMT 2024","","HYPERON-METTALOG-SANITY","HYPERON-METTALOG-SANITY",""
"","1","WORKING-WITH-SPACES---METTA-LANGUAGE6.04","","Fri Dec 13 18:08:33 GMT 2024","passed","Fri Dec 13 18:08:33 GMT 2024","","METTA-LANG","METTA-LANG",""
"","2","C1-GROUNDED-BASIC.03","","Fri Dec 13 18:24:16 GMT 2024","passed","Fri Dec 13 18:24:16 GMT 2024","","QUICK","QUICK",""
"","3","FIRST-ANSWER.01","","Fri Dec 13 18:00:24 GMT 2024","passed","Fri Dec 13 18:00:24 GMT 2024","","HYPERON-METTALOG-SANITY","HYPERON-METTALOG-SANITY",""
"","3","B0-CHAINING-PRELIM.01","","Fri Dec 13 17:57:59 GMT 2024","passed","Fri Dec 13 17:57:59 GMT 2024","","HYPERON-EXPERIMENTAL-SCRIPTS","HYPERON-EXPERIMENTAL-SCRIPTS",""
"","3","CONSOLE-OUTPUT-AND-DEBUGGING---METTA-LANGUAGE2.03","","Fri Dec 13 18:08:33 GMT 2024","passed","Fri Dec 13 18:08:33 GMT 2024","","METTA-LANG","METTA-LANG",""
"","2","D1-GADT.02","","Fri Dec 13 18:24:16 GMT 2024","passed","Fri Dec 13 18:24:16 GMT 2024","","QUICK","QUICK",""
"","118","CONCRETE-TYPES---METTA-LANGUAGE13.03","","Fri Dec 13 18:08:33 GMT 2024","failed","Fri Dec 13 18:08:33 GMT 2024","","METTA-LANG","METTA-LANG",""
"","3","CONCRETE-TYPES---METTA-LANGUAGE14.01","","Fri Dec 13 18:08:33 GMT 2024","passed","Fri Dec 13 18:08:33 GMT 2024","","METTA-LANG","METTA-LANG",""
"","6000","metta_lang.Working_with_spaces___MeTTa_Language1","","Fri Dec 13 17:53:57 GMT 2024","passed","Fri Dec 13 17:54:03 GMT 2024","","WHOLE-TESTS","WHOLE-TESTS",""
"","7000","metta_lang.Controlling_pattern_matching___MeTTa_Language1","","Fri Dec 13 17:53:57 GMT 2024","passed","Fri Dec 13 17:54:04 GMT 2024","","WHOLE-TESTS","WHOLE-TESTS",""
"","14","D1-GADT.05","","Fri Dec 13 18:24:16 GMT 2024","passed","Fri Dec 13 18:24:16 GMT 2024","","QUICK","QUICK",""
"","7000","metta_lang.Basic_grounded_functions___MeTTa_Language6","","Fri Dec 13 17:53:57 GMT 2024","passed","Fri Dec 13 17:54:04 GMT 2024","","WHOLE-TESTS","WHOLE-TESTS",""
"","6000","metta_lang.Basic_grounded_functions___MeTTa_Language1","","Fri Dec 13 17:53:57 GMT 2024","passed","Fri Dec 13 17:54:03 GMT 2024","","WHOLE-TESTS","WHOLE-TESTS",""
"","2","B4-NONDETERM.02","","Fri Dec 13 17:57:59 GMT 2024","passed","Fri Dec 13 17:57:59 GMT 2024","","HYPERON-EXPERIMENTAL-SCRIPTS","HYPERON-EXPERIMENTAL-SCRIPTS",""
"","75","F1-IMPORTS.14","","Fri Dec 13 17:53:50 GMT 2024","passed","Fri Dec 13 17:53:50 GMT 2024","","MODULE-SYSTEM","MODULE-SYSTEM",""
"","6000","metta_lang.Controlling_pattern_matching___MeTTa_Language3","","Fri Dec 13 17:53:57 GMT 2024","passed","Fri Dec 13 17:54:03 GMT 2024","","WHOLE-TESTS","WHOLE-TESTS",""
"","79","CONSOLE-OUTPUT-AND-DEBUGGING---METTA-LANGUAGE4.02","","Fri Dec 13 18:08:33 GMT 2024","passed","Fri Dec 13 18:08:33 GMT 2024","","METTA-LANG","METTA-LANG",""
"","2","HYPERPOSE.05","","Fri Dec 13 18:05:39 GMT 2024","passed","Fri Dec 13 18:05:39 GMT 2024","","METTA-MORPH-TESTS","METTA-MORPH-TESTS",""
"","6000","hyperon-experimental_scripts.d5_auto_types","","Fri Dec 13 17:53:57 GMT 2024","passed","Fri Dec 13 17:54:03 GMT 2024","","WHOLE-TESTS","WHOLE-TESTS",""
"","17","WORKING-WITH-SPACES---METTA-LANGUAGE7.02","","Fri Dec 13 18:08:33 GMT 2024","failed","Fri Dec 13 18:08:33 GMT 2024","","METTA-LANG","METTA-LANG",""
"","6000","metta_lang.Operations_over_atoms___MeTTa_Language8","","Fri Dec 13 17:53:57 GMT 2024","passed","Fri Dec 13 17:54:03 GMT 2024","","WHOLE-TESTS","WHOLE-TESTS",""
"","2","INTERSECTION-TESTS.11","","Fri Dec 13 18:00:24 GMT 2024","passed","Fri Dec 13 18:00:24 GMT 2024","","HYPERON-METTALOG-SANITY","HYPERON-METTALOG-SANITY",""
"","1","BASIC-GROUNDED-FUNCTIONS---METTA-LANGUAGE6.04","","Fri Dec 13 18:08:33 GMT 2024","passed","Fri Dec 13 18:08:33 GMT 2024","","METTA-LANG","METTA-LANG",""
"","96","WORKING-WITH-SPACES---METTA-LANGUAGE9.05","","Fri Dec 13 18:08:33 GMT 2024","failed","Fri Dec 13 18:08:33 GMT 2024","","METTA-LANG","METTA-LANG",""
"","94","INTERSECTION-TESTS.21","","Fri Dec 13 18:00:24 GMT 2024","passed","Fri Dec 13 18:00:24 GMT 2024","","HYPERON-METTALOG-SANITY","HYPERON-METTALOG-SANITY",""
"","70","INTERSECTION-TESTS.06","","Fri Dec 13 18:00:24 GMT 2024","passed","Fri Dec 13 18:00:24 GMT 2024","","HYPERON-METTALOG-SANITY","HYPERON-METTALOG-SANITY",""
"","1","BASIC-GROUNDED-FUNCTIONS---METTA-LANGUAGE6.03","","Fri Dec 13 18:08:33 GMT 2024","passed","Fri Dec 13 18:08:33 GMT 2024","","METTA-LANG","METTA-LANG",""
"","2","METATYPES---METTA-LANGUAGE2.05","","Fri Dec 13 18:08:33 GMT 2024","passed","Fri Dec 13 18:08:33 GMT 2024","","METTA-LANG","METTA-LANG",""
"","2","RECURSIVE-AND-PARAMETRIC-TYPES---METTA-LANGUAGE7.04","","Fri Dec 13 18:08:33 GMT 2024","passed","Fri Dec 13 18:08:33 GMT 2024","","METTA-LANG","METTA-LANG",""
"","6000","metta_lang.Basic_evaluation___MeTTa_Language3","","Fri Dec 13 17:53:57 GMT 2024","passed","Fri Dec 13 17:54:03 GMT 2024","","WHOLE-TESTS","WHOLE-TESTS",""
"","2","INTERSECTION-TESTS.20","","Fri Dec 13 18:00:24 GMT 2024","passed","Fri Dec 13 18:00:24 GMT 2024","","HYPERON-METTALOG-SANITY","HYPERON-METTALOG-SANITY",""
"","4","RECURSIVE-AND-PARAMETRIC-TYPES---METTA-LANGUAGE4.01","","Fri Dec 13 18:08:33 GMT 2024","passed","Fri Dec 13 18:08:33 GMT 2024","","METTA-LANG","METTA-LANG",""
"","2","SPACE-INTERSECTION-TESTS.13","","Fri Dec 13 18:00:24 GMT 2024","passed","Fri Dec 13 18:00:24 GMT 2024","","HYPERON-METTALOG-SANITY","HYPERON-METTALOG-SANITY",""
"","82","B5-TYPES-PRELIM.11","","Fri Dec 13 17:57:59 GMT 2024","failed","Fri Dec 13 17:57:59 GMT 2024","","HYPERON-EXPERIMENTAL-SCRIPTS","HYPERON-EXPERIMENTAL-SCRIPTS",""
"","6000","metta_lang.Controlling_pattern_matching___MeTTa_Language10","","Fri Dec 13 17:53:57 GMT 2024","passed","Fri Dec 13 17:54:03 GMT 2024","","WHOLE-TESTS","WHOLE-TESTS",""
"","3","CONCRETE-TYPES---METTA-LANGUAGE1.01","","Fri Dec 13 18:08:33 GMT 2024","passed","Fri Dec 13 18:08:33 GMT 2024","","METTA-LANG","METTA-LANG",""
"","2","TEST-IF-CLOSED.03","","Fri Dec 13 17:54:03 GMT 2024","passed","Fri Dec 13 17:54:03 GMT 2024","","ANTI-REGRESSION","ANTI-REGRESSION",""
"","7000","hyperon-mettalog_sanity.structure-tests","","Fri Dec 13 17:53:57 GMT 2024","passed","Fri Dec 13 17:54:04 GMT 2024","","WHOLE-TESTS","WHOLE-TESTS",""
"","2","WORKING-WITH-SPACES---METTA-LANGUAGE2.05","","Fri Dec 13 18:08:33 GMT 2024","passed","Fri Dec 13 18:08:33 GMT 2024","","METTA-LANG","METTA-LANG",""
"","6000","metta_lang.Concrete_types___MeTTa_Language6","","Fri Dec 13 17:53:57 GMT 2024","passed","Fri Dec 13 17:54:03 GMT 2024","","WHOLE-TESTS","WHOLE-TESTS",""
"","7000","hyperon-mettalog_sanity.02-curried-plus","","Fri Dec 13 17:53:57 GMT 2024","passed","Fri Dec 13 17:54:04 GMT 2024","","WHOLE-TESTS","WHOLE-TESTS",""
"","6000","module-system.c2_spaces","","Fri Dec 13 17:53:57 GMT 2024","passed","Fri Dec 13 17:54:03 GMT 2024","","WHOLE-TESTS","WHOLE-TESTS",""
"","2","CONTROLLING-PATTERN-MATCHING---METTA-LANGUAGE1.02","","Fri Dec 13 18:08:33 GMT 2024","passed","Fri Dec 13 18:08:33 GMT 2024","","METTA-LANG","METTA-LANG",""
"","2","QUERYING-SPACE-CONTENT---METTA-LANGUAGE5.02","","Fri Dec 13 18:08:33 GMT 2024","passed","Fri Dec 13 18:08:33 GMT 2024","","METTA-LANG","METTA-LANG",""
"","2","D4-TYPE-PROP.18","","Fri Dec 13 18:24:16 GMT 2024","passed","Fri Dec 13 18:24:16 GMT 2024","","QUICK","QUICK",""
"","6000","metta_lang.Working_with_spaces___MeTTa_Language11","","Fri Dec 13 17:53:57 GMT 2024","passed","Fri Dec 13 17:54:03 GMT 2024","","WHOLE-TESTS","WHOLE-TESTS",""
"","104","BASIC-EVALUATION---METTA-LANGUAGE15.03","","Fri Dec 13 18:08:33 GMT 2024","passed","Fri Dec 13 18:08:33 GMT 2024","","METTA-LANG","METTA-LANG",""
"","15","E3-MATCH-STATES.06","","Fri Dec 13 17:57:59 GMT 2024","failed","Fri Dec 13 17:57:59 GMT 2024","","HYPERON-EXPERIMENTAL-SCRIPTS","HYPERON-EXPERIMENTAL-SCRIPTS",""
"","2","BASIC-GROUNDED-FUNCTIONS---METTA-LANGUAGE4.02","","Fri Dec 13 18:08:33 GMT 2024","passed","Fri Dec 13 18:08:33 GMT 2024","","METTA-LANG","METTA-LANG",""
"","2","00-LANG-CASE.14","","Fri Dec 13 18:00:24 GMT 2024","passed","Fri Dec 13 18:00:24 GMT 2024","","HYPERON-METTALOG-SANITY","HYPERON-METTALOG-SANITY",""
"","2","SEQUENTIAL-NESTED.08","","Fri Dec 13 18:05:39 GMT 2024","passed","Fri Dec 13 18:05:39 GMT 2024","","METTA-MORPH-TESTS","METTA-MORPH-TESTS",""
"","6000","metta-morph_tests.nested_parameters","","Fri Dec 13 17:53:57 GMT 2024","passed","Fri Dec 13 17:54:03 GMT 2024","","WHOLE-TESTS","WHOLE-TESTS",""
"","1","B0-CHAINING-PRELIM.02","","Fri Dec 13 17:57:59 GMT 2024","passed","Fri Dec 13 17:57:59 GMT 2024","","HYPERON-EXPERIMENTAL-SCRIPTS","HYPERON-EXPERIMENTAL-SCRIPTS",""
"","3","METATYPES---METTA-LANGUAGE1.07","","Fri Dec 13 18:08:33 GMT 2024","passed","Fri Dec 13 18:08:33 GMT 2024","","METTA-LANG","METTA-LANG",""
"","2","CATCH-THROW-TESTS.02","","Fri Dec 13 18:00:24 GMT 2024","passed","Fri Dec 13 18:00:24 GMT 2024","","HYPERON-METTALOG-SANITY","HYPERON-METTALOG-SANITY",""
"","2","RECURSION-AND-CONTROL---METTA-LANGUAGE5.02","","Fri Dec 13 18:08:33 GMT 2024","passed","Fri Dec 13 18:08:33 GMT 2024","","METTA-LANG","METTA-LANG",""
"","2","BASIC-GROUNDED-FUNCTIONS---METTA-LANGUAGE6.02","","Fri Dec 13 18:08:33 GMT 2024","passed","Fri Dec 13 18:08:33 GMT 2024","","METTA-LANG","METTA-LANG",""
"","6000","metta_lang.Functions_and_unification___MeTTa_Language2","","Fri Dec 13 17:53:57 GMT 2024","passed","Fri Dec 13 17:54:03 GMT 2024","","WHOLE-TESTS","WHOLE-TESTS",""
"","2","CONTROL-FLOW---METTA-LANGUAGE9.01","","Fri Dec 13 18:08:33 GMT 2024","passed","Fri Dec 13 18:08:33 GMT 2024","","METTA-LANG","METTA-LANG",""
"","3","STATES-SPACES.01","","Fri Dec 13 18:05:39 GMT 2024","passed","Fri Dec 13 18:05:39 GMT 2024","","METTA-MORPH-TESTS","METTA-MORPH-TESTS",""
"","2","QUERYING-SPACE-CONTENT---METTA-LANGUAGE2.03","","Fri Dec 13 18:08:33 GMT 2024","passed","Fri Dec 13 18:08:33 GMT 2024","","METTA-LANG","METTA-LANG",""
"","2","CONTROL-FLOW---METTA-LANGUAGE15.02","","Fri Dec 13 18:08:33 GMT 2024","passed","Fri Dec 13 18:08:33 GMT 2024","","METTA-LANG","METTA-LANG",""
"","2","FREE-VARIABLES-AND-NONDETERMINISM-AGAIN-RECURSIVELY---METTA-LANGUAGE5.01","","Fri Dec 13 18:08:33 GMT 2024","passed","Fri Dec 13 18:08:33 GMT 2024","","METTA-LANG","METTA-LANG",""
"","2","XOR-TEST.04","","Fri Dec 13 18:00:24 GMT 2024","passed","Fri Dec 13 18:00:24 GMT 2024","","HYPERON-METTALOG-SANITY","HYPERON-METTALOG-SANITY",""
"","7000","metta_lang.Querying_space_content___MeTTa_Language5","","Fri Dec 13 17:53:57 GMT 2024","passed","Fri Dec 13 17:54:04 GMT 2024","","WHOLE-TESTS","WHOLE-TESTS",""
"","7000","metta_lang.Basic_evaluation___MeTTa_Language14","","Fri Dec 13 17:53:57 GMT 2024","passed","Fri Dec 13 17:54:04 GMT 2024","","WHOLE-TESTS","WHOLE-TESTS",""
"","2","F1-MODULEA.09","","Fri Dec 13 18:24:16 GMT 2024","passed","Fri Dec 13 18:24:16 GMT 2024","","QUICK","QUICK",""
"","3","UNIQUE-TEST.08","","Fri Dec 13 18:00:24 GMT 2024","passed","Fri Dec 13 18:00:24 GMT 2024","","HYPERON-METTALOG-SANITY","HYPERON-METTALOG-SANITY",""
"","2","RECURSIVE-AND-PARAMETRIC-TYPES---METTA-LANGUAGE5.05","","Fri Dec 13 18:08:33 GMT 2024","passed","Fri Dec 13 18:08:33 GMT 2024","","METTA-LANG","METTA-LANG",""
"","2","WORKING-WITH-SPACES---METTA-LANGUAGE1.02","","Fri Dec 13 18:08:33 GMT 2024","passed","Fri Dec 13 18:08:33 GMT 2024","","METTA-LANG","METTA-LANG",""
"","2","WORKING-WITH-SPACES---METTA-LANGUAGE2.03","","Fri Dec 13 18:08:33 GMT 2024","passed","Fri Dec 13 18:08:33 GMT 2024","","METTA-LANG","METTA-LANG",""
"","6000","metta_lang.Control_flow___MeTTa_Language9","","Fri Dec 13 17:53:57 GMT 2024","passed","Fri Dec 13 17:54:03 GMT 2024","","WHOLE-TESTS","WHOLE-TESTS",""
"","2","FIND-ALL-TESTS.06","","Fri Dec 13 18:00:24 GMT 2024","passed","Fri Dec 13 18:00:24 GMT 2024","","HYPERON-METTALOG-SANITY","HYPERON-METTALOG-SANITY",""
"","2","BCHAIN.05","","Fri Dec 13 17:54:03 GMT 2024","passed","Fri Dec 13 17:54:03 GMT 2024","","ANTI-REGRESSION","ANTI-REGRESSION",""
"","3","01-LANG-INC.02","","Fri Dec 13 18:00:24 GMT 2024","passed","Fri Dec 13 18:00:24 GMT 2024","","HYPERON-METTALOG-SANITY","HYPERON-METTALOG-SANITY",""
"","2","F1-IMPORTS.02","","Fri Dec 13 17:53:50 GMT 2024","passed","Fri Dec 13 17:53:50 GMT 2024","","MODULE-SYSTEM","MODULE-SYSTEM",""
"","2","D2-HIGHERFUNC.16","","Fri Dec 13 17:57:59 GMT 2024","passed","Fri Dec 13 17:57:59 GMT 2024","","HYPERON-EXPERIMENTAL-SCRIPTS","HYPERON-EXPERIMENTAL-SCRIPTS",""
"","2","UNIQUE-TEST.06","","Fri Dec 13 18:00:24 GMT 2024","passed","Fri Dec 13 18:00:24 GMT 2024","","HYPERON-METTALOG-SANITY","HYPERON-METTALOG-SANITY",""
"","2","HANDLING-NONDETERMINISTIC-RESULTS---METTA-LANGUAGE8.06","","Fri Dec 13 18:08:33 GMT 2024","passed","Fri Dec 13 18:08:33 GMT 2024","","METTA-LANG","METTA-LANG",""
"","68","SPACE-INTERSECTION-TESTS.12","","Fri Dec 13 18:00:24 GMT 2024","failed","Fri Dec 13 18:00:24 GMT 2024","","HYPERON-METTALOG-SANITY","HYPERON-METTALOG-SANITY",""
"","4","SEALED-TEST.08","","Fri Dec 13 18:00:24 GMT 2024","passed","Fri Dec 13 18:00:24 GMT 2024","","HYPERON-METTALOG-SANITY","HYPERON-METTALOG-SANITY",""
"","2","SUPERCOLLAPSE.07","","Fri Dec 13 18:05:39 GMT 2024","passed","Fri Dec 13 18:05:39 GMT 2024","","METTA-MORPH-TESTS","METTA-MORPH-TESTS",""
"","2","RECURSIVE-AND-PARAMETRIC-TYPES---METTA-LANGUAGE3.03","","Fri Dec 13 18:08:33 GMT 2024","passed","Fri Dec 13 18:08:33 GMT 2024","","METTA-LANG","METTA-LANG",""
"","2","D4-TYPE-PROP.09","","Fri Dec 13 17:57:59 GMT 2024","passed","Fri Dec 13 17:57:59 GMT 2024","","HYPERON-EXPERIMENTAL-SCRIPTS","HYPERON-EXPERIMENTAL-SCRIPTS",""
"","3","E2-STATES.10","","Fri Dec 13 17:57:59 GMT 2024","passed","Fri Dec 13 17:57:59 GMT 2024","","HYPERON-EXPERIMENTAL-SCRIPTS","HYPERON-EXPERIMENTAL-SCRIPTS",""
"","3","CATCH-THROW-TESTS.07","","Fri Dec 13 18:00:24 GMT 2024","passed","Fri Dec 13 18:00:24 GMT 2024","","HYPERON-METTALOG-SANITY","HYPERON-METTALOG-SANITY",""
"","2","STRING-TESTS.08","","Fri Dec 13 18:00:24 GMT 2024","passed","Fri Dec 13 18:00:24 GMT 2024","","HYPERON-METTALOG-SANITY","HYPERON-METTALOG-SANITY",""
"","2","METTALOGTESTCURRIED2.01","","Fri Dec 13 17:54:03 GMT 2024","passed","Fri Dec 13 17:54:03 GMT 2024","","ANTI-REGRESSION","ANTI-REGRESSION",""
"","3","A1-SYMBOLS.03","","Fri Dec 13 17:57:59 GMT 2024","passed","Fri Dec 13 17:57:59 GMT 2024","","HYPERON-EXPERIMENTAL-SCRIPTS","HYPERON-EXPERIMENTAL-SCRIPTS",""
"","76","F1-IMPORTS.18","","Fri Dec 13 18:24:16 GMT 2024","passed","Fri Dec 13 18:24:16 GMT 2024","","QUICK","QUICK",""
"","3","CONTROLLING-PATTERN-MATCHING---METTA-LANGUAGE8.01","","Fri Dec 13 18:08:33 GMT 2024","passed","Fri Dec 13 18:08:33 GMT 2024","","METTA-LANG","METTA-LANG",""
"","1","D4-TYPE-PROP.12","","Fri Dec 13 17:57:59 GMT 2024","passed","Fri Dec 13 17:57:59 GMT 2024","","HYPERON-EXPERIMENTAL-SCRIPTS","HYPERON-EXPERIMENTAL-SCRIPTS",""
"","3","FUNCTIONS-AND-UNIFICATION---METTA-LANGUAGE2.02","","Fri Dec 13 18:08:33 GMT 2024","passed","Fri Dec 13 18:08:33 GMT 2024","","METTA-LANG","METTA-LANG",""
"","77","F1-IMPORTS.13","","Fri Dec 13 18:24:16 GMT 2024","failed","Fri Dec 13 18:24:16 GMT 2024","","QUICK","QUICK",""
"","2","OR-TEST.04","","Fri Dec 13 18:00:24 GMT 2024","passed","Fri Dec 13 18:00:24 GMT 2024","","HYPERON-METTALOG-SANITY","HYPERON-METTALOG-SANITY",""
"","2","B5-TYPES-PRELIM.10","","Fri Dec 13 17:57:59 GMT 2024","passed","Fri Dec 13 17:57:59 GMT 2024","","HYPERON-EXPERIMENTAL-SCRIPTS","HYPERON-EXPERIMENTAL-SCRIPTS",""
"","3","RECURSIVE-AND-PARAMETRIC-TYPES---METTA-LANGUAGE7.06","","Fri Dec 13 18:08:33 GMT 2024","passed","Fri Dec 13 18:08:33 GMT 2024","","METTA-LANG","METTA-LANG",""
"","663","TESTS0.07","","Fri Dec 13 18:05:39 GMT 2024","passed","Fri Dec 13 18:05:39 GMT 2024","","METTA-MORPH-TESTS","METTA-MORPH-TESTS",""
"","6000","metta_lang.Controlling_pattern_matching___MeTTa_Language6","","Fri Dec 13 17:53:57 GMT 2024","passed","Fri Dec 13 17:54:03 GMT 2024","","WHOLE-TESTS","WHOLE-TESTS",""
"","6000","metta_lang.Basic_evaluation___MeTTa_Language2","","Fri Dec 13 17:53:57 GMT 2024","passed","Fri Dec 13 17:54:03 GMT 2024","","WHOLE-TESTS","WHOLE-TESTS",""
"","2","STRING-TESTS.05","","Fri Dec 13 18:00:24 GMT 2024","passed","Fri Dec 13 18:00:24 GMT 2024","","HYPERON-METTALOG-SANITY","HYPERON-METTALOG-SANITY",""
"","3","BASIC-EVALUATION---METTA-LANGUAGE6.03","","Fri Dec 13 18:08:33 GMT 2024","passed","Fri Dec 13 18:08:33 GMT 2024","","METTA-LANG","METTA-LANG",""
"","7000","metta_lang.Handling_nondeterministic_results___MeTTa_Language7","","Fri Dec 13 17:53:57 GMT 2024","passed","Fri Dec 13 17:54:04 GMT 2024","","WHOLE-TESTS","WHOLE-TESTS",""
"","2","F1-IMPORTS.08","","Fri Dec 13 17:53:50 GMT 2024","passed","Fri Dec 13 17:53:50 GMT 2024","","MODULE-SYSTEM","MODULE-SYSTEM",""
"","2","BASIC-EVALUATION---METTA-LANGUAGE10.02","","Fri Dec 13 18:08:33 GMT 2024","passed","Fri Dec 13 18:08:33 GMT 2024","","METTA-LANG","METTA-LANG",""
"","67","B4-NONDETERM.03","","Fri Dec 13 17:57:59 GMT 2024","passed","Fri Dec 13 17:57:59 GMT 2024","","HYPERON-EXPERIMENTAL-SCRIPTS","HYPERON-EXPERIMENTAL-SCRIPTS",""
"","1","CONCRETE-TYPES---METTA-LANGUAGE12.02","","Fri Dec 13 18:08:33 GMT 2024","passed","Fri Dec 13 18:08:33 GMT 2024","","METTA-LANG","METTA-LANG",""
"","3","RECURSIVE-AND-PARAMETRIC-TYPES---METTA-LANGUAGE5.02","","Fri Dec 13 18:08:33 GMT 2024","passed","Fri Dec 13 18:08:33 GMT 2024","","METTA-LANG","METTA-LANG",""
"","2","CONTROLLING-PATTERN-MATCHING---METTA-LANGUAGE12.10","","Fri Dec 13 18:08:33 GMT 2024","passed","Fri Dec 13 18:08:33 GMT 2024","","METTA-LANG","METTA-LANG",""
"","3","SUBTRACTION-TEST.08","","Fri Dec 13 18:00:24 GMT 2024","passed","Fri Dec 13 18:00:24 GMT 2024","","HYPERON-METTALOG-SANITY","HYPERON-METTALOG-SANITY",""
"","6000","hyperon-experimental_scripts.f1_moduleA","","Fri Dec 13 17:53:57 GMT 2024","passed","Fri Dec 13 17:54:03 GMT 2024","","WHOLE-TESTS","WHOLE-TESTS",""
"","2","CONTROL-FLOW---METTA-LANGUAGE15.06","","Fri Dec 13 18:08:33 GMT 2024","passed","Fri Dec 13 18:08:33 GMT 2024","","METTA-LANG","METTA-LANG",""
"","1","WORKING-WITH-SPACES---METTA-LANGUAGE9.04","","Fri Dec 13 18:08:33 GMT 2024","passed","Fri Dec 13 18:08:33 GMT 2024","","METTA-LANG","METTA-LANG",""
"","1","BCHAIN-COMP.02","","Fri Dec 13 17:54:03 GMT 2024","passed","Fri Dec 13 17:54:03 GMT 2024","","ANTI-REGRESSION","ANTI-REGRESSION",""
"","2","B0-CHAINING-PRELIM.04","","Fri Dec 13 17:57:59 GMT 2024","passed","Fri Dec 13 17:57:59 GMT 2024","","HYPERON-EXPERIMENTAL-SCRIPTS","HYPERON-EXPERIMENTAL-SCRIPTS",""
"","3","CONTROL-FLOW---METTA-LANGUAGE6.01","","Fri Dec 13 18:08:33 GMT 2024","passed","Fri Dec 13 18:08:33 GMT 2024","","METTA-LANG","METTA-LANG",""
"","1","D4-TYPE-PROP.05","","Fri Dec 13 18:24:16 GMT 2024","passed","Fri Dec 13 18:24:16 GMT 2024","","QUICK","QUICK",""
"","2","STATES-SPACES.06","","Fri Dec 13 18:05:39 GMT 2024","passed","Fri Dec 13 18:05:39 GMT 2024","","METTA-MORPH-TESTS","METTA-MORPH-TESTS",""
"","7000","metta_lang.Concrete_types___MeTTa_Language8","","Fri Dec 13 17:53:57 GMT 2024","passed","Fri Dec 13 17:54:04 GMT 2024","","WHOLE-TESTS","WHOLE-TESTS",""
"","2","STRING-TESTS.16","","Fri Dec 13 18:00:24 GMT 2024","passed","Fri Dec 13 18:00:24 GMT 2024","","HYPERON-METTALOG-SANITY","HYPERON-METTALOG-SANITY",""
"","2","F1-MODULEA.04","","Fri Dec 13 18:24:16 GMT 2024","passed","Fri Dec 13 18:24:16 GMT 2024","","QUICK","QUICK",""
"","3","RECURSIVE-AND-PARAMETRIC-TYPES---METTA-LANGUAGE2.01","","Fri Dec 13 18:08:33 GMT 2024","passed","Fri Dec 13 18:08:33 GMT 2024","","METTA-LANG","METTA-LANG",""
"","2","C1-GROUNDED-BASIC.12","","Fri Dec 13 17:57:59 GMT 2024","passed","Fri Dec 13 17:57:59 GMT 2024","","HYPERON-EXPERIMENTAL-SCRIPTS","HYPERON-EXPERIMENTAL-SCRIPTS",""
"","2","RECURSION-AND-CONTROL---METTA-LANGUAGE3.04","","Fri Dec 13 18:08:33 GMT 2024","passed","Fri Dec 13 18:08:33 GMT 2024","","METTA-LANG","METTA-LANG",""
"","3","BASIC-EVALUATION---METTA-LANGUAGE15.04","","Fri Dec 13 18:08:33 GMT 2024","passed","Fri Dec 13 18:08:33 GMT 2024","","METTA-LANG","METTA-LANG",""
"","2","D4-TYPE-PROP.09","","Fri Dec 13 18:24:16 GMT 2024","passed","Fri Dec 13 18:24:16 GMT 2024","","QUICK","QUICK",""
"","3","B1-EQUAL-CHAIN.03","","Fri Dec 13 17:57:59 GMT 2024","passed","Fri Dec 13 17:57:59 GMT 2024","","HYPERON-EXPERIMENTAL-SCRIPTS","HYPERON-EXPERIMENTAL-SCRIPTS",""
"","2","STRING-TESTS.18","","Fri Dec 13 18:00:24 GMT 2024","passed","Fri Dec 13 18:00:24 GMT 2024","","HYPERON-METTALOG-SANITY","HYPERON-METTALOG-SANITY",""
"","2","CONTROL-FLOW---METTA-LANGUAGE16.07","","Fri Dec 13 18:08:33 GMT 2024","passed","Fri Dec 13 18:08:33 GMT 2024","","METTA-LANG","METTA-LANG",""
"","188","WORKING-WITH-SPACES---METTA-LANGUAGE4.04","","Fri Dec 13 18:08:33 GMT 2024","failed","Fri Dec 13 18:08:33 GMT 2024","","METTA-LANG","METTA-LANG",""
"","2","SPACE-INTERSECTION-TESTS.18","","Fri Dec 13 18:00:24 GMT 2024","passed","Fri Dec 13 18:00:24 GMT 2024","","HYPERON-METTALOG-SANITY","HYPERON-METTALOG-SANITY",""
"","69","WORKING-WITH-SPACES---METTA-LANGUAGE12.05","","Fri Dec 13 18:08:33 GMT 2024","passed","Fri Dec 13 18:08:33 GMT 2024","","METTA-LANG","METTA-LANG",""
"","6000","anti-regression.mettalogTestCurried2","","Fri Dec 13 17:53:57 GMT 2024","passed","Fri Dec 13 17:54:03 GMT 2024","","WHOLE-TESTS","WHOLE-TESTS",""
"","9000","anti-regression.bc_comp","","Fri Dec 13 17:53:57 GMT 2024","passed","Fri Dec 13 17:54:06 GMT 2024","","WHOLE-TESTS","WHOLE-TESTS",""
"","3","OPERATIONS-OVER-ATOMS---METTA-LANGUAGE3.03","","Fri Dec 13 18:08:33 GMT 2024","passed","Fri Dec 13 18:08:33 GMT 2024","","METTA-LANG","METTA-LANG",""
"","2","MATCH-VOID.06","","Fri Dec 13 18:05:39 GMT 2024","passed","Fri Dec 13 18:05:39 GMT 2024","","METTA-MORPH-TESTS","METTA-MORPH-TESTS",""
"","4","A2-OPENCOGGY.01","","Fri Dec 13 17:57:59 GMT 2024","passed","Fri Dec 13 17:57:59 GMT 2024","","HYPERON-EXPERIMENTAL-SCRIPTS","HYPERON-EXPERIMENTAL-SCRIPTS",""
"","7000","metta_lang.Metatypes___MeTTa_Language1","","Fri Dec 13 17:53:57 GMT 2024","passed","Fri Dec 13 17:54:04 GMT 2024","","WHOLE-TESTS","WHOLE-TESTS",""
"","1","D4-TYPE-PROP.12","","Fri Dec 13 18:24:16 GMT 2024","passed","Fri Dec 13 18:24:16 GMT 2024","","QUICK","QUICK",""
"","8000","hyperon-mettalog_sanity.max_time_tests","","Fri Dec 13 17:53:57 GMT 2024","passed","Fri Dec 13 17:54:05 GMT 2024","","WHOLE-TESTS","WHOLE-TESTS",""
"","6000","metta_lang.Working_with_spaces___MeTTa_Language9","","Fri Dec 13 17:53:57 GMT 2024","passed","Fri Dec 13 17:54:03 GMT 2024","","WHOLE-TESTS","WHOLE-TESTS",""
"","2","METATYPES---METTA-LANGUAGE2.07","","Fri Dec 13 18:08:33 GMT 2024","passed","Fri Dec 13 18:08:33 GMT 2024","","METTA-LANG","METTA-LANG",""
"","3","FUNCTIONS-AND-UNIFICATION---METTA-LANGUAGE4.01","","Fri Dec 13 18:08:33 GMT 2024","passed","Fri Dec 13 18:08:33 GMT 2024","","METTA-LANG","METTA-LANG",""
"","1","D2-HIGHERFUNC.04","","Fri Dec 13 18:24:16 GMT 2024","passed","Fri Dec 13 18:24:16 GMT 2024","","QUICK","QUICK",""
"","2","CONTROLLING-PATTERN-MATCHING---METTA-LANGUAGE11.02","","Fri Dec 13 18:08:33 GMT 2024","passed","Fri Dec 13 18:08:33 GMT 2024","","METTA-LANG","METTA-LANG",""
"","2","00-LANG-CASE.06","","Fri Dec 13 18:00:24 GMT 2024","passed","Fri Dec 13 18:00:24 GMT 2024","","HYPERON-METTALOG-SANITY","HYPERON-METTALOG-SANITY",""
"","3","WORKING-WITH-SPACES---METTA-LANGUAGE4.01","","Fri Dec 13 18:08:33 GMT 2024","passed","Fri Dec 13 18:08:33 GMT 2024","","METTA-LANG","METTA-LANG",""
"","68","BASIC-EVALUATION---METTA-LANGUAGE13.01","","Fri Dec 13 18:08:33 GMT 2024","passed","Fri Dec 13 18:08:33 GMT 2024","","METTA-LANG","METTA-LANG",""
"","3","FUNCTIONS-AND-UNIFICATION---METTA-LANGUAGE7.05","","Fri Dec 13 18:08:33 GMT 2024","passed","Fri Dec 13 18:08:33 GMT 2024","","METTA-LANG","METTA-LANG",""
"","2","C2-SPACES.05","","Fri Dec 13 17:57:59 GMT 2024","passed","Fri Dec 13 17:57:59 GMT 2024","","HYPERON-EXPERIMENTAL-SCRIPTS","HYPERON-EXPERIMENTAL-SCRIPTS",""
"","2","METATYPES---METTA-LANGUAGE1.11","","Fri Dec 13 18:08:33 GMT 2024","passed","Fri Dec 13 18:08:33 GMT 2024","","METTA-LANG","METTA-LANG",""
"","3","BASIC-GROUNDED-FUNCTIONS---METTA-LANGUAGE8.01","","Fri Dec 13 18:08:33 GMT 2024","passed","Fri Dec 13 18:08:33 GMT 2024","","METTA-LANG","METTA-LANG",""
"","6000","hyperon-mettalog_sanity.find_all_tests","","Fri Dec 13 17:53:57 GMT 2024","passed","Fri Dec 13 17:54:03 GMT 2024","","WHOLE-TESTS","WHOLE-TESTS",""
"","2","FUNCTIONS-AND-UNIFICATION---METTA-LANGUAGE7.03","","Fri Dec 13 18:08:33 GMT 2024","passed","Fri Dec 13 18:08:33 GMT 2024","","METTA-LANG","METTA-LANG",""
"","3","IS-SPACE.01","","Fri Dec 13 18:00:24 GMT 2024","passed","Fri Dec 13 18:00:24 GMT 2024","","HYPERON-METTALOG-SANITY","HYPERON-METTALOG-SANITY",""
"","1","METTALOGTESTCURRIED2.02","","Fri Dec 13 17:54:03 GMT 2024","passed","Fri Dec 13 17:54:03 GMT 2024","","ANTI-REGRESSION","ANTI-REGRESSION",""
"","4","BCHAIN-COMP.06","","Fri Dec 13 17:54:03 GMT 2024","passed","Fri Dec 13 17:54:03 GMT 2024","","ANTI-REGRESSION","ANTI-REGRESSION",""
"","2","FUNCTIONAL-PROGRAMMING-TESTS.09","","Fri Dec 13 18:00:24 GMT 2024","passed","Fri Dec 13 18:00:24 GMT 2024","","HYPERON-METTALOG-SANITY","HYPERON-METTALOG-SANITY",""
"","10","METATYPES---METTA-LANGUAGE2.06","","Fri Dec 13 18:08:33 GMT 2024","failed","Fri Dec 13 18:08:33 GMT 2024","","METTA-LANG","METTA-LANG",""
"","6000","hyperon-experimental_scripts.d4_type_prop","","Fri Dec 13 17:53:57 GMT 2024","passed","Fri Dec 13 17:54:03 GMT 2024","","WHOLE-TESTS","WHOLE-TESTS",""
"","147","BASIC-EVALUATION---METTA-LANGUAGE11.02","","Fri Dec 13 18:08:33 GMT 2024","failed","Fri Dec 13 18:08:33 GMT 2024","","METTA-LANG","METTA-LANG",""
"","2","INTERSECTION-TESTS.02","","Fri Dec 13 18:00:24 GMT 2024","passed","Fri Dec 13 18:00:24 GMT 2024","","HYPERON-METTALOG-SANITY","HYPERON-METTALOG-SANITY",""
"","97","B4-NONDETERM.10","","Fri Dec 13 17:57:59 GMT 2024","passed","Fri Dec 13 17:57:59 GMT 2024","","HYPERON-EXPERIMENTAL-SCRIPTS","HYPERON-EXPERIMENTAL-SCRIPTS",""
"","1","D4-TYPE-PROP.08","","Fri Dec 13 17:57:59 GMT 2024","passed","Fri Dec 13 17:57:59 GMT 2024","","HYPERON-EXPERIMENTAL-SCRIPTS","HYPERON-EXPERIMENTAL-SCRIPTS",""
"","2","F1-IMPORTS.03","","Fri Dec 13 18:24:16 GMT 2024","passed","Fri Dec 13 18:24:16 GMT 2024","","QUICK","QUICK",""
"","3","BASIC-EVALUATION---METTA-LANGUAGE14.01","","Fri Dec 13 18:08:33 GMT 2024","passed","Fri Dec 13 18:08:33 GMT 2024","","METTA-LANG","METTA-LANG",""
"","8000","metta-morph_tests.nalifier","","Fri Dec 13 17:53:57 GMT 2024","passed","Fri Dec 13 17:54:05 GMT 2024","","WHOLE-TESTS","WHOLE-TESTS",""
"","6000","metta-morph_tests.match_superposed_spaces","","Fri Dec 13 17:53:57 GMT 2024","passed","Fri Dec 13 17:54:03 GMT 2024","","WHOLE-TESTS","WHOLE-TESTS",""
"","6000","metta_lang.Controlling_pattern_matching___MeTTa_Language5","","Fri Dec 13 17:53:57 GMT 2024","passed","Fri Dec 13 17:54:03 GMT 2024","","WHOLE-TESTS","WHOLE-TESTS",""
"","1","XOR-TEST.11","","Fri Dec 13 18:00:24 GMT 2024","passed","Fri Dec 13 18:00:24 GMT 2024","","HYPERON-METTALOG-SANITY","HYPERON-METTALOG-SANITY",""
"","2","RECURSION-AND-CONTROL---METTA-LANGUAGE2.02","","Fri Dec 13 18:08:33 GMT 2024","passed","Fri Dec 13 18:08:33 GMT 2024","","METTA-LANG","METTA-LANG",""
"","3","C1-GROUNDED-BASIC.23","","Fri Dec 13 17:57:59 GMT 2024","passed","Fri Dec 13 17:57:59 GMT 2024","","HYPERON-EXPERIMENTAL-SCRIPTS","HYPERON-EXPERIMENTAL-SCRIPTS",""
"","6000","metta_lang.Console_output_and_debugging___MeTTa_Language4","","Fri Dec 13 17:53:57 GMT 2024","passed","Fri Dec 13 17:54:03 GMT 2024","","WHOLE-TESTS","WHOLE-TESTS",""
"","2","B5-TYPES-PRELIM.26","","Fri Dec 13 17:57:59 GMT 2024","passed","Fri Dec 13 17:57:59 GMT 2024","","HYPERON-EXPERIMENTAL-SCRIPTS","HYPERON-EXPERIMENTAL-SCRIPTS",""
"","3","CONCRETE-TYPES---METTA-LANGUAGE5.01","","Fri Dec 13 18:08:33 GMT 2024","passed","Fri Dec 13 18:08:33 GMT 2024","","METTA-LANG","METTA-LANG",""
"","2","F1-IMPORTS.12","","Fri Dec 13 17:53:50 GMT 2024","passed","Fri Dec 13 17:53:50 GMT 2024","","MODULE-SYSTEM","MODULE-SYSTEM",""
"","1","TYPES2.02","","Fri Dec 13 18:05:39 GMT 2024","passed","Fri Dec 13 18:05:39 GMT 2024","","METTA-MORPH-TESTS","METTA-MORPH-TESTS",""
"","98","BASE-TEST-REPR-PARSE-INTERSECTION.01","","Fri Dec 13 18:00:24 GMT 2024","passed","Fri Dec 13 18:00:24 GMT 2024","","HYPERON-METTALOG-SANITY","HYPERON-METTALOG-SANITY",""
"","2","AND-OR.01","","Fri Dec 13 18:05:39 GMT 2024","passed","Fri Dec 13 18:05:39 GMT 2024","","METTA-MORPH-TESTS","METTA-MORPH-TESTS",""
"","3","C1-GROUNDED-BASIC.01","","Fri Dec 13 18:24:16 GMT 2024","passed","Fri Dec 13 18:24:16 GMT 2024","","QUICK","QUICK",""
"","2","B2-BACKCHAIN.02","","Fri Dec 13 17:57:59 GMT 2024","passed","Fri Dec 13 17:57:59 GMT 2024","","HYPERON-EXPERIMENTAL-SCRIPTS","HYPERON-EXPERIMENTAL-SCRIPTS",""
"","15","MATCH-VOID.11","","Fri Dec 13 18:05:39 GMT 2024","passed","Fri Dec 13 18:05:39 GMT 2024","","METTA-MORPH-TESTS","METTA-MORPH-TESTS",""
"","11","METTALOGTESTCURRIED2.07","","Fri Dec 13 17:54:03 GMT 2024","passed","Fri Dec 13 17:54:03 GMT 2024","","ANTI-REGRESSION","ANTI-REGRESSION",""
"","2","FUNCTIONS-AND-UNIFICATION---METTA-LANGUAGE3.03","","Fri Dec 13 18:08:33 GMT 2024","passed","Fri Dec 13 18:08:33 GMT 2024","","METTA-LANG","METTA-LANG",""
"","3","WORKING-WITH-SPACES---METTA-LANGUAGE8.07","","Fri Dec 13 18:08:33 GMT 2024","passed","Fri Dec 13 18:08:33 GMT 2024","","METTA-LANG","METTA-LANG",""
"","45","CONTROL-FLOW---METTA-LANGUAGE2.01","","Fri Dec 13 18:08:33 GMT 2024","failed","Fri Dec 13 18:08:33 GMT 2024","","METTA-LANG","METTA-LANG",""
"","1","F1-MODULEA.05","","Fri Dec 13 17:57:59 GMT 2024","passed","Fri Dec 13 17:57:59 GMT 2024","","HYPERON-EXPERIMENTAL-SCRIPTS","HYPERON-EXPERIMENTAL-SCRIPTS",""
"","6000","metta_lang.Metatypes___MeTTa_Language2","","Fri Dec 13 17:53:57 GMT 2024","passed","Fri Dec 13 17:54:03 GMT 2024","","WHOLE-TESTS","WHOLE-TESTS",""
"","1","00-LANG-CASE.05","","Fri Dec 13 18:00:24 GMT 2024","passed","Fri Dec 13 18:00:24 GMT 2024","","HYPERON-METTALOG-SANITY","HYPERON-METTALOG-SANITY",""
"","2","FUNCTIONS-AND-UNIFICATION---METTA-LANGUAGE2.06","","Fri Dec 13 18:08:33 GMT 2024","passed","Fri Dec 13 18:08:33 GMT 2024","","METTA-LANG","METTA-LANG",""
"","3","F1-MODULEA.01","","Fri Dec 13 18:24:16 GMT 2024","passed","Fri Dec 13 18:24:16 GMT 2024","","QUICK","QUICK",""
"","3","D2-HIGHERFUNC.02","","Fri Dec 13 18:24:16 GMT 2024","passed","Fri Dec 13 18:24:16 GMT 2024","","QUICK","QUICK",""
"","6000","metta_lang.Control_flow___MeTTa_Language7","","Fri Dec 13 17:53:57 GMT 2024","passed","Fri Dec 13 17:54:03 GMT 2024","","WHOLE-TESTS","WHOLE-TESTS",""
"","3","RECURSION-AND-CONTROL---METTA-LANGUAGE6.04","","Fri Dec 13 18:08:33 GMT 2024","passed","Fri Dec 13 18:08:33 GMT 2024","","METTA-LANG","METTA-LANG",""
"","2","RECURSION-AND-CONTROL---METTA-LANGUAGE9.02","","Fri Dec 13 18:08:33 GMT 2024","passed","Fri Dec 13 18:08:33 GMT 2024","","METTA-LANG","METTA-LANG",""
"","3","CONTROLLING-PATTERN-MATCHING---METTA-LANGUAGE12.13","","Fri Dec 13 18:08:33 GMT 2024","passed","Fri Dec 13 18:08:33 GMT 2024","","METTA-LANG","METTA-LANG",""
"","2","C1-GROUNDED-BASIC.10","","Fri Dec 13 18:24:16 GMT 2024","passed","Fri Dec 13 18:24:16 GMT 2024","","QUICK","QUICK",""
"","1","TEST-IF-CLOSED.10","","Fri Dec 13 17:54:03 GMT 2024","passed","Fri Dec 13 17:54:03 GMT 2024","","ANTI-REGRESSION","ANTI-REGRESSION",""
"","2","BASIC-GROUNDED-FUNCTIONS---METTA-LANGUAGE1.02","","Fri Dec 13 18:08:33 GMT 2024","passed","Fri Dec 13 18:08:33 GMT 2024","","METTA-LANG","METTA-LANG",""
"","2","SPACE-SUBTRACTION-TESTS.06","","Fri Dec 13 18:00:24 GMT 2024","passed","Fri Dec 13 18:00:24 GMT 2024","","HYPERON-METTALOG-SANITY","HYPERON-METTALOG-SANITY",""
"","3","RECURSION-AND-CONTROL---METTA-LANGUAGE2.04","","Fri Dec 13 18:08:33 GMT 2024","passed","Fri Dec 13 18:08:33 GMT 2024","","METTA-LANG","METTA-LANG",""
"","4","METATYPES---METTA-LANGUAGE6.01","","Fri Dec 13 18:08:33 GMT 2024","passed","Fri Dec 13 18:08:33 GMT 2024","","METTA-LANG","METTA-LANG",""
"","2","OR-TEST.13","","Fri Dec 13 18:00:24 GMT 2024","passed","Fri Dec 13 18:00:24 GMT 2024","","HYPERON-METTALOG-SANITY","HYPERON-METTALOG-SANITY",""
"","3","CONTROLLING-PATTERN-MATCHING---METTA-LANGUAGE9.01","","Fri Dec 13 18:08:33 GMT 2024","passed","Fri Dec 13 18:08:33 GMT 2024","","METTA-LANG","METTA-LANG",""
"","2","D4-TYPE-PROP.18","","Fri Dec 13 17:57:59 GMT 2024","passed","Fri Dec 13 17:57:59 GMT 2024","","HYPERON-EXPERIMENTAL-SCRIPTS","HYPERON-EXPERIMENTAL-SCRIPTS",""
"","2","STATES-SPACES.04","","Fri Dec 13 18:05:39 GMT 2024","passed","Fri Dec 13 18:05:39 GMT 2024","","METTA-MORPH-TESTS","METTA-MORPH-TESTS",""
"","2","SUPERCOLLAPSE.05","","Fri Dec 13 18:05:39 GMT 2024","passed","Fri Dec 13 18:05:39 GMT 2024","","METTA-MORPH-TESTS","METTA-MORPH-TESTS",""
"","2","00-LANG-CASE.09","","Fri Dec 13 18:00:24 GMT 2024","passed","Fri Dec 13 18:00:24 GMT 2024","","HYPERON-METTALOG-SANITY","HYPERON-METTALOG-SANITY",""
"","15","CONTROL-FLOW---METTA-LANGUAGE14.02","","Fri Dec 13 18:08:33 GMT 2024","failed","Fri Dec 13 18:08:33 GMT 2024","","METTA-LANG","METTA-LANG",""
"","2","MAX-TIME-TESTS.01","","Fri Dec 13 18:00:24 GMT 2024","passed","Fri Dec 13 18:00:24 GMT 2024","","HYPERON-METTALOG-SANITY","HYPERON-METTALOG-SANITY",""
"","6000","metta_lang.Basic_evaluation___MeTTa_Language12","","Fri Dec 13 17:53:57 GMT 2024","passed","Fri Dec 13 17:54:03 GMT 2024","","WHOLE-TESTS","WHOLE-TESTS",""
"","55","METATYPES---METTA-LANGUAGE1.06","","Fri Dec 13 18:08:33 GMT 2024","failed","Fri Dec 13 18:08:33 GMT 2024","","METTA-LANG","METTA-LANG",""
"","2","F1-IMPORTS.11","","Fri Dec 13 17:57:59 GMT 2024","passed","Fri Dec 13 17:57:59 GMT 2024","","HYPERON-EXPERIMENTAL-SCRIPTS","HYPERON-EXPERIMENTAL-SCRIPTS",""
"","3","BCHAIN.03","","Fri Dec 13 17:54:03 GMT 2024","passed","Fri Dec 13 17:54:03 GMT 2024","","ANTI-REGRESSION","ANTI-REGRESSION",""
"","2","D1-GADT.06","","Fri Dec 13 17:57:59 GMT 2024","passed","Fri Dec 13 17:57:59 GMT 2024","","HYPERON-EXPERIMENTAL-SCRIPTS","HYPERON-EXPERIMENTAL-SCRIPTS",""
"","2","SPACE-INTERSECTION-TESTS.19","","Fri Dec 13 18:00:24 GMT 2024","passed","Fri Dec 13 18:00:24 GMT 2024","","HYPERON-METTALOG-SANITY","HYPERON-METTALOG-SANITY",""
"","6000","hyperon-experimental_scripts.b2_backchain","","Fri Dec 13 17:53:57 GMT 2024","passed","Fri Dec 13 17:54:03 GMT 2024","","WHOLE-TESTS","WHOLE-TESTS",""
"","2","F1-IMPORTS.16","","Fri Dec 13 18:24:16 GMT 2024","passed","Fri Dec 13 18:24:16 GMT 2024","","QUICK","QUICK",""
"","3","BASIC-GROUNDED-FUNCTIONS---METTA-LANGUAGE5.02","","Fri Dec 13 18:08:33 GMT 2024","passed","Fri Dec 13 18:08:33 GMT 2024","","METTA-LANG","METTA-LANG",""
"","2","TYPES2.03","","Fri Dec 13 18:05:39 GMT 2024","passed","Fri Dec 13 18:05:39 GMT 2024","","METTA-MORPH-TESTS","METTA-MORPH-TESTS",""
"","15","CONCRETE-TYPES---METTA-LANGUAGE13.01","","Fri Dec 13 18:08:33 GMT 2024","passed","Fri Dec 13 18:08:33 GMT 2024","","METTA-LANG","METTA-LANG",""
"","83","HANDLING-NONDETERMINISTIC-RESULTS---METTA-LANGUAGE6.04","","Fri Dec 13 18:08:33 GMT 2024","passed","Fri Dec 13 18:08:33 GMT 2024","","METTA-LANG","METTA-LANG",""
"","3","03-SORING-VIA-INSERT.05","","Fri Dec 13 18:00:24 GMT 2024","passed","Fri Dec 13 18:00:24 GMT 2024","","HYPERON-METTALOG-SANITY","HYPERON-METTALOG-SANITY",""
"","2","LET-SUPERPOSE-LIST.02","","Fri Dec 13 18:05:39 GMT 2024","passed","Fri Dec 13 18:05:39 GMT 2024","","METTA-MORPH-TESTS","METTA-MORPH-TESTS",""
"","2","E2-STATES.06","","Fri Dec 13 17:57:59 GMT 2024","passed","Fri Dec 13 17:57:59 GMT 2024","","HYPERON-EXPERIMENTAL-SCRIPTS","HYPERON-EXPERIMENTAL-SCRIPTS",""
"","46","STRUCTURE-TESTS.01","","Fri Dec 13 18:00:24 GMT 2024","passed","Fri Dec 13 18:00:24 GMT 2024","","HYPERON-METTALOG-SANITY","HYPERON-METTALOG-SANITY",""
"","2","C1-GROUNDED-BASIC.17","","Fri Dec 13 18:24:16 GMT 2024","passed","Fri Dec 13 18:24:16 GMT 2024","","QUICK","QUICK",""
"","3","F1-MODULEA.01","","Fri Dec 13 17:53:50 GMT 2024","passed","Fri Dec 13 17:53:50 GMT 2024","","MODULE-SYSTEM","MODULE-SYSTEM",""
"","113","FUNCTIONAL-PROGRAMMING-TESTS.08","","Fri Dec 13 18:00:24 GMT 2024","failed","Fri Dec 13 18:00:24 GMT 2024","","HYPERON-METTALOG-SANITY","HYPERON-METTALOG-SANITY",""
"","6000","metta_lang.Handling_nondeterministic_results___MeTTa_Language3","","Fri Dec 13 17:53:57 GMT 2024","passed","Fri Dec 13 17:54:03 GMT 2024","","WHOLE-TESTS","WHOLE-TESTS",""
"","2","B5-TYPES-PRELIM.13","","Fri Dec 13 17:57:59 GMT 2024","passed","Fri Dec 13 17:57:59 GMT 2024","","HYPERON-EXPERIMENTAL-SCRIPTS","HYPERON-EXPERIMENTAL-SCRIPTS",""
"","3","WORKING-WITH-SPACES---METTA-LANGUAGE3.07","","Fri Dec 13 18:08:33 GMT 2024","passed","Fri Dec 13 18:08:33 GMT 2024","","METTA-LANG","METTA-LANG",""
"","2","B3-DIRECT.02","","Fri Dec 13 17:57:59 GMT 2024","passed","Fri Dec 13 17:57:59 GMT 2024","","HYPERON-EXPERIMENTAL-SCRIPTS","HYPERON-EXPERIMENTAL-SCRIPTS",""
"","7000","metta_lang.Recursion_and_control___MeTTa_Language6","","Fri Dec 13 17:53:57 GMT 2024","passed","Fri Dec 13 17:54:04 GMT 2024","","WHOLE-TESTS","WHOLE-TESTS",""
"","3","CONTROLLING-PATTERN-MATCHING---METTA-LANGUAGE10.02","","Fri Dec 13 18:08:33 GMT 2024","passed","Fri Dec 13 18:08:33 GMT 2024","","METTA-LANG","METTA-LANG",""
"","1","XOR-TEST.05","","Fri Dec 13 18:00:24 GMT 2024","passed","Fri Dec 13 18:00:24 GMT 2024","","HYPERON-METTALOG-SANITY","HYPERON-METTALOG-SANITY",""
"","2","INTERSECTION-TESTS.22","","Fri Dec 13 18:00:24 GMT 2024","passed","Fri Dec 13 18:00:24 GMT 2024","","HYPERON-METTALOG-SANITY","HYPERON-METTALOG-SANITY",""
"","11","D1-GADT.13","","Fri Dec 13 18:24:16 GMT 2024","passed","Fri Dec 13 18:24:16 GMT 2024","","QUICK","QUICK",""
"","67","B5-TYPES-PRELIM.02","","Fri Dec 13 17:57:59 GMT 2024","failed","Fri Dec 13 17:57:59 GMT 2024","","HYPERON-EXPERIMENTAL-SCRIPTS","HYPERON-EXPERIMENTAL-SCRIPTS",""
"","2","E2-STATES.04","","Fri Dec 13 17:57:59 GMT 2024","passed","Fri Dec 13 17:57:59 GMT 2024","","HYPERON-EXPERIMENTAL-SCRIPTS","HYPERON-EXPERIMENTAL-SCRIPTS",""
"","3","METATYPES---METTA-LANGUAGE9.01","","Fri Dec 13 18:08:33 GMT 2024","passed","Fri Dec 13 18:08:33 GMT 2024","","METTA-LANG","METTA-LANG",""
"","3","E3-MATCH-STATES.01","","Fri Dec 13 17:57:59 GMT 2024","passed","Fri Dec 13 17:57:59 GMT 2024","","HYPERON-EXPERIMENTAL-SCRIPTS","HYPERON-EXPERIMENTAL-SCRIPTS",""
"","5","WORKING-WITH-SPACES---METTA-LANGUAGE4.02","","Fri Dec 13 18:08:33 GMT 2024","passed","Fri Dec 13 18:08:33 GMT 2024","","METTA-LANG","METTA-LANG",""
"","2","OR-TEST.09","","Fri Dec 13 18:00:24 GMT 2024","passed","Fri Dec 13 18:00:24 GMT 2024","","HYPERON-METTALOG-SANITY","HYPERON-METTALOG-SANITY",""
"","3","B2-BACKCHAIN.01","","Fri Dec 13 17:57:59 GMT 2024","passed","Fri Dec 13 17:57:59 GMT 2024","","HYPERON-EXPERIMENTAL-SCRIPTS","HYPERON-EXPERIMENTAL-SCRIPTS",""
"","2","BCHAIN.02","","Fri Dec 13 17:54:03 GMT 2024","passed","Fri Dec 13 17:54:03 GMT 2024","","ANTI-REGRESSION","ANTI-REGRESSION",""
"","6000","hyperon-experimental_scripts.e3_match_states","","Fri Dec 13 17:53:57 GMT 2024","passed","Fri Dec 13 17:54:03 GMT 2024","","WHOLE-TESTS","WHOLE-TESTS",""
"","3","B2-BACKCHAIN.05","","Fri Dec 13 17:57:59 GMT 2024","passed","Fri Dec 13 17:57:59 GMT 2024","","HYPERON-EXPERIMENTAL-SCRIPTS","HYPERON-EXPERIMENTAL-SCRIPTS",""
"","1","D1-GADT.08","","Fri Dec 13 17:57:59 GMT 2024","passed","Fri Dec 13 17:57:59 GMT 2024","","HYPERON-EXPERIMENTAL-SCRIPTS","HYPERON-EXPERIMENTAL-SCRIPTS",""
"","46607","TEST-SPO-116378.01","","Fri Dec 13 17:54:59 GMT 2024","passed","Fri Dec 13 17:55:45 GMT 2024","","METTA-WAM-ISSUE-116","METTA-WAM-ISSUE-116",""
"","2","SPACE-INTERSECTION-TESTS.15","","Fri Dec 13 18:00:24 GMT 2024","passed","Fri Dec 13 18:00:24 GMT 2024","","HYPERON-METTALOG-SANITY","HYPERON-METTALOG-SANITY",""
"","16","00-LANG-CASE.12","","Fri Dec 13 18:00:24 GMT 2024","passed","Fri Dec 13 18:00:24 GMT 2024","","HYPERON-METTALOG-SANITY","HYPERON-METTALOG-SANITY",""
"","3","FUNCTIONS-AND-UNIFICATION---METTA-LANGUAGE2.05","","Fri Dec 13 18:08:33 GMT 2024","passed","Fri Dec 13 18:08:33 GMT 2024","","METTA-LANG","METTA-LANG",""
"","4","02-CURRIED-PLUS.01","","Fri Dec 13 18:00:24 GMT 2024","passed","Fri Dec 13 18:00:24 GMT 2024","","HYPERON-METTALOG-SANITY","HYPERON-METTALOG-SANITY",""
"","96","RECURSIVE-AND-PARAMETRIC-TYPES---METTA-LANGUAGE1.03","","Fri Dec 13 18:08:33 GMT 2024","failed","Fri Dec 13 18:08:33 GMT 2024","","METTA-LANG","METTA-LANG",""
"","4","E2-STATES.12","","Fri Dec 13 17:57:59 GMT 2024","passed","Fri Dec 13 17:57:59 GMT 2024","","HYPERON-EXPERIMENTAL-SCRIPTS","HYPERON-EXPERIMENTAL-SCRIPTS",""
"","2","RECURSION-AND-CONTROL---METTA-LANGUAGE3.03","","Fri Dec 13 18:08:33 GMT 2024","passed","Fri Dec 13 18:08:33 GMT 2024","","METTA-LANG","METTA-LANG",""
"","66","BASIC-GROUNDED-FUNCTIONS---METTA-LANGUAGE5.03","","Fri Dec 13 18:08:33 GMT 2024","failed","Fri Dec 13 18:08:33 GMT 2024","","METTA-LANG","METTA-LANG",""
"","97","D5-AUTO-TYPES.04","","Fri Dec 13 17:57:59 GMT 2024","failed","Fri Dec 13 17:57:59 GMT 2024","","HYPERON-EXPERIMENTAL-SCRIPTS","HYPERON-EXPERIMENTAL-SCRIPTS",""
"","2","D4-TYPE-PROP.02","","Fri Dec 13 18:24:16 GMT 2024","passed","Fri Dec 13 18:24:16 GMT 2024","","QUICK","QUICK",""
"","2","WORKING-WITH-SPACES---METTA-LANGUAGE3.03","","Fri Dec 13 18:08:33 GMT 2024","passed","Fri Dec 13 18:08:33 GMT 2024","","METTA-LANG","METTA-LANG",""
"","3","F1-MODULEA.10","","Fri Dec 13 18:24:16 GMT 2024","passed","Fri Dec 13 18:24:16 GMT 2024","","QUICK","QUICK",""
"","2","RECURSION-AND-CONTROL---METTA-LANGUAGE6.03","","Fri Dec 13 18:08:33 GMT 2024","passed","Fri Dec 13 18:08:33 GMT 2024","","METTA-LANG","METTA-LANG",""
"","14","CONCRETE-TYPES---METTA-LANGUAGE11.01","","Fri Dec 13 18:08:33 GMT 2024","passed","Fri Dec 13 18:08:33 GMT 2024","","METTA-LANG","METTA-LANG",""
"","6000","metta_lang.Console_output_and_debugging___MeTTa_Language3","","Fri Dec 13 17:53:57 GMT 2024","passed","Fri Dec 13 17:54:03 GMT 2024","","WHOLE-TESTS","WHOLE-TESTS",""
"","2","WORKING-WITH-SPACES---METTA-LANGUAGE2.02","","Fri Dec 13 18:08:33 GMT 2024","passed","Fri Dec 13 18:08:33 GMT 2024","","METTA-LANG","METTA-LANG",""
"","41000","metta_lang.Nested_queries_and_recursive_graph_traversal___MeTTa_Language3","","Fri Dec 13 17:53:57 GMT 2024","failed","Fri Dec 13 17:54:38 GMT 2024","","WHOLE-TESTS","WHOLE-TESTS",""
"","16","SPACE-INTERSECTION-TESTS.16","","Fri Dec 13 18:00:24 GMT 2024","failed","Fri Dec 13 18:00:24 GMT 2024","","HYPERON-METTALOG-SANITY","HYPERON-METTALOG-SANITY",""
"","2","D2-HIGHERFUNC.03","","Fri Dec 13 17:57:59 GMT 2024","passed","Fri Dec 13 17:57:59 GMT 2024","","HYPERON-EXPERIMENTAL-SCRIPTS","HYPERON-EXPERIMENTAL-SCRIPTS",""
"","2","CATCH-THROW-TESTS.03","","Fri Dec 13 18:00:24 GMT 2024","passed","Fri Dec 13 18:00:24 GMT 2024","","HYPERON-METTALOG-SANITY","HYPERON-METTALOG-SANITY",""
"","6000","metta-morph_tests.types2","","Fri Dec 13 17:53:57 GMT 2024","passed","Fri Dec 13 17:54:03 GMT 2024","","WHOLE-TESTS","WHOLE-TESTS",""
"","2","D2-HIGHERFUNC.19","","Fri Dec 13 18:24:16 GMT 2024","passed","Fri Dec 13 18:24:16 GMT 2024","","QUICK","QUICK",""
"","3","OPERATIONS-OVER-ATOMS---METTA-LANGUAGE5.01","","Fri Dec 13 18:08:33 GMT 2024","passed","Fri Dec 13 18:08:33 GMT 2024","","METTA-LANG","METTA-LANG",""
"","3","CONCRETE-TYPES---METTA-LANGUAGE3.01","","Fri Dec 13 18:08:33 GMT 2024","passed","Fri Dec 13 18:08:33 GMT 2024","","METTA-LANG","METTA-LANG",""
"","9","CONCRETE-TYPES---METTA-LANGUAGE10.02","","Fri Dec 13 18:08:33 GMT 2024","passed","Fri Dec 13 18:08:33 GMT 2024","","METTA-LANG","METTA-LANG",""
"","3","HANDLING-NONDETERMINISTIC-RESULTS---METTA-LANGUAGE1.01","","Fri Dec 13 18:08:33 GMT 2024","passed","Fri Dec 13 18:08:33 GMT 2024","","METTA-LANG","METTA-LANG",""
"","6000","metta-morph_tests.superpose_nested","","Fri Dec 13 17:53:57 GMT 2024","passed","Fri Dec 13 17:54:03 GMT 2024","","WHOLE-TESTS","WHOLE-TESTS",""
"","3","RUST-02.01","","Fri Dec 13 18:24:56 GMT 2024","passed","Fri Dec 13 18:24:56 GMT 2024","","BASELINE-COMPAT","BASELINE-COMPAT",""
"","70","METATYPES---METTA-LANGUAGE7.04","","Fri Dec 13 18:08:33 GMT 2024","failed","Fri Dec 13 18:08:33 GMT 2024","","METTA-LANG","METTA-LANG",""
"","3","D4-TYPE-PROP.05","","Fri Dec 13 17:57:59 GMT 2024","passed","Fri Dec 13 17:57:59 GMT 2024","","HYPERON-EXPERIMENTAL-SCRIPTS","HYPERON-EXPERIMENTAL-SCRIPTS",""
"","3","A3-TWOSIDE.01","","Fri Dec 13 17:57:59 GMT 2024","passed","Fri Dec 13 17:57:59 GMT 2024","","HYPERON-EXPERIMENTAL-SCRIPTS","HYPERON-EXPERIMENTAL-SCRIPTS",""
"","3","TEST-SPO-100.01","","Fri Dec 13 17:54:59 GMT 2024","passed","Fri Dec 13 17:54:59 GMT 2024","","METTA-WAM-ISSUE-116","METTA-WAM-ISSUE-116",""
"","3","FREE-VARIABLES-AND-NONDETERMINISM-AGAIN,-RECURSIVELY---METTA-LANGUAGE1.04","","Fri Dec 13 18:08:33 GMT 2024","passed","Fri Dec 13 18:08:33 GMT 2024","","METTA-LANG","METTA-LANG",""
"","6000","metta_lang.Working_with_spaces___MeTTa_Language3","","Fri Dec 13 17:53:57 GMT 2024","passed","Fri Dec 13 17:54:03 GMT 2024","","WHOLE-TESTS","WHOLE-TESTS",""
"","2","INTERSECTION-TESTS.17","","Fri Dec 13 18:00:24 GMT 2024","passed","Fri Dec 13 18:00:24 GMT 2024","","HYPERON-METTALOG-SANITY","HYPERON-METTALOG-SANITY",""
"","2","CONTROLLING-PATTERN-MATCHING---METTA-LANGUAGE1.01","","Fri Dec 13 18:08:33 GMT 2024","passed","Fri Dec 13 18:08:33 GMT 2024","","METTA-LANG","METTA-LANG",""
"","3","C2-SPACES.05","","Fri Dec 13 17:53:50 GMT 2024","passed","Fri Dec 13 17:53:50 GMT 2024","","MODULE-SYSTEM","MODULE-SYSTEM",""
"","4","BASIC-GROUNDED-FUNCTIONS---METTA-LANGUAGE5.01","","Fri Dec 13 18:08:33 GMT 2024","passed","Fri Dec 13 18:08:33 GMT 2024","","METTA-LANG","METTA-LANG",""
"","2","FUNCTIONAL-PROGRAMMING-TESTS.04","","Fri Dec 13 18:00:24 GMT 2024","passed","Fri Dec 13 18:00:24 GMT 2024","","HYPERON-METTALOG-SANITY","HYPERON-METTALOG-SANITY",""
"","7000","metta-morph_tests.tests0","","Fri Dec 13 17:53:57 GMT 2024","passed","Fri Dec 13 17:54:04 GMT 2024","","WHOLE-TESTS","WHOLE-TESTS",""
"","2","E1-KB-WRITE.02","","Fri Dec 13 17:57:59 GMT 2024","passed","Fri Dec 13 17:57:59 GMT 2024","","HYPERON-EXPERIMENTAL-SCRIPTS","HYPERON-EXPERIMENTAL-SCRIPTS",""
"","14","D2-HIGHERFUNC.20","","Fri Dec 13 18:24:16 GMT 2024","passed","Fri Dec 13 18:24:16 GMT 2024","","QUICK","QUICK",""
"","1","D1-GADT.08","","Fri Dec 13 18:24:16 GMT 2024","passed","Fri Dec 13 18:24:16 GMT 2024","","QUICK","QUICK",""
"","2","CONCRETE-TYPES---METTA-LANGUAGE1.02","","Fri Dec 13 18:08:33 GMT 2024","passed","Fri Dec 13 18:08:33 GMT 2024","","METTA-LANG","METTA-LANG",""
"","2","BASIC-EVALUATION---METTA-LANGUAGE3.02","","Fri Dec 13 18:08:33 GMT 2024","passed","Fri Dec 13 18:08:33 GMT 2024","","METTA-LANG","METTA-LANG",""
"","7000","metta_lang.Functions_and_unification___MeTTa_Language5","","Fri Dec 13 17:53:57 GMT 2024","passed","Fri Dec 13 17:54:04 GMT 2024","","WHOLE-TESTS","WHOLE-TESTS",""
"","2","RECURSIVE-AND-PARAMETRIC-TYPES---METTA-LANGUAGE7.01","","Fri Dec 13 18:08:33 GMT 2024","passed","Fri Dec 13 18:08:33 GMT 2024","","METTA-LANG","METTA-LANG",""
"","2","RECURSION-AND-CONTROL---METTA-LANGUAGE6.01","","Fri Dec 13 18:08:33 GMT 2024","passed","Fri Dec 13 18:08:33 GMT 2024","","METTA-LANG","METTA-LANG",""
"","2","FUNCTIONS-AND-UNIFICATION---METTA-LANGUAGE1.06","","Fri Dec 13 18:08:33 GMT 2024","passed","Fri Dec 13 18:08:33 GMT 2024","","METTA-LANG","METTA-LANG",""
"","3","BCHAIN.06","","Fri Dec 13 17:54:03 GMT 2024","passed","Fri Dec 13 17:54:03 GMT 2024","","ANTI-REGRESSION","ANTI-REGRESSION",""
"","45000","synth_buffer.time_synthesize_long","","Fri Dec 13 17:53:57 GMT 2024","failed","Fri Dec 13 17:54:42 GMT 2024","","WHOLE-TESTS","WHOLE-TESTS",""
"","3","CONSOLE-OUTPUT-AND-DEBUGGING---METTA-LANGUAGE5.04","","Fri Dec 13 18:08:33 GMT 2024","passed","Fri Dec 13 18:08:33 GMT 2024","","METTA-LANG","METTA-LANG",""
"","3","B5-TYPES-PRELIM.21","","Fri Dec 13 17:57:59 GMT 2024","passed","Fri Dec 13 17:57:59 GMT 2024","","HYPERON-EXPERIMENTAL-SCRIPTS","HYPERON-EXPERIMENTAL-SCRIPTS",""
"","2","FREE-VARIABLES-AND-NONDETERMINISM-AGAIN,-RECURSIVELY---METTA-LANGUAGE1.01","","Fri Dec 13 18:08:33 GMT 2024","passed","Fri Dec 13 18:08:33 GMT 2024","","METTA-LANG","METTA-LANG",""
"","39","E3-MATCH-STATES.03","","Fri Dec 13 17:57:59 GMT 2024","failed","Fri Dec 13 17:57:59 GMT 2024","","HYPERON-EXPERIMENTAL-SCRIPTS","HYPERON-EXPERIMENTAL-SCRIPTS",""
"","2","C1-GROUNDED-BASIC.09","","Fri Dec 13 17:57:59 GMT 2024","passed","Fri Dec 13 17:57:59 GMT 2024","","HYPERON-EXPERIMENTAL-SCRIPTS","HYPERON-EXPERIMENTAL-SCRIPTS",""
"","2","SUPERPOSE-NESTED.02","","Fri Dec 13 18:05:39 GMT 2024","passed","Fri Dec 13 18:05:39 GMT 2024","","METTA-MORPH-TESTS","METTA-MORPH-TESTS",""
"","2","WORKING-WITH-SPACES---METTA-LANGUAGE17.01","","Fri Dec 13 18:08:33 GMT 2024","passed","Fri Dec 13 18:08:33 GMT 2024","","METTA-LANG","METTA-LANG",""
"","7000","metta_lang.Recursion_and_control___MeTTa_Language4","","Fri Dec 13 17:53:57 GMT 2024","passed","Fri Dec 13 17:54:04 GMT 2024","","WHOLE-TESTS","WHOLE-TESTS",""
"","6000","metta-morph_tests.match_void","","Fri Dec 13 17:53:57 GMT 2024","passed","Fri Dec 13 17:54:03 GMT 2024","","WHOLE-TESTS","WHOLE-TESTS",""
"","6000","metta_lang.Concrete_types___MeTTa_Language13","","Fri Dec 13 17:53:57 GMT 2024","passed","Fri Dec 13 17:54:03 GMT 2024","","WHOLE-TESTS","WHOLE-TESTS",""
"","15","CONCRETE-TYPES---METTA-LANGUAGE7.02","","Fri Dec 13 18:08:33 GMT 2024","passed","Fri Dec 13 18:08:33 GMT 2024","","METTA-LANG","METTA-LANG",""
"","1","SPACE-SUBTRACTION-TESTS.03","","Fri Dec 13 18:00:24 GMT 2024","passed","Fri Dec 13 18:00:24 GMT 2024","","HYPERON-METTALOG-SANITY","HYPERON-METTALOG-SANITY",""
"","2","METATYPES---METTA-LANGUAGE8.02","","Fri Dec 13 18:08:33 GMT 2024","passed","Fri Dec 13 18:08:33 GMT 2024","","METTA-LANG","METTA-LANG",""
"","3","BASIC-GROUNDED-FUNCTIONS---METTA-LANGUAGE4.01","","Fri Dec 13 18:08:33 GMT 2024","passed","Fri Dec 13 18:08:33 GMT 2024","","METTA-LANG","METTA-LANG",""
"","2","SPACE-INTERSECTION-TESTS.01","","Fri Dec 13 18:00:24 GMT 2024","passed","Fri Dec 13 18:00:24 GMT 2024","","HYPERON-METTALOG-SANITY","HYPERON-METTALOG-SANITY",""
"","2","PEANO.01","","Fri Dec 13 18:05:39 GMT 2024","passed","Fri Dec 13 18:05:39 GMT 2024","","METTA-MORPH-TESTS","METTA-MORPH-TESTS",""
"","6000","metta_lang.Metatypes___MeTTa_Language3","","Fri Dec 13 17:53:57 GMT 2024","passed","Fri Dec 13 17:54:03 GMT 2024","","WHOLE-TESTS","WHOLE-TESTS",""
"","3","A3-TWOSIDE.03","","Fri Dec 13 17:57:59 GMT 2024","passed","Fri Dec 13 17:57:59 GMT 2024","","HYPERON-EXPERIMENTAL-SCRIPTS","HYPERON-EXPERIMENTAL-SCRIPTS",""
"","2","UNIQUE-TEST.04","","Fri Dec 13 18:00:24 GMT 2024","passed","Fri Dec 13 18:00:24 GMT 2024","","HYPERON-METTALOG-SANITY","HYPERON-METTALOG-SANITY",""
"","52","D5-AUTO-TYPES.05","","Fri Dec 13 17:57:59 GMT 2024","failed","Fri Dec 13 17:57:59 GMT 2024","","HYPERON-EXPERIMENTAL-SCRIPTS","HYPERON-EXPERIMENTAL-SCRIPTS",""
"","2","F1-IMPORTS.14","","Fri Dec 13 18:24:16 GMT 2024","passed","Fri Dec 13 18:24:16 GMT 2024","","QUICK","QUICK",""
"","2","D4-TYPE-PROP.15","","Fri Dec 13 18:24:16 GMT 2024","passed","Fri Dec 13 18:24:16 GMT 2024","","QUICK","QUICK",""
"","2","CONTROL-FLOW---METTA-LANGUAGE13.02","","Fri Dec 13 18:08:33 GMT 2024","passed","Fri Dec 13 18:08:33 GMT 2024","","METTA-LANG","METTA-LANG",""
"","6000","metta_lang.Free_variables_and_nondeterminism_again_recursively___MeTTa_Language5","","Fri Dec 13 17:53:57 GMT 2024","passed","Fri Dec 13 17:54:03 GMT 2024","","WHOLE-TESTS","WHOLE-TESTS",""
"","6000","metta_lang.Control_flow___MeTTa_Language2","","Fri Dec 13 17:53:57 GMT 2024","passed","Fri Dec 13 17:54:03 GMT 2024","","WHOLE-TESTS","WHOLE-TESTS",""
"","1","INTERSECTION-TESTS.09","","Fri Dec 13 18:00:24 GMT 2024","passed","Fri Dec 13 18:00:24 GMT 2024","","HYPERON-METTALOG-SANITY","HYPERON-METTALOG-SANITY",""
"","14","CONCRETE-TYPES---METTA-LANGUAGE9.02","","Fri Dec 13 18:08:33 GMT 2024","failed","Fri Dec 13 18:08:33 GMT 2024","","METTA-LANG","METTA-LANG",""
"","3","RECURSIVE-AND-PARAMETRIC-TYPES---METTA-LANGUAGE7.02","","Fri Dec 13 18:08:33 GMT 2024","passed","Fri Dec 13 18:08:33 GMT 2024","","METTA-LANG","METTA-LANG",""
"","2","RECURSION-AND-CONTROL---METTA-LANGUAGE7.04","","Fri Dec 13 18:08:33 GMT 2024","passed","Fri Dec 13 18:08:33 GMT 2024","","METTA-LANG","METTA-LANG",""
"","5","SEALED-TEST.09","","Fri Dec 13 18:00:24 GMT 2024","passed","Fri Dec 13 18:00:24 GMT 2024","","HYPERON-METTALOG-SANITY","HYPERON-METTALOG-SANITY",""
"","3","CONTROLLING-PATTERN-MATCHING---METTA-LANGUAGE12.14","","Fri Dec 13 18:08:33 GMT 2024","passed","Fri Dec 13 18:08:33 GMT 2024","","METTA-LANG","METTA-LANG",""
"","99","C1-GROUNDED-BASIC.14","","Fri Dec 13 17:57:59 GMT 2024","failed","Fri Dec 13 17:57:59 GMT 2024","","HYPERON-EXPERIMENTAL-SCRIPTS","HYPERON-EXPERIMENTAL-SCRIPTS",""
"","2","QUERYING-SPACE-CONTENT---METTA-LANGUAGE2.01","","Fri Dec 13 18:08:33 GMT 2024","passed","Fri Dec 13 18:08:33 GMT 2024","","METTA-LANG","METTA-LANG",""
"","2","D4-TYPE-PROP.14","","Fri Dec 13 17:57:59 GMT 2024","passed","Fri Dec 13 17:57:59 GMT 2024","","HYPERON-EXPERIMENTAL-SCRIPTS","HYPERON-EXPERIMENTAL-SCRIPTS",""
"","6000","metta-morph_tests.states_spaces","","Fri Dec 13 17:53:57 GMT 2024","passed","Fri Dec 13 17:54:03 GMT 2024","","WHOLE-TESTS","WHOLE-TESTS",""
"","3","D4-TYPE-PROP.10","","Fri Dec 13 17:57:59 GMT 2024","passed","Fri Dec 13 17:57:59 GMT 2024","","HYPERON-EXPERIMENTAL-SCRIPTS","HYPERON-EXPERIMENTAL-SCRIPTS",""
"","6000","hyperon-mettalog_sanity.sealed_test","","Fri Dec 13 17:53:57 GMT 2024","passed","Fri Dec 13 17:54:03 GMT 2024","","WHOLE-TESTS","WHOLE-TESTS",""
"","2","STATES-SPACES.02","","Fri Dec 13 18:05:39 GMT 2024","passed","Fri Dec 13 18:05:39 GMT 2024","","METTA-MORPH-TESTS","METTA-MORPH-TESTS",""
"","1","D2-HIGHERFUNC.08","","Fri Dec 13 18:24:16 GMT 2024","passed","Fri Dec 13 18:24:16 GMT 2024","","QUICK","QUICK",""
"","3","CONSOLE-OUTPUT-AND-DEBUGGING---METTA-LANGUAGE2.05","","Fri Dec 13 18:08:33 GMT 2024","passed","Fri Dec 13 18:08:33 GMT 2024","","METTA-LANG","METTA-LANG",""
"","2","UNIQUE-TEST.09","","Fri Dec 13 18:00:24 GMT 2024","passed","Fri Dec 13 18:00:24 GMT 2024","","HYPERON-METTALOG-SANITY","HYPERON-METTALOG-SANITY",""
"","101","CONTROL-FLOW---METTA-LANGUAGE12.02","","Fri Dec 13 18:08:33 GMT 2024","passed","Fri Dec 13 18:08:33 GMT 2024","","METTA-LANG","METTA-LANG",""
"","75","METATYPES---METTA-LANGUAGE8.04","","Fri Dec 13 18:08:33 GMT 2024","failed","Fri Dec 13 18:08:33 GMT 2024","","METTA-LANG","METTA-LANG",""
"","7000","module-system.f1_imports","","Fri Dec 13 17:53:57 GMT 2024","passed","Fri Dec 13 17:54:04 GMT 2024","","WHOLE-TESTS","WHOLE-TESTS",""
"","6000","metta_lang.Operations_over_atoms___MeTTa_Language5","","Fri Dec 13 17:53:57 GMT 2024","passed","Fri Dec 13 17:54:03 GMT 2024","","WHOLE-TESTS","WHOLE-TESTS",""
"","2","INTERSECTION-TESTS.01","","Fri Dec 13 18:00:24 GMT 2024","passed","Fri Dec 13 18:00:24 GMT 2024","","HYPERON-METTALOG-SANITY","HYPERON-METTALOG-SANITY",""
"","2","FUNCTIONAL-PROGRAMMING-TESTS.02","","Fri Dec 13 18:00:24 GMT 2024","passed","Fri Dec 13 18:00:24 GMT 2024","","HYPERON-METTALOG-SANITY","HYPERON-METTALOG-SANITY",""
"","2","CONCRETE-TYPES---METTA-LANGUAGE7.05","","Fri Dec 13 18:08:33 GMT 2024","passed","Fri Dec 13 18:08:33 GMT 2024","","METTA-LANG","METTA-LANG",""
"","2","F1-IMPORTS.06","","Fri Dec 13 17:57:59 GMT 2024","passed","Fri Dec 13 17:57:59 GMT 2024","","HYPERON-EXPERIMENTAL-SCRIPTS","HYPERON-EXPERIMENTAL-SCRIPTS",""
"","6000","metta-morph_tests.supercollapse","","Fri Dec 13 17:53:57 GMT 2024","passed","Fri Dec 13 17:54:03 GMT 2024","","WHOLE-TESTS","WHOLE-TESTS",""
"","3","BASIC-EVALUATION---METTA-LANGUAGE2.01","","Fri Dec 13 18:08:33 GMT 2024","passed","Fri Dec 13 18:08:33 GMT 2024","","METTA-LANG","METTA-LANG",""
"","2","METATYPES---METTA-LANGUAGE1.04","","Fri Dec 13 18:08:33 GMT 2024","passed","Fri Dec 13 18:08:33 GMT 2024","","METTA-LANG","METTA-LANG",""
"","6000","hyperon-mettalog_sanity.string-tests","","Fri Dec 13 17:53:57 GMT 2024","passed","Fri Dec 13 17:54:03 GMT 2024","","WHOLE-TESTS","WHOLE-TESTS",""
"","2","SUPERPOSE-NESTED.04","","Fri Dec 13 18:05:39 GMT 2024","passed","Fri Dec 13 18:05:39 GMT 2024","","METTA-MORPH-TESTS","METTA-MORPH-TESTS",""
"","2","RECURSIVE-AND-PARAMETRIC-TYPES---METTA-LANGUAGE9.02","","Fri Dec 13 18:08:33 GMT 2024","passed","Fri Dec 13 18:08:33 GMT 2024","","METTA-LANG","METTA-LANG",""
"","2","WORKING-WITH-SPACES---METTA-LANGUAGE10.02","","Fri Dec 13 18:08:33 GMT 2024","passed","Fri Dec 13 18:08:33 GMT 2024","","METTA-LANG","METTA-LANG",""
"","2","FUNCTIONS-AND-UNIFICATION---METTA-LANGUAGE1.04","","Fri Dec 13 18:08:33 GMT 2024","passed","Fri Dec 13 18:08:33 GMT 2024","","METTA-LANG","METTA-LANG",""
"","6000","hyperon-mettalog_sanity.03-soring-via-insert","","Fri Dec 13 17:53:57 GMT 2024","passed","Fri Dec 13 17:54:03 GMT 2024","","WHOLE-TESTS","WHOLE-TESTS",""
"","6000","metta_lang.Control_flow___MeTTa_Language10","","Fri Dec 13 17:53:57 GMT 2024","passed","Fri Dec 13 17:54:03 GMT 2024","","WHOLE-TESTS","WHOLE-TESTS",""
"","2","WORKING-WITH-SPACES---METTA-LANGUAGE13.01","","Fri Dec 13 18:08:33 GMT 2024","passed","Fri Dec 13 18:08:33 GMT 2024","","METTA-LANG","METTA-LANG",""
"","6000","metta-morph_tests.multifunction","","Fri Dec 13 17:53:57 GMT 2024","passed","Fri Dec 13 17:54:03 GMT 2024","","WHOLE-TESTS","WHOLE-TESTS",""
"","76","WORKING-WITH-SPACES---METTA-LANGUAGE5.02","","Fri Dec 13 18:08:33 GMT 2024","passed","Fri Dec 13 18:08:33 GMT 2024","","METTA-LANG","METTA-LANG",""
"","2","OR-TEST.12","","Fri Dec 13 18:00:24 GMT 2024","passed","Fri Dec 13 18:00:24 GMT 2024","","HYPERON-METTALOG-SANITY","HYPERON-METTALOG-SANITY",""
"","2","XOR-TEST.06","","Fri Dec 13 18:00:24 GMT 2024","passed","Fri Dec 13 18:00:24 GMT 2024","","HYPERON-METTALOG-SANITY","HYPERON-METTALOG-SANITY",""
"","3","STRING-TESTS.21","","Fri Dec 13 18:00:24 GMT 2024","passed","Fri Dec 13 18:00:24 GMT 2024","","HYPERON-METTALOG-SANITY","HYPERON-METTALOG-SANITY",""
"","14","CONTROLLING-PATTERN-MATCHING---METTA-LANGUAGE10.08","","Fri Dec 13 18:08:33 GMT 2024","passed","Fri Dec 13 18:08:33 GMT 2024","","METTA-LANG","METTA-LANG",""
"","3","WORKING-WITH-SPACES---METTA-LANGUAGE1.01","","Fri Dec 13 18:08:33 GMT 2024","passed","Fri Dec 13 18:08:33 GMT 2024","","METTA-LANG","METTA-LANG",""
"","2","D4-TYPE-PROP.07","","Fri Dec 13 17:57:59 GMT 2024","passed","Fri Dec 13 17:57:59 GMT 2024","","HYPERON-EXPERIMENTAL-SCRIPTS","HYPERON-EXPERIMENTAL-SCRIPTS",""
"","3","RECURSIVE-AND-PARAMETRIC-TYPES---METTA-LANGUAGE6.01","","Fri Dec 13 18:08:33 GMT 2024","passed","Fri Dec 13 18:08:33 GMT 2024","","METTA-LANG","METTA-LANG",""
"","3","FUNCTIONS-AND-UNIFICATION---METTA-LANGUAGE7.01","","Fri Dec 13 18:08:33 GMT 2024","passed","Fri Dec 13 18:08:33 GMT 2024","","METTA-LANG","METTA-LANG",""
"","18000","metta-wam-issue-116.test_spo_116378","","Fri Dec 13 17:53:57 GMT 2024","passed","Fri Dec 13 17:54:15 GMT 2024","","WHOLE-TESTS","WHOLE-TESTS",""
"","3","D4-TYPE-PROP.01","","Fri Dec 13 17:57:59 GMT 2024","passed","Fri Dec 13 17:57:59 GMT 2024","","HYPERON-EXPERIMENTAL-SCRIPTS","HYPERON-EXPERIMENTAL-SCRIPTS",""
"","2","WORKING-WITH-SPACES---METTA-LANGUAGE1.09","","Fri Dec 13 18:08:33 GMT 2024","passed","Fri Dec 13 18:08:33 GMT 2024","","METTA-LANG","METTA-LANG",""
"","3","CONTROL-FLOW---METTA-LANGUAGE12.01","","Fri Dec 13 18:08:33 GMT 2024","passed","Fri Dec 13 18:08:33 GMT 2024","","METTA-LANG","METTA-LANG",""
"","81","WORKING-WITH-SPACES---METTA-LANGUAGE11.03","","Fri Dec 13 18:08:33 GMT 2024","failed","Fri Dec 13 18:08:33 GMT 2024","","METTA-LANG","METTA-LANG",""
"","6000","metta-morph_tests.peano","","Fri Dec 13 17:53:57 GMT 2024","passed","Fri Dec 13 17:54:03 GMT 2024","","WHOLE-TESTS","WHOLE-TESTS",""
"","8000","hyperon-mettalog_sanity.functional_programming_tests","","Fri Dec 13 17:53:57 GMT 2024","passed","Fri Dec 13 17:54:05 GMT 2024","","WHOLE-TESTS","WHOLE-TESTS",""
"","3","WORKING-WITH-SPACES---METTA-LANGUAGE8.03","","Fri Dec 13 18:08:33 GMT 2024","passed","Fri Dec 13 18:08:33 GMT 2024","","METTA-LANG","METTA-LANG",""
"","12","D1-GADT.04","","Fri Dec 13 17:57:59 GMT 2024","passed","Fri Dec 13 17:57:59 GMT 2024","","HYPERON-EXPERIMENTAL-SCRIPTS","HYPERON-EXPERIMENTAL-SCRIPTS",""
"","7000","metta_lang.Functions_and_unification___MeTTa_Language7","","Fri Dec 13 17:53:57 GMT 2024","passed","Fri Dec 13 17:54:04 GMT 2024","","WHOLE-TESTS","WHOLE-TESTS",""
"","2","WORKING-WITH-SPACES---METTA-LANGUAGE8.04","","Fri Dec 13 18:08:33 GMT 2024","passed","Fri Dec 13 18:08:33 GMT 2024","","METTA-LANG","METTA-LANG",""
"","6000","hyperon-experimental_scripts.c2_spaces","","Fri Dec 13 17:53:57 GMT 2024","passed","Fri Dec 13 17:54:03 GMT 2024","","WHOLE-TESTS","WHOLE-TESTS",""
"","76","INTERSECTION-TESTS.31","","Fri Dec 13 18:00:24 GMT 2024","failed","Fri Dec 13 18:00:24 GMT 2024","","HYPERON-METTALOG-SANITY","HYPERON-METTALOG-SANITY",""
"","2","FUNCTIONS-AND-UNIFICATION---METTA-LANGUAGE2.04","","Fri Dec 13 18:08:33 GMT 2024","passed","Fri Dec 13 18:08:33 GMT 2024","","METTA-LANG","METTA-LANG",""
"","2","D1-GADT.11","","Fri Dec 13 18:24:16 GMT 2024","passed","Fri Dec 13 18:24:16 GMT 2024","","QUICK","QUICK",""
"","14","D1-GADT.09","","Fri Dec 13 17:57:59 GMT 2024","passed","Fri Dec 13 17:57:59 GMT 2024","","HYPERON-EXPERIMENTAL-SCRIPTS","HYPERON-EXPERIMENTAL-SCRIPTS",""
"","6000","metta_lang.Basic_evaluation___MeTTa_Language11","","Fri Dec 13 17:53:57 GMT 2024","passed","Fri Dec 13 17:54:03 GMT 2024","","WHOLE-TESTS","WHOLE-TESTS",""
"","2","OPERATIONS-OVER-ATOMS---METTA-LANGUAGE1.03","","Fri Dec 13 18:08:33 GMT 2024","passed","Fri Dec 13 18:08:33 GMT 2024","","METTA-LANG","METTA-LANG",""
"","2","HANDLING-NONDETERMINISTIC-RESULTS---METTA-LANGUAGE8.05","","Fri Dec 13 18:08:33 GMT 2024","passed","Fri Dec 13 18:08:33 GMT 2024","","METTA-LANG","METTA-LANG",""
"","3","METATYPES---METTA-LANGUAGE7.03","","Fri Dec 13 18:08:33 GMT 2024","passed","Fri Dec 13 18:08:33 GMT 2024","","METTA-LANG","METTA-LANG",""
"","67","E2-STATES.07","","Fri Dec 13 17:57:59 GMT 2024","failed","Fri Dec 13 17:57:59 GMT 2024","","HYPERON-EXPERIMENTAL-SCRIPTS","HYPERON-EXPERIMENTAL-SCRIPTS",""
"","6000","metta_lang.Basic_evaluation___MeTTa_Language1","","Fri Dec 13 17:53:57 GMT 2024","passed","Fri Dec 13 17:54:03 GMT 2024","","WHOLE-TESTS","WHOLE-TESTS",""
"","2","06-MATCH-IN-SPACE.01","","Fri Dec 13 18:00:24 GMT 2024","passed","Fri Dec 13 18:00:24 GMT 2024","","HYPERON-METTALOG-SANITY","HYPERON-METTALOG-SANITY",""
"","2","CONTROL-FLOW---METTA-LANGUAGE16.01","","Fri Dec 13 18:08:33 GMT 2024","passed","Fri Dec 13 18:08:33 GMT 2024","","METTA-LANG","METTA-LANG",""
"","7000","metta_lang.Basic_evaluation___MeTTa_Language6","","Fri Dec 13 17:53:57 GMT 2024","passed","Fri Dec 13 17:54:04 GMT 2024","","WHOLE-TESTS","WHOLE-TESTS",""
"","68","C1-GROUNDED-BASIC.15","","Fri Dec 13 18:24:16 GMT 2024","failed","Fri Dec 13 18:24:16 GMT 2024","","QUICK","QUICK",""
"","2","SUPERPOSE-NESTED.03","","Fri Dec 13 18:05:39 GMT 2024","passed","Fri Dec 13 18:05:39 GMT 2024","","METTA-MORPH-TESTS","METTA-MORPH-TESTS",""
"","2","RECURSIVE-AND-PARAMETRIC-TYPES---METTA-LANGUAGE2.04","","Fri Dec 13 18:08:33 GMT 2024","passed","Fri Dec 13 18:08:33 GMT 2024","","METTA-LANG","METTA-LANG",""
"","6000","metta_lang.Concrete_types___MeTTa_Language14","","Fri Dec 13 17:53:57 GMT 2024","passed","Fri Dec 13 17:54:03 GMT 2024","","WHOLE-TESTS","WHOLE-TESTS",""
"","2","BASIC-EVALUATION---METTA-LANGUAGE15.01","","Fri Dec 13 18:08:33 GMT 2024","passed","Fri Dec 13 18:08:33 GMT 2024","","METTA-LANG","METTA-LANG",""
"","3","CONTROLLING-PATTERN-MATCHING---METTA-LANGUAGE7.01","","Fri Dec 13 18:08:33 GMT 2024","passed","Fri Dec 13 18:08:33 GMT 2024","","METTA-LANG","METTA-LANG",""
"","2","C3-PLN-STV.03","","Fri Dec 13 17:57:59 GMT 2024","passed","Fri Dec 13 17:57:59 GMT 2024","","HYPERON-EXPERIMENTAL-SCRIPTS","HYPERON-EXPERIMENTAL-SCRIPTS",""
"","1","00-LANG-CASE.07","","Fri Dec 13 18:00:24 GMT 2024","passed","Fri Dec 13 18:00:24 GMT 2024","","HYPERON-METTALOG-SANITY","HYPERON-METTALOG-SANITY",""
"","3","CONTROLLING-PATTERN-MATCHING---METTA-LANGUAGE11.01","","Fri Dec 13 18:08:33 GMT 2024","passed","Fri Dec 13 18:08:33 GMT 2024","","METTA-LANG","METTA-LANG",""
"","2","06-MATCH-IN-SPACE.03","","Fri Dec 13 18:00:24 GMT 2024","passed","Fri Dec 13 18:00:24 GMT 2024","","HYPERON-METTALOG-SANITY","HYPERON-METTALOG-SANITY",""
"","7000","metta_lang.Control_flow___MeTTa_Language16","","Fri Dec 13 17:53:57 GMT 2024","passed","Fri Dec 13 17:54:04 GMT 2024","","WHOLE-TESTS","WHOLE-TESTS",""
"","7000","metta_lang.Working_with_spaces___MeTTa_Language2","","Fri Dec 13 17:53:57 GMT 2024","passed","Fri Dec 13 17:54:04 GMT 2024","","WHOLE-TESTS","WHOLE-TESTS",""
"","2","D4-TYPE-PROP.11","","Fri Dec 13 17:57:59 GMT 2024","passed","Fri Dec 13 17:57:59 GMT 2024","","HYPERON-EXPERIMENTAL-SCRIPTS","HYPERON-EXPERIMENTAL-SCRIPTS",""
"","2","F1-MODULEA.06","","Fri Dec 13 17:53:50 GMT 2024","passed","Fri Dec 13 17:53:50 GMT 2024","","MODULE-SYSTEM","MODULE-SYSTEM",""
"","2","OPERATIONS-OVER-ATOMS---METTA-LANGUAGE1.04","","Fri Dec 13 18:08:33 GMT 2024","passed","Fri Dec 13 18:08:33 GMT 2024","","METTA-LANG","METTA-LANG",""
"","28000","anti-regression.debug_mettalogTestCurried","","Fri Dec 13 17:53:57 GMT 2024","passed","Fri Dec 13 17:54:25 GMT 2024","","WHOLE-TESTS","WHOLE-TESTS",""
"","8","D1-GADT.13","","Fri Dec 13 17:57:59 GMT 2024","passed","Fri Dec 13 17:57:59 GMT 2024","","HYPERON-EXPERIMENTAL-SCRIPTS","HYPERON-EXPERIMENTAL-SCRIPTS",""
"","3","WORKING-WITH-SPACES---METTA-LANGUAGE1.07","","Fri Dec 13 18:08:33 GMT 2024","passed","Fri Dec 13 18:08:33 GMT 2024","","METTA-LANG","METTA-LANG",""
"","2","CONSOLE-OUTPUT-AND-DEBUGGING---METTA-LANGUAGE5.07","","Fri Dec 13 18:08:33 GMT 2024","passed","Fri Dec 13 18:08:33 GMT 2024","","METTA-LANG","METTA-LANG",""
"","7000","metta-morph_tests.sequential_nested","","Fri Dec 13 17:53:57 GMT 2024","passed","Fri Dec 13 17:54:04 GMT 2024","","WHOLE-TESTS","WHOLE-TESTS",""
"","2","BCHAIN-COMP.04","","Fri Dec 13 17:54:03 GMT 2024","passed","Fri Dec 13 17:54:03 GMT 2024","","ANTI-REGRESSION","ANTI-REGRESSION",""
"","3","G1-DOCS.02","","Fri Dec 13 17:57:59 GMT 2024","passed","Fri Dec 13 17:57:59 GMT 2024","","HYPERON-EXPERIMENTAL-SCRIPTS","HYPERON-EXPERIMENTAL-SCRIPTS",""
"","3","TYPES.01","","Fri Dec 13 18:05:39 GMT 2024","passed","Fri Dec 13 18:05:39 GMT 2024","","METTA-MORPH-TESTS","METTA-MORPH-TESTS",""
"","3","FLIP-TEST.01","","Fri Dec 13 18:00:24 GMT 2024","passed","Fri Dec 13 18:00:24 GMT 2024","","HYPERON-METTALOG-SANITY","HYPERON-METTALOG-SANITY",""
"","3","WORKING-WITH-SPACES---METTA-LANGUAGE11.01","","Fri Dec 13 18:08:33 GMT 2024","passed","Fri Dec 13 18:08:33 GMT 2024","","METTA-LANG","METTA-LANG",""
"","6000","metta_lang.Handling_nondeterministic_results___MeTTa_Language4","","Fri Dec 13 17:53:57 GMT 2024","passed","Fri Dec 13 17:54:03 GMT 2024","","WHOLE-TESTS","WHOLE-TESTS",""
"","2","F1-IMPORTS.12","","Fri Dec 13 18:24:16 GMT 2024","passed","Fri Dec 13 18:24:16 GMT 2024","","QUICK","QUICK",""
"","65","BASIC-EVALUATION---METTA-LANGUAGE10.01","","Fri Dec 13 18:08:33 GMT 2024","passed","Fri Dec 13 18:08:33 GMT 2024","","METTA-LANG","METTA-LANG",""
"","2","CONTROL-FLOW---METTA-LANGUAGE2.02","","Fri Dec 13 18:08:33 GMT 2024","passed","Fri Dec 13 18:08:33 GMT 2024","","METTA-LANG","METTA-LANG",""
"","1","TYPES2.04","","Fri Dec 13 18:05:39 GMT 2024","passed","Fri Dec 13 18:05:39 GMT 2024","","METTA-MORPH-TESTS","METTA-MORPH-TESTS",""
"","2","B4-NONDETERM.06","","Fri Dec 13 17:57:59 GMT 2024","passed","Fri Dec 13 17:57:59 GMT 2024","","HYPERON-EXPERIMENTAL-SCRIPTS","HYPERON-EXPERIMENTAL-SCRIPTS",""
"","3","CONTROL-FLOW---METTA-LANGUAGE16.03","","Fri Dec 13 18:08:33 GMT 2024","passed","Fri Dec 13 18:08:33 GMT 2024","","METTA-LANG","METTA-LANG",""
"","6000","metta_lang.Concrete_types___MeTTa_Language2","","Fri Dec 13 17:53:57 GMT 2024","passed","Fri Dec 13 17:54:03 GMT 2024","","WHOLE-TESTS","WHOLE-TESTS",""
"","138","TEST-SPO-5000.01","","Fri Dec 13 17:54:59 GMT 2024","passed","Fri Dec 13 17:54:59 GMT 2024","","METTA-WAM-ISSUE-116","METTA-WAM-ISSUE-116",""
"","3","D2-HIGHERFUNC.27","","Fri Dec 13 18:24:16 GMT 2024","passed","Fri Dec 13 18:24:16 GMT 2024","","QUICK","QUICK",""
"","3","OPERATIONS-OVER-ATOMS---METTA-LANGUAGE9.02","","Fri Dec 13 18:08:33 GMT 2024","passed","Fri Dec 13 18:08:33 GMT 2024","","METTA-LANG","METTA-LANG",""
"","7000","hyperon-mettalog_sanity.first_answer","","Fri Dec 13 17:53:57 GMT 2024","passed","Fri Dec 13 17:54:04 GMT 2024","","WHOLE-TESTS","WHOLE-TESTS",""
"","6000","metta_lang.Basic_grounded_functions___MeTTa_Language8","","Fri Dec 13 17:53:57 GMT 2024","passed","Fri Dec 13 17:54:03 GMT 2024","","WHOLE-TESTS","WHOLE-TESTS",""
"","3","D4-TYPE-PROP.19","","Fri Dec 13 18:24:16 GMT 2024","passed","Fri Dec 13 18:24:16 GMT 2024","","QUICK","QUICK",""
"","3","MATCH-VOID.07","","Fri Dec 13 18:05:39 GMT 2024","passed","Fri Dec 13 18:05:39 GMT 2024","","METTA-MORPH-TESTS","METTA-MORPH-TESTS",""
"","3","BC-COMP.06","","Fri Dec 13 17:54:03 GMT 2024","passed","Fri Dec 13 17:54:03 GMT 2024","","ANTI-REGRESSION","ANTI-REGRESSION",""
"","2","WORKING-WITH-SPACES---METTA-LANGUAGE6.02","","Fri Dec 13 18:08:33 GMT 2024","passed","Fri Dec 13 18:08:33 GMT 2024","","METTA-LANG","METTA-LANG",""
"","2","F1-IMPORTS.19","","Fri Dec 13 18:24:16 GMT 2024","passed","Fri Dec 13 18:24:16 GMT 2024","","QUICK","QUICK",""
"","71","F1-IMPORTS.13","","Fri Dec 13 17:57:59 GMT 2024","failed","Fri Dec 13 17:57:59 GMT 2024","","HYPERON-EXPERIMENTAL-SCRIPTS","HYPERON-EXPERIMENTAL-SCRIPTS",""
"","2","F1-IMPORTS.11","","Fri Dec 13 17:53:50 GMT 2024","passed","Fri Dec 13 17:53:50 GMT 2024","","MODULE-SYSTEM","MODULE-SYSTEM",""
"","3","WORKING-WITH-SPACES---METTA-LANGUAGE3.05","","Fri Dec 13 18:08:33 GMT 2024","passed","Fri Dec 13 18:08:33 GMT 2024","","METTA-LANG","METTA-LANG",""
"","3","D4-TYPE-PROP.17","","Fri Dec 13 18:24:16 GMT 2024","passed","Fri Dec 13 18:24:16 GMT 2024","","QUICK","QUICK",""
"","2","A3-TWOSIDE.02","","Fri Dec 13 17:57:59 GMT 2024","passed","Fri Dec 13 17:57:59 GMT 2024","","HYPERON-EXPERIMENTAL-SCRIPTS","HYPERON-EXPERIMENTAL-SCRIPTS",""
"","6000","metta_lang.Concrete_types___MeTTa_Language10","","Fri Dec 13 17:53:57 GMT 2024","passed","Fri Dec 13 17:54:03 GMT 2024","","WHOLE-TESTS","WHOLE-TESTS",""
"","3","03-SORING-VIA-INSERT.04","","Fri Dec 13 18:00:24 GMT 2024","passed","Fri Dec 13 18:00:24 GMT 2024","","HYPERON-METTALOG-SANITY","HYPERON-METTALOG-SANITY",""
"","3","WORKING-WITH-SPACES---METTA-LANGUAGE8.05","","Fri Dec 13 18:08:33 GMT 2024","passed","Fri Dec 13 18:08:33 GMT 2024","","METTA-LANG","METTA-LANG",""
"","543","TMPMATCH2.05","","Fri Dec 13 17:54:03 GMT 2024","passed","Fri Dec 13 17:54:03 GMT 2024","","ANTI-REGRESSION","ANTI-REGRESSION",""
"","13","D2-HIGHERFUNC.22","","Fri Dec 13 17:57:59 GMT 2024","passed","Fri Dec 13 17:57:59 GMT 2024","","HYPERON-EXPERIMENTAL-SCRIPTS","HYPERON-EXPERIMENTAL-SCRIPTS",""
"","2","CONSOLE-OUTPUT-AND-DEBUGGING---METTA-LANGUAGE3.05","","Fri Dec 13 18:08:33 GMT 2024","passed","Fri Dec 13 18:08:33 GMT 2024","","METTA-LANG","METTA-LANG",""
"","43","BASIC-GROUNDED-FUNCTIONS---METTA-LANGUAGE3.02","","Fri Dec 13 18:08:33 GMT 2024","failed","Fri Dec 13 18:08:33 GMT 2024","","METTA-LANG","METTA-LANG",""
"","6000","metta_lang.Controlling_pattern_matching___MeTTa_Language2","","Fri Dec 13 17:53:57 GMT 2024","passed","Fri Dec 13 17:54:03 GMT 2024","","WHOLE-TESTS","WHOLE-TESTS",""
"","109","B5-TYPES-PRELIM.08","","Fri Dec 13 17:57:59 GMT 2024","failed","Fri Dec 13 17:57:59 GMT 2024","","HYPERON-EXPERIMENTAL-SCRIPTS","HYPERON-EXPERIMENTAL-SCRIPTS",""
"","2","INTERSECTION-TESTS.32","","Fri Dec 13 18:00:24 GMT 2024","passed","Fri Dec 13 18:00:24 GMT 2024","","HYPERON-METTALOG-SANITY","HYPERON-METTALOG-SANITY",""
"","3","OPERATIONS-OVER-ATOMS---METTA-LANGUAGE7.02","","Fri Dec 13 18:08:33 GMT 2024","passed","Fri Dec 13 18:08:33 GMT 2024","","METTA-LANG","METTA-LANG",""
"","6000","metta_lang.Control_flow___MeTTa_Language14","","Fri Dec 13 17:53:57 GMT 2024","passed","Fri Dec 13 17:54:03 GMT 2024","","WHOLE-TESTS","WHOLE-TESTS",""
"","4","UNIQUE-TEST.13","","Fri Dec 13 18:00:24 GMT 2024","passed","Fri Dec 13 18:00:24 GMT 2024","","HYPERON-METTALOG-SANITY","HYPERON-METTALOG-SANITY",""
"","3","RECURSION-AND-CONTROL---METTA-LANGUAGE9.04","","Fri Dec 13 18:08:33 GMT 2024","passed","Fri Dec 13 18:08:33 GMT 2024","","METTA-LANG","METTA-LANG",""
"","2","UNIQUE-TEST.02","","Fri Dec 13 18:00:24 GMT 2024","passed","Fri Dec 13 18:00:24 GMT 2024","","HYPERON-METTALOG-SANITY","HYPERON-METTALOG-SANITY",""
"","2","METTALOGTESTCURRIED2.04","","Fri Dec 13 17:54:03 GMT 2024","passed","Fri Dec 13 17:54:03 GMT 2024","","ANTI-REGRESSION","ANTI-REGRESSION",""
"","2","BASE-TEST-REPR-PARSE-INTERSECTION.04","","Fri Dec 13 18:00:24 GMT 2024","passed","Fri Dec 13 18:00:24 GMT 2024","","HYPERON-METTALOG-SANITY","HYPERON-METTALOG-SANITY",""
"","2","RECURSION-AND-CONTROL---METTA-LANGUAGE5.01","","Fri Dec 13 18:08:33 GMT 2024","passed","Fri Dec 13 18:08:33 GMT 2024","","METTA-LANG","METTA-LANG",""
"","3","CONCRETE-TYPES---METTA-LANGUAGE12.01","","Fri Dec 13 18:08:33 GMT 2024","passed","Fri Dec 13 18:08:33 GMT 2024","","METTA-LANG","METTA-LANG",""
"","1","HANDLING-NONDETERMINISTIC-RESULTS---METTA-LANGUAGE4.02","","Fri Dec 13 18:08:33 GMT 2024","passed","Fri Dec 13 18:08:33 GMT 2024","","METTA-LANG","METTA-LANG",""
"","4","C1-GROUNDED-BASIC.02","","Fri Dec 13 18:24:16 GMT 2024","passed","Fri Dec 13 18:24:16 GMT 2024","","QUICK","QUICK",""
"","6000","metta_lang.Operations_over_atoms___MeTTa_Language3","","Fri Dec 13 17:53:57 GMT 2024","passed","Fri Dec 13 17:54:03 GMT 2024","","WHOLE-TESTS","WHOLE-TESTS",""
"","4","C1-GROUNDED-BASIC.08","","Fri Dec 13 17:57:59 GMT 2024","passed","Fri Dec 13 17:57:59 GMT 2024","","HYPERON-EXPERIMENTAL-SCRIPTS","HYPERON-EXPERIMENTAL-SCRIPTS",""
"","2","ZEROARGS.02","","Fri Dec 13 18:05:39 GMT 2024","passed","Fri Dec 13 18:05:39 GMT 2024","","METTA-MORPH-TESTS","METTA-MORPH-TESTS",""
"","2","C1-GROUNDED-BASIC.18","","Fri Dec 13 18:24:16 GMT 2024","passed","Fri Dec 13 18:24:16 GMT 2024","","QUICK","QUICK",""
"","2","RECURSIVE-AND-PARAMETRIC-TYPES---METTA-LANGUAGE3.01","","Fri Dec 13 18:08:33 GMT 2024","passed","Fri Dec 13 18:08:33 GMT 2024","","METTA-LANG","METTA-LANG",""
"","2","A1-SYMBOLS.06","","Fri Dec 13 17:57:59 GMT 2024","passed","Fri Dec 13 17:57:59 GMT 2024","","HYPERON-EXPERIMENTAL-SCRIPTS","HYPERON-EXPERIMENTAL-SCRIPTS",""
"","2","BASIC-GROUNDED-FUNCTIONS---METTA-LANGUAGE2.02","","Fri Dec 13 18:08:33 GMT 2024","passed","Fri Dec 13 18:08:33 GMT 2024","","METTA-LANG","METTA-LANG",""
"","117","C1-GROUNDED-BASIC.14","","Fri Dec 13 18:24:16 GMT 2024","failed","Fri Dec 13 18:24:16 GMT 2024","","QUICK","QUICK",""
"","3","A1-SYMBOLS.04","","Fri Dec 13 17:57:59 GMT 2024","passed","Fri Dec 13 17:57:59 GMT 2024","","HYPERON-EXPERIMENTAL-SCRIPTS","HYPERON-EXPERIMENTAL-SCRIPTS",""
"","3","RECURSION-AND-CONTROL---METTA-LANGUAGE3.05","","Fri Dec 13 18:08:33 GMT 2024","passed","Fri Dec 13 18:08:33 GMT 2024","","METTA-LANG","METTA-LANG",""
"","2","RECURSIVE-AND-PARAMETRIC-TYPES---METTA-LANGUAGE7.03","","Fri Dec 13 18:08:33 GMT 2024","passed","Fri Dec 13 18:08:33 GMT 2024","","METTA-LANG","METTA-LANG",""
"","2","06-MATCH-IN-SPACE.06","","Fri Dec 13 18:00:24 GMT 2024","passed","Fri Dec 13 18:00:24 GMT 2024","","HYPERON-METTALOG-SANITY","HYPERON-METTALOG-SANITY",""
"","2","F1-MODULEA.07","","Fri Dec 13 18:24:16 GMT 2024","passed","Fri Dec 13 18:24:16 GMT 2024","","QUICK","QUICK",""
"","2","D4-TYPE-PROP.01","","Fri Dec 13 18:24:16 GMT 2024","passed","Fri Dec 13 18:24:16 GMT 2024","","QUICK","QUICK",""
"","7000","synth_buffer.synthesize","","Fri Dec 13 17:53:57 GMT 2024","passed","Fri Dec 13 17:54:04 GMT 2024","","WHOLE-TESTS","WHOLE-TESTS",""
"","2","XOR-TEST.08","","Fri Dec 13 18:00:24 GMT 2024","passed","Fri Dec 13 18:00:24 GMT 2024","","HYPERON-METTALOG-SANITY","HYPERON-METTALOG-SANITY",""
"","6000","metta_lang.Basic_evaluation___MeTTa_Language9","","Fri Dec 13 17:53:57 GMT 2024","passed","Fri Dec 13 17:54:03 GMT 2024","","WHOLE-TESTS","WHOLE-TESTS",""
"","2","D4-TYPE-PROP.16","","Fri Dec 13 18:24:16 GMT 2024","passed","Fri Dec 13 18:24:16 GMT 2024","","QUICK","QUICK",""
"","2","TMPMATCH1.03","","Fri Dec 13 17:54:03 GMT 2024","passed","Fri Dec 13 17:54:03 GMT 2024","","ANTI-REGRESSION","ANTI-REGRESSION",""
"","2","FLIP-TEST.02","","Fri Dec 13 18:00:24 GMT 2024","passed","Fri Dec 13 18:00:24 GMT 2024","","HYPERON-METTALOG-SANITY","HYPERON-METTALOG-SANITY",""
"","3","D2-HIGHERFUNC.12","","Fri Dec 13 18:24:16 GMT 2024","passed","Fri Dec 13 18:24:16 GMT 2024","","QUICK","QUICK",""
"","2","MATCH-SUPERPOSED-SPACES.01","","Fri Dec 13 18:05:39 GMT 2024","passed","Fri Dec 13 18:05:39 GMT 2024","","METTA-MORPH-TESTS","METTA-MORPH-TESTS",""
"","2","OPERATIONS-OVER-ATOMS---METTA-LANGUAGE3.01","","Fri Dec 13 18:08:33 GMT 2024","passed","Fri Dec 13 18:08:33 GMT 2024","","METTA-LANG","METTA-LANG",""
"","3","RECURSIVE-AND-PARAMETRIC-TYPES---METTA-LANGUAGE5.01","","Fri Dec 13 18:08:33 GMT 2024","passed","Fri Dec 13 18:08:33 GMT 2024","","METTA-LANG","METTA-LANG",""
"","2","TEST-IF-CLOSED.02","","Fri Dec 13 17:54:03 GMT 2024","passed","Fri Dec 13 17:54:03 GMT 2024","","ANTI-REGRESSION","ANTI-REGRESSION",""
"","15","MATCH-VOID.05","","Fri Dec 13 18:05:39 GMT 2024","passed","Fri Dec 13 18:05:39 GMT 2024","","METTA-MORPH-TESTS","METTA-MORPH-TESTS",""
"","7000","metta_lang.Basic_evaluation___MeTTa_Language8","","Fri Dec 13 17:53:57 GMT 2024","passed","Fri Dec 13 17:54:04 GMT 2024","","WHOLE-TESTS","WHOLE-TESTS",""
"","2","TMPMATCH2.02","","Fri Dec 13 17:54:03 GMT 2024","passed","Fri Dec 13 17:54:03 GMT 2024","","ANTI-REGRESSION","ANTI-REGRESSION",""
"","107","SPACE-INTERSECTION-TESTS.17","","Fri Dec 13 18:00:24 GMT 2024","failed","Fri Dec 13 18:00:24 GMT 2024","","HYPERON-METTALOG-SANITY","HYPERON-METTALOG-SANITY",""
"","2","TMPMATCH2.01","","Fri Dec 13 17:54:03 GMT 2024","passed","Fri Dec 13 17:54:03 GMT 2024","","ANTI-REGRESSION","ANTI-REGRESSION",""
"","3","OPERATIONS-OVER-ATOMS---METTA-LANGUAGE2.01","","Fri Dec 13 18:08:33 GMT 2024","passed","Fri Dec 13 18:08:33 GMT 2024","","METTA-LANG","METTA-LANG",""
"","5","UNIQUE-TEST.12","","Fri Dec 13 18:00:24 GMT 2024","passed","Fri Dec 13 18:00:24 GMT 2024","","HYPERON-METTALOG-SANITY","HYPERON-METTALOG-SANITY",""
"","2","CONTROL-FLOW---METTA-LANGUAGE16.02","","Fri Dec 13 18:08:33 GMT 2024","passed","Fri Dec 13 18:08:33 GMT 2024","","METTA-LANG","METTA-LANG",""
"","3","01-LANG-INC.01","","Fri Dec 13 18:00:24 GMT 2024","passed","Fri Dec 13 18:00:24 GMT 2024","","HYPERON-METTALOG-SANITY","HYPERON-METTALOG-SANITY",""
"","53","CONSOLE-OUTPUT-AND-DEBUGGING---METTA-LANGUAGE10.02","","Fri Dec 13 18:08:33 GMT 2024","failed","Fri Dec 13 18:08:33 GMT 2024","","METTA-LANG","METTA-LANG",""
"","2","CONTROLLING-PATTERN-MATCHING---METTA-LANGUAGE12.15","","Fri Dec 13 18:08:33 GMT 2024","passed","Fri Dec 13 18:08:33 GMT 2024","","METTA-LANG","METTA-LANG",""
"","2","MATCH-SUPERPOSED-SPACES.04","","Fri Dec 13 18:05:39 GMT 2024","passed","Fri Dec 13 18:05:39 GMT 2024","","METTA-MORPH-TESTS","METTA-MORPH-TESTS",""
"","2","C1-GROUNDED-BASIC.21","","Fri Dec 13 17:57:59 GMT 2024","passed","Fri Dec 13 17:57:59 GMT 2024","","HYPERON-EXPERIMENTAL-SCRIPTS","HYPERON-EXPERIMENTAL-SCRIPTS",""
"","2","HANDLING-NONDETERMINISTIC-RESULTS---METTA-LANGUAGE7.03","","Fri Dec 13 18:08:33 GMT 2024","passed","Fri Dec 13 18:08:33 GMT 2024","","METTA-LANG","METTA-LANG",""
"","83","HANDLING-NONDETERMINISTIC-RESULTS---METTA-LANGUAGE7.02","","Fri Dec 13 18:08:33 GMT 2024","passed","Fri Dec 13 18:08:33 GMT 2024","","METTA-LANG","METTA-LANG",""
"","2","F1-IMPORTS.10","","Fri Dec 13 17:53:50 GMT 2024","passed","Fri Dec 13 17:53:50 GMT 2024","","MODULE-SYSTEM","MODULE-SYSTEM",""
"","2","IS-SPACE.03","","Fri Dec 13 18:00:24 GMT 2024","passed","Fri Dec 13 18:00:24 GMT 2024","","HYPERON-METTALOG-SANITY","HYPERON-METTALOG-SANITY",""
"","232","TIME-SYNTHESIZE-SHORT.01","","Fri Dec 13 18:03:20 GMT 2024","passed","Fri Dec 13 18:03:20 GMT 2024","","SYNTH-BUFFER","SYNTH-BUFFER",""
"","4","SEALED-TEST.01","","Fri Dec 13 18:00:24 GMT 2024","passed","Fri Dec 13 18:00:24 GMT 2024","","HYPERON-METTALOG-SANITY","HYPERON-METTALOG-SANITY",""
"","6000","metta-morph_tests.types","","Fri Dec 13 17:53:57 GMT 2024","passed","Fri Dec 13 17:54:03 GMT 2024","","WHOLE-TESTS","WHOLE-TESTS",""
"","13","D2-HIGHERFUNC.21","","Fri Dec 13 17:57:59 GMT 2024","passed","Fri Dec 13 17:57:59 GMT 2024","","HYPERON-EXPERIMENTAL-SCRIPTS","HYPERON-EXPERIMENTAL-SCRIPTS",""
"","1","OR-TEST.18","","Fri Dec 13 18:00:24 GMT 2024","passed","Fri Dec 13 18:00:24 GMT 2024","","HYPERON-METTALOG-SANITY","HYPERON-METTALOG-SANITY",""
"","7000","hyperon-mettalog_sanity.catch_throw_tests","","Fri Dec 13 17:53:57 GMT 2024","passed","Fri Dec 13 17:54:04 GMT 2024","","WHOLE-TESTS","WHOLE-TESTS",""
"","1","F1-MODULEA.09","","Fri Dec 13 17:57:59 GMT 2024","passed","Fri Dec 13 17:57:59 GMT 2024","","HYPERON-EXPERIMENTAL-SCRIPTS","HYPERON-EXPERIMENTAL-SCRIPTS",""
"","6000","metta_lang.Recursion_and_control___MeTTa_Language8","","Fri Dec 13 17:53:57 GMT 2024","passed","Fri Dec 13 17:54:03 GMT 2024","","WHOLE-TESTS","WHOLE-TESTS",""
"","6000","hyperon-experimental_scripts.a1_symbols","","Fri Dec 13 17:53:57 GMT 2024","passed","Fri Dec 13 17:54:03 GMT 2024","","WHOLE-TESTS","WHOLE-TESTS",""
"","3","STRING-TESTS.17","","Fri Dec 13 18:00:24 GMT 2024","passed","Fri Dec 13 18:00:24 GMT 2024","","HYPERON-METTALOG-SANITY","HYPERON-METTALOG-SANITY",""
"","2","SPACE-INTERSECTION-TESTS.04","","Fri Dec 13 18:00:24 GMT 2024","passed","Fri Dec 13 18:00:24 GMT 2024","","HYPERON-METTALOG-SANITY","HYPERON-METTALOG-SANITY",""
"","63","CONTROLLING-PATTERN-MATCHING---METTA-LANGUAGE9.02","","Fri Dec 13 18:08:33 GMT 2024","passed","Fri Dec 13 18:08:33 GMT 2024","","METTA-LANG","METTA-LANG",""
"","6000","metta_lang.Recursion_and_control___MeTTa_Language1","","Fri Dec 13 17:53:57 GMT 2024","passed","Fri Dec 13 17:54:03 GMT 2024","","WHOLE-TESTS","WHOLE-TESTS",""
"","7000","metta_lang.Console_output_and_debugging___MeTTa_Language1","","Fri Dec 13 17:53:57 GMT 2024","passed","Fri Dec 13 17:54:04 GMT 2024","","WHOLE-TESTS","WHOLE-TESTS",""
"","2","FUNCTIONAL-PROGRAMMING-TESTS.05","","Fri Dec 13 18:00:24 GMT 2024","passed","Fri Dec 13 18:00:24 GMT 2024","","HYPERON-METTALOG-SANITY","HYPERON-METTALOG-SANITY",""
"","2","C2-SPACES.02","","Fri Dec 13 17:53:50 GMT 2024","passed","Fri Dec 13 17:53:50 GMT 2024","","MODULE-SYSTEM","MODULE-SYSTEM",""
"","6000","metta_lang.Metatypes___MeTTa_Language7","","Fri Dec 13 17:53:57 GMT 2024","passed","Fri Dec 13 17:54:03 GMT 2024","","WHOLE-TESTS","WHOLE-TESTS",""
"","69","E2-STATES.08","","Fri Dec 13 17:57:59 GMT 2024","failed","Fri Dec 13 17:57:59 GMT 2024","","HYPERON-EXPERIMENTAL-SCRIPTS","HYPERON-EXPERIMENTAL-SCRIPTS",""
"","1","TMPMATCH1.02","","Fri Dec 13 17:54:03 GMT 2024","passed","Fri Dec 13 17:54:03 GMT 2024","","ANTI-REGRESSION","ANTI-REGRESSION",""
"","3","HYPERPOSE.01","","Fri Dec 13 18:05:39 GMT 2024","passed","Fri Dec 13 18:05:39 GMT 2024","","METTA-MORPH-TESTS","METTA-MORPH-TESTS",""
"","2","OPERATIONS-OVER-ATOMS---METTA-LANGUAGE3.02","","Fri Dec 13 18:08:33 GMT 2024","passed","Fri Dec 13 18:08:33 GMT 2024","","METTA-LANG","METTA-LANG",""
"","15","E3-MATCH-STATES.05","","Fri Dec 13 17:57:59 GMT 2024","failed","Fri Dec 13 17:57:59 GMT 2024","","HYPERON-EXPERIMENTAL-SCRIPTS","HYPERON-EXPERIMENTAL-SCRIPTS",""
"","3","NESTED-QUERIES-AND-RECURSIVE-GRAPH-TRAVERSAL---METTA-LANGUAGE3.01","","Fri Dec 13 18:08:33 GMT 2024","passed","Fri Dec 13 18:08:33 GMT 2024","","METTA-LANG","METTA-LANG",""
"","2","OPERATIONS-OVER-ATOMS---METTA-LANGUAGE4.01","","Fri Dec 13 18:08:33 GMT 2024","passed","Fri Dec 13 18:08:33 GMT 2024","","METTA-LANG","METTA-LANG",""
"","2","CATCH-THROW-TESTS.06","","Fri Dec 13 18:00:24 GMT 2024","passed","Fri Dec 13 18:00:24 GMT 2024","","HYPERON-METTALOG-SANITY","HYPERON-METTALOG-SANITY",""
"","2","METTALOGTESTCURRIED2.05","","Fri Dec 13 17:54:03 GMT 2024","passed","Fri Dec 13 17:54:03 GMT 2024","","ANTI-REGRESSION","ANTI-REGRESSION",""
"","6000","metta-morph_tests.identity","","Fri Dec 13 17:53:57 GMT 2024","passed","Fri Dec 13 17:54:03 GMT 2024","","WHOLE-TESTS","WHOLE-TESTS",""
"","2","F1-IMPORTS.15","","Fri Dec 13 17:57:59 GMT 2024","passed","Fri Dec 13 17:57:59 GMT 2024","","HYPERON-EXPERIMENTAL-SCRIPTS","HYPERON-EXPERIMENTAL-SCRIPTS",""
"","2","F1-IMPORTS.20","","Fri Dec 13 18:24:16 GMT 2024","passed","Fri Dec 13 18:24:16 GMT 2024","","QUICK","QUICK",""
"","2","D2-HIGHERFUNC.15","","Fri Dec 13 17:57:59 GMT 2024","passed","Fri Dec 13 17:57:59 GMT 2024","","HYPERON-EXPERIMENTAL-SCRIPTS","HYPERON-EXPERIMENTAL-SCRIPTS",""
"","3","A1-SYMBOLS.01","","Fri Dec 13 17:57:59 GMT 2024","passed","Fri Dec 13 17:57:59 GMT 2024","","HYPERON-EXPERIMENTAL-SCRIPTS","HYPERON-EXPERIMENTAL-SCRIPTS",""
"","2","CONTROLLING-PATTERN-MATCHING---METTA-LANGUAGE12.09","","Fri Dec 13 18:08:33 GMT 2024","passed","Fri Dec 13 18:08:33 GMT 2024","","METTA-LANG","METTA-LANG",""
"","7000","metta_lang.Control_flow___MeTTa_Language11","","Fri Dec 13 17:53:57 GMT 2024","passed","Fri Dec 13 17:54:04 GMT 2024","","WHOLE-TESTS","WHOLE-TESTS",""
"","2","CONTROLLING-PATTERN-MATCHING---METTA-LANGUAGE10.05","","Fri Dec 13 18:08:33 GMT 2024","passed","Fri Dec 13 18:08:33 GMT 2024","","METTA-LANG","METTA-LANG",""
"","2","OPERATIONS-OVER-ATOMS---METTA-LANGUAGE7.01","","Fri Dec 13 18:08:33 GMT 2024","passed","Fri Dec 13 18:08:33 GMT 2024","","METTA-LANG","METTA-LANG",""
"","6000","metta_lang.Control_flow___MeTTa_Language15","","Fri Dec 13 17:53:57 GMT 2024","passed","Fri Dec 13 17:54:03 GMT 2024","","WHOLE-TESTS","WHOLE-TESTS",""
"","3","BASIC-EVALUATION---METTA-LANGUAGE6.02","","Fri Dec 13 18:08:33 GMT 2024","passed","Fri Dec 13 18:08:33 GMT 2024","","METTA-LANG","METTA-LANG",""
"","3","CONTROLLING-PATTERN-MATCHING---METTA-LANGUAGE12.05","","Fri Dec 13 18:08:33 GMT 2024","passed","Fri Dec 13 18:08:33 GMT 2024","","METTA-LANG","METTA-LANG",""
"","2","F1-MODULEA.08","","Fri Dec 13 18:24:16 GMT 2024","passed","Fri Dec 13 18:24:16 GMT 2024","","QUICK","QUICK",""
"","2","F1-IMPORTS.05","","Fri Dec 13 17:53:50 GMT 2024","passed","Fri Dec 13 17:53:50 GMT 2024","","MODULE-SYSTEM","MODULE-SYSTEM",""
"","3","RECURSION-AND-CONTROL---METTA-LANGUAGE2.03","","Fri Dec 13 18:08:33 GMT 2024","passed","Fri Dec 13 18:08:33 GMT 2024","","METTA-LANG","METTA-LANG",""
"","3","STRING-TESTS.01","","Fri Dec 13 18:00:24 GMT 2024","passed","Fri Dec 13 18:00:24 GMT 2024","","HYPERON-METTALOG-SANITY","HYPERON-METTALOG-SANITY",""
"","2","STRING-TESTS.12","","Fri Dec 13 18:00:24 GMT 2024","passed","Fri Dec 13 18:00:24 GMT 2024","","HYPERON-METTALOG-SANITY","HYPERON-METTALOG-SANITY",""
"","16","F1-IMPORTS.12","","Fri Dec 13 17:57:59 GMT 2024","passed","Fri Dec 13 17:57:59 GMT 2024","","HYPERON-EXPERIMENTAL-SCRIPTS","HYPERON-EXPERIMENTAL-SCRIPTS",""
"","2","D2-HIGHERFUNC.09","","Fri Dec 13 18:24:16 GMT 2024","passed","Fri Dec 13 18:24:16 GMT 2024","","QUICK","QUICK",""
"","23587","SYNTHESIZE.01","","Fri Dec 13 18:03:20 GMT 2024","passed","Fri Dec 13 18:03:43 GMT 2024","","SYNTH-BUFFER","SYNTH-BUFFER",""
"","6000","metta_lang.Basic_evaluation___MeTTa_Language7","","Fri Dec 13 17:53:57 GMT 2024","passed","Fri Dec 13 17:54:03 GMT 2024","","WHOLE-TESTS","WHOLE-TESTS",""
"","3","BCHAIN.01","","Fri Dec 13 17:54:03 GMT 2024","passed","Fri Dec 13 17:54:03 GMT 2024","","ANTI-REGRESSION","ANTI-REGRESSION",""
"","2","C1-GROUNDED-BASIC.05","","Fri Dec 13 17:57:59 GMT 2024","passed","Fri Dec 13 17:57:59 GMT 2024","","HYPERON-EXPERIMENTAL-SCRIPTS","HYPERON-EXPERIMENTAL-SCRIPTS",""
"","3","RECURSION-AND-CONTROL---METTA-LANGUAGE7.02","","Fri Dec 13 18:08:33 GMT 2024","passed","Fri Dec 13 18:08:33 GMT 2024","","METTA-LANG","METTA-LANG",""
"","2","BC-COMP.03","","Fri Dec 13 17:54:03 GMT 2024","passed","Fri Dec 13 17:54:03 GMT 2024","","ANTI-REGRESSION","ANTI-REGRESSION",""
"","6000","baseline_compat.rust_01","","Fri Dec 13 17:53:57 GMT 2024","passed","Fri Dec 13 17:54:03 GMT 2024","","WHOLE-TESTS","WHOLE-TESTS",""
"","16","WORKING-WITH-SPACES---METTA-LANGUAGE2.06","","Fri Dec 13 18:08:33 GMT 2024","failed","Fri Dec 13 18:08:33 GMT 2024","","METTA-LANG","METTA-LANG",""
"","2","TMPMATCH2.04","","Fri Dec 13 17:54:03 GMT 2024","passed","Fri Dec 13 17:54:03 GMT 2024","","ANTI-REGRESSION","ANTI-REGRESSION",""
"","6000","metta_lang.Basic_evaluation___MeTTa_Language13","","Fri Dec 13 17:53:57 GMT 2024","passed","Fri Dec 13 17:54:03 GMT 2024","","WHOLE-TESTS","WHOLE-TESTS",""
"","117","WORKING-WITH-SPACES---METTA-LANGUAGE1.10","","Fri Dec 13 18:08:33 GMT 2024","failed","Fri Dec 13 18:08:33 GMT 2024","","METTA-LANG","METTA-LANG",""
"","107","WORKING-WITH-SPACES---METTA-LANGUAGE1.08","","Fri Dec 13 18:08:33 GMT 2024","failed","Fri Dec 13 18:08:33 GMT 2024","","METTA-LANG","METTA-LANG",""
"","2","WORKING-WITH-SPACES---METTA-LANGUAGE3.06","","Fri Dec 13 18:08:33 GMT 2024","passed","Fri Dec 13 18:08:33 GMT 2024","","METTA-LANG","METTA-LANG",""
"","96","INTERSECTION-TESTS.28","","Fri Dec 13 18:00:24 GMT 2024","failed","Fri Dec 13 18:00:24 GMT 2024","","HYPERON-METTALOG-SANITY","HYPERON-METTALOG-SANITY",""
"","2","STRING-TESTS.15","","Fri Dec 13 18:00:24 GMT 2024","passed","Fri Dec 13 18:00:24 GMT 2024","","HYPERON-METTALOG-SANITY","HYPERON-METTALOG-SANITY",""
"","3","03-SORING-VIA-INSERT.06","","Fri Dec 13 18:00:24 GMT 2024","passed","Fri Dec 13 18:00:24 GMT 2024","","HYPERON-METTALOG-SANITY","HYPERON-METTALOG-SANITY",""
"","6000","metta_lang.Working_with_spaces___MeTTa_Language13","","Fri Dec 13 17:53:57 GMT 2024","passed","Fri Dec 13 17:54:03 GMT 2024","","WHOLE-TESTS","WHOLE-TESTS",""
"","3","FUNCTIONS-AND-UNIFICATION---METTA-LANGUAGE4.02","","Fri Dec 13 18:08:33 GMT 2024","passed","Fri Dec 13 18:08:33 GMT 2024","","METTA-LANG","METTA-LANG",""
"","3","B5-TYPES-PRELIM.22","","Fri Dec 13 17:57:59 GMT 2024","passed","Fri Dec 13 17:57:59 GMT 2024","","HYPERON-EXPERIMENTAL-SCRIPTS","HYPERON-EXPERIMENTAL-SCRIPTS",""
"","2","C1-GROUNDED-BASIC.22","","Fri Dec 13 17:57:59 GMT 2024","passed","Fri Dec 13 17:57:59 GMT 2024","","HYPERON-EXPERIMENTAL-SCRIPTS","HYPERON-EXPERIMENTAL-SCRIPTS",""
"","2","HYPERPOSE.06","","Fri Dec 13 18:05:39 GMT 2024","passed","Fri Dec 13 18:05:39 GMT 2024","","METTA-MORPH-TESTS","METTA-MORPH-TESTS",""
"","2","METATYPES---METTA-LANGUAGE1.02","","Fri Dec 13 18:08:33 GMT 2024","passed","Fri Dec 13 18:08:33 GMT 2024","","METTA-LANG","METTA-LANG",""
"","6000","hyperon-experimental_scripts.e1_kb_write","","Fri Dec 13 17:53:57 GMT 2024","passed","Fri Dec 13 17:54:03 GMT 2024","","WHOLE-TESTS","WHOLE-TESTS",""
"","23104","TIME-SYNTHESIZE-SHORT.02","","Fri Dec 13 18:03:20 GMT 2024","passed","Fri Dec 13 18:03:43 GMT 2024","","SYNTH-BUFFER","SYNTH-BUFFER",""
"","1","RECURSIVE-AND-PARAMETRIC-TYPES---METTA-LANGUAGE3.02","","Fri Dec 13 18:08:33 GMT 2024","passed","Fri Dec 13 18:08:33 GMT 2024","","METTA-LANG","METTA-LANG",""
"","3","CONTROLLING-PATTERN-MATCHING---METTA-LANGUAGE2.01","","Fri Dec 13 18:08:33 GMT 2024","passed","Fri Dec 13 18:08:33 GMT 2024","","METTA-LANG","METTA-LANG",""
"","6000","hyperon-mettalog_sanity.represent_and_parse_tests","","Fri Dec 13 17:53:57 GMT 2024","passed","Fri Dec 13 17:54:03 GMT 2024","","WHOLE-TESTS","WHOLE-TESTS",""
"","3","C1-GROUNDED-BASIC.12","","Fri Dec 13 18:24:16 GMT 2024","passed","Fri Dec 13 18:24:16 GMT 2024","","QUICK","QUICK",""
"","2","CONSOLE-OUTPUT-AND-DEBUGGING---METTA-LANGUAGE3.06","","Fri Dec 13 18:08:33 GMT 2024","passed","Fri Dec 13 18:08:33 GMT 2024","","METTA-LANG","METTA-LANG",""
"","840","WORKING-WITH-SPACES---METTA-LANGUAGE13.02","","Fri Dec 13 18:08:33 GMT 2024","failed","Fri Dec 13 18:08:33 GMT 2024","","METTA-LANG","METTA-LANG",""
"","6000","metta_lang.Metatypes___MeTTa_Language4","","Fri Dec 13 17:53:57 GMT 2024","passed","Fri Dec 13 17:54:03 GMT 2024","","WHOLE-TESTS","WHOLE-TESTS",""
"","3","XOR-TEST.09","","Fri Dec 13 18:00:24 GMT 2024","passed","Fri Dec 13 18:00:24 GMT 2024","","HYPERON-METTALOG-SANITY","HYPERON-METTALOG-SANITY",""
"","3","HANDLING-NONDETERMINISTIC-RESULTS---METTA-LANGUAGE8.01","","Fri Dec 13 18:08:33 GMT 2024","passed","Fri Dec 13 18:08:33 GMT 2024","","METTA-LANG","METTA-LANG",""
"","5","UNIQUE-TEST.14","","Fri Dec 13 18:00:24 GMT 2024","passed","Fri Dec 13 18:00:24 GMT 2024","","HYPERON-METTALOG-SANITY","HYPERON-METTALOG-SANITY",""
"","3","CONTROLLING-PATTERN-MATCHING---METTA-LANGUAGE6.04","","Fri Dec 13 18:08:33 GMT 2024","passed","Fri Dec 13 18:08:33 GMT 2024","","METTA-LANG","METTA-LANG",""
"","1","OR-TEST.03","","Fri Dec 13 18:00:24 GMT 2024","passed","Fri Dec 13 18:00:24 GMT 2024","","HYPERON-METTALOG-SANITY","HYPERON-METTALOG-SANITY",""
"","3","METATYPES---METTA-LANGUAGE1.09","","Fri Dec 13 18:08:33 GMT 2024","passed","Fri Dec 13 18:08:33 GMT 2024","","METTA-LANG","METTA-LANG",""
"","2","D1-GADT.14","","Fri Dec 13 17:57:59 GMT 2024","passed","Fri Dec 13 17:57:59 GMT 2024","","HYPERON-EXPERIMENTAL-SCRIPTS","HYPERON-EXPERIMENTAL-SCRIPTS",""
"","6000","metta_lang.Functions_and_unification___MeTTa_Language4","","Fri Dec 13 17:53:57 GMT 2024","passed","Fri Dec 13 17:54:03 GMT 2024","","WHOLE-TESTS","WHOLE-TESTS",""
"","6000","metta_lang.Basic_grounded_functions___MeTTa_Language7","","Fri Dec 13 17:53:57 GMT 2024","passed","Fri Dec 13 17:54:03 GMT 2024","","WHOLE-TESTS","WHOLE-TESTS",""
"","3","CONCRETE-TYPES---METTA-LANGUAGE4.01","","Fri Dec 13 18:08:33 GMT 2024","passed","Fri Dec 13 18:08:33 GMT 2024","","METTA-LANG","METTA-LANG",""
"","2","E3-MATCH-STATES.04","","Fri Dec 13 17:57:59 GMT 2024","passed","Fri Dec 13 17:57:59 GMT 2024","","HYPERON-EXPERIMENTAL-SCRIPTS","HYPERON-EXPERIMENTAL-SCRIPTS",""
"","17","CONCRETE-TYPES---METTA-LANGUAGE6.02","","Fri Dec 13 18:08:33 GMT 2024","failed","Fri Dec 13 18:08:33 GMT 2024","","METTA-LANG","METTA-LANG",""
"","2","B1-EQUAL-CHAIN.02","","Fri Dec 13 17:57:59 GMT 2024","passed","Fri Dec 13 17:57:59 GMT 2024","","HYPERON-EXPERIMENTAL-SCRIPTS","HYPERON-EXPERIMENTAL-SCRIPTS",""
"","3","ADD-ATOM-MATCH.01","","Fri Dec 13 18:05:39 GMT 2024","passed","Fri Dec 13 18:05:39 GMT 2024","","METTA-MORPH-TESTS","METTA-MORPH-TESTS",""
"","2","CONCRETE-TYPES---METTA-LANGUAGE1.04","","Fri Dec 13 18:08:33 GMT 2024","passed","Fri Dec 13 18:08:33 GMT 2024","","METTA-LANG","METTA-LANG",""
"","2","CONTROL-FLOW---METTA-LANGUAGE10.04","","Fri Dec 13 18:08:33 GMT 2024","passed","Fri Dec 13 18:08:33 GMT 2024","","METTA-LANG","METTA-LANG",""
"","6000","metta_lang.Recursive_and_parametric_types___MeTTa_Language8","","Fri Dec 13 17:53:57 GMT 2024","passed","Fri Dec 13 17:54:03 GMT 2024","","WHOLE-TESTS","WHOLE-TESTS",""
"","53","METATYPES---METTA-LANGUAGE2.04","","Fri Dec 13 18:08:33 GMT 2024","failed","Fri Dec 13 18:08:33 GMT 2024","","METTA-LANG","METTA-LANG",""
"","2","CONSOLE-OUTPUT-AND-DEBUGGING---METTA-LANGUAGE3.02","","Fri Dec 13 18:08:33 GMT 2024","passed","Fri Dec 13 18:08:33 GMT 2024","","METTA-LANG","METTA-LANG",""
"","8000","metta-morph_tests.minnars","","Fri Dec 13 17:53:57 GMT 2024","passed","Fri Dec 13 17:54:05 GMT 2024","","WHOLE-TESTS","WHOLE-TESTS",""
"","2","F1-IMPORTS.13","","Fri Dec 13 17:53:50 GMT 2024","passed","Fri Dec 13 17:53:50 GMT 2024","","MODULE-SYSTEM","MODULE-SYSTEM",""
"","14","CONTROLLING-PATTERN-MATCHING---METTA-LANGUAGE10.06","","Fri Dec 13 18:08:33 GMT 2024","passed","Fri Dec 13 18:08:33 GMT 2024","","METTA-LANG","METTA-LANG",""
"","6000","metta_lang.Recursive_and_parametric_types___MeTTa_Language5","","Fri Dec 13 17:53:57 GMT 2024","passed","Fri Dec 13 17:54:03 GMT 2024","","WHOLE-TESTS","WHOLE-TESTS",""
"","13","D2-HIGHERFUNC.21","","Fri Dec 13 18:24:16 GMT 2024","passed","Fri Dec 13 18:24:16 GMT 2024","","QUICK","QUICK",""
"","3","INTERSECTION-TESTS.26","","Fri Dec 13 18:00:24 GMT 2024","passed","Fri Dec 13 18:00:24 GMT 2024","","HYPERON-METTALOG-SANITY","HYPERON-METTALOG-SANITY",""
"","6000","metta_lang.Recursive_and_parametric_types___MeTTa_Language9","","Fri Dec 13 17:53:57 GMT 2024","passed","Fri Dec 13 17:54:03 GMT 2024","","WHOLE-TESTS","WHOLE-TESTS",""
"","2","HANDLING-NONDETERMINISTIC-RESULTS---METTA-LANGUAGE8.03","","Fri Dec 13 18:08:33 GMT 2024","passed","Fri Dec 13 18:08:33 GMT 2024","","METTA-LANG","METTA-LANG",""
"","2","CONTROLLING-PATTERN-MATCHING---METTA-LANGUAGE4.03","","Fri Dec 13 18:08:33 GMT 2024","passed","Fri Dec 13 18:08:33 GMT 2024","","METTA-LANG","METTA-LANG",""
"","3","D4-TYPE-PROP.04","","Fri Dec 13 18:24:16 GMT 2024","passed","Fri Dec 13 18:24:16 GMT 2024","","QUICK","QUICK",""
"","2","INTERSECTION-TESTS.14","","Fri Dec 13 18:00:24 GMT 2024","passed","Fri Dec 13 18:00:24 GMT 2024","","HYPERON-METTALOG-SANITY","HYPERON-METTALOG-SANITY",""
"","3","CONTROL-FLOW---METTA-LANGUAGE10.01","","Fri Dec 13 18:08:33 GMT 2024","passed","Fri Dec 13 18:08:33 GMT 2024","","METTA-LANG","METTA-LANG",""
"","2","SEALED-TEST.06","","Fri Dec 13 18:00:24 GMT 2024","passed","Fri Dec 13 18:00:24 GMT 2024","","HYPERON-METTALOG-SANITY","HYPERON-METTALOG-SANITY",""
"","2","B5-TYPES-PRELIM.18","","Fri Dec 13 17:57:59 GMT 2024","passed","Fri Dec 13 17:57:59 GMT 2024","","HYPERON-EXPERIMENTAL-SCRIPTS","HYPERON-EXPERIMENTAL-SCRIPTS",""
"","2","03-SORING-VIA-INSERT.02","","Fri Dec 13 18:00:24 GMT 2024","passed","Fri Dec 13 18:00:24 GMT 2024","","HYPERON-METTALOG-SANITY","HYPERON-METTALOG-SANITY",""
"","3","WORKING-WITH-SPACES---METTA-LANGUAGE12.06","","Fri Dec 13 18:08:33 GMT 2024","passed","Fri Dec 13 18:08:33 GMT 2024","","METTA-LANG","METTA-LANG",""
"","3","METATYPES---METTA-LANGUAGE4.01","","Fri Dec 13 18:08:33 GMT 2024","passed","Fri Dec 13 18:08:33 GMT 2024","","METTA-LANG","METTA-LANG",""
"","3","FIRST-ANSWER.02","","Fri Dec 13 18:00:24 GMT 2024","passed","Fri Dec 13 18:00:24 GMT 2024","","HYPERON-METTALOG-SANITY","HYPERON-METTALOG-SANITY",""
"","3","METATYPES---METTA-LANGUAGE8.03","","Fri Dec 13 18:08:33 GMT 2024","passed","Fri Dec 13 18:08:33 GMT 2024","","METTA-LANG","METTA-LANG",""
"","129","WORKING-WITH-SPACES---METTA-LANGUAGE10.03","","Fri Dec 13 18:08:33 GMT 2024","failed","Fri Dec 13 18:08:33 GMT 2024","","METTA-LANG","METTA-LANG",""
"","2","E1-KB-WRITE.01","","Fri Dec 13 17:57:59 GMT 2024","passed","Fri Dec 13 17:57:59 GMT 2024","","HYPERON-EXPERIMENTAL-SCRIPTS","HYPERON-EXPERIMENTAL-SCRIPTS",""
"","15","CONSOLE-OUTPUT-AND-DEBUGGING---METTA-LANGUAGE1.02","","Fri Dec 13 18:08:33 GMT 2024","failed","Fri Dec 13 18:08:33 GMT 2024","","METTA-LANG","METTA-LANG",""
"","6000","metta_lang.Concrete_types___MeTTa_Language9","","Fri Dec 13 17:53:57 GMT 2024","passed","Fri Dec 13 17:54:03 GMT 2024","","WHOLE-TESTS","WHOLE-TESTS",""
"","3","CONTROL-FLOW---METTA-LANGUAGE13.01","","Fri Dec 13 18:08:33 GMT 2024","passed","Fri Dec 13 18:08:33 GMT 2024","","METTA-LANG","METTA-LANG",""
"","157","CONTROLLING-PATTERN-MATCHING---METTA-LANGUAGE12.08","","Fri Dec 13 18:08:33 GMT 2024","failed","Fri Dec 13 18:08:33 GMT 2024","","METTA-LANG","METTA-LANG",""
"","2","SEQUENTIAL-NESTED.07","","Fri Dec 13 18:05:39 GMT 2024","passed","Fri Dec 13 18:05:39 GMT 2024","","METTA-MORPH-TESTS","METTA-MORPH-TESTS",""
"","6000","hyperon-experimental_scripts.b0_chaining_prelim","","Fri Dec 13 17:53:57 GMT 2024","passed","Fri Dec 13 17:54:03 GMT 2024","","WHOLE-TESTS","WHOLE-TESTS",""
"","2","CONTROLLING-PATTERN-MATCHING---METTA-LANGUAGE11.04","","Fri Dec 13 18:08:33 GMT 2024","passed","Fri Dec 13 18:08:33 GMT 2024","","METTA-LANG","METTA-LANG",""
"","2","HYPERPOSE.08","","Fri Dec 13 18:05:39 GMT 2024","passed","Fri Dec 13 18:05:39 GMT 2024","","METTA-MORPH-TESTS","METTA-MORPH-TESTS",""
"","5","SPACE-SUBTRACTION-TESTS.05","","Fri Dec 13 18:00:24 GMT 2024","passed","Fri Dec 13 18:00:24 GMT 2024","","HYPERON-METTALOG-SANITY","HYPERON-METTALOG-SANITY",""
"","3","NESTED-QUERIES-AND-RECURSIVE-GRAPH-TRAVERSAL---METTA-LANGUAGE2.01","","Fri Dec 13 18:08:33 GMT 2024","passed","Fri Dec 13 18:08:33 GMT 2024","","METTA-LANG","METTA-LANG",""
"","6000","metta_lang.Operations_over_atoms___MeTTa_Language1","","Fri Dec 13 17:53:57 GMT 2024","passed","Fri Dec 13 17:54:03 GMT 2024","","WHOLE-TESTS","WHOLE-TESTS",""
"","2","STRING-TESTS.02","","Fri Dec 13 18:00:24 GMT 2024","passed","Fri Dec 13 18:00:24 GMT 2024","","HYPERON-METTALOG-SANITY","HYPERON-METTALOG-SANITY",""
"","2","SEQUENTIAL-NESTED.05","","Fri Dec 13 18:05:39 GMT 2024","passed","Fri Dec 13 18:05:39 GMT 2024","","METTA-MORPH-TESTS","METTA-MORPH-TESTS",""
"","2","B5-TYPES-PRELIM.09","","Fri Dec 13 17:57:59 GMT 2024","passed","Fri Dec 13 17:57:59 GMT 2024","","HYPERON-EXPERIMENTAL-SCRIPTS","HYPERON-EXPERIMENTAL-SCRIPTS",""
"","3","METATYPES---METTA-LANGUAGE2.08","","Fri Dec 13 18:08:33 GMT 2024","passed","Fri Dec 13 18:08:33 GMT 2024","","METTA-LANG","METTA-LANG",""
"","3","INTERSECTION-TESTS.30","","Fri Dec 13 18:00:24 GMT 2024","passed","Fri Dec 13 18:00:24 GMT 2024","","HYPERON-METTALOG-SANITY","HYPERON-METTALOG-SANITY",""
"","3","ZEROARGS.01","","Fri Dec 13 18:05:39 GMT 2024","passed","Fri Dec 13 18:05:39 GMT 2024","","METTA-MORPH-TESTS","METTA-MORPH-TESTS",""
"","1","OPERATIONS-OVER-ATOMS---METTA-LANGUAGE2.04","","Fri Dec 13 18:08:33 GMT 2024","passed","Fri Dec 13 18:08:33 GMT 2024","","METTA-LANG","METTA-LANG",""
"","3","BC-COMP.04","","Fri Dec 13 17:54:03 GMT 2024","passed","Fri Dec 13 17:54:03 GMT 2024","","ANTI-REGRESSION","ANTI-REGRESSION",""
"","6000","metta_lang.Concrete_types___MeTTa_Language7","","Fri Dec 13 17:53:57 GMT 2024","passed","Fri Dec 13 17:54:03 GMT 2024","","WHOLE-TESTS","WHOLE-TESTS",""
"","6000","metta_lang.Controlling_pattern_matching___MeTTa_Language8","","Fri Dec 13 17:53:57 GMT 2024","passed","Fri Dec 13 17:54:03 GMT 2024","","WHOLE-TESTS","WHOLE-TESTS",""
"","2","F1-MODULEA.04","","Fri Dec 13 17:57:59 GMT 2024","passed","Fri Dec 13 17:57:59 GMT 2024","","HYPERON-EXPERIMENTAL-SCRIPTS","HYPERON-EXPERIMENTAL-SCRIPTS",""
"","2","HANDLING-NONDETERMINISTIC-RESULTS---METTA-LANGUAGE8.08","","Fri Dec 13 18:08:33 GMT 2024","passed","Fri Dec 13 18:08:33 GMT 2024","","METTA-LANG","METTA-LANG",""
"","3","00-LANG-CASE.13","","Fri Dec 13 18:00:24 GMT 2024","passed","Fri Dec 13 18:00:24 GMT 2024","","HYPERON-METTALOG-SANITY","HYPERON-METTALOG-SANITY",""
"","2","INTERSECTION-TESTS.03","","Fri Dec 13 18:00:24 GMT 2024","passed","Fri Dec 13 18:00:24 GMT 2024","","HYPERON-METTALOG-SANITY","HYPERON-METTALOG-SANITY",""
"","2","F1-IMPORTS.15","","Fri Dec 13 18:24:16 GMT 2024","passed","Fri Dec 13 18:24:16 GMT 2024","","QUICK","QUICK",""
"","3","CATCH-THROW-TESTS.08","","Fri Dec 13 18:00:24 GMT 2024","passed","Fri Dec 13 18:00:24 GMT 2024","","HYPERON-METTALOG-SANITY","HYPERON-METTALOG-SANITY",""
"","14","MATCH-VOID.04","","Fri Dec 13 18:05:39 GMT 2024","passed","Fri Dec 13 18:05:39 GMT 2024","","METTA-MORPH-TESTS","METTA-MORPH-TESTS",""
"","88","HANDLING-NONDETERMINISTIC-RESULTS---METTA-LANGUAGE3.01","","Fri Dec 13 18:08:33 GMT 2024","passed","Fri Dec 13 18:08:33 GMT 2024","","METTA-LANG","METTA-LANG",""
"","2","CONSOLE-OUTPUT-AND-DEBUGGING---METTA-LANGUAGE10.01","","Fri Dec 13 18:08:33 GMT 2024","passed","Fri Dec 13 18:08:33 GMT 2024","","METTA-LANG","METTA-LANG",""
"","6000","metta_lang.Basic_evaluation___MeTTa_Language4","","Fri Dec 13 17:53:57 GMT 2024","passed","Fri Dec 13 17:54:03 GMT 2024","","WHOLE-TESTS","WHOLE-TESTS",""
"","3","C3-PLN-STV.04","","Fri Dec 13 17:57:59 GMT 2024","passed","Fri Dec 13 17:57:59 GMT 2024","","HYPERON-EXPERIMENTAL-SCRIPTS","HYPERON-EXPERIMENTAL-SCRIPTS",""
"","6000","metta_lang.Free_variables_and_nondeterminism_again,_recursively___MeTTa_Language1","","Fri Dec 13 17:53:57 GMT 2024","passed","Fri Dec 13 17:54:03 GMT 2024","","WHOLE-TESTS","WHOLE-TESTS",""
"","3","FUNCTIONS-AND-UNIFICATION---METTA-LANGUAGE1.01","","Fri Dec 13 18:08:33 GMT 2024","passed","Fri Dec 13 18:08:33 GMT 2024","","METTA-LANG","METTA-LANG",""
"","2","CONCRETE-TYPES---METTA-LANGUAGE7.06","","Fri Dec 13 18:08:33 GMT 2024","passed","Fri Dec 13 18:08:33 GMT 2024","","METTA-LANG","METTA-LANG",""
"","6000","metta_lang.Working_with_spaces___MeTTa_Language7","","Fri Dec 13 17:53:57 GMT 2024","passed","Fri Dec 13 17:54:03 GMT 2024","","WHOLE-TESTS","WHOLE-TESTS",""
"","4","BASIC-EVALUATION---METTA-LANGUAGE8.01","","Fri Dec 13 18:08:33 GMT 2024","passed","Fri Dec 13 18:08:33 GMT 2024","","METTA-LANG","METTA-LANG",""
"","6000","metta_lang.Recursive_and_parametric_types___MeTTa_Language3","","Fri Dec 13 17:53:57 GMT 2024","passed","Fri Dec 13 17:54:03 GMT 2024","","WHOLE-TESTS","WHOLE-TESTS",""
"","6000","metta_lang.Working_with_spaces___MeTTa_Language16","","Fri Dec 13 17:53:57 GMT 2024","passed","Fri Dec 13 17:54:03 GMT 2024","","WHOLE-TESTS","WHOLE-TESTS",""
"","1","D2-HIGHERFUNC.09","","Fri Dec 13 17:57:59 GMT 2024","passed","Fri Dec 13 17:57:59 GMT 2024","","HYPERON-EXPERIMENTAL-SCRIPTS","HYPERON-EXPERIMENTAL-SCRIPTS",""
"","3","NESTED-QUERIES-AND-RECURSIVE-GRAPH-TRAVERSAL---METTA-LANGUAGE2.02","","Fri Dec 13 18:08:33 GMT 2024","passed","Fri Dec 13 18:08:33 GMT 2024","","METTA-LANG","METTA-LANG",""
"","62","F1-IMPORTS.21","","Fri Dec 13 17:57:59 GMT 2024","passed","Fri Dec 13 17:57:59 GMT 2024","","HYPERON-EXPERIMENTAL-SCRIPTS","HYPERON-EXPERIMENTAL-SCRIPTS",""
"","2","STRING-TESTS.06","","Fri Dec 13 18:00:24 GMT 2024","passed","Fri Dec 13 18:00:24 GMT 2024","","HYPERON-METTALOG-SANITY","HYPERON-METTALOG-SANITY",""
"","51","RECURSIVE-AND-PARAMETRIC-TYPES---METTA-LANGUAGE5.06","","Fri Dec 13 18:08:33 GMT 2024","failed","Fri Dec 13 18:08:33 GMT 2024","","METTA-LANG","METTA-LANG",""
"","6000","metta_lang.Recursion_and_control___MeTTa_Language7","","Fri Dec 13 17:53:57 GMT 2024","passed","Fri Dec 13 17:54:03 GMT 2024","","WHOLE-TESTS","WHOLE-TESTS",""
"","12","CONSOLE-OUTPUT-AND-DEBUGGING---METTA-LANGUAGE1.01","","Fri Dec 13 18:08:33 GMT 2024","failed","Fri Dec 13 18:08:33 GMT 2024","","METTA-LANG","METTA-LANG",""
"","3","C1-GROUNDED-BASIC.07","","Fri Dec 13 18:24:16 GMT 2024","passed","Fri Dec 13 18:24:16 GMT 2024","","QUICK","QUICK",""
"","7000","metta_lang.Operations_over_atoms___MeTTa_Language7","","Fri Dec 13 17:53:57 GMT 2024","passed","Fri Dec 13 17:54:04 GMT 2024","","WHOLE-TESTS","WHOLE-TESTS",""
"","2","FUNCTIONS-AND-UNIFICATION---METTA-LANGUAGE3.02","","Fri Dec 13 18:08:33 GMT 2024","passed","Fri Dec 13 18:08:33 GMT 2024","","METTA-LANG","METTA-LANG",""
"","2","B5-TYPES-PRELIM.23","","Fri Dec 13 17:57:59 GMT 2024","passed","Fri Dec 13 17:57:59 GMT 2024","","HYPERON-EXPERIMENTAL-SCRIPTS","HYPERON-EXPERIMENTAL-SCRIPTS",""
"","6000","anti-regression.comma_is_not_special","","Fri Dec 13 17:53:57 GMT 2024","passed","Fri Dec 13 17:54:03 GMT 2024","","WHOLE-TESTS","WHOLE-TESTS",""
"","2","METATYPES---METTA-LANGUAGE1.05","","Fri Dec 13 18:08:33 GMT 2024","passed","Fri Dec 13 18:08:33 GMT 2024","","METTA-LANG","METTA-LANG",""
"","2","FUNCTIONS-AND-UNIFICATION---METTA-LANGUAGE2.03","","Fri Dec 13 18:08:33 GMT 2024","passed","Fri Dec 13 18:08:33 GMT 2024","","METTA-LANG","METTA-LANG",""
"","2","F1-IMPORTS.17","","Fri Dec 13 17:57:59 GMT 2024","passed","Fri Dec 13 17:57:59 GMT 2024","","HYPERON-EXPERIMENTAL-SCRIPTS","HYPERON-EXPERIMENTAL-SCRIPTS",""
"","2","BC-COMP.05","","Fri Dec 13 17:54:03 GMT 2024","passed","Fri Dec 13 17:54:03 GMT 2024","","ANTI-REGRESSION","ANTI-REGRESSION",""
"","6000","metta_lang.Recursion_and_control___MeTTa_Language9","","Fri Dec 13 17:53:57 GMT 2024","passed","Fri Dec 13 17:54:03 GMT 2024","","WHOLE-TESTS","WHOLE-TESTS",""
"","94","MAX-TIME-TESTS.04","","Fri Dec 13 18:00:24 GMT 2024","failed","Fri Dec 13 18:00:24 GMT 2024","","HYPERON-METTALOG-SANITY","HYPERON-METTALOG-SANITY",""
"","2","CONTROLLING-PATTERN-MATCHING---METTA-LANGUAGE10.03","","Fri Dec 13 18:08:33 GMT 2024","passed","Fri Dec 13 18:08:33 GMT 2024","","METTA-LANG","METTA-LANG",""
"","6000","hyperon-mettalog_sanity.is_space","","Fri Dec 13 17:53:57 GMT 2024","passed","Fri Dec 13 17:54:03 GMT 2024","","WHOLE-TESTS","WHOLE-TESTS",""
"","2","D3-DEPTYPES.06","","Fri Dec 13 17:57:59 GMT 2024","passed","Fri Dec 13 17:57:59 GMT 2024","","HYPERON-EXPERIMENTAL-SCRIPTS","HYPERON-EXPERIMENTAL-SCRIPTS",""
"","2","B4-NONDETERM.05","","Fri Dec 13 17:57:59 GMT 2024","passed","Fri Dec 13 17:57:59 GMT 2024","","HYPERON-EXPERIMENTAL-SCRIPTS","HYPERON-EXPERIMENTAL-SCRIPTS",""
"","3","B3-DIRECT.03","","Fri Dec 13 17:57:59 GMT 2024","passed","Fri Dec 13 17:57:59 GMT 2024","","HYPERON-EXPERIMENTAL-SCRIPTS","HYPERON-EXPERIMENTAL-SCRIPTS",""
"","3","D2-HIGHERFUNC.18","","Fri Dec 13 17:57:59 GMT 2024","passed","Fri Dec 13 17:57:59 GMT 2024","","HYPERON-EXPERIMENTAL-SCRIPTS","HYPERON-EXPERIMENTAL-SCRIPTS",""
"","5","SPACE-SUBTRACTION-TESTS.04","","Fri Dec 13 18:00:24 GMT 2024","passed","Fri Dec 13 18:00:24 GMT 2024","","HYPERON-METTALOG-SANITY","HYPERON-METTALOG-SANITY",""
"","3","METATYPES---METTA-LANGUAGE7.01","","Fri Dec 13 18:08:33 GMT 2024","passed","Fri Dec 13 18:08:33 GMT 2024","","METTA-LANG","METTA-LANG",""
"","2","STRING-TESTS.09","","Fri Dec 13 18:00:24 GMT 2024","passed","Fri Dec 13 18:00:24 GMT 2024","","HYPERON-METTALOG-SANITY","HYPERON-METTALOG-SANITY",""
"","7000","metta_lang.Recursive_and_parametric_types___MeTTa_Language4","","Fri Dec 13 17:53:57 GMT 2024","passed","Fri Dec 13 17:54:04 GMT 2024","","WHOLE-TESTS","WHOLE-TESTS",""
"","3","RECURSION-AND-CONTROL---METTA-LANGUAGE1.01","","Fri Dec 13 18:08:33 GMT 2024","passed","Fri Dec 13 18:08:33 GMT 2024","","METTA-LANG","METTA-LANG",""
"","2","F1-IMPORTS.06","","Fri Dec 13 18:24:16 GMT 2024","passed","Fri Dec 13 18:24:16 GMT 2024","","QUICK","QUICK",""
"","2","D1-GADT.12","","Fri Dec 13 18:24:16 GMT 2024","passed","Fri Dec 13 18:24:16 GMT 2024","","QUICK","QUICK",""
"","2","C2-SPACES.03","","Fri Dec 13 17:57:59 GMT 2024","passed","Fri Dec 13 17:57:59 GMT 2024","","HYPERON-EXPERIMENTAL-SCRIPTS","HYPERON-EXPERIMENTAL-SCRIPTS",""
"","108","WORKING-WITH-SPACES---METTA-LANGUAGE8.02","","Fri Dec 13 18:08:33 GMT 2024","failed","Fri Dec 13 18:08:33 GMT 2024","","METTA-LANG","METTA-LANG",""
"","2","RECURSIVE-AND-PARAMETRIC-TYPES---METTA-LANGUAGE5.07","","Fri Dec 13 18:08:33 GMT 2024","passed","Fri Dec 13 18:08:33 GMT 2024","","METTA-LANG","METTA-LANG",""
"","2","00-LANG-CASE.02","","Fri Dec 13 18:00:24 GMT 2024","passed","Fri Dec 13 18:00:24 GMT 2024","","HYPERON-METTALOG-SANITY","HYPERON-METTALOG-SANITY",""
"","5","SEALED-TEST.10","","Fri Dec 13 18:00:24 GMT 2024","passed","Fri Dec 13 18:00:24 GMT 2024","","HYPERON-METTALOG-SANITY","HYPERON-METTALOG-SANITY",""
"","3","F1-MODULEA.08","","Fri Dec 13 17:57:59 GMT 2024","passed","Fri Dec 13 17:57:59 GMT 2024","","HYPERON-EXPERIMENTAL-SCRIPTS","HYPERON-EXPERIMENTAL-SCRIPTS",""
"","3","TMPMATCH1.01","","Fri Dec 13 17:54:03 GMT 2024","passed","Fri Dec 13 17:54:03 GMT 2024","","ANTI-REGRESSION","ANTI-REGRESSION",""
"","2","BCHAIN-COMP.03","","Fri Dec 13 17:54:03 GMT 2024","passed","Fri Dec 13 17:54:03 GMT 2024","","ANTI-REGRESSION","ANTI-REGRESSION",""
"","2","QUERYING-SPACE-CONTENT---METTA-LANGUAGE2.04","","Fri Dec 13 18:08:33 GMT 2024","passed","Fri Dec 13 18:08:33 GMT 2024","","METTA-LANG","METTA-LANG",""
"","2","F1-IMPORTS.03","","Fri Dec 13 17:57:59 GMT 2024","passed","Fri Dec 13 17:57:59 GMT 2024","","HYPERON-EXPERIMENTAL-SCRIPTS","HYPERON-EXPERIMENTAL-SCRIPTS",""
"","3","METATYPES---METTA-LANGUAGE2.01","","Fri Dec 13 18:08:33 GMT 2024","passed","Fri Dec 13 18:08:33 GMT 2024","","METTA-LANG","METTA-LANG",""
"","6000","metta-morph_tests.add_atom_match","","Fri Dec 13 17:53:57 GMT 2024","passed","Fri Dec 13 17:54:03 GMT 2024","","WHOLE-TESTS","WHOLE-TESTS",""
"","3","CONTROL-FLOW---METTA-LANGUAGE3.01","","Fri Dec 13 18:08:33 GMT 2024","passed","Fri Dec 13 18:08:33 GMT 2024","","METTA-LANG","METTA-LANG",""
"","2","WORKING-WITH-SPACES---METTA-LANGUAGE12.07","","Fri Dec 13 18:08:33 GMT 2024","passed","Fri Dec 13 18:08:33 GMT 2024","","METTA-LANG","METTA-LANG",""
"","2","HANDLING-NONDETERMINISTIC-RESULTS---METTA-LANGUAGE5.01","","Fri Dec 13 18:08:33 GMT 2024","passed","Fri Dec 13 18:08:33 GMT 2024","","METTA-LANG","METTA-LANG",""
"","6","OR-TEST.01","","Fri Dec 13 18:00:24 GMT 2024","passed","Fri Dec 13 18:00:24 GMT 2024","","HYPERON-METTALOG-SANITY","HYPERON-METTALOG-SANITY",""
"","2","SUBTRACTION-TEST.06","","Fri Dec 13 18:00:24 GMT 2024","passed","Fri Dec 13 18:00:24 GMT 2024","","HYPERON-METTALOG-SANITY","HYPERON-METTALOG-SANITY",""
"","2","B5-TYPES-PRELIM.16","","Fri Dec 13 17:57:59 GMT 2024","passed","Fri Dec 13 17:57:59 GMT 2024","","HYPERON-EXPERIMENTAL-SCRIPTS","HYPERON-EXPERIMENTAL-SCRIPTS",""
"","3","BASIC-GROUNDED-FUNCTIONS---METTA-LANGUAGE3.01","","Fri Dec 13 18:08:33 GMT 2024","passed","Fri Dec 13 18:08:33 GMT 2024","","METTA-LANG","METTA-LANG",""
"","3","RECURSIVE-AND-PARAMETRIC-TYPES---METTA-LANGUAGE8.01","","Fri Dec 13 18:08:33 GMT 2024","passed","Fri Dec 13 18:08:33 GMT 2024","","METTA-LANG","METTA-LANG",""
"","104","RECURSIVE-AND-PARAMETRIC-TYPES---METTA-LANGUAGE1.02","","Fri Dec 13 18:08:33 GMT 2024","failed","Fri Dec 13 18:08:33 GMT 2024","","METTA-LANG","METTA-LANG",""
"","2","CONTROL-FLOW---METTA-LANGUAGE11.04","","Fri Dec 13 18:08:33 GMT 2024","passed","Fri Dec 13 18:08:33 GMT 2024","","METTA-LANG","METTA-LANG",""
"","2","RECURSION-AND-CONTROL---METTA-LANGUAGE7.03","","Fri Dec 13 18:08:33 GMT 2024","passed","Fri Dec 13 18:08:33 GMT 2024","","METTA-LANG","METTA-LANG",""
"","6000","hyperon-experimental_scripts.a3_twoside","","Fri Dec 13 17:53:57 GMT 2024","passed","Fri Dec 13 17:54:03 GMT 2024","","WHOLE-TESTS","WHOLE-TESTS",""
"","62","G1-DOCS.03","","Fri Dec 13 17:57:59 GMT 2024","failed","Fri Dec 13 17:57:59 GMT 2024","","HYPERON-EXPERIMENTAL-SCRIPTS","HYPERON-EXPERIMENTAL-SCRIPTS",""
"","3","CONTROLLING-PATTERN-MATCHING---METTA-LANGUAGE11.03","","Fri Dec 13 18:08:33 GMT 2024","passed","Fri Dec 13 18:08:33 GMT 2024","","METTA-LANG","METTA-LANG",""
"","2","OPERATIONS-OVER-ATOMS---METTA-LANGUAGE6.01","","Fri Dec 13 18:08:33 GMT 2024","passed","Fri Dec 13 18:08:33 GMT 2024","","METTA-LANG","METTA-LANG",""
"","3","CONTROLLING-PATTERN-MATCHING---METTA-LANGUAGE3.01","","Fri Dec 13 18:08:33 GMT 2024","passed","Fri Dec 13 18:08:33 GMT 2024","","METTA-LANG","METTA-LANG",""
"","2","SUPERCOLLAPSE.04","","Fri Dec 13 18:05:39 GMT 2024","passed","Fri Dec 13 18:05:39 GMT 2024","","METTA-MORPH-TESTS","METTA-MORPH-TESTS",""
"","6000","metta-morph_tests.if","","Fri Dec 13 17:53:57 GMT 2024","passed","Fri Dec 13 17:54:03 GMT 2024","","WHOLE-TESTS","WHOLE-TESTS",""
"","7000","metta_lang.Handling_nondeterministic_results___MeTTa_Language2","","Fri Dec 13 17:53:57 GMT 2024","passed","Fri Dec 13 17:54:04 GMT 2024","","WHOLE-TESTS","WHOLE-TESTS",""
"","2","CONTROL-FLOW---METTA-LANGUAGE7.02","","Fri Dec 13 18:08:33 GMT 2024","passed","Fri Dec 13 18:08:33 GMT 2024","","METTA-LANG","METTA-LANG",""
"","2","D2-HIGHERFUNC.14","","Fri Dec 13 17:57:59 GMT 2024","passed","Fri Dec 13 17:57:59 GMT 2024","","HYPERON-EXPERIMENTAL-SCRIPTS","HYPERON-EXPERIMENTAL-SCRIPTS",""
"","2","MATCH-SUPERPOSED-SPACES.02","","Fri Dec 13 18:05:39 GMT 2024","passed","Fri Dec 13 18:05:39 GMT 2024","","METTA-MORPH-TESTS","METTA-MORPH-TESTS",""
"","3","COMMA-IS-NOT-SPECIAL.01","","Fri Dec 13 17:54:03 GMT 2024","passed","Fri Dec 13 17:54:03 GMT 2024","","ANTI-REGRESSION","ANTI-REGRESSION",""
"","2","FUNCTIONS-AND-UNIFICATION---METTA-LANGUAGE6.01","","Fri Dec 13 18:08:33 GMT 2024","passed","Fri Dec 13 18:08:33 GMT 2024","","METTA-LANG","METTA-LANG",""
"","6000","metta_lang.Working_with_spaces___MeTTa_Language17","","Fri Dec 13 17:53:57 GMT 2024","passed","Fri Dec 13 17:54:03 GMT 2024","","WHOLE-TESTS","WHOLE-TESTS",""
"","6000","metta_lang.Basic_grounded_functions___MeTTa_Language3","","Fri Dec 13 17:53:57 GMT 2024","passed","Fri Dec 13 17:54:03 GMT 2024","","WHOLE-TESTS","WHOLE-TESTS",""
"","2","CONCRETE-TYPES---METTA-LANGUAGE7.04","","Fri Dec 13 18:08:33 GMT 2024","passed","Fri Dec 13 18:08:33 GMT 2024","","METTA-LANG","METTA-LANG",""
"","2","SUPERCOLLAPSE.03","","Fri Dec 13 18:05:39 GMT 2024","passed","Fri Dec 13 18:05:39 GMT 2024","","METTA-MORPH-TESTS","METTA-MORPH-TESTS",""
"","16","HANDLING-NONDETERMINISTIC-RESULTS---METTA-LANGUAGE4.01","","Fri Dec 13 18:08:33 GMT 2024","failed","Fri Dec 13 18:08:33 GMT 2024","","METTA-LANG","METTA-LANG",""
"","2","WORKING-WITH-SPACES---METTA-LANGUAGE1.06","","Fri Dec 13 18:08:33 GMT 2024","passed","Fri Dec 13 18:08:33 GMT 2024","","METTA-LANG","METTA-LANG",""
"","4","E2-STATES.01","","Fri Dec 13 17:57:59 GMT 2024","passed","Fri Dec 13 17:57:59 GMT 2024","","HYPERON-EXPERIMENTAL-SCRIPTS","HYPERON-EXPERIMENTAL-SCRIPTS",""
"","3","CONTROLLING-PATTERN-MATCHING---METTA-LANGUAGE12.03","","Fri Dec 13 18:08:33 GMT 2024","passed","Fri Dec 13 18:08:33 GMT 2024","","METTA-LANG","METTA-LANG",""
"","2","D2-HIGHERFUNC.19","","Fri Dec 13 17:57:59 GMT 2024","passed","Fri Dec 13 17:57:59 GMT 2024","","HYPERON-EXPERIMENTAL-SCRIPTS","HYPERON-EXPERIMENTAL-SCRIPTS",""
"","2","D3-DEPTYPES.03","","Fri Dec 13 17:57:59 GMT 2024","passed","Fri Dec 13 17:57:59 GMT 2024","","HYPERON-EXPERIMENTAL-SCRIPTS","HYPERON-EXPERIMENTAL-SCRIPTS",""
"","14","00-LANG-CASE.11","","Fri Dec 13 18:00:24 GMT 2024","passed","Fri Dec 13 18:00:24 GMT 2024","","HYPERON-METTALOG-SANITY","HYPERON-METTALOG-SANITY",""
"","6000","hyperon-experimental_scripts.g1_docs","","Fri Dec 13 17:53:57 GMT 2024","passed","Fri Dec 13 17:54:03 GMT 2024","","WHOLE-TESTS","WHOLE-TESTS",""
"","2","C1-GROUNDED-BASIC.06","","Fri Dec 13 17:57:59 GMT 2024","passed","Fri Dec 13 17:57:59 GMT 2024","","HYPERON-EXPERIMENTAL-SCRIPTS","HYPERON-EXPERIMENTAL-SCRIPTS",""
"","96","OPERATIONS-OVER-ATOMS---METTA-LANGUAGE1.02","","Fri Dec 13 18:08:33 GMT 2024","failed","Fri Dec 13 18:08:33 GMT 2024","","METTA-LANG","METTA-LANG",""
"","2","SPACE-INTERSECTION-TESTS.02","","Fri Dec 13 18:00:24 GMT 2024","passed","Fri Dec 13 18:00:24 GMT 2024","","HYPERON-METTALOG-SANITY","HYPERON-METTALOG-SANITY",""
"","6000","metta_lang.Control_flow___MeTTa_Language5","","Fri Dec 13 17:53:57 GMT 2024","passed","Fri Dec 13 17:54:03 GMT 2024","","WHOLE-TESTS","WHOLE-TESTS",""
"","3","SUPERPOSE-NESTED.01","","Fri Dec 13 18:05:39 GMT 2024","passed","Fri Dec 13 18:05:39 GMT 2024","","METTA-MORPH-TESTS","METTA-MORPH-TESTS",""
"","3","D2-HIGHERFUNC.05","","Fri Dec 13 17:57:59 GMT 2024","passed","Fri Dec 13 17:57:59 GMT 2024","","HYPERON-EXPERIMENTAL-SCRIPTS","HYPERON-EXPERIMENTAL-SCRIPTS",""
"","2","B5-TYPES-PRELIM.19","","Fri Dec 13 17:57:59 GMT 2024","passed","Fri Dec 13 17:57:59 GMT 2024","","HYPERON-EXPERIMENTAL-SCRIPTS","HYPERON-EXPERIMENTAL-SCRIPTS",""
"","2","HANDLING-NONDETERMINISTIC-RESULTS---METTA-LANGUAGE1.04","","Fri Dec 13 18:08:33 GMT 2024","passed","Fri Dec 13 18:08:33 GMT 2024","","METTA-LANG","METTA-LANG",""
"","2","STRING-TESTS.19","","Fri Dec 13 18:00:24 GMT 2024","passed","Fri Dec 13 18:00:24 GMT 2024","","HYPERON-METTALOG-SANITY","HYPERON-METTALOG-SANITY",""
"","15","D2-HIGHERFUNC.20","","Fri Dec 13 17:57:59 GMT 2024","passed","Fri Dec 13 17:57:59 GMT 2024","","HYPERON-EXPERIMENTAL-SCRIPTS","HYPERON-EXPERIMENTAL-SCRIPTS",""
"","3","SPACE-INTERSECTION-TESTS.20","","Fri Dec 13 18:00:24 GMT 2024","passed","Fri Dec 13 18:00:24 GMT 2024","","HYPERON-METTALOG-SANITY","HYPERON-METTALOG-SANITY",""
"","3","CONTROLLING-PATTERN-MATCHING---METTA-LANGUAGE5.01","","Fri Dec 13 18:08:33 GMT 2024","passed","Fri Dec 13 18:08:33 GMT 2024","","METTA-LANG","METTA-LANG",""
"","2","RECURSIVE-AND-PARAMETRIC-TYPES---METTA-LANGUAGE2.03","","Fri Dec 13 18:08:33 GMT 2024","passed","Fri Dec 13 18:08:33 GMT 2024","","METTA-LANG","METTA-LANG",""
"","14","RECURSIVE-AND-PARAMETRIC-TYPES---METTA-LANGUAGE1.05","","Fri Dec 13 18:08:33 GMT 2024","failed","Fri Dec 13 18:08:33 GMT 2024","","METTA-LANG","METTA-LANG",""
"","2","D2-HIGHERFUNC.04","","Fri Dec 13 17:57:59 GMT 2024","passed","Fri Dec 13 17:57:59 GMT 2024","","HYPERON-EXPERIMENTAL-SCRIPTS","HYPERON-EXPERIMENTAL-SCRIPTS",""
"","2","B5-TYPES-PRELIM.03","","Fri Dec 13 17:57:59 GMT 2024","passed","Fri Dec 13 17:57:59 GMT 2024","","HYPERON-EXPERIMENTAL-SCRIPTS","HYPERON-EXPERIMENTAL-SCRIPTS",""
"","2","METTALOGTESTCURRIED2.03","","Fri Dec 13 17:54:03 GMT 2024","passed","Fri Dec 13 17:54:03 GMT 2024","","ANTI-REGRESSION","ANTI-REGRESSION",""
"","2","RECURSION-AND-CONTROL---METTA-LANGUAGE2.01","","Fri Dec 13 18:08:33 GMT 2024","passed","Fri Dec 13 18:08:33 GMT 2024","","METTA-LANG","METTA-LANG",""
"","2","TESTS0.02","","Fri Dec 13 18:05:39 GMT 2024","passed","Fri Dec 13 18:05:39 GMT 2024","","METTA-MORPH-TESTS","METTA-MORPH-TESTS",""
"","99","SPACE-INTERSECTION-TESTS.10","","Fri Dec 13 18:00:24 GMT 2024","failed","Fri Dec 13 18:00:24 GMT 2024","","HYPERON-METTALOG-SANITY","HYPERON-METTALOG-SANITY",""
"","7000","hyperon-mettalog_sanity.00_lang_case","","Fri Dec 13 17:53:57 GMT 2024","passed","Fri Dec 13 17:54:04 GMT 2024","","WHOLE-TESTS","WHOLE-TESTS",""
"","3","WORKING-WITH-SPACES---METTA-LANGUAGE8.01","","Fri Dec 13 18:08:33 GMT 2024","passed","Fri Dec 13 18:08:33 GMT 2024","","METTA-LANG","METTA-LANG",""
"","6000","hyperon-mettalog_sanity.06_match_in_space","","Fri Dec 13 17:53:57 GMT 2024","passed","Fri Dec 13 17:54:03 GMT 2024","","WHOLE-TESTS","WHOLE-TESTS",""
"","2","CONTROL-FLOW---METTA-LANGUAGE16.08","","Fri Dec 13 18:08:33 GMT 2024","passed","Fri Dec 13 18:08:33 GMT 2024","","METTA-LANG","METTA-LANG",""
"","12","CONTROLLING-PATTERN-MATCHING---METTA-LANGUAGE6.02","","Fri Dec 13 18:08:33 GMT 2024","failed","Fri Dec 13 18:08:33 GMT 2024","","METTA-LANG","METTA-LANG",""
"","81","CONTROLLING-PATTERN-MATCHING---METTA-LANGUAGE4.02","","Fri Dec 13 18:08:33 GMT 2024","passed","Fri Dec 13 18:08:33 GMT 2024","","METTA-LANG","METTA-LANG",""
"","1","C1-GROUNDED-BASIC.09","","Fri Dec 13 18:24:16 GMT 2024","passed","Fri Dec 13 18:24:16 GMT 2024","","QUICK","QUICK",""
"","3","BASIC-GROUNDED-FUNCTIONS---METTA-LANGUAGE6.01","","Fri Dec 13 18:08:33 GMT 2024","passed","Fri Dec 13 18:08:33 GMT 2024","","METTA-LANG","METTA-LANG",""
"","897","FREE-VARIABLES-AND-NONDETERMINISM-AGAIN,-RECURSIVELY---METTA-LANGUAGE3.02","","Fri Dec 13 18:08:33 GMT 2024","passed","Fri Dec 13 18:08:33 GMT 2024","","METTA-LANG","METTA-LANG",""
"","4","OPERATIONS-OVER-ATOMS---METTA-LANGUAGE8.01","","Fri Dec 13 18:08:33 GMT 2024","passed","Fri Dec 13 18:08:33 GMT 2024","","METTA-LANG","METTA-LANG",""
"","6000","quick.d2_higherfunc","","Fri Dec 13 17:53:57 GMT 2024","passed","Fri Dec 13 17:54:03 GMT 2024","","WHOLE-TESTS","WHOLE-TESTS",""
"","3","FIND-ALL-TESTS.01","","Fri Dec 13 18:00:24 GMT 2024","passed","Fri Dec 13 18:00:24 GMT 2024","","HYPERON-METTALOG-SANITY","HYPERON-METTALOG-SANITY",""
"","3","CONTROL-FLOW---METTA-LANGUAGE4.01","","Fri Dec 13 18:08:33 GMT 2024","passed","Fri Dec 13 18:08:33 GMT 2024","","METTA-LANG","METTA-LANG",""
"","1","INTERSECTION-TESTS.04","","Fri Dec 13 18:00:24 GMT 2024","passed","Fri Dec 13 18:00:24 GMT 2024","","HYPERON-METTALOG-SANITY","HYPERON-METTALOG-SANITY",""
"","3","CONTROL-FLOW---METTA-LANGUAGE3.02","","Fri Dec 13 18:08:33 GMT 2024","passed","Fri Dec 13 18:08:33 GMT 2024","","METTA-LANG","METTA-LANG",""
"","2","HANDLING-NONDETERMINISTIC-RESULTS---METTA-LANGUAGE5.02","","Fri Dec 13 18:08:33 GMT 2024","passed","Fri Dec 13 18:08:33 GMT 2024","","METTA-LANG","METTA-LANG",""
"","2","C1-GROUNDED-BASIC.10","","Fri Dec 13 17:57:59 GMT 2024","passed","Fri Dec 13 17:57:59 GMT 2024","","HYPERON-EXPERIMENTAL-SCRIPTS","HYPERON-EXPERIMENTAL-SCRIPTS",""
"","2","RECURSION-AND-CONTROL---METTA-LANGUAGE9.03","","Fri Dec 13 18:08:33 GMT 2024","passed","Fri Dec 13 18:08:33 GMT 2024","","METTA-LANG","METTA-LANG",""
"","2","D3-DEPTYPES.02","","Fri Dec 13 17:57:59 GMT 2024","passed","Fri Dec 13 17:57:59 GMT 2024","","HYPERON-EXPERIMENTAL-SCRIPTS","HYPERON-EXPERIMENTAL-SCRIPTS",""
"","77","BASE-TEST-REPR-PARSE-INTERSECTION.02","","Fri Dec 13 18:00:24 GMT 2024","passed","Fri Dec 13 18:00:24 GMT 2024","","HYPERON-METTALOG-SANITY","HYPERON-METTALOG-SANITY",""
"","3","BCHAIN-COMP.01","","Fri Dec 13 17:54:03 GMT 2024","passed","Fri Dec 13 17:54:03 GMT 2024","","ANTI-REGRESSION","ANTI-REGRESSION",""
"","2","SEQUENTIAL-NESTED.10","","Fri Dec 13 18:05:39 GMT 2024","passed","Fri Dec 13 18:05:39 GMT 2024","","METTA-MORPH-TESTS","METTA-MORPH-TESTS",""
"","18","FUNCTIONS-AND-UNIFICATION---METTA-LANGUAGE7.02","","Fri Dec 13 18:08:33 GMT 2024","failed","Fri Dec 13 18:08:33 GMT 2024","","METTA-LANG","METTA-LANG",""
"","3","TYPES2.05","","Fri Dec 13 18:05:39 GMT 2024","passed","Fri Dec 13 18:05:39 GMT 2024","","METTA-MORPH-TESTS","METTA-MORPH-TESTS",""
"","6000","metta_lang.Functions_and_unification___MeTTa_Language6","","Fri Dec 13 17:53:57 GMT 2024","passed","Fri Dec 13 17:54:03 GMT 2024","","WHOLE-TESTS","WHOLE-TESTS",""
"","3","RECURSION-AND-CONTROL---METTA-LANGUAGE8.02","","Fri Dec 13 18:08:33 GMT 2024","passed","Fri Dec 13 18:08:33 GMT 2024","","METTA-LANG","METTA-LANG",""
"","7000","metta_lang.Recursion_and_control___MeTTa_Language2","","Fri Dec 13 17:53:57 GMT 2024","passed","Fri Dec 13 17:54:04 GMT 2024","","WHOLE-TESTS","WHOLE-TESTS",""
"","55","D5-AUTO-TYPES.03","","Fri Dec 13 17:57:59 GMT 2024","failed","Fri Dec 13 17:57:59 GMT 2024","","HYPERON-EXPERIMENTAL-SCRIPTS","HYPERON-EXPERIMENTAL-SCRIPTS",""
"","2","F1-MODULEA.02","","Fri Dec 13 18:24:16 GMT 2024","passed","Fri Dec 13 18:24:16 GMT 2024","","QUICK","QUICK",""
"","3","BASIC-GROUNDED-FUNCTIONS---METTA-LANGUAGE2.01","","Fri Dec 13 18:08:33 GMT 2024","passed","Fri Dec 13 18:08:33 GMT 2024","","METTA-LANG","METTA-LANG",""
"","3","OPERATIONS-OVER-ATOMS---METTA-LANGUAGE4.02","","Fri Dec 13 18:08:33 GMT 2024","passed","Fri Dec 13 18:08:33 GMT 2024","","METTA-LANG","METTA-LANG",""
"","2","TEST-IF-CLOSED.09","","Fri Dec 13 17:54:03 GMT 2024","passed","Fri Dec 13 17:54:03 GMT 2024","","ANTI-REGRESSION","ANTI-REGRESSION",""
"","2","A1-SYMBOLS.05","","Fri Dec 13 17:57:59 GMT 2024","passed","Fri Dec 13 17:57:59 GMT 2024","","HYPERON-EXPERIMENTAL-SCRIPTS","HYPERON-EXPERIMENTAL-SCRIPTS",""
"","2","METATYPES---METTA-LANGUAGE1.03","","Fri Dec 13 18:08:33 GMT 2024","passed","Fri Dec 13 18:08:33 GMT 2024","","METTA-LANG","METTA-LANG",""
"","3","BASIC-EVALUATION---METTA-LANGUAGE6.01","","Fri Dec 13 18:08:33 GMT 2024","passed","Fri Dec 13 18:08:33 GMT 2024","","METTA-LANG","METTA-LANG",""
"","55","CONSOLE-OUTPUT-AND-DEBUGGING---METTA-LANGUAGE5.08","","Fri Dec 13 18:08:33 GMT 2024","failed","Fri Dec 13 18:08:33 GMT 2024","","METTA-LANG","METTA-LANG",""
"","3","C1-GROUNDED-BASIC.02","","Fri Dec 13 17:57:59 GMT 2024","passed","Fri Dec 13 17:57:59 GMT 2024","","HYPERON-EXPERIMENTAL-SCRIPTS","HYPERON-EXPERIMENTAL-SCRIPTS",""
"","1","HYPERPOSE.09","","Fri Dec 13 18:05:39 GMT 2024","passed","Fri Dec 13 18:05:39 GMT 2024","","METTA-MORPH-TESTS","METTA-MORPH-TESTS",""
"","56","F1-IMPORTS.17","","Fri Dec 13 17:53:50 GMT 2024","passed","Fri Dec 13 17:53:50 GMT 2024","","MODULE-SYSTEM","MODULE-SYSTEM",""
"","3","HANDLING-NONDETERMINISTIC-RESULTS---METTA-LANGUAGE2.01","","Fri Dec 13 18:08:33 GMT 2024","passed","Fri Dec 13 18:08:33 GMT 2024","","METTA-LANG","METTA-LANG",""
"","2","D4-TYPE-PROP.15","","Fri Dec 13 17:57:59 GMT 2024","passed","Fri Dec 13 17:57:59 GMT 2024","","HYPERON-EXPERIMENTAL-SCRIPTS","HYPERON-EXPERIMENTAL-SCRIPTS",""
"","2","QUERYING-SPACE-CONTENT---METTA-LANGUAGE4.02","","Fri Dec 13 18:08:33 GMT 2024","passed","Fri Dec 13 18:08:33 GMT 2024","","METTA-LANG","METTA-LANG",""
"","111","SPACE-INTERSECTION-TESTS.08","","Fri Dec 13 18:00:24 GMT 2024","failed","Fri Dec 13 18:00:24 GMT 2024","","HYPERON-METTALOG-SANITY","HYPERON-METTALOG-SANITY",""
"","7000","metta_lang.Free_variables_and_nondeterminism_again,_recursively___MeTTa_Language3","","Fri Dec 13 17:53:57 GMT 2024","passed","Fri Dec 13 17:54:04 GMT 2024","","WHOLE-TESTS","WHOLE-TESTS",""
"","3","SUBTRACTION-TEST.04","","Fri Dec 13 18:00:24 GMT 2024","passed","Fri Dec 13 18:00:24 GMT 2024","","HYPERON-METTALOG-SANITY","HYPERON-METTALOG-SANITY",""
"","16","WORKING-WITH-SPACES---METTA-LANGUAGE17.02","","Fri Dec 13 18:08:33 GMT 2024","failed","Fri Dec 13 18:08:33 GMT 2024","","METTA-LANG","METTA-LANG",""
"","2","SUBTRACTION-TEST.09","","Fri Dec 13 18:00:24 GMT 2024","passed","Fri Dec 13 18:00:24 GMT 2024","","HYPERON-METTALOG-SANITY","HYPERON-METTALOG-SANITY",""
"","7000","anti-regression.bchain_comp","","Fri Dec 13 17:53:57 GMT 2024","passed","Fri Dec 13 17:54:04 GMT 2024","","WHOLE-TESTS","WHOLE-TESTS",""
"","3","UNIQUE-TEST.03","","Fri Dec 13 18:00:24 GMT 2024","passed","Fri Dec 13 18:00:24 GMT 2024","","HYPERON-METTALOG-SANITY","HYPERON-METTALOG-SANITY",""
"","2","D4-TYPE-PROP.11","","Fri Dec 13 18:24:16 GMT 2024","passed","Fri Dec 13 18:24:16 GMT 2024","","QUICK","QUICK",""
"","3","RECURSION-AND-CONTROL---METTA-LANGUAGE8.04","","Fri Dec 13 18:08:33 GMT 2024","passed","Fri Dec 13 18:08:33 GMT 2024","","METTA-LANG","METTA-LANG",""
"","6000","hyperon-mettalog_sanity.flip_test","","Fri Dec 13 17:53:57 GMT 2024","passed","Fri Dec 13 17:54:03 GMT 2024","","WHOLE-TESTS","WHOLE-TESTS",""
"","2","QUERYING-SPACE-CONTENT---METTA-LANGUAGE5.03","","Fri Dec 13 18:08:33 GMT 2024","passed","Fri Dec 13 18:08:33 GMT 2024","","METTA-LANG","METTA-LANG",""
"","2","COLLAPSE.01","","Fri Dec 13 18:05:39 GMT 2024","passed","Fri Dec 13 18:05:39 GMT 2024","","METTA-MORPH-TESTS","METTA-MORPH-TESTS",""
"","2","E2-STATES.09","","Fri Dec 13 17:57:59 GMT 2024","passed","Fri Dec 13 17:57:59 GMT 2024","","HYPERON-EXPERIMENTAL-SCRIPTS","HYPERON-EXPERIMENTAL-SCRIPTS",""
"","71","METATYPES---METTA-LANGUAGE6.02","","Fri Dec 13 18:08:33 GMT 2024","failed","Fri Dec 13 18:08:33 GMT 2024","","METTA-LANG","METTA-LANG",""
"","6000","metta_lang.Control_flow___MeTTa_Language6","","Fri Dec 13 17:53:57 GMT 2024","passed","Fri Dec 13 17:54:03 GMT 2024","","WHOLE-TESTS","WHOLE-TESTS",""
"","1","FREE-VARIABLES-AND-NONDETERMINISM-AGAIN,-RECURSIVELY---METTA-LANGUAGE1.03","","Fri Dec 13 18:08:33 GMT 2024","passed","Fri Dec 13 18:08:33 GMT 2024","","METTA-LANG","METTA-LANG",""
"","2","HYPERPOSE.10","","Fri Dec 13 18:05:39 GMT 2024","passed","Fri Dec 13 18:05:39 GMT 2024","","METTA-MORPH-TESTS","METTA-MORPH-TESTS",""
"","13","CONCRETE-TYPES---METTA-LANGUAGE13.02","","Fri Dec 13 18:08:33 GMT 2024","failed","Fri Dec 13 18:08:33 GMT 2024","","METTA-LANG","METTA-LANG",""
"","6000","metta_lang.Recursive_and_parametric_types___MeTTa_Language1","","Fri Dec 13 17:53:57 GMT 2024","passed","Fri Dec 13 17:54:03 GMT 2024","","WHOLE-TESTS","WHOLE-TESTS",""
"","7000","hyperon-experimental_scripts.b5_types_prelim","","Fri Dec 13 17:53:57 GMT 2024","passed","Fri Dec 13 17:54:04 GMT 2024","","WHOLE-TESTS","WHOLE-TESTS",""
"","3","C2-SPACES.01","","Fri Dec 13 17:53:50 GMT 2024","passed","Fri Dec 13 17:53:50 GMT 2024","","MODULE-SYSTEM","MODULE-SYSTEM",""
"","2","HYPERPOSE.03","","Fri Dec 13 18:05:39 GMT 2024","passed","Fri Dec 13 18:05:39 GMT 2024","","METTA-MORPH-TESTS","METTA-MORPH-TESTS",""
"","2","METATYPES---METTA-LANGUAGE4.02","","Fri Dec 13 18:08:33 GMT 2024","passed","Fri Dec 13 18:08:33 GMT 2024","","METTA-LANG","METTA-LANG",""
"","77","RECURSIVE-AND-PARAMETRIC-TYPES---METTA-LANGUAGE3.04","","Fri Dec 13 18:08:33 GMT 2024","failed","Fri Dec 13 18:08:33 GMT 2024","","METTA-LANG","METTA-LANG",""
"","6000","metta_lang.Console_output_and_debugging___MeTTa_Language2","","Fri Dec 13 17:53:57 GMT 2024","passed","Fri Dec 13 17:54:03 GMT 2024","","WHOLE-TESTS","WHOLE-TESTS",""
"","2","TEST-IF-CLOSED.11","","Fri Dec 13 17:54:03 GMT 2024","passed","Fri Dec 13 17:54:03 GMT 2024","","ANTI-REGRESSION","ANTI-REGRESSION",""
"","3","CONTROL-FLOW---METTA-LANGUAGE7.01","","Fri Dec 13 18:08:33 GMT 2024","passed","Fri Dec 13 18:08:33 GMT 2024","","METTA-LANG","METTA-LANG",""
"","1","TEST-IF-CLOSED.08","","Fri Dec 13 17:54:03 GMT 2024","passed","Fri Dec 13 17:54:03 GMT 2024","","ANTI-REGRESSION","ANTI-REGRESSION",""
"","6000","metta_lang.Working_with_spaces___MeTTa_Language10","","Fri Dec 13 17:53:57 GMT 2024","passed","Fri Dec 13 17:54:03 GMT 2024","","WHOLE-TESTS","WHOLE-TESTS",""
"","41000","anti-regression.mettalogTestCurried","","Fri Dec 13 17:53:57 GMT 2024","failed","Fri Dec 13 17:54:38 GMT 2024","","WHOLE-TESTS","WHOLE-TESTS",""
"","1","BASIC-EVALUATION---METTA-LANGUAGE2.02","","Fri Dec 13 18:08:33 GMT 2024","passed","Fri Dec 13 18:08:33 GMT 2024","","METTA-LANG","METTA-LANG",""
"","2","B3-DIRECT.01","","Fri Dec 13 17:57:59 GMT 2024","passed","Fri Dec 13 17:57:59 GMT 2024","","HYPERON-EXPERIMENTAL-SCRIPTS","HYPERON-EXPERIMENTAL-SCRIPTS",""
"","6000","metta_lang.Working_with_spaces___MeTTa_Language6","","Fri Dec 13 17:53:57 GMT 2024","passed","Fri Dec 13 17:54:03 GMT 2024","","WHOLE-TESTS","WHOLE-TESTS",""
"","12","CONCRETE-TYPES---METTA-LANGUAGE7.03","","Fri Dec 13 18:08:33 GMT 2024","passed","Fri Dec 13 18:08:33 GMT 2024","","METTA-LANG","METTA-LANG",""
"","7000","metta-morph_tests.let_superpose_if_case","","Fri Dec 13 17:53:57 GMT 2024","passed","Fri Dec 13 17:54:04 GMT 2024","","WHOLE-TESTS","WHOLE-TESTS",""
"","5","OR-TEST.17","","Fri Dec 13 18:00:24 GMT 2024","passed","Fri Dec 13 18:00:24 GMT 2024","","HYPERON-METTALOG-SANITY","HYPERON-METTALOG-SANITY",""
"","2","C1-GROUNDED-BASIC.20","","Fri Dec 13 18:24:16 GMT 2024","passed","Fri Dec 13 18:24:16 GMT 2024","","QUICK","QUICK",""
"","2","C2-SPACES.04","","Fri Dec 13 17:53:50 GMT 2024","passed","Fri Dec 13 17:53:50 GMT 2024","","MODULE-SYSTEM","MODULE-SYSTEM",""
"","2","METATYPES---METTA-LANGUAGE1.08","","Fri Dec 13 18:08:33 GMT 2024","passed","Fri Dec 13 18:08:33 GMT 2024","","METTA-LANG","METTA-LANG",""
"","1","WORKING-WITH-SPACES---METTA-LANGUAGE1.04","","Fri Dec 13 18:08:33 GMT 2024","passed","Fri Dec 13 18:08:33 GMT 2024","","METTA-LANG","METTA-LANG",""
"","61","WORKING-WITH-SPACES---METTA-LANGUAGE2.04","","Fri Dec 13 18:08:33 GMT 2024","failed","Fri Dec 13 18:08:33 GMT 2024","","METTA-LANG","METTA-LANG",""
"","2","D4-TYPE-PROP.06","","Fri Dec 13 17:57:59 GMT 2024","passed","Fri Dec 13 17:57:59 GMT 2024","","HYPERON-EXPERIMENTAL-SCRIPTS","HYPERON-EXPERIMENTAL-SCRIPTS",""
"","13","CONCRETE-TYPES---METTA-LANGUAGE6.01","","Fri Dec 13 18:08:33 GMT 2024","failed","Fri Dec 13 18:08:33 GMT 2024","","METTA-LANG","METTA-LANG",""
"","14","CONCRETE-TYPES---METTA-LANGUAGE9.01","","Fri Dec 13 18:08:33 GMT 2024","passed","Fri Dec 13 18:08:33 GMT 2024","","METTA-LANG","METTA-LANG",""
