"DESCRIPTION","DURATION IN MS","NAME","PARENT SUITE","START TIME","STATUS","STOP TIME","SUB SUITE","SUITE","TEST CLASS","TEST METHOD"
"","410","TESTS0.06","","Wed Oct 30 13:22:47 GMT 2024","passed","Wed Oct 30 13:22:47 GMT 2024","","METTA-MORPH-TESTS","METTA-MORPH-TESTS",""
"","16","00-LANG-CASE.11","","Wed Oct 30 13:17:12 GMT 2024","passed","Wed Oct 30 13:17:12 GMT 2024","","HYPERON-METTALOG-SANITY","HYPERON-METTALOG-SANITY",""
"","2","SEQUENTIAL-NESTED.07","","Wed Oct 30 13:22:47 GMT 2024","passed","Wed Oct 30 13:22:47 GMT 2024","","METTA-MORPH-TESTS","METTA-MORPH-TESTS",""
"","2","B5-TYPES-PRELIM.10","","Wed Oct 30 13:14:28 GMT 2024","passed","Wed Oct 30 13:14:28 GMT 2024","","HYPERON-EXPERIMENTAL-SCRIPTS","HYPERON-EXPERIMENTAL-SCRIPTS",""
"","2","D3-DEPTYPES.02","","Wed Oct 30 13:14:28 GMT 2024","passed","Wed Oct 30 13:14:28 GMT 2024","","HYPERON-EXPERIMENTAL-SCRIPTS","HYPERON-EXPERIMENTAL-SCRIPTS",""
"","7000","hyperon-experimental_scripts.b4_nondeterm","","Wed Oct 30 13:10:17 GMT 2024","passed","Wed Oct 30 13:10:24 GMT 2024","","WHOLE-TESTS","WHOLE-TESTS",""
"","3","BC-COMP.06","","Wed Oct 30 13:10:24 GMT 2024","passed","Wed Oct 30 13:10:24 GMT 2024","","ANTI-REGRESSION","ANTI-REGRESSION",""
"","2","LET-SUPERPOSE-LIST.01","","Wed Oct 30 13:22:47 GMT 2024","passed","Wed Oct 30 13:22:47 GMT 2024","","METTA-MORPH-TESTS","METTA-MORPH-TESTS",""
"","5","03-SORING-VIA-INSERT.01","","Wed Oct 30 13:17:12 GMT 2024","passed","Wed Oct 30 13:17:12 GMT 2024","","HYPERON-METTALOG-SANITY","HYPERON-METTALOG-SANITY",""
"","2","D4-TYPE-PROP.18","","Wed Oct 30 13:26:06 GMT 2024","passed","Wed Oct 30 13:26:06 GMT 2024","","QUICK","QUICK",""
"","15","D1-GADT.09","","Wed Oct 30 13:14:28 GMT 2024","passed","Wed Oct 30 13:14:28 GMT 2024","","HYPERON-EXPERIMENTAL-SCRIPTS","HYPERON-EXPERIMENTAL-SCRIPTS",""
"","2","D2-HIGHERFUNC.10","","Wed Oct 30 13:26:06 GMT 2024","passed","Wed Oct 30 13:26:06 GMT 2024","","QUICK","QUICK",""
"","2","B2-BACKCHAIN.03","","Wed Oct 30 13:14:28 GMT 2024","passed","Wed Oct 30 13:14:28 GMT 2024","","HYPERON-EXPERIMENTAL-SCRIPTS","HYPERON-EXPERIMENTAL-SCRIPTS",""
"","2","STRING-TESTS.18","","Wed Oct 30 13:17:12 GMT 2024","passed","Wed Oct 30 13:17:12 GMT 2024","","HYPERON-METTALOG-SANITY","HYPERON-METTALOG-SANITY",""
"","2","MATCH-SUPERPOSED-SPACES.02","","Wed Oct 30 13:22:47 GMT 2024","passed","Wed Oct 30 13:22:47 GMT 2024","","METTA-MORPH-TESTS","METTA-MORPH-TESTS",""
"","3","TESTS0.04","","Wed Oct 30 13:22:47 GMT 2024","passed","Wed Oct 30 13:22:47 GMT 2024","","METTA-MORPH-TESTS","METTA-MORPH-TESTS",""
"","3","A3-TWOSIDE.04","","Wed Oct 30 13:14:28 GMT 2024","passed","Wed Oct 30 13:14:28 GMT 2024","","HYPERON-EXPERIMENTAL-SCRIPTS","HYPERON-EXPERIMENTAL-SCRIPTS",""
"","3","D2-HIGHERFUNC.26","","Wed Oct 30 13:26:06 GMT 2024","passed","Wed Oct 30 13:26:06 GMT 2024","","QUICK","QUICK",""
"","1","D3-DEPTYPES.03","","Wed Oct 30 13:14:28 GMT 2024","passed","Wed Oct 30 13:14:28 GMT 2024","","HYPERON-EXPERIMENTAL-SCRIPTS","HYPERON-EXPERIMENTAL-SCRIPTS",""
"","85","BASE-TEST-REPR-PARSE-INTERSECTION.02","","Wed Oct 30 13:17:12 GMT 2024","passed","Wed Oct 30 13:17:12 GMT 2024","","HYPERON-METTALOG-SANITY","HYPERON-METTALOG-SANITY",""
"","8000","synth_buffer.time_synthesize_short","","Wed Oct 30 13:10:17 GMT 2024","passed","Wed Oct 30 13:10:25 GMT 2024","","WHOLE-TESTS","WHOLE-TESTS",""
"","2","SUPERCOLLAPSE.05","","Wed Oct 30 13:22:47 GMT 2024","passed","Wed Oct 30 13:22:47 GMT 2024","","METTA-MORPH-TESTS","METTA-MORPH-TESTS",""
"","2","CATCH-THROW-TESTS.07","","Wed Oct 30 13:17:12 GMT 2024","passed","Wed Oct 30 13:17:12 GMT 2024","","HYPERON-METTALOG-SANITY","HYPERON-METTALOG-SANITY",""
"","2","D2-HIGHERFUNC.02","","Wed Oct 30 13:26:06 GMT 2024","passed","Wed Oct 30 13:26:06 GMT 2024","","QUICK","QUICK",""
"","7000","hyperon-experimental_scripts.a3_twoside","","Wed Oct 30 13:10:17 GMT 2024","passed","Wed Oct 30 13:10:24 GMT 2024","","WHOLE-TESTS","WHOLE-TESTS",""
"","3","B5-TYPES-PRELIM.03","","Wed Oct 30 13:14:28 GMT 2024","passed","Wed Oct 30 13:14:28 GMT 2024","","HYPERON-EXPERIMENTAL-SCRIPTS","HYPERON-EXPERIMENTAL-SCRIPTS",""
"","2","HYPERPOSE.07","","Wed Oct 30 13:22:47 GMT 2024","passed","Wed Oct 30 13:22:47 GMT 2024","","METTA-MORPH-TESTS","METTA-MORPH-TESTS",""
"","9","D1-GADT.13","","Wed Oct 30 13:14:28 GMT 2024","passed","Wed Oct 30 13:14:28 GMT 2024","","HYPERON-EXPERIMENTAL-SCRIPTS","HYPERON-EXPERIMENTAL-SCRIPTS",""
"","12","00-LANG-CASE.12","","Wed Oct 30 13:17:12 GMT 2024","passed","Wed Oct 30 13:17:12 GMT 2024","","HYPERON-METTALOG-SANITY","HYPERON-METTALOG-SANITY",""
"","8000","metta-wam-issue-116.test_spo_5000","","Wed Oct 30 13:10:17 GMT 2024","passed","Wed Oct 30 13:10:25 GMT 2024","","WHOLE-TESTS","WHOLE-TESTS",""
"","7000","hyperon-experimental_scripts.g1_docs","","Wed Oct 30 13:10:17 GMT 2024","passed","Wed Oct 30 13:10:24 GMT 2024","","WHOLE-TESTS","WHOLE-TESTS",""
"","2","STRING-TESTS.17","","Wed Oct 30 13:17:12 GMT 2024","passed","Wed Oct 30 13:17:12 GMT 2024","","HYPERON-METTALOG-SANITY","HYPERON-METTALOG-SANITY",""
"","7000","hyperon-mettalog_sanity.catch_throw_tests","","Wed Oct 30 13:10:17 GMT 2024","passed","Wed Oct 30 13:10:24 GMT 2024","","WHOLE-TESTS","WHOLE-TESTS",""
"","3","SPACE-INTERSECTION-TESTS.05","","Wed Oct 30 13:17:12 GMT 2024","passed","Wed Oct 30 13:17:12 GMT 2024","","HYPERON-METTALOG-SANITY","HYPERON-METTALOG-SANITY",""
"","93","B4-NONDETERM.11","","Wed Oct 30 13:14:28 GMT 2024","passed","Wed Oct 30 13:14:28 GMT 2024","","HYPERON-EXPERIMENTAL-SCRIPTS","HYPERON-EXPERIMENTAL-SCRIPTS",""
"","3","TYPES2.05","","Wed Oct 30 13:22:47 GMT 2024","passed","Wed Oct 30 13:22:47 GMT 2024","","METTA-MORPH-TESTS","METTA-MORPH-TESTS",""
"","13","D2-HIGHERFUNC.22","","Wed Oct 30 13:26:06 GMT 2024","passed","Wed Oct 30 13:26:06 GMT 2024","","QUICK","QUICK",""
"","3","COLLAPSE.01","","Wed Oct 30 13:22:47 GMT 2024","passed","Wed Oct 30 13:22:47 GMT 2024","","METTA-MORPH-TESTS","METTA-MORPH-TESTS",""
"","3","UNIQUE-TEST.01","","Wed Oct 30 13:17:12 GMT 2024","passed","Wed Oct 30 13:17:12 GMT 2024","","HYPERON-METTALOG-SANITY","HYPERON-METTALOG-SANITY",""
"","2","C1-GROUNDED-BASIC.22","","Wed Oct 30 13:26:06 GMT 2024","passed","Wed Oct 30 13:26:06 GMT 2024","","QUICK","QUICK",""
"","3","D2-HIGHERFUNC.25","","Wed Oct 30 13:26:06 GMT 2024","passed","Wed Oct 30 13:26:06 GMT 2024","","QUICK","QUICK",""
"","2","D4-TYPE-PROP.19","","Wed Oct 30 13:26:06 GMT 2024","passed","Wed Oct 30 13:26:06 GMT 2024","","QUICK","QUICK",""
"","2","FUNCTIONAL-PROGRAMMING-TESTS.02","","Wed Oct 30 13:17:12 GMT 2024","passed","Wed Oct 30 13:17:12 GMT 2024","","HYPERON-METTALOG-SANITY","HYPERON-METTALOG-SANITY",""
"","7000","hyperon-mettalog_sanity.is_space","","Wed Oct 30 13:10:17 GMT 2024","passed","Wed Oct 30 13:10:24 GMT 2024","","WHOLE-TESTS","WHOLE-TESTS",""
"","6","SEALED-TEST.01","","Wed Oct 30 13:17:12 GMT 2024","passed","Wed Oct 30 13:17:12 GMT 2024","","HYPERON-METTALOG-SANITY","HYPERON-METTALOG-SANITY",""
"","75","INTERSECTION-TESTS.06","","Wed Oct 30 13:17:12 GMT 2024","passed","Wed Oct 30 13:17:12 GMT 2024","","HYPERON-METTALOG-SANITY","HYPERON-METTALOG-SANITY",""
"","2","F1-MODULEA.08","","Wed Oct 30 13:14:28 GMT 2024","passed","Wed Oct 30 13:14:28 GMT 2024","","HYPERON-EXPERIMENTAL-SCRIPTS","HYPERON-EXPERIMENTAL-SCRIPTS",""
"","2","INTERSECTION-TESTS.08","","Wed Oct 30 13:17:12 GMT 2024","passed","Wed Oct 30 13:17:12 GMT 2024","","HYPERON-METTALOG-SANITY","HYPERON-METTALOG-SANITY",""
"","15","MATCH-VOID.11","","Wed Oct 30 13:22:47 GMT 2024","passed","Wed Oct 30 13:22:47 GMT 2024","","METTA-MORPH-TESTS","METTA-MORPH-TESTS",""
"","10000","metta-wam-issue-116.test_spo_1000","","Wed Oct 30 13:10:17 GMT 2024","passed","Wed Oct 30 13:10:27 GMT 2024","","WHOLE-TESTS","WHOLE-TESTS",""
"","2","MAX-TIME-TESTS.05","","Wed Oct 30 13:17:12 GMT 2024","passed","Wed Oct 30 13:17:12 GMT 2024","","HYPERON-METTALOG-SANITY","HYPERON-METTALOG-SANITY",""
"","3","A1-SYMBOLS.04","","Wed Oct 30 13:14:28 GMT 2024","passed","Wed Oct 30 13:14:28 GMT 2024","","HYPERON-EXPERIMENTAL-SCRIPTS","HYPERON-EXPERIMENTAL-SCRIPTS",""
"","2","A1-SYMBOLS.01","","Wed Oct 30 13:14:28 GMT 2024","passed","Wed Oct 30 13:14:28 GMT 2024","","HYPERON-EXPERIMENTAL-SCRIPTS","HYPERON-EXPERIMENTAL-SCRIPTS",""
"","2","SUBTRACTION-TEST.03","","Wed Oct 30 13:17:12 GMT 2024","passed","Wed Oct 30 13:17:12 GMT 2024","","HYPERON-METTALOG-SANITY","HYPERON-METTALOG-SANITY",""
"","3","INTERSECTION-TESTS.22","","Wed Oct 30 13:17:12 GMT 2024","passed","Wed Oct 30 13:17:12 GMT 2024","","HYPERON-METTALOG-SANITY","HYPERON-METTALOG-SANITY",""
"","2","METTALOGTESTCURRIED2.02","","Wed Oct 30 13:10:24 GMT 2024","passed","Wed Oct 30 13:10:24 GMT 2024","","ANTI-REGRESSION","ANTI-REGRESSION",""
"","1","TMPMATCH2.02","","Wed Oct 30 13:10:24 GMT 2024","passed","Wed Oct 30 13:10:24 GMT 2024","","ANTI-REGRESSION","ANTI-REGRESSION",""
"","2","C1-GROUNDED-BASIC.09","","Wed Oct 30 13:14:28 GMT 2024","passed","Wed Oct 30 13:14:28 GMT 2024","","HYPERON-EXPERIMENTAL-SCRIPTS","HYPERON-EXPERIMENTAL-SCRIPTS",""
"","3","D2-HIGHERFUNC.24","","Wed Oct 30 13:14:28 GMT 2024","passed","Wed Oct 30 13:14:28 GMT 2024","","HYPERON-EXPERIMENTAL-SCRIPTS","HYPERON-EXPERIMENTAL-SCRIPTS",""
"","1","MATCH-SUPERPOSED-SPACES.05","","Wed Oct 30 13:22:47 GMT 2024","passed","Wed Oct 30 13:22:47 GMT 2024","","METTA-MORPH-TESTS","METTA-MORPH-TESTS",""
"","2","B5-TYPES-PRELIM.19","","Wed Oct 30 13:14:28 GMT 2024","passed","Wed Oct 30 13:14:28 GMT 2024","","HYPERON-EXPERIMENTAL-SCRIPTS","HYPERON-EXPERIMENTAL-SCRIPTS",""
"","3","TEST-IF-CLOSED.01","","Wed Oct 30 13:10:24 GMT 2024","passed","Wed Oct 30 13:10:24 GMT 2024","","ANTI-REGRESSION","ANTI-REGRESSION",""
"","3","03-SORING-VIA-INSERT.02","","Wed Oct 30 13:17:12 GMT 2024","passed","Wed Oct 30 13:17:12 GMT 2024","","HYPERON-METTALOG-SANITY","HYPERON-METTALOG-SANITY",""
"","7000","hyperon-experimental_scripts.e1_kb_write","","Wed Oct 30 13:10:17 GMT 2024","passed","Wed Oct 30 13:10:24 GMT 2024","","WHOLE-TESTS","WHOLE-TESTS",""
"","2","STATES-SPACES.03","","Wed Oct 30 13:22:47 GMT 2024","passed","Wed Oct 30 13:22:47 GMT 2024","","METTA-MORPH-TESTS","METTA-MORPH-TESTS",""
"","2","D4-TYPE-PROP.11","","Wed Oct 30 13:26:06 GMT 2024","passed","Wed Oct 30 13:26:06 GMT 2024","","QUICK","QUICK",""
"","7000","module-system.c2_spaces","","Wed Oct 30 13:10:17 GMT 2024","passed","Wed Oct 30 13:10:24 GMT 2024","","WHOLE-TESTS","WHOLE-TESTS",""
"","2","D2-HIGHERFUNC.08","","Wed Oct 30 13:26:06 GMT 2024","passed","Wed Oct 30 13:26:06 GMT 2024","","QUICK","QUICK",""
"","3","06-MATCH-IN-SPACE.06","","Wed Oct 30 13:17:12 GMT 2024","passed","Wed Oct 30 13:17:12 GMT 2024","","HYPERON-METTALOG-SANITY","HYPERON-METTALOG-SANITY",""
"","57","F1-IMPORTS.17","","Wed Oct 30 13:10:09 GMT 2024","passed","Wed Oct 30 13:10:09 GMT 2024","","MODULE-SYSTEM","MODULE-SYSTEM",""
"","2","C1-GROUNDED-BASIC.11","","Wed Oct 30 13:14:28 GMT 2024","passed","Wed Oct 30 13:14:28 GMT 2024","","HYPERON-EXPERIMENTAL-SCRIPTS","HYPERON-EXPERIMENTAL-SCRIPTS",""
"","1","SUPERPOSE-NESTED.02","","Wed Oct 30 13:22:47 GMT 2024","passed","Wed Oct 30 13:22:47 GMT 2024","","METTA-MORPH-TESTS","METTA-MORPH-TESTS",""
"","2","SUPERCOLLAPSE.02","","Wed Oct 30 13:22:47 GMT 2024","passed","Wed Oct 30 13:22:47 GMT 2024","","METTA-MORPH-TESTS","METTA-MORPH-TESTS",""
"","3","06-MATCH-IN-SPACE.05","","Wed Oct 30 13:17:12 GMT 2024","passed","Wed Oct 30 13:17:12 GMT 2024","","HYPERON-METTALOG-SANITY","HYPERON-METTALOG-SANITY",""
"","7000","hyperon-mettalog_sanity.sealed_test","","Wed Oct 30 13:10:17 GMT 2024","passed","Wed Oct 30 13:10:24 GMT 2024","","WHOLE-TESTS","WHOLE-TESTS",""
"","2","C1-GROUNDED-BASIC.03","","Wed Oct 30 13:26:06 GMT 2024","passed","Wed Oct 30 13:26:06 GMT 2024","","QUICK","QUICK",""
"","10","MATCH-VOID.04","","Wed Oct 30 13:22:47 GMT 2024","passed","Wed Oct 30 13:22:47 GMT 2024","","METTA-MORPH-TESTS","METTA-MORPH-TESTS",""
"","7000","hyperon-experimental_scripts.d2_higherfunc","","Wed Oct 30 13:10:17 GMT 2024","passed","Wed Oct 30 13:10:24 GMT 2024","","WHOLE-TESTS","WHOLE-TESTS",""
"","2","SEQUENTIAL-NESTED.02","","Wed Oct 30 13:22:47 GMT 2024","passed","Wed Oct 30 13:22:47 GMT 2024","","METTA-MORPH-TESTS","METTA-MORPH-TESTS",""
"","2","STRING-TESTS.16","","Wed Oct 30 13:17:12 GMT 2024","passed","Wed Oct 30 13:17:12 GMT 2024","","HYPERON-METTALOG-SANITY","HYPERON-METTALOG-SANITY",""
"","95","FUNCTIONAL-PROGRAMMING-TESTS.08","","Wed Oct 30 13:17:12 GMT 2024","failed","Wed Oct 30 13:17:12 GMT 2024","","HYPERON-METTALOG-SANITY","HYPERON-METTALOG-SANITY",""
"","4","SPACE-INTERSECTION-TESTS.14","","Wed Oct 30 13:17:12 GMT 2024","passed","Wed Oct 30 13:17:12 GMT 2024","","HYPERON-METTALOG-SANITY","HYPERON-METTALOG-SANITY",""
"","47508","TEST-SPO-116378.01","","Wed Oct 30 13:11:20 GMT 2024","passed","Wed Oct 30 13:12:07 GMT 2024","","METTA-WAM-ISSUE-116","METTA-WAM-ISSUE-116",""
"","2","02-CURRIED-PLUS.01","","Wed Oct 30 13:17:12 GMT 2024","passed","Wed Oct 30 13:17:12 GMT 2024","","HYPERON-METTALOG-SANITY","HYPERON-METTALOG-SANITY",""
"","2","A3-TWOSIDE.02","","Wed Oct 30 13:14:28 GMT 2024","passed","Wed Oct 30 13:14:28 GMT 2024","","HYPERON-EXPERIMENTAL-SCRIPTS","HYPERON-EXPERIMENTAL-SCRIPTS",""
"","3","D2-HIGHERFUNC.01","","Wed Oct 30 13:14:28 GMT 2024","passed","Wed Oct 30 13:14:28 GMT 2024","","HYPERON-EXPERIMENTAL-SCRIPTS","HYPERON-EXPERIMENTAL-SCRIPTS",""
"","3","06-MATCH-IN-SPACE.03","","Wed Oct 30 13:17:12 GMT 2024","passed","Wed Oct 30 13:17:12 GMT 2024","","HYPERON-METTALOG-SANITY","HYPERON-METTALOG-SANITY",""
"","1","HYPERPOSE.06","","Wed Oct 30 13:22:47 GMT 2024","passed","Wed Oct 30 13:22:47 GMT 2024","","METTA-MORPH-TESTS","METTA-MORPH-TESTS",""
"","85","INTERSECTION-TESTS.29","","Wed Oct 30 13:17:12 GMT 2024","failed","Wed Oct 30 13:17:12 GMT 2024","","HYPERON-METTALOG-SANITY","HYPERON-METTALOG-SANITY",""
"","2","00-LANG-CASE.01","","Wed Oct 30 13:17:12 GMT 2024","passed","Wed Oct 30 13:17:12 GMT 2024","","HYPERON-METTALOG-SANITY","HYPERON-METTALOG-SANITY",""
"","9000","hyperon-mettalog_sanity.max_time_tests","","Wed Oct 30 13:10:17 GMT 2024","passed","Wed Oct 30 13:10:26 GMT 2024","","WHOLE-TESTS","WHOLE-TESTS",""
"","2","C1-GROUNDED-BASIC.04","","Wed Oct 30 13:14:28 GMT 2024","passed","Wed Oct 30 13:14:28 GMT 2024","","HYPERON-EXPERIMENTAL-SCRIPTS","HYPERON-EXPERIMENTAL-SCRIPTS",""
"","657","TESTS0.07","","Wed Oct 30 13:22:47 GMT 2024","passed","Wed Oct 30 13:22:47 GMT 2024","","METTA-MORPH-TESTS","METTA-MORPH-TESTS",""
"","4","E2-STATES.02","","Wed Oct 30 13:14:28 GMT 2024","passed","Wed Oct 30 13:14:28 GMT 2024","","HYPERON-EXPERIMENTAL-SCRIPTS","HYPERON-EXPERIMENTAL-SCRIPTS",""
"","2","IS-SPACE.02","","Wed Oct 30 13:17:12 GMT 2024","passed","Wed Oct 30 13:17:12 GMT 2024","","HYPERON-METTALOG-SANITY","HYPERON-METTALOG-SANITY",""
"","2","D4-TYPE-PROP.17","","Wed Oct 30 13:14:28 GMT 2024","passed","Wed Oct 30 13:14:28 GMT 2024","","HYPERON-EXPERIMENTAL-SCRIPTS","HYPERON-EXPERIMENTAL-SCRIPTS",""
"","4","SEALED-TEST.08","","Wed Oct 30 13:17:12 GMT 2024","passed","Wed Oct 30 13:17:12 GMT 2024","","HYPERON-METTALOG-SANITY","HYPERON-METTALOG-SANITY",""
"","8000","metta-morph_tests.minnars","","Wed Oct 30 13:10:17 GMT 2024","passed","Wed Oct 30 13:10:25 GMT 2024","","WHOLE-TESTS","WHOLE-TESTS",""
"","242","TIME-SYNTHESIZE-SHORT.01","","Wed Oct 30 13:20:24 GMT 2024","passed","Wed Oct 30 13:20:24 GMT 2024","","SYNTH-BUFFER","SYNTH-BUFFER",""
"","2","OR-TEST.09","","Wed Oct 30 13:17:12 GMT 2024","passed","Wed Oct 30 13:17:12 GMT 2024","","HYPERON-METTALOG-SANITY","HYPERON-METTALOG-SANITY",""
"","2","FIND-ALL-TESTS.07","","Wed Oct 30 13:17:12 GMT 2024","passed","Wed Oct 30 13:17:12 GMT 2024","","HYPERON-METTALOG-SANITY","HYPERON-METTALOG-SANITY",""
"","4","SEALED-TEST.04","","Wed Oct 30 13:17:12 GMT 2024","passed","Wed Oct 30 13:17:12 GMT 2024","","HYPERON-METTALOG-SANITY","HYPERON-METTALOG-SANITY",""
"","2","D1-GADT.12","","Wed Oct 30 13:14:28 GMT 2024","passed","Wed Oct 30 13:14:28 GMT 2024","","HYPERON-EXPERIMENTAL-SCRIPTS","HYPERON-EXPERIMENTAL-SCRIPTS",""
"","2","D1-GADT.02","","Wed Oct 30 13:14:28 GMT 2024","passed","Wed Oct 30 13:14:28 GMT 2024","","HYPERON-EXPERIMENTAL-SCRIPTS","HYPERON-EXPERIMENTAL-SCRIPTS",""
"","71","D5-AUTO-TYPES.01","","Wed Oct 30 13:14:28 GMT 2024","failed","Wed Oct 30 13:14:28 GMT 2024","","HYPERON-EXPERIMENTAL-SCRIPTS","HYPERON-EXPERIMENTAL-SCRIPTS",""
"","3","FUNCTIONAL-PROGRAMMING-TESTS.01","","Wed Oct 30 13:17:12 GMT 2024","passed","Wed Oct 30 13:17:12 GMT 2024","","HYPERON-METTALOG-SANITY","HYPERON-METTALOG-SANITY",""
"","7000","hyperon-mettalog_sanity.find_all_tests","","Wed Oct 30 13:10:17 GMT 2024","passed","Wed Oct 30 13:10:24 GMT 2024","","WHOLE-TESTS","WHOLE-TESTS",""
"","2","TMPMATCH2.04","","Wed Oct 30 13:10:24 GMT 2024","passed","Wed Oct 30 13:10:24 GMT 2024","","ANTI-REGRESSION","ANTI-REGRESSION",""
"","7000","anti-regression.bchain_comp","","Wed Oct 30 13:10:17 GMT 2024","passed","Wed Oct 30 13:10:24 GMT 2024","","WHOLE-TESTS","WHOLE-TESTS",""
"","3","STRING-TESTS.05","","Wed Oct 30 13:17:12 GMT 2024","passed","Wed Oct 30 13:17:12 GMT 2024","","HYPERON-METTALOG-SANITY","HYPERON-METTALOG-SANITY",""
"","2","BC-COMP.01","","Wed Oct 30 13:10:24 GMT 2024","passed","Wed Oct 30 13:10:24 GMT 2024","","ANTI-REGRESSION","ANTI-REGRESSION",""
"","3","A1-SYMBOLS.02","","Wed Oct 30 13:14:28 GMT 2024","passed","Wed Oct 30 13:14:28 GMT 2024","","HYPERON-EXPERIMENTAL-SCRIPTS","HYPERON-EXPERIMENTAL-SCRIPTS",""
"","2","C1-GROUNDED-BASIC.10","","Wed Oct 30 13:26:06 GMT 2024","passed","Wed Oct 30 13:26:06 GMT 2024","","QUICK","QUICK",""
"","1","D4-TYPE-PROP.15","","Wed Oct 30 13:26:06 GMT 2024","passed","Wed Oct 30 13:26:06 GMT 2024","","QUICK","QUICK",""
"","8000","anti-regression.bc_comp","","Wed Oct 30 13:10:17 GMT 2024","passed","Wed Oct 30 13:10:25 GMT 2024","","WHOLE-TESTS","WHOLE-TESTS",""
"","3","INTERSECTION-TESTS.30","","Wed Oct 30 13:17:12 GMT 2024","passed","Wed Oct 30 13:17:12 GMT 2024","","HYPERON-METTALOG-SANITY","HYPERON-METTALOG-SANITY",""
"","2","D1-GADT.02","","Wed Oct 30 13:26:06 GMT 2024","passed","Wed Oct 30 13:26:06 GMT 2024","","QUICK","QUICK",""
"","1","MATCH-VOID.10","","Wed Oct 30 13:22:47 GMT 2024","passed","Wed Oct 30 13:22:47 GMT 2024","","METTA-MORPH-TESTS","METTA-MORPH-TESTS",""
"","2","F1-IMPORTS.10","","Wed Oct 30 13:10:09 GMT 2024","passed","Wed Oct 30 13:10:09 GMT 2024","","MODULE-SYSTEM","MODULE-SYSTEM",""
"","2","C1-GROUNDED-BASIC.04","","Wed Oct 30 13:26:06 GMT 2024","passed","Wed Oct 30 13:26:06 GMT 2024","","QUICK","QUICK",""
"","3","FIND-ALL-TESTS.05","","Wed Oct 30 13:17:12 GMT 2024","passed","Wed Oct 30 13:17:12 GMT 2024","","HYPERON-METTALOG-SANITY","HYPERON-METTALOG-SANITY",""
"","7000","hyperon-mettalog_sanity.06_match_in_space","","Wed Oct 30 13:10:17 GMT 2024","passed","Wed Oct 30 13:10:24 GMT 2024","","WHOLE-TESTS","WHOLE-TESTS",""
"","2","00-LANG-CASE.06","","Wed Oct 30 13:17:12 GMT 2024","passed","Wed Oct 30 13:17:12 GMT 2024","","HYPERON-METTALOG-SANITY","HYPERON-METTALOG-SANITY",""
"","7000","hyperon-experimental_scripts.a2_opencoggy","","Wed Oct 30 13:10:17 GMT 2024","passed","Wed Oct 30 13:10:24 GMT 2024","","WHOLE-TESTS","WHOLE-TESTS",""
"","2","C1-GROUNDED-BASIC.18","","Wed Oct 30 13:26:06 GMT 2024","passed","Wed Oct 30 13:26:06 GMT 2024","","QUICK","QUICK",""
"","7000","hyperon-mettalog_sanity.00_lang_case","","Wed Oct 30 13:10:17 GMT 2024","passed","Wed Oct 30 13:10:24 GMT 2024","","WHOLE-TESTS","WHOLE-TESTS",""
"","2","BASE-TEST-REPR-PARSE-INTERSECTION.04","","Wed Oct 30 13:17:12 GMT 2024","passed","Wed Oct 30 13:17:12 GMT 2024","","HYPERON-METTALOG-SANITY","HYPERON-METTALOG-SANITY",""
"","7000","metta-morph_tests.peano","","Wed Oct 30 13:10:17 GMT 2024","passed","Wed Oct 30 13:10:24 GMT 2024","","WHOLE-TESTS","WHOLE-TESTS",""
"","3","SEQUENTIAL-NESTED.04","","Wed Oct 30 13:22:47 GMT 2024","passed","Wed Oct 30 13:22:47 GMT 2024","","METTA-MORPH-TESTS","METTA-MORPH-TESTS",""
"","2","TEST-IF-CLOSED.06","","Wed Oct 30 13:10:24 GMT 2024","passed","Wed Oct 30 13:10:24 GMT 2024","","ANTI-REGRESSION","ANTI-REGRESSION",""
"","82","B4-NONDETERM.01","","Wed Oct 30 13:14:28 GMT 2024","passed","Wed Oct 30 13:14:28 GMT 2024","","HYPERON-EXPERIMENTAL-SCRIPTS","HYPERON-EXPERIMENTAL-SCRIPTS",""
"","3","SEQUENTIAL-NESTED.05","","Wed Oct 30 13:22:47 GMT 2024","passed","Wed Oct 30 13:22:47 GMT 2024","","METTA-MORPH-TESTS","METTA-MORPH-TESTS",""
"","3","CATCH-THROW-TESTS.06","","Wed Oct 30 13:17:12 GMT 2024","passed","Wed Oct 30 13:17:12 GMT 2024","","HYPERON-METTALOG-SANITY","HYPERON-METTALOG-SANITY",""
"","2","F1-IMPORTS.11","","Wed Oct 30 13:26:06 GMT 2024","passed","Wed Oct 30 13:26:06 GMT 2024","","QUICK","QUICK",""
"","2","INTERSECTION-TESTS.15","","Wed Oct 30 13:17:12 GMT 2024","passed","Wed Oct 30 13:17:12 GMT 2024","","HYPERON-METTALOG-SANITY","HYPERON-METTALOG-SANITY",""
"","2","BCHAIN.02","","Wed Oct 30 13:10:24 GMT 2024","passed","Wed Oct 30 13:10:24 GMT 2024","","ANTI-REGRESSION","ANTI-REGRESSION",""
"","3","FIND-ALL-TESTS.01","","Wed Oct 30 13:17:12 GMT 2024","passed","Wed Oct 30 13:17:12 GMT 2024","","HYPERON-METTALOG-SANITY","HYPERON-METTALOG-SANITY",""
"","2","SPACE-INTERSECTION-TESTS.04","","Wed Oct 30 13:17:12 GMT 2024","passed","Wed Oct 30 13:17:12 GMT 2024","","HYPERON-METTALOG-SANITY","HYPERON-METTALOG-SANITY",""
"","15","D1-GADT.04","","Wed Oct 30 13:14:28 GMT 2024","passed","Wed Oct 30 13:14:28 GMT 2024","","HYPERON-EXPERIMENTAL-SCRIPTS","HYPERON-EXPERIMENTAL-SCRIPTS",""
"","1","C1-GROUNDED-BASIC.21","","Wed Oct 30 13:26:06 GMT 2024","passed","Wed Oct 30 13:26:06 GMT 2024","","QUICK","QUICK",""
"","2","D4-TYPE-PROP.18","","Wed Oct 30 13:14:28 GMT 2024","passed","Wed Oct 30 13:14:28 GMT 2024","","HYPERON-EXPERIMENTAL-SCRIPTS","HYPERON-EXPERIMENTAL-SCRIPTS",""
"","2","C1-GROUNDED-BASIC.17","","Wed Oct 30 13:14:28 GMT 2024","passed","Wed Oct 30 13:14:28 GMT 2024","","HYPERON-EXPERIMENTAL-SCRIPTS","HYPERON-EXPERIMENTAL-SCRIPTS",""
"","94","INTERSECTION-TESTS.28","","Wed Oct 30 13:17:12 GMT 2024","failed","Wed Oct 30 13:17:12 GMT 2024","","HYPERON-METTALOG-SANITY","HYPERON-METTALOG-SANITY",""
"","2","D4-TYPE-PROP.14","","Wed Oct 30 13:14:28 GMT 2024","passed","Wed Oct 30 13:14:28 GMT 2024","","HYPERON-EXPERIMENTAL-SCRIPTS","HYPERON-EXPERIMENTAL-SCRIPTS",""
"","2","C2-SPACES.03","","Wed Oct 30 13:14:28 GMT 2024","passed","Wed Oct 30 13:14:28 GMT 2024","","HYPERON-EXPERIMENTAL-SCRIPTS","HYPERON-EXPERIMENTAL-SCRIPTS",""
"","5","G1-DOCS.01","","Wed Oct 30 13:14:28 GMT 2024","passed","Wed Oct 30 13:14:28 GMT 2024","","HYPERON-EXPERIMENTAL-SCRIPTS","HYPERON-EXPERIMENTAL-SCRIPTS",""
"","3","D4-TYPE-PROP.04","","Wed Oct 30 13:14:28 GMT 2024","passed","Wed Oct 30 13:14:28 GMT 2024","","HYPERON-EXPERIMENTAL-SCRIPTS","HYPERON-EXPERIMENTAL-SCRIPTS",""
"","2","E1-KB-WRITE.02","","Wed Oct 30 13:14:28 GMT 2024","passed","Wed Oct 30 13:14:28 GMT 2024","","HYPERON-EXPERIMENTAL-SCRIPTS","HYPERON-EXPERIMENTAL-SCRIPTS",""
"","1","TEST-IF-CLOSED.11","","Wed Oct 30 13:10:24 GMT 2024","passed","Wed Oct 30 13:10:24 GMT 2024","","ANTI-REGRESSION","ANTI-REGRESSION",""
"","7000","metta-morph_tests.hyperpose","","Wed Oct 30 13:10:17 GMT 2024","passed","Wed Oct 30 13:10:24 GMT 2024","","WHOLE-TESTS","WHOLE-TESTS",""
"","14","D1-GADT.09","","Wed Oct 30 13:26:06 GMT 2024","passed","Wed Oct 30 13:26:06 GMT 2024","","QUICK","QUICK",""
"","7000","hyperon-mettalog_sanity.represent_and_parse_tests","","Wed Oct 30 13:10:17 GMT 2024","passed","Wed Oct 30 13:10:24 GMT 2024","","WHOLE-TESTS","WHOLE-TESTS",""
"","3","C3-PLN-STV.04","","Wed Oct 30 13:14:28 GMT 2024","passed","Wed Oct 30 13:14:28 GMT 2024","","HYPERON-EXPERIMENTAL-SCRIPTS","HYPERON-EXPERIMENTAL-SCRIPTS",""
"","94","SPACE-INTERSECTION-TESTS.17","","Wed Oct 30 13:17:12 GMT 2024","failed","Wed Oct 30 13:17:12 GMT 2024","","HYPERON-METTALOG-SANITY","HYPERON-METTALOG-SANITY",""
"","2","BCHAIN.05","","Wed Oct 30 13:10:24 GMT 2024","passed","Wed Oct 30 13:10:24 GMT 2024","","ANTI-REGRESSION","ANTI-REGRESSION",""
"","7000","metta-morph_tests.tests0","","Wed Oct 30 13:10:17 GMT 2024","passed","Wed Oct 30 13:10:24 GMT 2024","","WHOLE-TESTS","WHOLE-TESTS",""
"","2","IS-SPACE.01","","Wed Oct 30 13:17:12 GMT 2024","passed","Wed Oct 30 13:17:12 GMT 2024","","HYPERON-METTALOG-SANITY","HYPERON-METTALOG-SANITY",""
"","2","01-LANG-INC.02","","Wed Oct 30 13:17:12 GMT 2024","passed","Wed Oct 30 13:17:12 GMT 2024","","HYPERON-METTALOG-SANITY","HYPERON-METTALOG-SANITY",""
"","2","D2-HIGHERFUNC.02","","Wed Oct 30 13:14:28 GMT 2024","passed","Wed Oct 30 13:14:28 GMT 2024","","HYPERON-EXPERIMENTAL-SCRIPTS","HYPERON-EXPERIMENTAL-SCRIPTS",""
"","2","D2-HIGHERFUNC.09","","Wed Oct 30 13:26:06 GMT 2024","passed","Wed Oct 30 13:26:06 GMT 2024","","QUICK","QUICK",""
"","2","INTERSECTION-TESTS.32","","Wed Oct 30 13:17:12 GMT 2024","passed","Wed Oct 30 13:17:12 GMT 2024","","HYPERON-METTALOG-SANITY","HYPERON-METTALOG-SANITY",""
"","2","D4-TYPE-PROP.07","","Wed Oct 30 13:14:28 GMT 2024","passed","Wed Oct 30 13:14:28 GMT 2024","","HYPERON-EXPERIMENTAL-SCRIPTS","HYPERON-EXPERIMENTAL-SCRIPTS",""
"","2","TEST-SPO-1000.01","","Wed Oct 30 13:11:20 GMT 2024","passed","Wed Oct 30 13:11:20 GMT 2024","","METTA-WAM-ISSUE-116","METTA-WAM-ISSUE-116",""
"","3","A3-TWOSIDE.01","","Wed Oct 30 13:14:28 GMT 2024","passed","Wed Oct 30 13:14:28 GMT 2024","","HYPERON-EXPERIMENTAL-SCRIPTS","HYPERON-EXPERIMENTAL-SCRIPTS",""
"","2","C1-GROUNDED-BASIC.13","","Wed Oct 30 13:26:06 GMT 2024","passed","Wed Oct 30 13:26:06 GMT 2024","","QUICK","QUICK",""
"","115","SPACE-INTERSECTION-TESTS.08","","Wed Oct 30 13:17:12 GMT 2024","failed","Wed Oct 30 13:17:12 GMT 2024","","HYPERON-METTALOG-SANITY","HYPERON-METTALOG-SANITY",""
"","3","C2-SPACES.04","","Wed Oct 30 13:10:09 GMT 2024","passed","Wed Oct 30 13:10:09 GMT 2024","","MODULE-SYSTEM","MODULE-SYSTEM",""
"","48","D5-AUTO-TYPES.02","","Wed Oct 30 13:14:28 GMT 2024","failed","Wed Oct 30 13:14:28 GMT 2024","","HYPERON-EXPERIMENTAL-SCRIPTS","HYPERON-EXPERIMENTAL-SCRIPTS",""
"","85","MAX-TIME-TESTS.04","","Wed Oct 30 13:17:12 GMT 2024","failed","Wed Oct 30 13:17:12 GMT 2024","","HYPERON-METTALOG-SANITY","HYPERON-METTALOG-SANITY",""
"","2","CATCH-THROW-TESTS.02","","Wed Oct 30 13:17:12 GMT 2024","passed","Wed Oct 30 13:17:12 GMT 2024","","HYPERON-METTALOG-SANITY","HYPERON-METTALOG-SANITY",""
"","2","SPACE-SUBTRACTION-TESTS.06","","Wed Oct 30 13:17:12 GMT 2024","passed","Wed Oct 30 13:17:12 GMT 2024","","HYPERON-METTALOG-SANITY","HYPERON-METTALOG-SANITY",""
"","50","D5-AUTO-TYPES.03","","Wed Oct 30 13:14:28 GMT 2024","failed","Wed Oct 30 13:14:28 GMT 2024","","HYPERON-EXPERIMENTAL-SCRIPTS","HYPERON-EXPERIMENTAL-SCRIPTS",""
"","2","D4-TYPE-PROP.13","","Wed Oct 30 13:26:06 GMT 2024","passed","Wed Oct 30 13:26:06 GMT 2024","","QUICK","QUICK",""
"","7000","hyperon-experimental_scripts.e3_match_states","","Wed Oct 30 13:10:17 GMT 2024","passed","Wed Oct 30 13:10:24 GMT 2024","","WHOLE-TESTS","WHOLE-TESTS",""
"","3","BCHAIN-COMP.06","","Wed Oct 30 13:10:24 GMT 2024","passed","Wed Oct 30 13:10:24 GMT 2024","","ANTI-REGRESSION","ANTI-REGRESSION",""
"","4","SPACE-SUBTRACTION-TESTS.05","","Wed Oct 30 13:17:12 GMT 2024","passed","Wed Oct 30 13:17:12 GMT 2024","","HYPERON-METTALOG-SANITY","HYPERON-METTALOG-SANITY",""
"","4","OR-TEST.14","","Wed Oct 30 13:17:12 GMT 2024","passed","Wed Oct 30 13:17:12 GMT 2024","","HYPERON-METTALOG-SANITY","HYPERON-METTALOG-SANITY",""
"","3","STRING-TESTS.08","","Wed Oct 30 13:17:12 GMT 2024","passed","Wed Oct 30 13:17:12 GMT 2024","","HYPERON-METTALOG-SANITY","HYPERON-METTALOG-SANITY",""
"","54","C1-GROUNDED-BASIC.15","","Wed Oct 30 13:14:28 GMT 2024","failed","Wed Oct 30 13:14:28 GMT 2024","","HYPERON-EXPERIMENTAL-SCRIPTS","HYPERON-EXPERIMENTAL-SCRIPTS",""
"","1","D2-HIGHERFUNC.06","","Wed Oct 30 13:26:06 GMT 2024","passed","Wed Oct 30 13:26:06 GMT 2024","","QUICK","QUICK",""
"","3","G1-DOCS.02","","Wed Oct 30 13:14:28 GMT 2024","passed","Wed Oct 30 13:14:28 GMT 2024","","HYPERON-EXPERIMENTAL-SCRIPTS","HYPERON-EXPERIMENTAL-SCRIPTS",""
"","3","FIRST-ANSWER.01","","Wed Oct 30 13:17:12 GMT 2024","passed","Wed Oct 30 13:17:12 GMT 2024","","HYPERON-METTALOG-SANITY","HYPERON-METTALOG-SANITY",""
"","2","STATES-SPACES.04","","Wed Oct 30 13:22:47 GMT 2024","passed","Wed Oct 30 13:22:47 GMT 2024","","METTA-MORPH-TESTS","METTA-MORPH-TESTS",""
"","3","B4-NONDETERM.07","","Wed Oct 30 13:14:28 GMT 2024","passed","Wed Oct 30 13:14:28 GMT 2024","","HYPERON-EXPERIMENTAL-SCRIPTS","HYPERON-EXPERIMENTAL-SCRIPTS",""
"","2","SUPERPOSE-NESTED.01","","Wed Oct 30 13:22:47 GMT 2024","passed","Wed Oct 30 13:22:47 GMT 2024","","METTA-MORPH-TESTS","METTA-MORPH-TESTS",""
"","2","UNIQUE-TEST.03","","Wed Oct 30 13:17:12 GMT 2024","passed","Wed Oct 30 13:17:12 GMT 2024","","HYPERON-METTALOG-SANITY","HYPERON-METTALOG-SANITY",""
"","2","D1-GADT.06","","Wed Oct 30 13:26:06 GMT 2024","passed","Wed Oct 30 13:26:06 GMT 2024","","QUICK","QUICK",""
"","2","TEST-IF-CLOSED.10","","Wed Oct 30 13:10:24 GMT 2024","passed","Wed Oct 30 13:10:24 GMT 2024","","ANTI-REGRESSION","ANTI-REGRESSION",""
"","2","D2-HIGHERFUNC.10","","Wed Oct 30 13:14:28 GMT 2024","passed","Wed Oct 30 13:14:28 GMT 2024","","HYPERON-EXPERIMENTAL-SCRIPTS","HYPERON-EXPERIMENTAL-SCRIPTS",""
"","2","F1-MODULEA.10","","Wed Oct 30 13:26:06 GMT 2024","passed","Wed Oct 30 13:26:06 GMT 2024","","QUICK","QUICK",""
"","24","G1-DOCS.04","","Wed Oct 30 13:14:28 GMT 2024","failed","Wed Oct 30 13:14:28 GMT 2024","","HYPERON-EXPERIMENTAL-SCRIPTS","HYPERON-EXPERIMENTAL-SCRIPTS",""
"","1","B5-TYPES-PRELIM.23","","Wed Oct 30 13:14:28 GMT 2024","passed","Wed Oct 30 13:14:28 GMT 2024","","HYPERON-EXPERIMENTAL-SCRIPTS","HYPERON-EXPERIMENTAL-SCRIPTS",""
"","1","MATCH-SUPERPOSED-SPACES.04","","Wed Oct 30 13:22:47 GMT 2024","passed","Wed Oct 30 13:22:47 GMT 2024","","METTA-MORPH-TESTS","METTA-MORPH-TESTS",""
"","3","F1-IMPORTS.15","","Wed Oct 30 13:26:06 GMT 2024","passed","Wed Oct 30 13:26:06 GMT 2024","","QUICK","QUICK",""
"","3","C3-PLN-STV.01","","Wed Oct 30 13:14:28 GMT 2024","passed","Wed Oct 30 13:14:28 GMT 2024","","HYPERON-EXPERIMENTAL-SCRIPTS","HYPERON-EXPERIMENTAL-SCRIPTS",""
"","2","C1-GROUNDED-BASIC.21","","Wed Oct 30 13:14:28 GMT 2024","passed","Wed Oct 30 13:14:28 GMT 2024","","HYPERON-EXPERIMENTAL-SCRIPTS","HYPERON-EXPERIMENTAL-SCRIPTS",""
"","3","C2-SPACES.03","","Wed Oct 30 13:10:09 GMT 2024","passed","Wed Oct 30 13:10:09 GMT 2024","","MODULE-SYSTEM","MODULE-SYSTEM",""
"","2","METTALOGTESTCURRIED2.05","","Wed Oct 30 13:10:24 GMT 2024","passed","Wed Oct 30 13:10:24 GMT 2024","","ANTI-REGRESSION","ANTI-REGRESSION",""
"","2","B5-TYPES-PRELIM.05","","Wed Oct 30 13:14:28 GMT 2024","passed","Wed Oct 30 13:14:28 GMT 2024","","HYPERON-EXPERIMENTAL-SCRIPTS","HYPERON-EXPERIMENTAL-SCRIPTS",""
"","4","TIME-SYNTHESIZE-SHORT.03","","Wed Oct 30 13:20:24 GMT 2024","passed","Wed Oct 30 13:20:24 GMT 2024","","SYNTH-BUFFER","SYNTH-BUFFER",""
"","6000","baseline_compat.rust_02","","Wed Oct 30 13:10:17 GMT 2024","passed","Wed Oct 30 13:10:23 GMT 2024","","WHOLE-TESTS","WHOLE-TESTS",""
"","60","B5-TYPES-PRELIM.15","","Wed Oct 30 13:14:28 GMT 2024","failed","Wed Oct 30 13:14:28 GMT 2024","","HYPERON-EXPERIMENTAL-SCRIPTS","HYPERON-EXPERIMENTAL-SCRIPTS",""
"","2","C1-GROUNDED-BASIC.03","","Wed Oct 30 13:14:28 GMT 2024","passed","Wed Oct 30 13:14:28 GMT 2024","","HYPERON-EXPERIMENTAL-SCRIPTS","HYPERON-EXPERIMENTAL-SCRIPTS",""
"","2","C3-PLN-STV.03","","Wed Oct 30 13:14:28 GMT 2024","passed","Wed Oct 30 13:14:28 GMT 2024","","HYPERON-EXPERIMENTAL-SCRIPTS","HYPERON-EXPERIMENTAL-SCRIPTS",""
"","1","D1-GADT.14","","Wed Oct 30 13:26:06 GMT 2024","passed","Wed Oct 30 13:26:06 GMT 2024","","QUICK","QUICK",""
"","3","HYPERPOSE.09","","Wed Oct 30 13:22:47 GMT 2024","passed","Wed Oct 30 13:22:47 GMT 2024","","METTA-MORPH-TESTS","METTA-MORPH-TESTS",""
"","39","E3-MATCH-STATES.03","","Wed Oct 30 13:14:28 GMT 2024","failed","Wed Oct 30 13:14:28 GMT 2024","","HYPERON-EXPERIMENTAL-SCRIPTS","HYPERON-EXPERIMENTAL-SCRIPTS",""
"","2","INTERSECTION-TESTS.25","","Wed Oct 30 13:17:12 GMT 2024","passed","Wed Oct 30 13:17:12 GMT 2024","","HYPERON-METTALOG-SANITY","HYPERON-METTALOG-SANITY",""
"","8000","hyperon-mettalog_sanity.space_intersection_tests","","Wed Oct 30 13:10:17 GMT 2024","passed","Wed Oct 30 13:10:25 GMT 2024","","WHOLE-TESTS","WHOLE-TESTS",""
"","2","D2-HIGHERFUNC.18","","Wed Oct 30 13:26:06 GMT 2024","passed","Wed Oct 30 13:26:06 GMT 2024","","QUICK","QUICK",""
"","2","F1-IMPORTS.19","","Wed Oct 30 13:14:28 GMT 2024","passed","Wed Oct 30 13:14:28 GMT 2024","","HYPERON-EXPERIMENTAL-SCRIPTS","HYPERON-EXPERIMENTAL-SCRIPTS",""
"","3","STRING-TESTS.21","","Wed Oct 30 13:17:12 GMT 2024","passed","Wed Oct 30 13:17:12 GMT 2024","","HYPERON-METTALOG-SANITY","HYPERON-METTALOG-SANITY",""
"","2","SPACE-INTERSECTION-TESTS.11","","Wed Oct 30 13:17:12 GMT 2024","passed","Wed Oct 30 13:17:12 GMT 2024","","HYPERON-METTALOG-SANITY","HYPERON-METTALOG-SANITY",""
"","9000","hyperon-mettalog_sanity.functional_programming_tests","","Wed Oct 30 13:10:17 GMT 2024","passed","Wed Oct 30 13:10:26 GMT 2024","","WHOLE-TESTS","WHOLE-TESTS",""
"","7000","metta-morph_tests.and_or","","Wed Oct 30 13:10:17 GMT 2024","passed","Wed Oct 30 13:10:24 GMT 2024","","WHOLE-TESTS","WHOLE-TESTS",""
"","7000","baseline_compat.rust_01","","Wed Oct 30 13:10:17 GMT 2024","passed","Wed Oct 30 13:10:24 GMT 2024","","WHOLE-TESTS","WHOLE-TESTS",""
"","2","SEQUENTIAL-NESTED.09","","Wed Oct 30 13:22:47 GMT 2024","passed","Wed Oct 30 13:22:47 GMT 2024","","METTA-MORPH-TESTS","METTA-MORPH-TESTS",""
"","3","XOR-TEST.06","","Wed Oct 30 13:17:12 GMT 2024","passed","Wed Oct 30 13:17:12 GMT 2024","","HYPERON-METTALOG-SANITY","HYPERON-METTALOG-SANITY",""
"","7000","hyperon-experimental_scripts.d5_auto_types","","Wed Oct 30 13:10:17 GMT 2024","passed","Wed Oct 30 13:10:24 GMT 2024","","WHOLE-TESTS","WHOLE-TESTS",""
"","2","F1-MODULEA.09","","Wed Oct 30 13:26:06 GMT 2024","passed","Wed Oct 30 13:26:06 GMT 2024","","QUICK","QUICK",""
"","4","C2-SPACES.01","","Wed Oct 30 13:10:09 GMT 2024","passed","Wed Oct 30 13:10:09 GMT 2024","","MODULE-SYSTEM","MODULE-SYSTEM",""
"","2","B4-NONDETERM.02","","Wed Oct 30 13:14:28 GMT 2024","passed","Wed Oct 30 13:14:28 GMT 2024","","HYPERON-EXPERIMENTAL-SCRIPTS","HYPERON-EXPERIMENTAL-SCRIPTS",""
"","2","SPACE-SUBTRACTION-TESTS.03","","Wed Oct 30 13:17:12 GMT 2024","passed","Wed Oct 30 13:17:12 GMT 2024","","HYPERON-METTALOG-SANITY","HYPERON-METTALOG-SANITY",""
"","3","MINNARS.01","","Wed Oct 30 13:22:47 GMT 2024","passed","Wed Oct 30 13:22:47 GMT 2024","","METTA-MORPH-TESTS","METTA-MORPH-TESTS",""
"","3","STRING-TESTS.07","","Wed Oct 30 13:17:12 GMT 2024","passed","Wed Oct 30 13:17:12 GMT 2024","","HYPERON-METTALOG-SANITY","HYPERON-METTALOG-SANITY",""
"","2","D1-GADT.06","","Wed Oct 30 13:14:28 GMT 2024","passed","Wed Oct 30 13:14:28 GMT 2024","","HYPERON-EXPERIMENTAL-SCRIPTS","HYPERON-EXPERIMENTAL-SCRIPTS",""
"","2","D4-TYPE-PROP.05","","Wed Oct 30 13:14:28 GMT 2024","passed","Wed Oct 30 13:14:28 GMT 2024","","HYPERON-EXPERIMENTAL-SCRIPTS","HYPERON-EXPERIMENTAL-SCRIPTS",""
"","2","D4-TYPE-PROP.16","","Wed Oct 30 13:26:06 GMT 2024","passed","Wed Oct 30 13:26:06 GMT 2024","","QUICK","QUICK",""
"","2","C1-GROUNDED-BASIC.05","","Wed Oct 30 13:14:28 GMT 2024","passed","Wed Oct 30 13:14:28 GMT 2024","","HYPERON-EXPERIMENTAL-SCRIPTS","HYPERON-EXPERIMENTAL-SCRIPTS",""
"","7000","hyperon-mettalog_sanity.base_test_repr_parse_intersection","","Wed Oct 30 13:10:17 GMT 2024","passed","Wed Oct 30 13:10:24 GMT 2024","","WHOLE-TESTS","WHOLE-TESTS",""
"","2","B1-EQUAL-CHAIN.03","","Wed Oct 30 13:14:28 GMT 2024","passed","Wed Oct 30 13:14:28 GMT 2024","","HYPERON-EXPERIMENTAL-SCRIPTS","HYPERON-EXPERIMENTAL-SCRIPTS",""
"","2","INTERSECTION-TESTS.03","","Wed Oct 30 13:17:12 GMT 2024","passed","Wed Oct 30 13:17:12 GMT 2024","","HYPERON-METTALOG-SANITY","HYPERON-METTALOG-SANITY",""
"","7000","hyperon-mettalog_sanity.or_test","","Wed Oct 30 13:10:17 GMT 2024","passed","Wed Oct 30 13:10:24 GMT 2024","","WHOLE-TESTS","WHOLE-TESTS",""
"","5","SPACE-SUBTRACTION-TESTS.11","","Wed Oct 30 13:17:12 GMT 2024","passed","Wed Oct 30 13:17:12 GMT 2024","","HYPERON-METTALOG-SANITY","HYPERON-METTALOG-SANITY",""
"","2","SUBTRACTION-TEST.02","","Wed Oct 30 13:17:12 GMT 2024","passed","Wed Oct 30 13:17:12 GMT 2024","","HYPERON-METTALOG-SANITY","HYPERON-METTALOG-SANITY",""
"","1","XOR-TEST.10","","Wed Oct 30 13:17:12 GMT 2024","passed","Wed Oct 30 13:17:12 GMT 2024","","HYPERON-METTALOG-SANITY","HYPERON-METTALOG-SANITY",""
"","9","D4-TYPE-PROP.03","","Wed Oct 30 13:26:06 GMT 2024","passed","Wed Oct 30 13:26:06 GMT 2024","","QUICK","QUICK",""
"","7000","metta-morph_tests.nested_parameters","","Wed Oct 30 13:10:17 GMT 2024","passed","Wed Oct 30 13:10:24 GMT 2024","","WHOLE-TESTS","WHOLE-TESTS",""
"","5","SEALED-TEST.05","","Wed Oct 30 13:17:12 GMT 2024","passed","Wed Oct 30 13:17:12 GMT 2024","","HYPERON-METTALOG-SANITY","HYPERON-METTALOG-SANITY",""
"","2","FUNCTIONAL-PROGRAMMING-TESTS.05","","Wed Oct 30 13:17:12 GMT 2024","passed","Wed Oct 30 13:17:12 GMT 2024","","HYPERON-METTALOG-SANITY","HYPERON-METTALOG-SANITY",""
"","2","F1-IMPORTS.16","","Wed Oct 30 13:10:09 GMT 2024","passed","Wed Oct 30 13:10:09 GMT 2024","","MODULE-SYSTEM","MODULE-SYSTEM",""
"","2","OR-TEST.16","","Wed Oct 30 13:17:12 GMT 2024","passed","Wed Oct 30 13:17:12 GMT 2024","","HYPERON-METTALOG-SANITY","HYPERON-METTALOG-SANITY",""
"","83","F1-IMPORTS.18","","Wed Oct 30 13:14:28 GMT 2024","passed","Wed Oct 30 13:14:28 GMT 2024","","HYPERON-EXPERIMENTAL-SCRIPTS","HYPERON-EXPERIMENTAL-SCRIPTS",""
"","2","D2-HIGHERFUNC.08","","Wed Oct 30 13:14:28 GMT 2024","passed","Wed Oct 30 13:14:28 GMT 2024","","HYPERON-EXPERIMENTAL-SCRIPTS","HYPERON-EXPERIMENTAL-SCRIPTS",""
"","17","INTERSECTION-TESTS.05","","Wed Oct 30 13:17:12 GMT 2024","passed","Wed Oct 30 13:17:12 GMT 2024","","HYPERON-METTALOG-SANITY","HYPERON-METTALOG-SANITY",""
"","2","STRING-TESTS.09","","Wed Oct 30 13:17:12 GMT 2024","passed","Wed Oct 30 13:17:12 GMT 2024","","HYPERON-METTALOG-SANITY","HYPERON-METTALOG-SANITY",""
"","3","B0-CHAINING-PRELIM.01","","Wed Oct 30 13:14:28 GMT 2024","passed","Wed Oct 30 13:14:28 GMT 2024","","HYPERON-EXPERIMENTAL-SCRIPTS","HYPERON-EXPERIMENTAL-SCRIPTS",""
"","7000","hyperon-mettalog_sanity.structure-tests","","Wed Oct 30 13:10:17 GMT 2024","passed","Wed Oct 30 13:10:24 GMT 2024","","WHOLE-TESTS","WHOLE-TESTS",""
"","2","C1-GROUNDED-BASIC.06","","Wed Oct 30 13:14:28 GMT 2024","passed","Wed Oct 30 13:14:28 GMT 2024","","HYPERON-EXPERIMENTAL-SCRIPTS","HYPERON-EXPERIMENTAL-SCRIPTS",""
"","2","INTERSECTION-TESTS.19","","Wed Oct 30 13:17:12 GMT 2024","passed","Wed Oct 30 13:17:12 GMT 2024","","HYPERON-METTALOG-SANITY","HYPERON-METTALOG-SANITY",""
"","2","UNIQUE-TEST.04","","Wed Oct 30 13:17:12 GMT 2024","passed","Wed Oct 30 13:17:12 GMT 2024","","HYPERON-METTALOG-SANITY","HYPERON-METTALOG-SANITY",""
"","3","E2-STATES.12","","Wed Oct 30 13:14:28 GMT 2024","passed","Wed Oct 30 13:14:28 GMT 2024","","HYPERON-EXPERIMENTAL-SCRIPTS","HYPERON-EXPERIMENTAL-SCRIPTS",""
"","2","B5-TYPES-PRELIM.18","","Wed Oct 30 13:14:28 GMT 2024","passed","Wed Oct 30 13:14:28 GMT 2024","","HYPERON-EXPERIMENTAL-SCRIPTS","HYPERON-EXPERIMENTAL-SCRIPTS",""
"","4","OR-TEST.11","","Wed Oct 30 13:17:12 GMT 2024","passed","Wed Oct 30 13:17:12 GMT 2024","","HYPERON-METTALOG-SANITY","HYPERON-METTALOG-SANITY",""
"","28000","anti-regression.debug_mettalogTestCurried","","Wed Oct 30 13:10:17 GMT 2024","passed","Wed Oct 30 13:10:45 GMT 2024","","WHOLE-TESTS","WHOLE-TESTS",""
"","7000","metta-morph_tests.if","","Wed Oct 30 13:10:17 GMT 2024","passed","Wed Oct 30 13:10:24 GMT 2024","","WHOLE-TESTS","WHOLE-TESTS",""
"","3","SPACE-INTERSECTION-TESTS.06","","Wed Oct 30 13:17:12 GMT 2024","passed","Wed Oct 30 13:17:12 GMT 2024","","HYPERON-METTALOG-SANITY","HYPERON-METTALOG-SANITY",""
"","2","METTALOGTESTCURRIED2.04","","Wed Oct 30 13:10:24 GMT 2024","passed","Wed Oct 30 13:10:24 GMT 2024","","ANTI-REGRESSION","ANTI-REGRESSION",""
"","3","00-LANG-CASE.17","","Wed Oct 30 13:17:12 GMT 2024","passed","Wed Oct 30 13:17:12 GMT 2024","","HYPERON-METTALOG-SANITY","HYPERON-METTALOG-SANITY",""
"","2","D2-HIGHERFUNC.14","","Wed Oct 30 13:14:28 GMT 2024","passed","Wed Oct 30 13:14:28 GMT 2024","","HYPERON-EXPERIMENTAL-SCRIPTS","HYPERON-EXPERIMENTAL-SCRIPTS",""
"","2","F1-IMPORTS.01","","Wed Oct 30 13:10:09 GMT 2024","passed","Wed Oct 30 13:10:09 GMT 2024","","MODULE-SYSTEM","MODULE-SYSTEM",""
"","2","INTERSECTION-TESTS.27","","Wed Oct 30 13:17:12 GMT 2024","passed","Wed Oct 30 13:17:12 GMT 2024","","HYPERON-METTALOG-SANITY","HYPERON-METTALOG-SANITY",""
"","2","METTALOGTESTCURRIED2.03","","Wed Oct 30 13:10:24 GMT 2024","passed","Wed Oct 30 13:10:24 GMT 2024","","ANTI-REGRESSION","ANTI-REGRESSION",""
"","13","D2-HIGHERFUNC.21","","Wed Oct 30 13:14:28 GMT 2024","passed","Wed Oct 30 13:14:28 GMT 2024","","HYPERON-EXPERIMENTAL-SCRIPTS","HYPERON-EXPERIMENTAL-SCRIPTS",""
"","54","D5-AUTO-TYPES.05","","Wed Oct 30 13:14:28 GMT 2024","failed","Wed Oct 30 13:14:28 GMT 2024","","HYPERON-EXPERIMENTAL-SCRIPTS","HYPERON-EXPERIMENTAL-SCRIPTS",""
"","2","C1-GROUNDED-BASIC.20","","Wed Oct 30 13:26:06 GMT 2024","passed","Wed Oct 30 13:26:06 GMT 2024","","QUICK","QUICK",""
"","2","PEANO.01","","Wed Oct 30 13:22:47 GMT 2024","passed","Wed Oct 30 13:22:47 GMT 2024","","METTA-MORPH-TESTS","METTA-MORPH-TESTS",""
"","3","UNIQUE-TEST.08","","Wed Oct 30 13:17:12 GMT 2024","passed","Wed Oct 30 13:17:12 GMT 2024","","HYPERON-METTALOG-SANITY","HYPERON-METTALOG-SANITY",""
"","1","OR-TEST.19","","Wed Oct 30 13:17:12 GMT 2024","passed","Wed Oct 30 13:17:12 GMT 2024","","HYPERON-METTALOG-SANITY","HYPERON-METTALOG-SANITY",""
"","7000","anti-regression.tmpMatch1","","Wed Oct 30 13:10:17 GMT 2024","passed","Wed Oct 30 13:10:24 GMT 2024","","WHOLE-TESTS","WHOLE-TESTS",""
"","2","F1-MODULEA.07","","Wed Oct 30 13:10:09 GMT 2024","passed","Wed Oct 30 13:10:09 GMT 2024","","MODULE-SYSTEM","MODULE-SYSTEM",""
"","2","FIND-ALL-TESTS.03","","Wed Oct 30 13:17:12 GMT 2024","passed","Wed Oct 30 13:17:12 GMT 2024","","HYPERON-METTALOG-SANITY","HYPERON-METTALOG-SANITY",""
"","2","TMPMATCH1.04","","Wed Oct 30 13:10:24 GMT 2024","passed","Wed Oct 30 13:10:24 GMT 2024","","ANTI-REGRESSION","ANTI-REGRESSION",""
"","5","UNIQUE-TEST.12","","Wed Oct 30 13:17:12 GMT 2024","passed","Wed Oct 30 13:17:12 GMT 2024","","HYPERON-METTALOG-SANITY","HYPERON-METTALOG-SANITY",""
"","2","OR-TEST.10","","Wed Oct 30 13:17:12 GMT 2024","passed","Wed Oct 30 13:17:12 GMT 2024","","HYPERON-METTALOG-SANITY","HYPERON-METTALOG-SANITY",""
"","2","C1-GROUNDED-BASIC.05","","Wed Oct 30 13:26:06 GMT 2024","passed","Wed Oct 30 13:26:06 GMT 2024","","QUICK","QUICK",""
"","2","D1-GADT.08","","Wed Oct 30 13:26:06 GMT 2024","passed","Wed Oct 30 13:26:06 GMT 2024","","QUICK","QUICK",""
"","2","F1-MODULEA.08","","Wed Oct 30 13:26:06 GMT 2024","passed","Wed Oct 30 13:26:06 GMT 2024","","QUICK","QUICK",""
"","7000","hyperon-experimental_scripts.b3_direct","","Wed Oct 30 13:10:17 GMT 2024","passed","Wed Oct 30 13:10:24 GMT 2024","","WHOLE-TESTS","WHOLE-TESTS",""
"","1","B5-TYPES-PRELIM.22","","Wed Oct 30 13:14:28 GMT 2024","passed","Wed Oct 30 13:14:28 GMT 2024","","HYPERON-EXPERIMENTAL-SCRIPTS","HYPERON-EXPERIMENTAL-SCRIPTS",""
"","2","INTERSECTION-TESTS.20","","Wed Oct 30 13:17:12 GMT 2024","passed","Wed Oct 30 13:17:12 GMT 2024","","HYPERON-METTALOG-SANITY","HYPERON-METTALOG-SANITY",""
"","3","D2-HIGHERFUNC.12","","Wed Oct 30 13:14:28 GMT 2024","passed","Wed Oct 30 13:14:28 GMT 2024","","HYPERON-EXPERIMENTAL-SCRIPTS","HYPERON-EXPERIMENTAL-SCRIPTS",""
"","2","C2-SPACES.04","","Wed Oct 30 13:14:28 GMT 2024","passed","Wed Oct 30 13:14:28 GMT 2024","","HYPERON-EXPERIMENTAL-SCRIPTS","HYPERON-EXPERIMENTAL-SCRIPTS",""
"","2","D1-GADT.03","","Wed Oct 30 13:26:06 GMT 2024","passed","Wed Oct 30 13:26:06 GMT 2024","","QUICK","QUICK",""
"","7","SPACE-SUBTRACTION-TESTS.09","","Wed Oct 30 13:17:12 GMT 2024","passed","Wed Oct 30 13:17:12 GMT 2024","","HYPERON-METTALOG-SANITY","HYPERON-METTALOG-SANITY",""
"","2","D4-TYPE-PROP.02","","Wed Oct 30 13:14:28 GMT 2024","passed","Wed Oct 30 13:14:28 GMT 2024","","HYPERON-EXPERIMENTAL-SCRIPTS","HYPERON-EXPERIMENTAL-SCRIPTS",""
"","3","E3-MATCH-STATES.01","","Wed Oct 30 13:14:28 GMT 2024","passed","Wed Oct 30 13:14:28 GMT 2024","","HYPERON-EXPERIMENTAL-SCRIPTS","HYPERON-EXPERIMENTAL-SCRIPTS",""
"","2","00-LANG-CASE.05","","Wed Oct 30 13:17:12 GMT 2024","passed","Wed Oct 30 13:17:12 GMT 2024","","HYPERON-METTALOG-SANITY","HYPERON-METTALOG-SANITY",""
"","2","HYPERPOSE.10","","Wed Oct 30 13:22:47 GMT 2024","passed","Wed Oct 30 13:22:47 GMT 2024","","METTA-MORPH-TESTS","METTA-MORPH-TESTS",""
"","4","UNIQUE-TEST.11","","Wed Oct 30 13:17:12 GMT 2024","passed","Wed Oct 30 13:17:12 GMT 2024","","HYPERON-METTALOG-SANITY","HYPERON-METTALOG-SANITY",""
"","4","MATCH-FEVAL.01","","Wed Oct 30 13:22:47 GMT 2024","passed","Wed Oct 30 13:22:47 GMT 2024","","METTA-MORPH-TESTS","METTA-MORPH-TESTS",""
"","1","XOR-TEST.11","","Wed Oct 30 13:17:12 GMT 2024","passed","Wed Oct 30 13:17:12 GMT 2024","","HYPERON-METTALOG-SANITY","HYPERON-METTALOG-SANITY",""
"","3","06-MATCH-IN-SPACE.04","","Wed Oct 30 13:17:12 GMT 2024","passed","Wed Oct 30 13:17:12 GMT 2024","","HYPERON-METTALOG-SANITY","HYPERON-METTALOG-SANITY",""
"","2","BC-COMP.02","","Wed Oct 30 13:10:24 GMT 2024","passed","Wed Oct 30 13:10:24 GMT 2024","","ANTI-REGRESSION","ANTI-REGRESSION",""
"","8000","quick.c1_grounded_basic","","Wed Oct 30 13:10:17 GMT 2024","passed","Wed Oct 30 13:10:25 GMT 2024","","WHOLE-TESTS","WHOLE-TESTS",""
"","2","SUPERPOSE-NESTED.03","","Wed Oct 30 13:22:47 GMT 2024","passed","Wed Oct 30 13:22:47 GMT 2024","","METTA-MORPH-TESTS","METTA-MORPH-TESTS",""
"","3","UNIQUE-TEST.10","","Wed Oct 30 13:17:12 GMT 2024","passed","Wed Oct 30 13:17:12 GMT 2024","","HYPERON-METTALOG-SANITY","HYPERON-METTALOG-SANITY",""
"","2","F1-IMPORTS.20","","Wed Oct 30 13:14:28 GMT 2024","passed","Wed Oct 30 13:14:28 GMT 2024","","HYPERON-EXPERIMENTAL-SCRIPTS","HYPERON-EXPERIMENTAL-SCRIPTS",""
"","3","F1-IMPORTS.01","","Wed Oct 30 13:14:28 GMT 2024","passed","Wed Oct 30 13:14:28 GMT 2024","","HYPERON-EXPERIMENTAL-SCRIPTS","HYPERON-EXPERIMENTAL-SCRIPTS",""
"","2","C1-GROUNDED-BASIC.07","","Wed Oct 30 13:26:06 GMT 2024","passed","Wed Oct 30 13:26:06 GMT 2024","","QUICK","QUICK",""
"","2","TMPMATCH1.02","","Wed Oct 30 13:10:24 GMT 2024","passed","Wed Oct 30 13:10:24 GMT 2024","","ANTI-REGRESSION","ANTI-REGRESSION",""
"","2","STATES-SPACES.05","","Wed Oct 30 13:22:47 GMT 2024","passed","Wed Oct 30 13:22:47 GMT 2024","","METTA-MORPH-TESTS","METTA-MORPH-TESTS",""
"","2","INTERSECTION-TESTS.02","","Wed Oct 30 13:17:12 GMT 2024","passed","Wed Oct 30 13:17:12 GMT 2024","","HYPERON-METTALOG-SANITY","HYPERON-METTALOG-SANITY",""
"","2","F1-IMPORTS.15","","Wed Oct 30 13:14:28 GMT 2024","passed","Wed Oct 30 13:14:28 GMT 2024","","HYPERON-EXPERIMENTAL-SCRIPTS","HYPERON-EXPERIMENTAL-SCRIPTS",""
"","1","D2-HIGHERFUNC.04","","Wed Oct 30 13:26:06 GMT 2024","passed","Wed Oct 30 13:26:06 GMT 2024","","QUICK","QUICK",""
"","14","SPACE-INTERSECTION-TESTS.16","","Wed Oct 30 13:17:12 GMT 2024","failed","Wed Oct 30 13:17:12 GMT 2024","","HYPERON-METTALOG-SANITY","HYPERON-METTALOG-SANITY",""
"","2","LET-SUPERPOSE-LIST.02","","Wed Oct 30 13:22:47 GMT 2024","passed","Wed Oct 30 13:22:47 GMT 2024","","METTA-MORPH-TESTS","METTA-MORPH-TESTS",""
"","2","F1-IMPORTS.15","","Wed Oct 30 13:10:09 GMT 2024","passed","Wed Oct 30 13:10:09 GMT 2024","","MODULE-SYSTEM","MODULE-SYSTEM",""
"","3","SUPERCOLLAPSE.04","","Wed Oct 30 13:22:47 GMT 2024","passed","Wed Oct 30 13:22:47 GMT 2024","","METTA-MORPH-TESTS","METTA-MORPH-TESTS",""
"","3","SPACE-INTERSECTION-TESTS.19","","Wed Oct 30 13:17:12 GMT 2024","passed","Wed Oct 30 13:17:12 GMT 2024","","HYPERON-METTALOG-SANITY","HYPERON-METTALOG-SANITY",""
"","9","D2-HIGHERFUNC.20","","Wed Oct 30 13:26:06 GMT 2024","passed","Wed Oct 30 13:26:06 GMT 2024","","QUICK","QUICK",""
"","3","D2-HIGHERFUNC.01","","Wed Oct 30 13:26:06 GMT 2024","passed","Wed Oct 30 13:26:06 GMT 2024","","QUICK","QUICK",""
"","4","SEALED-TEST.09","","Wed Oct 30 13:17:12 GMT 2024","passed","Wed Oct 30 13:17:12 GMT 2024","","HYPERON-METTALOG-SANITY","HYPERON-METTALOG-SANITY",""
"","7000","metta-morph_tests.zeroargs","","Wed Oct 30 13:10:17 GMT 2024","passed","Wed Oct 30 13:10:24 GMT 2024","","WHOLE-TESTS","WHOLE-TESTS",""
"","2","MATCH-VOID.01","","Wed Oct 30 13:22:47 GMT 2024","passed","Wed Oct 30 13:22:47 GMT 2024","","METTA-MORPH-TESTS","METTA-MORPH-TESTS",""
"","2","B5-TYPES-PRELIM.12","","Wed Oct 30 13:14:28 GMT 2024","passed","Wed Oct 30 13:14:28 GMT 2024","","HYPERON-EXPERIMENTAL-SCRIPTS","HYPERON-EXPERIMENTAL-SCRIPTS",""
"","3","FLIP-TEST.01","","Wed Oct 30 13:17:12 GMT 2024","passed","Wed Oct 30 13:17:12 GMT 2024","","HYPERON-METTALOG-SANITY","HYPERON-METTALOG-SANITY",""
"","2","E2-STATES.09","","Wed Oct 30 13:14:28 GMT 2024","passed","Wed Oct 30 13:14:28 GMT 2024","","HYPERON-EXPERIMENTAL-SCRIPTS","HYPERON-EXPERIMENTAL-SCRIPTS",""
"","2","F1-IMPORTS.17","","Wed Oct 30 13:26:06 GMT 2024","passed","Wed Oct 30 13:26:06 GMT 2024","","QUICK","QUICK",""
"","7000","hyperon-mettalog_sanity.01_lang_inc","","Wed Oct 30 13:10:17 GMT 2024","passed","Wed Oct 30 13:10:24 GMT 2024","","WHOLE-TESTS","WHOLE-TESTS",""
"","72","B4-NONDETERM.03","","Wed Oct 30 13:14:28 GMT 2024","passed","Wed Oct 30 13:14:28 GMT 2024","","HYPERON-EXPERIMENTAL-SCRIPTS","HYPERON-EXPERIMENTAL-SCRIPTS",""
"","2","STRING-TESTS.10","","Wed Oct 30 13:17:12 GMT 2024","passed","Wed Oct 30 13:17:12 GMT 2024","","HYPERON-METTALOG-SANITY","HYPERON-METTALOG-SANITY",""
"","15","D4-TYPE-PROP.03","","Wed Oct 30 13:14:28 GMT 2024","passed","Wed Oct 30 13:14:28 GMT 2024","","HYPERON-EXPERIMENTAL-SCRIPTS","HYPERON-EXPERIMENTAL-SCRIPTS",""
"","2","TEST-IF-CLOSED.07","","Wed Oct 30 13:10:24 GMT 2024","passed","Wed Oct 30 13:10:24 GMT 2024","","ANTI-REGRESSION","ANTI-REGRESSION",""
"","3","F1-MODULEA.01","","Wed Oct 30 13:14:28 GMT 2024","passed","Wed Oct 30 13:14:28 GMT 2024","","HYPERON-EXPERIMENTAL-SCRIPTS","HYPERON-EXPERIMENTAL-SCRIPTS",""
"","7000","hyperon-mettalog_sanity.intersection_tests","","Wed Oct 30 13:10:17 GMT 2024","passed","Wed Oct 30 13:10:24 GMT 2024","","WHOLE-TESTS","WHOLE-TESTS",""
"","3","LETLET.01","","Wed Oct 30 13:22:47 GMT 2024","passed","Wed Oct 30 13:22:47 GMT 2024","","METTA-MORPH-TESTS","METTA-MORPH-TESTS",""
"","2","OR-TEST.15","","Wed Oct 30 13:17:12 GMT 2024","passed","Wed Oct 30 13:17:12 GMT 2024","","HYPERON-METTALOG-SANITY","HYPERON-METTALOG-SANITY",""
"","79","F1-IMPORTS.13","","Wed Oct 30 13:14:28 GMT 2024","failed","Wed Oct 30 13:14:28 GMT 2024","","HYPERON-EXPERIMENTAL-SCRIPTS","HYPERON-EXPERIMENTAL-SCRIPTS",""
"","4","C1-GROUNDED-BASIC.23","","Wed Oct 30 13:26:06 GMT 2024","passed","Wed Oct 30 13:26:06 GMT 2024","","QUICK","QUICK",""
"","82","F1-IMPORTS.18","","Wed Oct 30 13:26:06 GMT 2024","passed","Wed Oct 30 13:26:06 GMT 2024","","QUICK","QUICK",""
"","3","C1-GROUNDED-BASIC.01","","Wed Oct 30 13:14:28 GMT 2024","passed","Wed Oct 30 13:14:28 GMT 2024","","HYPERON-EXPERIMENTAL-SCRIPTS","HYPERON-EXPERIMENTAL-SCRIPTS",""
"","1","F1-MODULEA.04","","Wed Oct 30 13:14:28 GMT 2024","passed","Wed Oct 30 13:14:28 GMT 2024","","HYPERON-EXPERIMENTAL-SCRIPTS","HYPERON-EXPERIMENTAL-SCRIPTS",""
"","3","C2-SPACES.05","","Wed Oct 30 13:10:09 GMT 2024","passed","Wed Oct 30 13:10:09 GMT 2024","","MODULE-SYSTEM","MODULE-SYSTEM",""
"","2","B5-TYPES-PRELIM.09","","Wed Oct 30 13:14:28 GMT 2024","passed","Wed Oct 30 13:14:28 GMT 2024","","HYPERON-EXPERIMENTAL-SCRIPTS","HYPERON-EXPERIMENTAL-SCRIPTS",""
"","3","03-SORING-VIA-INSERT.06","","Wed Oct 30 13:17:12 GMT 2024","passed","Wed Oct 30 13:17:12 GMT 2024","","HYPERON-METTALOG-SANITY","HYPERON-METTALOG-SANITY",""
"","2","F1-IMPORTS.09","","Wed Oct 30 13:10:09 GMT 2024","passed","Wed Oct 30 13:10:09 GMT 2024","","MODULE-SYSTEM","MODULE-SYSTEM",""
"","2","D2-HIGHERFUNC.17","","Wed Oct 30 13:14:28 GMT 2024","passed","Wed Oct 30 13:14:28 GMT 2024","","HYPERON-EXPERIMENTAL-SCRIPTS","HYPERON-EXPERIMENTAL-SCRIPTS",""
"","4","FIRST-ANSWER.02","","Wed Oct 30 13:17:12 GMT 2024","passed","Wed Oct 30 13:17:12 GMT 2024","","HYPERON-METTALOG-SANITY","HYPERON-METTALOG-SANITY",""
"","2","HYPERPOSE.02","","Wed Oct 30 13:22:47 GMT 2024","passed","Wed Oct 30 13:22:47 GMT 2024","","METTA-MORPH-TESTS","METTA-MORPH-TESTS",""
"","7000","metta-morph_tests.let_superpose_list","","Wed Oct 30 13:10:17 GMT 2024","passed","Wed Oct 30 13:10:24 GMT 2024","","WHOLE-TESTS","WHOLE-TESTS",""
"","2","D4-TYPE-PROP.09","","Wed Oct 30 13:26:06 GMT 2024","passed","Wed Oct 30 13:26:06 GMT 2024","","QUICK","QUICK",""
"","2","SEALED-TEST.06","","Wed Oct 30 13:17:12 GMT 2024","passed","Wed Oct 30 13:17:12 GMT 2024","","HYPERON-METTALOG-SANITY","HYPERON-METTALOG-SANITY",""
"","3","B1-EQUAL-CHAIN.01","","Wed Oct 30 13:14:28 GMT 2024","passed","Wed Oct 30 13:14:28 GMT 2024","","HYPERON-EXPERIMENTAL-SCRIPTS","HYPERON-EXPERIMENTAL-SCRIPTS",""
"","3","F1-IMPORTS.05","","Wed Oct 30 13:10:09 GMT 2024","passed","Wed Oct 30 13:10:09 GMT 2024","","MODULE-SYSTEM","MODULE-SYSTEM",""
"","70","MAX-TIME-TESTS.02","","Wed Oct 30 13:17:12 GMT 2024","failed","Wed Oct 30 13:17:12 GMT 2024","","HYPERON-METTALOG-SANITY","HYPERON-METTALOG-SANITY",""
"","2","C1-GROUNDED-BASIC.10","","Wed Oct 30 13:14:28 GMT 2024","passed","Wed Oct 30 13:14:28 GMT 2024","","HYPERON-EXPERIMENTAL-SCRIPTS","HYPERON-EXPERIMENTAL-SCRIPTS",""
"","7000","hyperon-experimental_scripts.e2_states","","Wed Oct 30 13:10:17 GMT 2024","passed","Wed Oct 30 13:10:24 GMT 2024","","WHOLE-TESTS","WHOLE-TESTS",""
"","3","LET-SUPERPOSE-IF-CASE.01","","Wed Oct 30 13:22:47 GMT 2024","passed","Wed Oct 30 13:22:47 GMT 2024","","METTA-MORPH-TESTS","METTA-MORPH-TESTS",""
"","2","INTERSECTION-TESTS.07","","Wed Oct 30 13:17:12 GMT 2024","passed","Wed Oct 30 13:17:12 GMT 2024","","HYPERON-METTALOG-SANITY","HYPERON-METTALOG-SANITY",""
"","2","D2-HIGHERFUNC.09","","Wed Oct 30 13:14:28 GMT 2024","passed","Wed Oct 30 13:14:28 GMT 2024","","HYPERON-EXPERIMENTAL-SCRIPTS","HYPERON-EXPERIMENTAL-SCRIPTS",""
"","4","C1-GROUNDED-BASIC.08","","Wed Oct 30 13:26:06 GMT 2024","passed","Wed Oct 30 13:26:06 GMT 2024","","QUICK","QUICK",""
"","7000","metta-morph_tests.sequential_nested","","Wed Oct 30 13:10:17 GMT 2024","passed","Wed Oct 30 13:10:24 GMT 2024","","WHOLE-TESTS","WHOLE-TESTS",""
"","11","D1-GADT.05","","Wed Oct 30 13:14:28 GMT 2024","passed","Wed Oct 30 13:14:28 GMT 2024","","HYPERON-EXPERIMENTAL-SCRIPTS","HYPERON-EXPERIMENTAL-SCRIPTS",""
"","7000","hyperon-experimental_scripts.f1_imports","","Wed Oct 30 13:10:17 GMT 2024","passed","Wed Oct 30 13:10:24 GMT 2024","","WHOLE-TESTS","WHOLE-TESTS",""
"","66","SPACE-INTERSECTION-TESTS.12","","Wed Oct 30 13:17:12 GMT 2024","failed","Wed Oct 30 13:17:12 GMT 2024","","HYPERON-METTALOG-SANITY","HYPERON-METTALOG-SANITY",""
"","2","D2-HIGHERFUNC.16","","Wed Oct 30 13:14:28 GMT 2024","passed","Wed Oct 30 13:14:28 GMT 2024","","HYPERON-EXPERIMENTAL-SCRIPTS","HYPERON-EXPERIMENTAL-SCRIPTS",""
"","80","E2-STATES.07","","Wed Oct 30 13:14:28 GMT 2024","failed","Wed Oct 30 13:14:28 GMT 2024","","HYPERON-EXPERIMENTAL-SCRIPTS","HYPERON-EXPERIMENTAL-SCRIPTS",""
"","2","B5-TYPES-PRELIM.17","","Wed Oct 30 13:14:28 GMT 2024","passed","Wed Oct 30 13:14:28 GMT 2024","","HYPERON-EXPERIMENTAL-SCRIPTS","HYPERON-EXPERIMENTAL-SCRIPTS",""
"","28","G1-DOCS.05","","Wed Oct 30 13:14:28 GMT 2024","failed","Wed Oct 30 13:14:28 GMT 2024","","HYPERON-EXPERIMENTAL-SCRIPTS","HYPERON-EXPERIMENTAL-SCRIPTS",""
"","3","00-LANG-CASE.07","","Wed Oct 30 13:17:12 GMT 2024","passed","Wed Oct 30 13:17:12 GMT 2024","","HYPERON-METTALOG-SANITY","HYPERON-METTALOG-SANITY",""
"","67","SEQUENTIAL-NESTED.11","","Wed Oct 30 13:22:47 GMT 2024","passed","Wed Oct 30 13:22:47 GMT 2024","","METTA-MORPH-TESTS","METTA-MORPH-TESTS",""
"","2","UNIQUE-TEST.02","","Wed Oct 30 13:17:12 GMT 2024","passed","Wed Oct 30 13:17:12 GMT 2024","","HYPERON-METTALOG-SANITY","HYPERON-METTALOG-SANITY",""
"","7000","metta-morph_tests.factorial","","Wed Oct 30 13:10:17 GMT 2024","passed","Wed Oct 30 13:10:24 GMT 2024","","WHOLE-TESTS","WHOLE-TESTS",""
"","2","INTERSECTION-TESTS.11","","Wed Oct 30 13:17:12 GMT 2024","passed","Wed Oct 30 13:17:12 GMT 2024","","HYPERON-METTALOG-SANITY","HYPERON-METTALOG-SANITY",""
"","2","TEST-IF-CLOSED.03","","Wed Oct 30 13:10:24 GMT 2024","passed","Wed Oct 30 13:10:24 GMT 2024","","ANTI-REGRESSION","ANTI-REGRESSION",""
"","2","STATES-SPACES.06","","Wed Oct 30 13:22:47 GMT 2024","passed","Wed Oct 30 13:22:47 GMT 2024","","METTA-MORPH-TESTS","METTA-MORPH-TESTS",""
"","81","D5-AUTO-TYPES.06","","Wed Oct 30 13:14:28 GMT 2024","failed","Wed Oct 30 13:14:28 GMT 2024","","HYPERON-EXPERIMENTAL-SCRIPTS","HYPERON-EXPERIMENTAL-SCRIPTS",""
"","2","F1-IMPORTS.16","","Wed Oct 30 13:14:28 GMT 2024","passed","Wed Oct 30 13:14:28 GMT 2024","","HYPERON-EXPERIMENTAL-SCRIPTS","HYPERON-EXPERIMENTAL-SCRIPTS",""
"","3","SPACE-INTERSECTION-TESTS.01","","Wed Oct 30 13:17:12 GMT 2024","passed","Wed Oct 30 13:17:12 GMT 2024","","HYPERON-METTALOG-SANITY","HYPERON-METTALOG-SANITY",""
"","2","D2-HIGHERFUNC.17","","Wed Oct 30 13:26:06 GMT 2024","passed","Wed Oct 30 13:26:06 GMT 2024","","QUICK","QUICK",""
"","1","C1-GROUNDED-BASIC.16","","Wed Oct 30 13:14:28 GMT 2024","passed","Wed Oct 30 13:14:28 GMT 2024","","HYPERON-EXPERIMENTAL-SCRIPTS","HYPERON-EXPERIMENTAL-SCRIPTS",""
"","2","BC-COMP.04","","Wed Oct 30 13:10:24 GMT 2024","passed","Wed Oct 30 13:10:24 GMT 2024","","ANTI-REGRESSION","ANTI-REGRESSION",""
"","3","D1-GADT.01","","Wed Oct 30 13:14:28 GMT 2024","passed","Wed Oct 30 13:14:28 GMT 2024","","HYPERON-EXPERIMENTAL-SCRIPTS","HYPERON-EXPERIMENTAL-SCRIPTS",""
"","1","D4-TYPE-PROP.06","","Wed Oct 30 13:26:06 GMT 2024","passed","Wed Oct 30 13:26:06 GMT 2024","","QUICK","QUICK",""
"","7000","quick.f1_moduleA","","Wed Oct 30 13:10:17 GMT 2024","passed","Wed Oct 30 13:10:24 GMT 2024","","WHOLE-TESTS","WHOLE-TESTS",""
"","3","D4-TYPE-PROP.02","","Wed Oct 30 13:26:06 GMT 2024","passed","Wed Oct 30 13:26:06 GMT 2024","","QUICK","QUICK",""
"","2","B1-EQUAL-CHAIN.04","","Wed Oct 30 13:14:28 GMT 2024","passed","Wed Oct 30 13:14:28 GMT 2024","","HYPERON-EXPERIMENTAL-SCRIPTS","HYPERON-EXPERIMENTAL-SCRIPTS",""
"","2","C1-GROUNDED-BASIC.09","","Wed Oct 30 13:26:06 GMT 2024","passed","Wed Oct 30 13:26:06 GMT 2024","","QUICK","QUICK",""
"","2","MATCH-VOID.09","","Wed Oct 30 13:22:47 GMT 2024","passed","Wed Oct 30 13:22:47 GMT 2024","","METTA-MORPH-TESTS","METTA-MORPH-TESTS",""
"","3","B2-BACKCHAIN.05","","Wed Oct 30 13:14:28 GMT 2024","passed","Wed Oct 30 13:14:28 GMT 2024","","HYPERON-EXPERIMENTAL-SCRIPTS","HYPERON-EXPERIMENTAL-SCRIPTS",""
"","2","F1-MODULEA.10","","Wed Oct 30 13:14:28 GMT 2024","passed","Wed Oct 30 13:14:28 GMT 2024","","HYPERON-EXPERIMENTAL-SCRIPTS","HYPERON-EXPERIMENTAL-SCRIPTS",""
"","2","E2-STATES.05","","Wed Oct 30 13:14:28 GMT 2024","passed","Wed Oct 30 13:14:28 GMT 2024","","HYPERON-EXPERIMENTAL-SCRIPTS","HYPERON-EXPERIMENTAL-SCRIPTS",""
"","2","STRING-TESTS.06","","Wed Oct 30 13:17:12 GMT 2024","passed","Wed Oct 30 13:17:12 GMT 2024","","HYPERON-METTALOG-SANITY","HYPERON-METTALOG-SANITY",""
"","7000","synth_buffer.synthesize","","Wed Oct 30 13:10:17 GMT 2024","passed","Wed Oct 30 13:10:24 GMT 2024","","WHOLE-TESTS","WHOLE-TESTS",""
"","3","F1-IMPORTS.19","","Wed Oct 30 13:26:06 GMT 2024","passed","Wed Oct 30 13:26:06 GMT 2024","","QUICK","QUICK",""
"","2","BC-COMP.03","","Wed Oct 30 13:10:24 GMT 2024","passed","Wed Oct 30 13:10:24 GMT 2024","","ANTI-REGRESSION","ANTI-REGRESSION",""
"","2","D2-HIGHERFUNC.15","","Wed Oct 30 13:26:06 GMT 2024","passed","Wed Oct 30 13:26:06 GMT 2024","","QUICK","QUICK",""
"","2","D3-DEPTYPES.07","","Wed Oct 30 13:14:28 GMT 2024","passed","Wed Oct 30 13:14:28 GMT 2024","","HYPERON-EXPERIMENTAL-SCRIPTS","HYPERON-EXPERIMENTAL-SCRIPTS",""
"","99","OR-TEST.20","","Wed Oct 30 13:17:12 GMT 2024","failed","Wed Oct 30 13:17:12 GMT 2024","","HYPERON-METTALOG-SANITY","HYPERON-METTALOG-SANITY",""
"","7000","anti-regression.tmpMatch2","","Wed Oct 30 13:10:17 GMT 2024","passed","Wed Oct 30 13:10:24 GMT 2024","","WHOLE-TESTS","WHOLE-TESTS",""
"","4","TESTS0.02","","Wed Oct 30 13:22:47 GMT 2024","passed","Wed Oct 30 13:22:47 GMT 2024","","METTA-MORPH-TESTS","METTA-MORPH-TESTS",""
"","3","MAX-TIME-TESTS.01","","Wed Oct 30 13:17:12 GMT 2024","passed","Wed Oct 30 13:17:12 GMT 2024","","HYPERON-METTALOG-SANITY","HYPERON-METTALOG-SANITY",""
"","70","B5-TYPES-PRELIM.02","","Wed Oct 30 13:14:28 GMT 2024","failed","Wed Oct 30 13:14:28 GMT 2024","","HYPERON-EXPERIMENTAL-SCRIPTS","HYPERON-EXPERIMENTAL-SCRIPTS",""
"","3","E1-KB-WRITE.01","","Wed Oct 30 13:14:28 GMT 2024","passed","Wed Oct 30 13:14:28 GMT 2024","","HYPERON-EXPERIMENTAL-SCRIPTS","HYPERON-EXPERIMENTAL-SCRIPTS",""
"","2","06-MATCH-IN-SPACE.01","","Wed Oct 30 13:17:12 GMT 2024","passed","Wed Oct 30 13:17:12 GMT 2024","","HYPERON-METTALOG-SANITY","HYPERON-METTALOG-SANITY",""
"","3","MATCH-VOID.02","","Wed Oct 30 13:22:47 GMT 2024","passed","Wed Oct 30 13:22:47 GMT 2024","","METTA-MORPH-TESTS","METTA-MORPH-TESTS",""
"","2","TYPES2.01","","Wed Oct 30 13:22:47 GMT 2024","passed","Wed Oct 30 13:22:47 GMT 2024","","METTA-MORPH-TESTS","METTA-MORPH-TESTS",""
"","123","B5-TYPES-PRELIM.08","","Wed Oct 30 13:14:28 GMT 2024","failed","Wed Oct 30 13:14:28 GMT 2024","","HYPERON-EXPERIMENTAL-SCRIPTS","HYPERON-EXPERIMENTAL-SCRIPTS",""
"","1","MAX-TIME-TESTS.03","","Wed Oct 30 13:17:12 GMT 2024","passed","Wed Oct 30 13:17:12 GMT 2024","","HYPERON-METTALOG-SANITY","HYPERON-METTALOG-SANITY",""
"","2","FIND-ALL-TESTS.04","","Wed Oct 30 13:17:12 GMT 2024","passed","Wed Oct 30 13:17:12 GMT 2024","","HYPERON-METTALOG-SANITY","HYPERON-METTALOG-SANITY",""
"","2","B5-TYPES-PRELIM.25","","Wed Oct 30 13:14:28 GMT 2024","passed","Wed Oct 30 13:14:28 GMT 2024","","HYPERON-EXPERIMENTAL-SCRIPTS","HYPERON-EXPERIMENTAL-SCRIPTS",""
"","2","D2-HIGHERFUNC.13","","Wed Oct 30 13:26:06 GMT 2024","passed","Wed Oct 30 13:26:06 GMT 2024","","QUICK","QUICK",""
"","2","F1-IMPORTS.08","","Wed Oct 30 13:10:09 GMT 2024","passed","Wed Oct 30 13:10:09 GMT 2024","","MODULE-SYSTEM","MODULE-SYSTEM",""
"","3","STRING-TESTS.13","","Wed Oct 30 13:17:12 GMT 2024","passed","Wed Oct 30 13:17:12 GMT 2024","","HYPERON-METTALOG-SANITY","HYPERON-METTALOG-SANITY",""
"","1","F1-MODULEA.06","","Wed Oct 30 13:10:09 GMT 2024","passed","Wed Oct 30 13:10:09 GMT 2024","","MODULE-SYSTEM","MODULE-SYSTEM",""
"","3","01-LANG-INC.01","","Wed Oct 30 13:17:12 GMT 2024","passed","Wed Oct 30 13:17:12 GMT 2024","","HYPERON-METTALOG-SANITY","HYPERON-METTALOG-SANITY",""
"","2","B2-BACKCHAIN.02","","Wed Oct 30 13:14:28 GMT 2024","passed","Wed Oct 30 13:14:28 GMT 2024","","HYPERON-EXPERIMENTAL-SCRIPTS","HYPERON-EXPERIMENTAL-SCRIPTS",""
"","11","METTALOGTESTCURRIED2.07","","Wed Oct 30 13:10:24 GMT 2024","passed","Wed Oct 30 13:10:24 GMT 2024","","ANTI-REGRESSION","ANTI-REGRESSION",""
"","7000","hyperon-mettalog_sanity.first_answer","","Wed Oct 30 13:10:17 GMT 2024","passed","Wed Oct 30 13:10:24 GMT 2024","","WHOLE-TESTS","WHOLE-TESTS",""
"","2","TEST-IF-CLOSED.08","","Wed Oct 30 13:10:24 GMT 2024","passed","Wed Oct 30 13:10:24 GMT 2024","","ANTI-REGRESSION","ANTI-REGRESSION",""
"","2","CATCH-THROW-TESTS.08","","Wed Oct 30 13:17:12 GMT 2024","passed","Wed Oct 30 13:17:12 GMT 2024","","HYPERON-METTALOG-SANITY","HYPERON-METTALOG-SANITY",""
"","2","C1-GROUNDED-BASIC.06","","Wed Oct 30 13:26:06 GMT 2024","passed","Wed Oct 30 13:26:06 GMT 2024","","QUICK","QUICK",""
"","7000","hyperon-mettalog_sanity.first_answer_long","","Wed Oct 30 13:10:17 GMT 2024","passed","Wed Oct 30 13:10:24 GMT 2024","","WHOLE-TESTS","WHOLE-TESTS",""
"","2","06-MATCH-IN-SPACE.02","","Wed Oct 30 13:17:12 GMT 2024","passed","Wed Oct 30 13:17:12 GMT 2024","","HYPERON-METTALOG-SANITY","HYPERON-METTALOG-SANITY",""
"","3","00-LANG-CASE.08","","Wed Oct 30 13:17:12 GMT 2024","passed","Wed Oct 30 13:17:12 GMT 2024","","HYPERON-METTALOG-SANITY","HYPERON-METTALOG-SANITY",""
"","7000","quick.f1_imports","","Wed Oct 30 13:10:17 GMT 2024","passed","Wed Oct 30 13:10:24 GMT 2024","","WHOLE-TESTS","WHOLE-TESTS",""
"","9","E3-MATCH-STATES.05","","Wed Oct 30 13:14:28 GMT 2024","failed","Wed Oct 30 13:14:28 GMT 2024","","HYPERON-EXPERIMENTAL-SCRIPTS","HYPERON-EXPERIMENTAL-SCRIPTS",""
"","2","C1-GROUNDED-BASIC.22","","Wed Oct 30 13:14:28 GMT 2024","passed","Wed Oct 30 13:14:28 GMT 2024","","HYPERON-EXPERIMENTAL-SCRIPTS","HYPERON-EXPERIMENTAL-SCRIPTS",""
"","2","D3-DEPTYPES.05","","Wed Oct 30 13:14:28 GMT 2024","passed","Wed Oct 30 13:14:28 GMT 2024","","HYPERON-EXPERIMENTAL-SCRIPTS","HYPERON-EXPERIMENTAL-SCRIPTS",""
"","3","SPACE-INTERSECTION-TESTS.18","","Wed Oct 30 13:17:12 GMT 2024","passed","Wed Oct 30 13:17:12 GMT 2024","","HYPERON-METTALOG-SANITY","HYPERON-METTALOG-SANITY",""
"","2","D4-TYPE-PROP.08","","Wed Oct 30 13:26:06 GMT 2024","passed","Wed Oct 30 13:26:06 GMT 2024","","QUICK","QUICK",""
"","2","SEQUENTIAL-NESTED.10","","Wed Oct 30 13:22:47 GMT 2024","passed","Wed Oct 30 13:22:47 GMT 2024","","METTA-MORPH-TESTS","METTA-MORPH-TESTS",""
"","2","F1-MODULEA.03","","Wed Oct 30 13:10:09 GMT 2024","passed","Wed Oct 30 13:10:09 GMT 2024","","MODULE-SYSTEM","MODULE-SYSTEM",""
"","2","TMPMATCH2.01","","Wed Oct 30 13:10:24 GMT 2024","passed","Wed Oct 30 13:10:24 GMT 2024","","ANTI-REGRESSION","ANTI-REGRESSION",""
"","3","D2-HIGHERFUNC.16","","Wed Oct 30 13:26:06 GMT 2024","passed","Wed Oct 30 13:26:06 GMT 2024","","QUICK","QUICK",""
"","2","C2-SPACES.02","","Wed Oct 30 13:10:09 GMT 2024","passed","Wed Oct 30 13:10:09 GMT 2024","","MODULE-SYSTEM","MODULE-SYSTEM",""
"","2","HYPERPOSE.08","","Wed Oct 30 13:22:47 GMT 2024","passed","Wed Oct 30 13:22:47 GMT 2024","","METTA-MORPH-TESTS","METTA-MORPH-TESTS",""
"","3","BCHAIN-COMP.04","","Wed Oct 30 13:10:24 GMT 2024","passed","Wed Oct 30 13:10:24 GMT 2024","","ANTI-REGRESSION","ANTI-REGRESSION",""
"","2","B4-NONDETERM.08","","Wed Oct 30 13:14:28 GMT 2024","passed","Wed Oct 30 13:14:28 GMT 2024","","HYPERON-EXPERIMENTAL-SCRIPTS","HYPERON-EXPERIMENTAL-SCRIPTS",""
"","7000","metta-morph_tests.states_spaces","","Wed Oct 30 13:10:17 GMT 2024","passed","Wed Oct 30 13:10:24 GMT 2024","","WHOLE-TESTS","WHOLE-TESTS",""
"","7000","anti-regression.mettalogTestCurried2","","Wed Oct 30 13:10:17 GMT 2024","passed","Wed Oct 30 13:10:24 GMT 2024","","WHOLE-TESTS","WHOLE-TESTS",""
"","1","HYPERPOSE.03","","Wed Oct 30 13:22:47 GMT 2024","passed","Wed Oct 30 13:22:47 GMT 2024","","METTA-MORPH-TESTS","METTA-MORPH-TESTS",""
"","2","HYPERPOSE.04","","Wed Oct 30 13:22:47 GMT 2024","passed","Wed Oct 30 13:22:47 GMT 2024","","METTA-MORPH-TESTS","METTA-MORPH-TESTS",""
"","3","IF.01","","Wed Oct 30 13:22:47 GMT 2024","passed","Wed Oct 30 13:22:47 GMT 2024","","METTA-MORPH-TESTS","METTA-MORPH-TESTS",""
"","2","OR-TEST.12","","Wed Oct 30 13:17:12 GMT 2024","passed","Wed Oct 30 13:17:12 GMT 2024","","HYPERON-METTALOG-SANITY","HYPERON-METTALOG-SANITY",""
"","6","F1-IMPORTS.02","","Wed Oct 30 13:26:06 GMT 2024","passed","Wed Oct 30 13:26:06 GMT 2024","","QUICK","QUICK",""
"","2","FUNCTIONAL-PROGRAMMING-TESTS.07","","Wed Oct 30 13:17:12 GMT 2024","passed","Wed Oct 30 13:17:12 GMT 2024","","HYPERON-METTALOG-SANITY","HYPERON-METTALOG-SANITY",""
"","1","D2-HIGHERFUNC.11","","Wed Oct 30 13:14:28 GMT 2024","passed","Wed Oct 30 13:14:28 GMT 2024","","HYPERON-EXPERIMENTAL-SCRIPTS","HYPERON-EXPERIMENTAL-SCRIPTS",""
"","2","D1-GADT.07","","Wed Oct 30 13:14:28 GMT 2024","passed","Wed Oct 30 13:14:28 GMT 2024","","HYPERON-EXPERIMENTAL-SCRIPTS","HYPERON-EXPERIMENTAL-SCRIPTS",""
"","2","D4-TYPE-PROP.01","","Wed Oct 30 13:14:28 GMT 2024","passed","Wed Oct 30 13:14:28 GMT 2024","","HYPERON-EXPERIMENTAL-SCRIPTS","HYPERON-EXPERIMENTAL-SCRIPTS",""
"","2","INTERSECTION-TESTS.26","","Wed Oct 30 13:17:12 GMT 2024","passed","Wed Oct 30 13:17:12 GMT 2024","","HYPERON-METTALOG-SANITY","HYPERON-METTALOG-SANITY",""
"","3","XOR-TEST.01","","Wed Oct 30 13:17:12 GMT 2024","passed","Wed Oct 30 13:17:12 GMT 2024","","HYPERON-METTALOG-SANITY","HYPERON-METTALOG-SANITY",""
"","3","STRING-TESTS.19","","Wed Oct 30 13:17:12 GMT 2024","passed","Wed Oct 30 13:17:12 GMT 2024","","HYPERON-METTALOG-SANITY","HYPERON-METTALOG-SANITY",""
"","14","D2-HIGHERFUNC.21","","Wed Oct 30 13:26:06 GMT 2024","passed","Wed Oct 30 13:26:06 GMT 2024","","QUICK","QUICK",""
"","2","D4-TYPE-PROP.19","","Wed Oct 30 13:14:28 GMT 2024","passed","Wed Oct 30 13:14:28 GMT 2024","","HYPERON-EXPERIMENTAL-SCRIPTS","HYPERON-EXPERIMENTAL-SCRIPTS",""
"","2","BCHAIN-COMP.05","","Wed Oct 30 13:10:24 GMT 2024","passed","Wed Oct 30 13:10:24 GMT 2024","","ANTI-REGRESSION","ANTI-REGRESSION",""
"","28","STRUCTURE-TESTS.01","","Wed Oct 30 13:17:12 GMT 2024","passed","Wed Oct 30 13:17:12 GMT 2024","","HYPERON-METTALOG-SANITY","HYPERON-METTALOG-SANITY",""
"","2","C3-PLN-STV.05","","Wed Oct 30 13:14:28 GMT 2024","passed","Wed Oct 30 13:14:28 GMT 2024","","HYPERON-EXPERIMENTAL-SCRIPTS","HYPERON-EXPERIMENTAL-SCRIPTS",""
"","2","C3-PLN-STV.02","","Wed Oct 30 13:14:28 GMT 2024","passed","Wed Oct 30 13:14:28 GMT 2024","","HYPERON-EXPERIMENTAL-SCRIPTS","HYPERON-EXPERIMENTAL-SCRIPTS",""
"","2","STATES-SPACES.02","","Wed Oct 30 13:22:47 GMT 2024","passed","Wed Oct 30 13:22:47 GMT 2024","","METTA-MORPH-TESTS","METTA-MORPH-TESTS",""
"","2","D1-GADT.03","","Wed Oct 30 13:14:28 GMT 2024","passed","Wed Oct 30 13:14:28 GMT 2024","","HYPERON-EXPERIMENTAL-SCRIPTS","HYPERON-EXPERIMENTAL-SCRIPTS",""
"","2","B0-CHAINING-PRELIM.04","","Wed Oct 30 13:14:28 GMT 2024","passed","Wed Oct 30 13:14:28 GMT 2024","","HYPERON-EXPERIMENTAL-SCRIPTS","HYPERON-EXPERIMENTAL-SCRIPTS",""
"","2","UNIQUE-TEST.06","","Wed Oct 30 13:17:12 GMT 2024","passed","Wed Oct 30 13:17:12 GMT 2024","","HYPERON-METTALOG-SANITY","HYPERON-METTALOG-SANITY",""
"","3","AND-OR.01","","Wed Oct 30 13:22:47 GMT 2024","passed","Wed Oct 30 13:22:47 GMT 2024","","METTA-MORPH-TESTS","METTA-MORPH-TESTS",""
"","4","SUBTRACTION-TEST.08","","Wed Oct 30 13:17:12 GMT 2024","passed","Wed Oct 30 13:17:12 GMT 2024","","HYPERON-METTALOG-SANITY","HYPERON-METTALOG-SANITY",""
"","3","STATES-SPACES.01","","Wed Oct 30 13:22:47 GMT 2024","passed","Wed Oct 30 13:22:47 GMT 2024","","METTA-MORPH-TESTS","METTA-MORPH-TESTS",""
"","2","C1-GROUNDED-BASIC.11","","Wed Oct 30 13:26:06 GMT 2024","passed","Wed Oct 30 13:26:06 GMT 2024","","QUICK","QUICK",""
"","7000","hyperon-mettalog_sanity.string-tests","","Wed Oct 30 13:10:17 GMT 2024","passed","Wed Oct 30 13:10:24 GMT 2024","","WHOLE-TESTS","WHOLE-TESTS",""
"","2","B5-TYPES-PRELIM.13","","Wed Oct 30 13:14:28 GMT 2024","passed","Wed Oct 30 13:14:28 GMT 2024","","HYPERON-EXPERIMENTAL-SCRIPTS","HYPERON-EXPERIMENTAL-SCRIPTS",""
"","2","TMPMATCH1.03","","Wed Oct 30 13:10:24 GMT 2024","passed","Wed Oct 30 13:10:24 GMT 2024","","ANTI-REGRESSION","ANTI-REGRESSION",""
"","2","INTERSECTION-TESTS.14","","Wed Oct 30 13:17:12 GMT 2024","passed","Wed Oct 30 13:17:12 GMT 2024","","HYPERON-METTALOG-SANITY","HYPERON-METTALOG-SANITY",""
"","7000","metta-morph_tests.collapse","","Wed Oct 30 13:10:17 GMT 2024","passed","Wed Oct 30 13:10:24 GMT 2024","","WHOLE-TESTS","WHOLE-TESTS",""
"","9000","metta-morph_tests.nalifier","","Wed Oct 30 13:10:17 GMT 2024","passed","Wed Oct 30 13:10:26 GMT 2024","","WHOLE-TESTS","WHOLE-TESTS",""
"","1","F1-MODULEA.05","","Wed Oct 30 13:14:28 GMT 2024","passed","Wed Oct 30 13:14:28 GMT 2024","","HYPERON-EXPERIMENTAL-SCRIPTS","HYPERON-EXPERIMENTAL-SCRIPTS",""
"","2","F1-IMPORTS.11","","Wed Oct 30 13:10:09 GMT 2024","passed","Wed Oct 30 13:10:09 GMT 2024","","MODULE-SYSTEM","MODULE-SYSTEM",""
"","7000","metta-morph_tests.multifunction","","Wed Oct 30 13:10:17 GMT 2024","passed","Wed Oct 30 13:10:24 GMT 2024","","WHOLE-TESTS","WHOLE-TESTS",""
"","3","MATCH-SUPERPOSED-SPACES.01","","Wed Oct 30 13:22:47 GMT 2024","passed","Wed Oct 30 13:22:47 GMT 2024","","METTA-MORPH-TESTS","METTA-MORPH-TESTS",""
"","2","D1-GADT.08","","Wed Oct 30 13:14:28 GMT 2024","passed","Wed Oct 30 13:14:28 GMT 2024","","HYPERON-EXPERIMENTAL-SCRIPTS","HYPERON-EXPERIMENTAL-SCRIPTS",""
"","3","TESTS0.05","","Wed Oct 30 13:22:47 GMT 2024","passed","Wed Oct 30 13:22:47 GMT 2024","","METTA-MORPH-TESTS","METTA-MORPH-TESTS",""
"","2","OR-TEST.13","","Wed Oct 30 13:17:12 GMT 2024","passed","Wed Oct 30 13:17:12 GMT 2024","","HYPERON-METTALOG-SANITY","HYPERON-METTALOG-SANITY",""
"","2","STRING-TESTS.11","","Wed Oct 30 13:17:12 GMT 2024","passed","Wed Oct 30 13:17:12 GMT 2024","","HYPERON-METTALOG-SANITY","HYPERON-METTALOG-SANITY",""
"","7000","hyperon-mettalog_sanity.xor_test","","Wed Oct 30 13:10:17 GMT 2024","passed","Wed Oct 30 13:10:24 GMT 2024","","WHOLE-TESTS","WHOLE-TESTS",""
"","15","D3-DEPTYPES.04","","Wed Oct 30 13:14:28 GMT 2024","passed","Wed Oct 30 13:14:28 GMT 2024","","HYPERON-EXPERIMENTAL-SCRIPTS","HYPERON-EXPERIMENTAL-SCRIPTS",""
"","3","STRING-TESTS.20","","Wed Oct 30 13:17:12 GMT 2024","passed","Wed Oct 30 13:17:12 GMT 2024","","HYPERON-METTALOG-SANITY","HYPERON-METTALOG-SANITY",""
"","2","F1-MODULEA.07","","Wed Oct 30 13:26:06 GMT 2024","passed","Wed Oct 30 13:26:06 GMT 2024","","QUICK","QUICK",""
"","2","F1-MODULEA.09","","Wed Oct 30 13:14:28 GMT 2024","passed","Wed Oct 30 13:14:28 GMT 2024","","HYPERON-EXPERIMENTAL-SCRIPTS","HYPERON-EXPERIMENTAL-SCRIPTS",""
"","2","TEST-IF-CLOSED.02","","Wed Oct 30 13:10:24 GMT 2024","passed","Wed Oct 30 13:10:24 GMT 2024","","ANTI-REGRESSION","ANTI-REGRESSION",""
"","3","D3-DEPTYPES.01","","Wed Oct 30 13:14:28 GMT 2024","passed","Wed Oct 30 13:14:28 GMT 2024","","HYPERON-EXPERIMENTAL-SCRIPTS","HYPERON-EXPERIMENTAL-SCRIPTS",""
"","2","B5-TYPES-PRELIM.20","","Wed Oct 30 13:14:28 GMT 2024","passed","Wed Oct 30 13:14:28 GMT 2024","","HYPERON-EXPERIMENTAL-SCRIPTS","HYPERON-EXPERIMENTAL-SCRIPTS",""
"","2","A1-SYMBOLS.07","","Wed Oct 30 13:14:28 GMT 2024","passed","Wed Oct 30 13:14:28 GMT 2024","","HYPERON-EXPERIMENTAL-SCRIPTS","HYPERON-EXPERIMENTAL-SCRIPTS",""
"","93","SPACE-INTERSECTION-TESTS.10","","Wed Oct 30 13:17:12 GMT 2024","failed","Wed Oct 30 13:17:12 GMT 2024","","HYPERON-METTALOG-SANITY","HYPERON-METTALOG-SANITY",""
"","2","INTERSECTION-TESTS.18","","Wed Oct 30 13:17:12 GMT 2024","passed","Wed Oct 30 13:17:12 GMT 2024","","HYPERON-METTALOG-SANITY","HYPERON-METTALOG-SANITY",""
"","2","C1-GROUNDED-BASIC.17","","Wed Oct 30 13:26:06 GMT 2024","passed","Wed Oct 30 13:26:06 GMT 2024","","QUICK","QUICK",""
"","5","SEALED-TEST.10","","Wed Oct 30 13:17:12 GMT 2024","passed","Wed Oct 30 13:17:12 GMT 2024","","HYPERON-METTALOG-SANITY","HYPERON-METTALOG-SANITY",""
"","5","SPACE-SUBTRACTION-TESTS.04","","Wed Oct 30 13:17:12 GMT 2024","passed","Wed Oct 30 13:17:12 GMT 2024","","HYPERON-METTALOG-SANITY","HYPERON-METTALOG-SANITY",""
"","2","INTERSECTION-TESTS.24","","Wed Oct 30 13:17:12 GMT 2024","passed","Wed Oct 30 13:17:12 GMT 2024","","HYPERON-METTALOG-SANITY","HYPERON-METTALOG-SANITY",""
"","2","D2-HIGHERFUNC.27","","Wed Oct 30 13:26:06 GMT 2024","passed","Wed Oct 30 13:26:06 GMT 2024","","QUICK","QUICK",""
"","78","FUNCTIONAL-PROGRAMMING-TESTS.06","","Wed Oct 30 13:17:12 GMT 2024","failed","Wed Oct 30 13:17:12 GMT 2024","","HYPERON-METTALOG-SANITY","HYPERON-METTALOG-SANITY",""
"","2","XOR-TEST.03","","Wed Oct 30 13:17:12 GMT 2024","passed","Wed Oct 30 13:17:12 GMT 2024","","HYPERON-METTALOG-SANITY","HYPERON-METTALOG-SANITY",""
"","2","E2-STATES.10","","Wed Oct 30 13:14:28 GMT 2024","passed","Wed Oct 30 13:14:28 GMT 2024","","HYPERON-EXPERIMENTAL-SCRIPTS","HYPERON-EXPERIMENTAL-SCRIPTS",""
"","2","B0-CHAINING-PRELIM.05","","Wed Oct 30 13:14:28 GMT 2024","passed","Wed Oct 30 13:14:28 GMT 2024","","HYPERON-EXPERIMENTAL-SCRIPTS","HYPERON-EXPERIMENTAL-SCRIPTS",""
"","3","LET-SUPERPOSE-IF-CASE.02","","Wed Oct 30 13:22:47 GMT 2024","passed","Wed Oct 30 13:22:47 GMT 2024","","METTA-MORPH-TESTS","METTA-MORPH-TESTS",""
"","2","C1-GROUNDED-BASIC.16","","Wed Oct 30 13:26:06 GMT 2024","passed","Wed Oct 30 13:26:06 GMT 2024","","QUICK","QUICK",""
"","120","C1-GROUNDED-BASIC.14","","Wed Oct 30 13:26:06 GMT 2024","failed","Wed Oct 30 13:26:06 GMT 2024","","QUICK","QUICK",""
"","2","SPACE-SUBTRACTION-TESTS.02","","Wed Oct 30 13:17:12 GMT 2024","passed","Wed Oct 30 13:17:12 GMT 2024","","HYPERON-METTALOG-SANITY","HYPERON-METTALOG-SANITY",""
"","2","F1-IMPORTS.03","","Wed Oct 30 13:26:06 GMT 2024","passed","Wed Oct 30 13:26:06 GMT 2024","","QUICK","QUICK",""
"","14","D1-GADT.13","","Wed Oct 30 13:26:06 GMT 2024","passed","Wed Oct 30 13:26:06 GMT 2024","","QUICK","QUICK",""
"","22940","TIME-SYNTHESIZE-SHORT.02","","Wed Oct 30 13:20:24 GMT 2024","passed","Wed Oct 30 13:20:46 GMT 2024","","SYNTH-BUFFER","SYNTH-BUFFER",""
"","2","00-LANG-CASE.03","","Wed Oct 30 13:17:12 GMT 2024","passed","Wed Oct 30 13:17:12 GMT 2024","","HYPERON-METTALOG-SANITY","HYPERON-METTALOG-SANITY",""
"","4","TESTS0.03","","Wed Oct 30 13:22:47 GMT 2024","passed","Wed Oct 30 13:22:47 GMT 2024","","METTA-MORPH-TESTS","METTA-MORPH-TESTS",""
"","2","FUNCTIONAL-PROGRAMMING-TESTS.04","","Wed Oct 30 13:17:12 GMT 2024","passed","Wed Oct 30 13:17:12 GMT 2024","","HYPERON-METTALOG-SANITY","HYPERON-METTALOG-SANITY",""
"","2","FLIP-TEST.02","","Wed Oct 30 13:17:12 GMT 2024","passed","Wed Oct 30 13:17:12 GMT 2024","","HYPERON-METTALOG-SANITY","HYPERON-METTALOG-SANITY",""
"","2","CATCH-THROW-TESTS.09","","Wed Oct 30 13:17:12 GMT 2024","passed","Wed Oct 30 13:17:12 GMT 2024","","HYPERON-METTALOG-SANITY","HYPERON-METTALOG-SANITY",""
"","2","BASE-TEST-REPR-PARSE-INTERSECTION.03","","Wed Oct 30 13:17:12 GMT 2024","passed","Wed Oct 30 13:17:12 GMT 2024","","HYPERON-METTALOG-SANITY","HYPERON-METTALOG-SANITY",""
"","3","STRING-TESTS.01","","Wed Oct 30 13:17:12 GMT 2024","passed","Wed Oct 30 13:17:12 GMT 2024","","HYPERON-METTALOG-SANITY","HYPERON-METTALOG-SANITY",""
"","2","SEQUENTIAL-NESTED.12","","Wed Oct 30 13:22:47 GMT 2024","passed","Wed Oct 30 13:22:47 GMT 2024","","METTA-MORPH-TESTS","METTA-MORPH-TESTS",""
"","2","D4-TYPE-PROP.11","","Wed Oct 30 13:14:28 GMT 2024","passed","Wed Oct 30 13:14:28 GMT 2024","","HYPERON-EXPERIMENTAL-SCRIPTS","HYPERON-EXPERIMENTAL-SCRIPTS",""
"","2","F1-IMPORTS.16","","Wed Oct 30 13:26:06 GMT 2024","passed","Wed Oct 30 13:26:06 GMT 2024","","QUICK","QUICK",""
"","2","C1-GROUNDED-BASIC.20","","Wed Oct 30 13:14:28 GMT 2024","passed","Wed Oct 30 13:14:28 GMT 2024","","HYPERON-EXPERIMENTAL-SCRIPTS","HYPERON-EXPERIMENTAL-SCRIPTS",""
"","3","D1-GADT.10","","Wed Oct 30 13:14:28 GMT 2024","passed","Wed Oct 30 13:14:28 GMT 2024","","HYPERON-EXPERIMENTAL-SCRIPTS","HYPERON-EXPERIMENTAL-SCRIPTS",""
"","7000","hyperon-experimental_scripts.f1_moduleA","","Wed Oct 30 13:10:17 GMT 2024","passed","Wed Oct 30 13:10:24 GMT 2024","","WHOLE-TESTS","WHOLE-TESTS",""
"","2","B1-EQUAL-CHAIN.05","","Wed Oct 30 13:14:28 GMT 2024","passed","Wed Oct 30 13:14:28 GMT 2024","","HYPERON-EXPERIMENTAL-SCRIPTS","HYPERON-EXPERIMENTAL-SCRIPTS",""
"","3","D2-HIGHERFUNC.03","","Wed Oct 30 13:14:28 GMT 2024","passed","Wed Oct 30 13:14:28 GMT 2024","","HYPERON-EXPERIMENTAL-SCRIPTS","HYPERON-EXPERIMENTAL-SCRIPTS",""
"","3","ZEROARGS.01","","Wed Oct 30 13:22:47 GMT 2024","passed","Wed Oct 30 13:22:47 GMT 2024","","METTA-MORPH-TESTS","METTA-MORPH-TESTS",""
"","3","A3-TWOSIDE.03","","Wed Oct 30 13:14:28 GMT 2024","passed","Wed Oct 30 13:14:28 GMT 2024","","HYPERON-EXPERIMENTAL-SCRIPTS","HYPERON-EXPERIMENTAL-SCRIPTS",""
"","3","SUBTRACTION-TEST.07","","Wed Oct 30 13:17:12 GMT 2024","passed","Wed Oct 30 13:17:12 GMT 2024","","HYPERON-METTALOG-SANITY","HYPERON-METTALOG-SANITY",""
"","2","F1-IMPORTS.17","","Wed Oct 30 13:14:28 GMT 2024","passed","Wed Oct 30 13:14:28 GMT 2024","","HYPERON-EXPERIMENTAL-SCRIPTS","HYPERON-EXPERIMENTAL-SCRIPTS",""
"","2","MATCH-VOID.03","","Wed Oct 30 13:22:47 GMT 2024","passed","Wed Oct 30 13:22:47 GMT 2024","","METTA-MORPH-TESTS","METTA-MORPH-TESTS",""
"","7000","module-system.f1_moduleA","","Wed Oct 30 13:10:17 GMT 2024","passed","Wed Oct 30 13:10:24 GMT 2024","","WHOLE-TESTS","WHOLE-TESTS",""
"","2","F1-MODULEA.01","","Wed Oct 30 13:10:09 GMT 2024","passed","Wed Oct 30 13:10:09 GMT 2024","","MODULE-SYSTEM","MODULE-SYSTEM",""
"","3","B5-TYPES-PRELIM.01","","Wed Oct 30 13:14:28 GMT 2024","passed","Wed Oct 30 13:14:28 GMT 2024","","HYPERON-EXPERIMENTAL-SCRIPTS","HYPERON-EXPERIMENTAL-SCRIPTS",""
"","7000","hyperon-mettalog_sanity.03-soring-via-insert","","Wed Oct 30 13:10:17 GMT 2024","passed","Wed Oct 30 13:10:24 GMT 2024","","WHOLE-TESTS","WHOLE-TESTS",""
"","7000","hyperon-experimental_scripts.b0_chaining_prelim","","Wed Oct 30 13:10:17 GMT 2024","passed","Wed Oct 30 13:10:24 GMT 2024","","WHOLE-TESTS","WHOLE-TESTS",""
"","3","D2-HIGHERFUNC.18","","Wed Oct 30 13:14:28 GMT 2024","passed","Wed Oct 30 13:14:28 GMT 2024","","HYPERON-EXPERIMENTAL-SCRIPTS","HYPERON-EXPERIMENTAL-SCRIPTS",""
"","2","A2-OPENCOGGY.01","","Wed Oct 30 13:14:28 GMT 2024","passed","Wed Oct 30 13:14:28 GMT 2024","","HYPERON-EXPERIMENTAL-SCRIPTS","HYPERON-EXPERIMENTAL-SCRIPTS",""
"","3","SUPERCOLLAPSE.07","","Wed Oct 30 13:22:47 GMT 2024","passed","Wed Oct 30 13:22:47 GMT 2024","","METTA-MORPH-TESTS","METTA-MORPH-TESTS",""
"","161","SPACE-SUBTRACTION-TESTS.08","","Wed Oct 30 13:17:12 GMT 2024","passed","Wed Oct 30 13:17:12 GMT 2024","","HYPERON-METTALOG-SANITY","HYPERON-METTALOG-SANITY",""
"","2","FACTORIAL.02","","Wed Oct 30 13:22:47 GMT 2024","passed","Wed Oct 30 13:22:47 GMT 2024","","METTA-MORPH-TESTS","METTA-MORPH-TESTS",""
"","3","FIND-ALL-TESTS.06","","Wed Oct 30 13:17:12 GMT 2024","passed","Wed Oct 30 13:17:12 GMT 2024","","HYPERON-METTALOG-SANITY","HYPERON-METTALOG-SANITY",""
"","2","D4-TYPE-PROP.09","","Wed Oct 30 13:14:28 GMT 2024","passed","Wed Oct 30 13:14:28 GMT 2024","","HYPERON-EXPERIMENTAL-SCRIPTS","HYPERON-EXPERIMENTAL-SCRIPTS",""
"","3","D1-GADT.11","","Wed Oct 30 13:14:28 GMT 2024","passed","Wed Oct 30 13:14:28 GMT 2024","","HYPERON-EXPERIMENTAL-SCRIPTS","HYPERON-EXPERIMENTAL-SCRIPTS",""
"","1","00-LANG-CASE.10","","Wed Oct 30 13:17:12 GMT 2024","passed","Wed Oct 30 13:17:12 GMT 2024","","HYPERON-METTALOG-SANITY","HYPERON-METTALOG-SANITY",""
"","1","BCHAIN-COMP.03","","Wed Oct 30 13:10:24 GMT 2024","passed","Wed Oct 30 13:10:24 GMT 2024","","ANTI-REGRESSION","ANTI-REGRESSION",""
"","8000","metta-morph_tests.supercollapse","","Wed Oct 30 13:10:17 GMT 2024","passed","Wed Oct 30 13:10:25 GMT 2024","","WHOLE-TESTS","WHOLE-TESTS",""
"","6000","anti-regression.bchain","","Wed Oct 30 13:10:17 GMT 2024","passed","Wed Oct 30 13:10:23 GMT 2024","","WHOLE-TESTS","WHOLE-TESTS",""
"","5","OR-TEST.07","","Wed Oct 30 13:17:12 GMT 2024","passed","Wed Oct 30 13:17:12 GMT 2024","","HYPERON-METTALOG-SANITY","HYPERON-METTALOG-SANITY",""
"","7000","metta-morph_tests.add_atom_match","","Wed Oct 30 13:10:17 GMT 2024","passed","Wed Oct 30 13:10:24 GMT 2024","","WHOLE-TESTS","WHOLE-TESTS",""
"","2","XOR-TEST.05","","Wed Oct 30 13:17:12 GMT 2024","passed","Wed Oct 30 13:17:12 GMT 2024","","HYPERON-METTALOG-SANITY","HYPERON-METTALOG-SANITY",""
"","3","B4-NONDETERM.06","","Wed Oct 30 13:14:28 GMT 2024","passed","Wed Oct 30 13:14:28 GMT 2024","","HYPERON-EXPERIMENTAL-SCRIPTS","HYPERON-EXPERIMENTAL-SCRIPTS",""
"","2","D4-TYPE-PROP.13","","Wed Oct 30 13:14:28 GMT 2024","passed","Wed Oct 30 13:14:28 GMT 2024","","HYPERON-EXPERIMENTAL-SCRIPTS","HYPERON-EXPERIMENTAL-SCRIPTS",""
"","2","BCHAIN-COMP.02","","Wed Oct 30 13:10:24 GMT 2024","passed","Wed Oct 30 13:10:24 GMT 2024","","ANTI-REGRESSION","ANTI-REGRESSION",""
"","2","TMPMATCH1.01","","Wed Oct 30 13:10:24 GMT 2024","passed","Wed Oct 30 13:10:24 GMT 2024","","ANTI-REGRESSION","ANTI-REGRESSION",""
"","127","TEST-SPO-5000.01","","Wed Oct 30 13:11:20 GMT 2024","passed","Wed Oct 30 13:11:20 GMT 2024","","METTA-WAM-ISSUE-116","METTA-WAM-ISSUE-116",""
"","7000","quick.d4_type_prop","","Wed Oct 30 13:10:17 GMT 2024","passed","Wed Oct 30 13:10:24 GMT 2024","","WHOLE-TESTS","WHOLE-TESTS",""
"","2","TYPES2.02","","Wed Oct 30 13:22:47 GMT 2024","passed","Wed Oct 30 13:22:47 GMT 2024","","METTA-MORPH-TESTS","METTA-MORPH-TESTS",""
"","1","C1-GROUNDED-BASIC.12","","Wed Oct 30 13:26:06 GMT 2024","passed","Wed Oct 30 13:26:06 GMT 2024","","QUICK","QUICK",""
"","2","D2-HIGHERFUNC.14","","Wed Oct 30 13:26:06 GMT 2024","passed","Wed Oct 30 13:26:06 GMT 2024","","QUICK","QUICK",""
"","3","00-LANG-CASE.16","","Wed Oct 30 13:17:12 GMT 2024","passed","Wed Oct 30 13:17:12 GMT 2024","","HYPERON-METTALOG-SANITY","HYPERON-METTALOG-SANITY",""
"","3","00-LANG-CASE.04","","Wed Oct 30 13:17:12 GMT 2024","passed","Wed Oct 30 13:17:12 GMT 2024","","HYPERON-METTALOG-SANITY","HYPERON-METTALOG-SANITY",""
"","3","METTALOGTESTCURRIED2.01","","Wed Oct 30 13:10:24 GMT 2024","passed","Wed Oct 30 13:10:24 GMT 2024","","ANTI-REGRESSION","ANTI-REGRESSION",""
"","7000","metta-morph_tests.types","","Wed Oct 30 13:10:17 GMT 2024","passed","Wed Oct 30 13:10:24 GMT 2024","","WHOLE-TESTS","WHOLE-TESTS",""
"","2","E2-STATES.04","","Wed Oct 30 13:14:28 GMT 2024","passed","Wed Oct 30 13:14:28 GMT 2024","","HYPERON-EXPERIMENTAL-SCRIPTS","HYPERON-EXPERIMENTAL-SCRIPTS",""
"","7000","metta-wam-issue-116.test_spo_100","","Wed Oct 30 13:10:17 GMT 2024","passed","Wed Oct 30 13:10:24 GMT 2024","","WHOLE-TESTS","WHOLE-TESTS",""
"","2","F1-IMPORTS.12","","Wed Oct 30 13:26:06 GMT 2024","passed","Wed Oct 30 13:26:06 GMT 2024","","QUICK","QUICK",""
"","2","BCHAIN-COMP.01","","Wed Oct 30 13:10:24 GMT 2024","passed","Wed Oct 30 13:10:24 GMT 2024","","ANTI-REGRESSION","ANTI-REGRESSION",""
"","3","B2-BACKCHAIN.01","","Wed Oct 30 13:14:28 GMT 2024","passed","Wed Oct 30 13:14:28 GMT 2024","","HYPERON-EXPERIMENTAL-SCRIPTS","HYPERON-EXPERIMENTAL-SCRIPTS",""
"","2","STRING-TESTS.15","","Wed Oct 30 13:17:12 GMT 2024","passed","Wed Oct 30 13:17:12 GMT 2024","","HYPERON-METTALOG-SANITY","HYPERON-METTALOG-SANITY",""
"","2","B0-CHAINING-PRELIM.02","","Wed Oct 30 13:14:28 GMT 2024","passed","Wed Oct 30 13:14:28 GMT 2024","","HYPERON-EXPERIMENTAL-SCRIPTS","HYPERON-EXPERIMENTAL-SCRIPTS",""
"","2","B5-TYPES-PRELIM.06","","Wed Oct 30 13:14:28 GMT 2024","passed","Wed Oct 30 13:14:28 GMT 2024","","HYPERON-EXPERIMENTAL-SCRIPTS","HYPERON-EXPERIMENTAL-SCRIPTS",""
"","3","COMMA-IS-NOT-SPECIAL.01","","Wed Oct 30 13:10:24 GMT 2024","passed","Wed Oct 30 13:10:24 GMT 2024","","ANTI-REGRESSION","ANTI-REGRESSION",""
"","2","SUPERCOLLAPSE.03","","Wed Oct 30 13:22:47 GMT 2024","passed","Wed Oct 30 13:22:47 GMT 2024","","METTA-MORPH-TESTS","METTA-MORPH-TESTS",""
"","3","D2-HIGHERFUNC.15","","Wed Oct 30 13:14:28 GMT 2024","passed","Wed Oct 30 13:14:28 GMT 2024","","HYPERON-EXPERIMENTAL-SCRIPTS","HYPERON-EXPERIMENTAL-SCRIPTS",""
"","2","TEST-IF-CLOSED.04","","Wed Oct 30 13:10:24 GMT 2024","passed","Wed Oct 30 13:10:24 GMT 2024","","ANTI-REGRESSION","ANTI-REGRESSION",""
"","2","D2-HIGHERFUNC.19","","Wed Oct 30 13:14:28 GMT 2024","passed","Wed Oct 30 13:14:28 GMT 2024","","HYPERON-EXPERIMENTAL-SCRIPTS","HYPERON-EXPERIMENTAL-SCRIPTS",""
"","2","00-LANG-CASE.14","","Wed Oct 30 13:17:12 GMT 2024","passed","Wed Oct 30 13:17:12 GMT 2024","","HYPERON-METTALOG-SANITY","HYPERON-METTALOG-SANITY",""
"","6000","metta-morph_tests.let_superpose_if_case","","Wed Oct 30 13:10:17 GMT 2024","passed","Wed Oct 30 13:10:23 GMT 2024","","WHOLE-TESTS","WHOLE-TESTS",""
"","7000","metta-morph_tests.identity","","Wed Oct 30 13:10:17 GMT 2024","passed","Wed Oct 30 13:10:24 GMT 2024","","WHOLE-TESTS","WHOLE-TESTS",""
"","3","SEALED-TEST.03","","Wed Oct 30 13:17:12 GMT 2024","passed","Wed Oct 30 13:17:12 GMT 2024","","HYPERON-METTALOG-SANITY","HYPERON-METTALOG-SANITY",""
"","2","F1-IMPORTS.14","","Wed Oct 30 13:26:06 GMT 2024","passed","Wed Oct 30 13:26:06 GMT 2024","","QUICK","QUICK",""
"","2","F1-MODULEA.05","","Wed Oct 30 13:26:06 GMT 2024","passed","Wed Oct 30 13:26:06 GMT 2024","","QUICK","QUICK",""
"","7000","quick.d2_higherfunc","","Wed Oct 30 13:10:17 GMT 2024","passed","Wed Oct 30 13:10:24 GMT 2024","","WHOLE-TESTS","WHOLE-TESTS",""
"","2","D2-HIGHERFUNC.05","","Wed Oct 30 13:14:28 GMT 2024","passed","Wed Oct 30 13:14:28 GMT 2024","","HYPERON-EXPERIMENTAL-SCRIPTS","HYPERON-EXPERIMENTAL-SCRIPTS",""
"","3","B3-DIRECT.02","","Wed Oct 30 13:14:28 GMT 2024","passed","Wed Oct 30 13:14:28 GMT 2024","","HYPERON-EXPERIMENTAL-SCRIPTS","HYPERON-EXPERIMENTAL-SCRIPTS",""
"","3","D1-GADT.01","","Wed Oct 30 13:26:06 GMT 2024","passed","Wed Oct 30 13:26:06 GMT 2024","","QUICK","QUICK",""
"","3","D2-HIGHERFUNC.24","","Wed Oct 30 13:26:06 GMT 2024","passed","Wed Oct 30 13:26:06 GMT 2024","","QUICK","QUICK",""
"","3","E3-MATCH-STATES.04","","Wed Oct 30 13:14:28 GMT 2024","passed","Wed Oct 30 13:14:28 GMT 2024","","HYPERON-EXPERIMENTAL-SCRIPTS","HYPERON-EXPERIMENTAL-SCRIPTS",""
"","3","D1-GADT.11","","Wed Oct 30 13:26:06 GMT 2024","passed","Wed Oct 30 13:26:06 GMT 2024","","QUICK","QUICK",""
"","28000","anti-regression.system_proofTestCurried","","Wed Oct 30 13:10:17 GMT 2024","passed","Wed Oct 30 13:10:45 GMT 2024","","WHOLE-TESTS","WHOLE-TESTS",""
"","2","F1-IMPORTS.12","","Wed Oct 30 13:10:09 GMT 2024","passed","Wed Oct 30 13:10:09 GMT 2024","","MODULE-SYSTEM","MODULE-SYSTEM",""
"","2","00-LANG-CASE.15","","Wed Oct 30 13:17:12 GMT 2024","passed","Wed Oct 30 13:17:12 GMT 2024","","HYPERON-METTALOG-SANITY","HYPERON-METTALOG-SANITY",""
"","2","SEQUENTIAL-NESTED.06","","Wed Oct 30 13:22:47 GMT 2024","passed","Wed Oct 30 13:22:47 GMT 2024","","METTA-MORPH-TESTS","METTA-MORPH-TESTS",""
"","3","D2-HIGHERFUNC.19","","Wed Oct 30 13:26:06 GMT 2024","passed","Wed Oct 30 13:26:06 GMT 2024","","QUICK","QUICK",""
"","2","D2-HIGHERFUNC.11","","Wed Oct 30 13:26:06 GMT 2024","passed","Wed Oct 30 13:26:06 GMT 2024","","QUICK","QUICK",""
"","1","CATCH-THROW-TESTS.04","","Wed Oct 30 13:17:12 GMT 2024","passed","Wed Oct 30 13:17:12 GMT 2024","","HYPERON-METTALOG-SANITY","HYPERON-METTALOG-SANITY",""
"","6","UNIQUE-TEST.13","","Wed Oct 30 13:17:12 GMT 2024","passed","Wed Oct 30 13:17:12 GMT 2024","","HYPERON-METTALOG-SANITY","HYPERON-METTALOG-SANITY",""
"","2","STRING-TESTS.12","","Wed Oct 30 13:17:12 GMT 2024","passed","Wed Oct 30 13:17:12 GMT 2024","","HYPERON-METTALOG-SANITY","HYPERON-METTALOG-SANITY",""
"","2","B1-EQUAL-CHAIN.06","","Wed Oct 30 13:14:28 GMT 2024","passed","Wed Oct 30 13:14:28 GMT 2024","","HYPERON-EXPERIMENTAL-SCRIPTS","HYPERON-EXPERIMENTAL-SCRIPTS",""
"","2","SUBTRACTION-TEST.09","","Wed Oct 30 13:17:12 GMT 2024","passed","Wed Oct 30 13:17:12 GMT 2024","","HYPERON-METTALOG-SANITY","HYPERON-METTALOG-SANITY",""
"","2","D1-GADT.14","","Wed Oct 30 13:14:28 GMT 2024","passed","Wed Oct 30 13:14:28 GMT 2024","","HYPERON-EXPERIMENTAL-SCRIPTS","HYPERON-EXPERIMENTAL-SCRIPTS",""
"","3","D2-HIGHERFUNC.03","","Wed Oct 30 13:26:06 GMT 2024","passed","Wed Oct 30 13:26:06 GMT 2024","","QUICK","QUICK",""
"","3","MULTIFUNCTION.01","","Wed Oct 30 13:22:47 GMT 2024","passed","Wed Oct 30 13:22:47 GMT 2024","","METTA-MORPH-TESTS","METTA-MORPH-TESTS",""
"","7000","metta-morph_tests.superpose_nested","","Wed Oct 30 13:10:17 GMT 2024","passed","Wed Oct 30 13:10:24 GMT 2024","","WHOLE-TESTS","WHOLE-TESTS",""
"","2","ZEROARGS.02","","Wed Oct 30 13:22:47 GMT 2024","passed","Wed Oct 30 13:22:47 GMT 2024","","METTA-MORPH-TESTS","METTA-MORPH-TESTS",""
"","2","E2-STATES.03","","Wed Oct 30 13:14:28 GMT 2024","passed","Wed Oct 30 13:14:28 GMT 2024","","HYPERON-EXPERIMENTAL-SCRIPTS","HYPERON-EXPERIMENTAL-SCRIPTS",""
"","2","D2-HIGHERFUNC.13","","Wed Oct 30 13:14:28 GMT 2024","passed","Wed Oct 30 13:14:28 GMT 2024","","HYPERON-EXPERIMENTAL-SCRIPTS","HYPERON-EXPERIMENTAL-SCRIPTS",""
"","2","D2-HIGHERFUNC.26","","Wed Oct 30 13:14:28 GMT 2024","passed","Wed Oct 30 13:14:28 GMT 2024","","HYPERON-EXPERIMENTAL-SCRIPTS","HYPERON-EXPERIMENTAL-SCRIPTS",""
"","1","D4-TYPE-PROP.07","","Wed Oct 30 13:26:06 GMT 2024","passed","Wed Oct 30 13:26:06 GMT 2024","","QUICK","QUICK",""
"","2","TMPMATCH2.03","","Wed Oct 30 13:10:24 GMT 2024","passed","Wed Oct 30 13:10:24 GMT 2024","","ANTI-REGRESSION","ANTI-REGRESSION",""
"","65","F1-IMPORTS.13","","Wed Oct 30 13:26:06 GMT 2024","failed","Wed Oct 30 13:26:06 GMT 2024","","QUICK","QUICK",""
"","2","F1-IMPORTS.03","","Wed Oct 30 13:14:28 GMT 2024","passed","Wed Oct 30 13:14:28 GMT 2024","","HYPERON-EXPERIMENTAL-SCRIPTS","HYPERON-EXPERIMENTAL-SCRIPTS",""
"","6000","hyperon-experimental_scripts.d3_deptypes","","Wed Oct 30 13:10:17 GMT 2024","passed","Wed Oct 30 13:10:23 GMT 2024","","WHOLE-TESTS","WHOLE-TESTS",""
"","2","E2-STATES.06","","Wed Oct 30 13:14:28 GMT 2024","passed","Wed Oct 30 13:14:28 GMT 2024","","HYPERON-EXPERIMENTAL-SCRIPTS","HYPERON-EXPERIMENTAL-SCRIPTS",""
"","2","BCHAIN.01","","Wed Oct 30 13:10:24 GMT 2024","passed","Wed Oct 30 13:10:24 GMT 2024","","ANTI-REGRESSION","ANTI-REGRESSION",""
"","7000","hyperon-experimental_scripts.b1_equal_chain","","Wed Oct 30 13:10:17 GMT 2024","passed","Wed Oct 30 13:10:24 GMT 2024","","WHOLE-TESTS","WHOLE-TESTS",""
"","2","INTERSECTION-TESTS.16","","Wed Oct 30 13:17:12 GMT 2024","passed","Wed Oct 30 13:17:12 GMT 2024","","HYPERON-METTALOG-SANITY","HYPERON-METTALOG-SANITY",""
"","6","F1-IMPORTS.02","","Wed Oct 30 13:14:28 GMT 2024","passed","Wed Oct 30 13:14:28 GMT 2024","","HYPERON-EXPERIMENTAL-SCRIPTS","HYPERON-EXPERIMENTAL-SCRIPTS",""
"","2","SUBTRACTION-TEST.04","","Wed Oct 30 13:17:12 GMT 2024","passed","Wed Oct 30 13:17:12 GMT 2024","","HYPERON-METTALOG-SANITY","HYPERON-METTALOG-SANITY",""
"","2","UNIQUE-TEST.05","","Wed Oct 30 13:17:12 GMT 2024","passed","Wed Oct 30 13:17:12 GMT 2024","","HYPERON-METTALOG-SANITY","HYPERON-METTALOG-SANITY",""
"","2","C1-GROUNDED-BASIC.07","","Wed Oct 30 13:14:28 GMT 2024","passed","Wed Oct 30 13:14:28 GMT 2024","","HYPERON-EXPERIMENTAL-SCRIPTS","HYPERON-EXPERIMENTAL-SCRIPTS",""
"","2","D1-GADT.12","","Wed Oct 30 13:26:06 GMT 2024","passed","Wed Oct 30 13:26:06 GMT 2024","","QUICK","QUICK",""
"","2","D1-GADT.10","","Wed Oct 30 13:26:06 GMT 2024","passed","Wed Oct 30 13:26:06 GMT 2024","","QUICK","QUICK",""
"","7000","hyperon-experimental_scripts.b2_backchain","","Wed Oct 30 13:10:17 GMT 2024","passed","Wed Oct 30 13:10:24 GMT 2024","","WHOLE-TESTS","WHOLE-TESTS",""
"","2","C1-GROUNDED-BASIC.02","","Wed Oct 30 13:14:28 GMT 2024","passed","Wed Oct 30 13:14:28 GMT 2024","","HYPERON-EXPERIMENTAL-SCRIPTS","HYPERON-EXPERIMENTAL-SCRIPTS",""
"","2","XOR-TEST.07","","Wed Oct 30 13:17:12 GMT 2024","passed","Wed Oct 30 13:17:12 GMT 2024","","HYPERON-METTALOG-SANITY","HYPERON-METTALOG-SANITY",""
"","2","SEQUENTIAL-NESTED.08","","Wed Oct 30 13:22:47 GMT 2024","passed","Wed Oct 30 13:22:47 GMT 2024","","METTA-MORPH-TESTS","METTA-MORPH-TESTS",""
"","140","NALIFIER.01","","Wed Oct 30 13:22:47 GMT 2024","passed","Wed Oct 30 13:22:47 GMT 2024","","METTA-MORPH-TESTS","METTA-MORPH-TESTS",""
"","2","F1-MODULEA.02","","Wed Oct 30 13:26:06 GMT 2024","passed","Wed Oct 30 13:26:06 GMT 2024","","QUICK","QUICK",""
"","80","C1-GROUNDED-BASIC.15","","Wed Oct 30 13:26:06 GMT 2024","failed","Wed Oct 30 13:26:06 GMT 2024","","QUICK","QUICK",""
"","3","E2-STATES.01","","Wed Oct 30 13:14:28 GMT 2024","passed","Wed Oct 30 13:14:28 GMT 2024","","HYPERON-EXPERIMENTAL-SCRIPTS","HYPERON-EXPERIMENTAL-SCRIPTS",""
"","2","F1-IMPORTS.06","","Wed Oct 30 13:26:06 GMT 2024","passed","Wed Oct 30 13:26:06 GMT 2024","","QUICK","QUICK",""
"","63","B5-TYPES-PRELIM.14","","Wed Oct 30 13:14:28 GMT 2024","failed","Wed Oct 30 13:14:28 GMT 2024","","HYPERON-EXPERIMENTAL-SCRIPTS","HYPERON-EXPERIMENTAL-SCRIPTS",""
"","3","SEALED-TEST.02","","Wed Oct 30 13:17:12 GMT 2024","passed","Wed Oct 30 13:17:12 GMT 2024","","HYPERON-METTALOG-SANITY","HYPERON-METTALOG-SANITY",""
"","2","D4-TYPE-PROP.12","","Wed Oct 30 13:26:06 GMT 2024","passed","Wed Oct 30 13:26:06 GMT 2024","","QUICK","QUICK",""
"","2","FUNCTIONAL-PROGRAMMING-TESTS.09","","Wed Oct 30 13:17:12 GMT 2024","passed","Wed Oct 30 13:17:12 GMT 2024","","HYPERON-METTALOG-SANITY","HYPERON-METTALOG-SANITY",""
"","2","STRING-TESTS.02","","Wed Oct 30 13:17:12 GMT 2024","passed","Wed Oct 30 13:17:12 GMT 2024","","HYPERON-METTALOG-SANITY","HYPERON-METTALOG-SANITY",""
"","2","TEST-IF-CLOSED.09","","Wed Oct 30 13:10:24 GMT 2024","passed","Wed Oct 30 13:10:24 GMT 2024","","ANTI-REGRESSION","ANTI-REGRESSION",""
"","2","INTERSECTION-TESTS.17","","Wed Oct 30 13:17:12 GMT 2024","passed","Wed Oct 30 13:17:12 GMT 2024","","HYPERON-METTALOG-SANITY","HYPERON-METTALOG-SANITY",""
"","1","XOR-TEST.04","","Wed Oct 30 13:17:12 GMT 2024","passed","Wed Oct 30 13:17:12 GMT 2024","","HYPERON-METTALOG-SANITY","HYPERON-METTALOG-SANITY",""
"","6","D1-GADT.07","","Wed Oct 30 13:26:06 GMT 2024","passed","Wed Oct 30 13:26:06 GMT 2024","","QUICK","QUICK",""
"","108","INTERSECTION-TESTS.21","","Wed Oct 30 13:17:12 GMT 2024","passed","Wed Oct 30 13:17:12 GMT 2024","","HYPERON-METTALOG-SANITY","HYPERON-METTALOG-SANITY",""
"","7000","metta-morph_tests.types2","","Wed Oct 30 13:10:17 GMT 2024","passed","Wed Oct 30 13:10:24 GMT 2024","","WHOLE-TESTS","WHOLE-TESTS",""
"","3","INTERSECTION-TESTS.01","","Wed Oct 30 13:17:12 GMT 2024","passed","Wed Oct 30 13:17:12 GMT 2024","","HYPERON-METTALOG-SANITY","HYPERON-METTALOG-SANITY",""
"","2","F1-IMPORTS.06","","Wed Oct 30 13:14:28 GMT 2024","passed","Wed Oct 30 13:14:28 GMT 2024","","HYPERON-EXPERIMENTAL-SCRIPTS","HYPERON-EXPERIMENTAL-SCRIPTS",""
"","3","FIND-ALL-TESTS.02","","Wed Oct 30 13:17:12 GMT 2024","passed","Wed Oct 30 13:17:12 GMT 2024","","HYPERON-METTALOG-SANITY","HYPERON-METTALOG-SANITY",""
"","2","D2-HIGHERFUNC.05","","Wed Oct 30 13:26:06 GMT 2024","passed","Wed Oct 30 13:26:06 GMT 2024","","QUICK","QUICK",""
"","113","SPACE-INTERSECTION-TESTS.09","","Wed Oct 30 13:17:12 GMT 2024","failed","Wed Oct 30 13:17:12 GMT 2024","","HYPERON-METTALOG-SANITY","HYPERON-METTALOG-SANITY",""
"","2","TYPES2.03","","Wed Oct 30 13:22:47 GMT 2024","passed","Wed Oct 30 13:22:47 GMT 2024","","METTA-MORPH-TESTS","METTA-MORPH-TESTS",""
"","61","F1-IMPORTS.21","","Wed Oct 30 13:14:28 GMT 2024","passed","Wed Oct 30 13:14:28 GMT 2024","","HYPERON-EXPERIMENTAL-SCRIPTS","HYPERON-EXPERIMENTAL-SCRIPTS",""
"","1","D4-TYPE-PROP.15","","Wed Oct 30 13:14:28 GMT 2024","passed","Wed Oct 30 13:14:28 GMT 2024","","HYPERON-EXPERIMENTAL-SCRIPTS","HYPERON-EXPERIMENTAL-SCRIPTS",""
"","5","SPACE-SUBTRACTION-TESTS.10","","Wed Oct 30 13:17:12 GMT 2024","passed","Wed Oct 30 13:17:12 GMT 2024","","HYPERON-METTALOG-SANITY","HYPERON-METTALOG-SANITY",""
"","13","D1-GADT.05","","Wed Oct 30 13:26:06 GMT 2024","passed","Wed Oct 30 13:26:06 GMT 2024","","QUICK","QUICK",""
"","293","SPACE-SUBTRACTION-TESTS.07","","Wed Oct 30 13:17:12 GMT 2024","passed","Wed Oct 30 13:17:12 GMT 2024","","HYPERON-METTALOG-SANITY","HYPERON-METTALOG-SANITY",""
"","3","CATCH-THROW-TESTS.01","","Wed Oct 30 13:17:12 GMT 2024","passed","Wed Oct 30 13:17:12 GMT 2024","","HYPERON-METTALOG-SANITY","HYPERON-METTALOG-SANITY",""
"","2","TEST-SPO-100.01","","Wed Oct 30 13:11:20 GMT 2024","passed","Wed Oct 30 13:11:20 GMT 2024","","METTA-WAM-ISSUE-116","METTA-WAM-ISSUE-116",""
"","2","C1-GROUNDED-BASIC.02","","Wed Oct 30 13:26:06 GMT 2024","passed","Wed Oct 30 13:26:06 GMT 2024","","QUICK","QUICK",""
"","2","F1-IMPORTS.13","","Wed Oct 30 13:10:09 GMT 2024","passed","Wed Oct 30 13:10:09 GMT 2024","","MODULE-SYSTEM","MODULE-SYSTEM",""
"","6000","metta-morph_tests.letlet","","Wed Oct 30 13:10:17 GMT 2024","passed","Wed Oct 30 13:10:23 GMT 2024","","WHOLE-TESTS","WHOLE-TESTS",""
"","2","C1-GROUNDED-BASIC.19","","Wed Oct 30 13:14:28 GMT 2024","passed","Wed Oct 30 13:14:28 GMT 2024","","HYPERON-EXPERIMENTAL-SCRIPTS","HYPERON-EXPERIMENTAL-SCRIPTS",""
"","3","SUPERCOLLAPSE.01","","Wed Oct 30 13:22:47 GMT 2024","passed","Wed Oct 30 13:22:47 GMT 2024","","METTA-MORPH-TESTS","METTA-MORPH-TESTS",""
"","2","SEQUENTIAL-NESTED.03","","Wed Oct 30 13:22:47 GMT 2024","passed","Wed Oct 30 13:22:47 GMT 2024","","METTA-MORPH-TESTS","METTA-MORPH-TESTS",""
"","2","B0-CHAINING-PRELIM.03","","Wed Oct 30 13:14:28 GMT 2024","passed","Wed Oct 30 13:14:28 GMT 2024","","HYPERON-EXPERIMENTAL-SCRIPTS","HYPERON-EXPERIMENTAL-SCRIPTS",""
"","74","F1-IMPORTS.14","","Wed Oct 30 13:10:09 GMT 2024","passed","Wed Oct 30 13:10:09 GMT 2024","","MODULE-SYSTEM","MODULE-SYSTEM",""
"","3","E2-STATES.11","","Wed Oct 30 13:14:28 GMT 2024","passed","Wed Oct 30 13:14:28 GMT 2024","","HYPERON-EXPERIMENTAL-SCRIPTS","HYPERON-EXPERIMENTAL-SCRIPTS",""
"","2","03-SORING-VIA-INSERT.03","","Wed Oct 30 13:17:12 GMT 2024","passed","Wed Oct 30 13:17:12 GMT 2024","","HYPERON-METTALOG-SANITY","HYPERON-METTALOG-SANITY",""
"","2","OR-TEST.08","","Wed Oct 30 13:17:12 GMT 2024","passed","Wed Oct 30 13:17:12 GMT 2024","","HYPERON-METTALOG-SANITY","HYPERON-METTALOG-SANITY",""
"","3","RUST-01.01","","Wed Oct 30 13:26:50 GMT 2024","passed","Wed Oct 30 13:26:50 GMT 2024","","BASELINE-COMPAT","BASELINE-COMPAT",""
"","2","NESTED-PARAMETERS.01","","Wed Oct 30 13:22:47 GMT 2024","passed","Wed Oct 30 13:22:47 GMT 2024","","METTA-MORPH-TESTS","METTA-MORPH-TESTS",""
"","3","D2-HIGHERFUNC.25","","Wed Oct 30 13:14:28 GMT 2024","passed","Wed Oct 30 13:14:28 GMT 2024","","HYPERON-EXPERIMENTAL-SCRIPTS","HYPERON-EXPERIMENTAL-SCRIPTS",""
"","7000","hyperon-experimental_scripts.c2_spaces","","Wed Oct 30 13:10:17 GMT 2024","passed","Wed Oct 30 13:10:24 GMT 2024","","WHOLE-TESTS","WHOLE-TESTS",""
"","3","F1-MODULEA.02","","Wed Oct 30 13:14:28 GMT 2024","passed","Wed Oct 30 13:14:28 GMT 2024","","HYPERON-EXPERIMENTAL-SCRIPTS","HYPERON-EXPERIMENTAL-SCRIPTS",""
"","2","STRING-TESTS.04","","Wed Oct 30 13:17:12 GMT 2024","passed","Wed Oct 30 13:17:12 GMT 2024","","HYPERON-METTALOG-SANITY","HYPERON-METTALOG-SANITY",""
"","2","MATCH-VOID.07","","Wed Oct 30 13:22:47 GMT 2024","passed","Wed Oct 30 13:22:47 GMT 2024","","METTA-MORPH-TESTS","METTA-MORPH-TESTS",""
"","7000","metta-morph_tests.match_feval","","Wed Oct 30 13:10:17 GMT 2024","passed","Wed Oct 30 13:10:24 GMT 2024","","WHOLE-TESTS","WHOLE-TESTS",""
"","3","SUBTRACTION-TEST.01","","Wed Oct 30 13:17:12 GMT 2024","passed","Wed Oct 30 13:17:12 GMT 2024","","HYPERON-METTALOG-SANITY","HYPERON-METTALOG-SANITY",""
"","2","TYPES2.04","","Wed Oct 30 13:22:47 GMT 2024","passed","Wed Oct 30 13:22:47 GMT 2024","","METTA-MORPH-TESTS","METTA-MORPH-TESTS",""
"","7000","hyperon-experimental_scripts.c1_grounded_basic","","Wed Oct 30 13:10:17 GMT 2024","passed","Wed Oct 30 13:10:24 GMT 2024","","WHOLE-TESTS","WHOLE-TESTS",""
"","2","B5-TYPES-PRELIM.16","","Wed Oct 30 13:14:28 GMT 2024","passed","Wed Oct 30 13:14:28 GMT 2024","","HYPERON-EXPERIMENTAL-SCRIPTS","HYPERON-EXPERIMENTAL-SCRIPTS",""
"","3","C1-GROUNDED-BASIC.01","","Wed Oct 30 13:26:06 GMT 2024","passed","Wed Oct 30 13:26:06 GMT 2024","","QUICK","QUICK",""
"","15","D1-GADT.04","","Wed Oct 30 13:26:06 GMT 2024","passed","Wed Oct 30 13:26:06 GMT 2024","","QUICK","QUICK",""
"","1","XOR-TEST.08","","Wed Oct 30 13:17:12 GMT 2024","passed","Wed Oct 30 13:17:12 GMT 2024","","HYPERON-METTALOG-SANITY","HYPERON-METTALOG-SANITY",""
"","2","D3-DEPTYPES.06","","Wed Oct 30 13:14:28 GMT 2024","passed","Wed Oct 30 13:14:28 GMT 2024","","HYPERON-EXPERIMENTAL-SCRIPTS","HYPERON-EXPERIMENTAL-SCRIPTS",""
"","79","F1-IMPORTS.21","","Wed Oct 30 13:26:06 GMT 2024","passed","Wed Oct 30 13:26:06 GMT 2024","","QUICK","QUICK",""
"","3","SPACE-INTERSECTION-TESTS.15","","Wed Oct 30 13:17:12 GMT 2024","passed","Wed Oct 30 13:17:12 GMT 2024","","HYPERON-METTALOG-SANITY","HYPERON-METTALOG-SANITY",""
"","4","SEALED-TEST.07","","Wed Oct 30 13:17:12 GMT 2024","passed","Wed Oct 30 13:17:12 GMT 2024","","HYPERON-METTALOG-SANITY","HYPERON-METTALOG-SANITY",""
"","1","00-LANG-CASE.02","","Wed Oct 30 13:17:12 GMT 2024","passed","Wed Oct 30 13:17:12 GMT 2024","","HYPERON-METTALOG-SANITY","HYPERON-METTALOG-SANITY",""
"","3","RUST-02.01","","Wed Oct 30 13:26:50 GMT 2024","passed","Wed Oct 30 13:26:50 GMT 2024","","BASELINE-COMPAT","BASELINE-COMPAT",""
"","41000","anti-regression.mettalogTestCurried","","Wed Oct 30 13:10:17 GMT 2024","passed","Wed Oct 30 13:10:58 GMT 2024","","WHOLE-TESTS","WHOLE-TESTS",""
"","2","C1-GROUNDED-BASIC.19","","Wed Oct 30 13:26:06 GMT 2024","passed","Wed Oct 30 13:26:06 GMT 2024","","QUICK","QUICK",""
"","3","A1-SYMBOLS.05","","Wed Oct 30 13:14:28 GMT 2024","passed","Wed Oct 30 13:14:28 GMT 2024","","HYPERON-EXPERIMENTAL-SCRIPTS","HYPERON-EXPERIMENTAL-SCRIPTS",""
"","2","INTERSECTION-TESTS.04","","Wed Oct 30 13:17:12 GMT 2024","passed","Wed Oct 30 13:17:12 GMT 2024","","HYPERON-METTALOG-SANITY","HYPERON-METTALOG-SANITY",""
"","2","B4-NONDETERM.09","","Wed Oct 30 13:14:28 GMT 2024","passed","Wed Oct 30 13:14:28 GMT 2024","","HYPERON-EXPERIMENTAL-SCRIPTS","HYPERON-EXPERIMENTAL-SCRIPTS",""
"","45000","synth_buffer.time_synthesize_long","","Wed Oct 30 13:10:17 GMT 2024","failed","Wed Oct 30 13:11:02 GMT 2024","","WHOLE-TESTS","WHOLE-TESTS",""
"","3","B3-DIRECT.01","","Wed Oct 30 13:14:28 GMT 2024","passed","Wed Oct 30 13:14:28 GMT 2024","","HYPERON-EXPERIMENTAL-SCRIPTS","HYPERON-EXPERIMENTAL-SCRIPTS",""
"","77","D2-HIGHERFUNC.07","","Wed Oct 30 13:14:28 GMT 2024","failed","Wed Oct 30 13:14:28 GMT 2024","","HYPERON-EXPERIMENTAL-SCRIPTS","HYPERON-EXPERIMENTAL-SCRIPTS",""
"","1","D4-TYPE-PROP.05","","Wed Oct 30 13:26:06 GMT 2024","passed","Wed Oct 30 13:26:06 GMT 2024","","QUICK","QUICK",""
"","84","INTERSECTION-TESTS.31","","Wed Oct 30 13:17:12 GMT 2024","failed","Wed Oct 30 13:17:12 GMT 2024","","HYPERON-METTALOG-SANITY","HYPERON-METTALOG-SANITY",""
"","2","SUBTRACTION-TEST.06","","Wed Oct 30 13:17:12 GMT 2024","passed","Wed Oct 30 13:17:12 GMT 2024","","HYPERON-METTALOG-SANITY","HYPERON-METTALOG-SANITY",""
"","2","D4-TYPE-PROP.06","","Wed Oct 30 13:14:28 GMT 2024","passed","Wed Oct 30 13:14:28 GMT 2024","","HYPERON-EXPERIMENTAL-SCRIPTS","HYPERON-EXPERIMENTAL-SCRIPTS",""
"","3","B5-TYPES-PRELIM.04","","Wed Oct 30 13:14:28 GMT 2024","passed","Wed Oct 30 13:14:28 GMT 2024","","HYPERON-EXPERIMENTAL-SCRIPTS","HYPERON-EXPERIMENTAL-SCRIPTS",""
"","2","HYPERPOSE.05","","Wed Oct 30 13:22:47 GMT 2024","passed","Wed Oct 30 13:22:47 GMT 2024","","METTA-MORPH-TESTS","METTA-MORPH-TESTS",""
"","533","TMPMATCH2.05","","Wed Oct 30 13:10:24 GMT 2024","passed","Wed Oct 30 13:10:24 GMT 2024","","ANTI-REGRESSION","ANTI-REGRESSION",""
"","3","SPACE-SUBTRACTION-TESTS.01","","Wed Oct 30 13:17:12 GMT 2024","passed","Wed Oct 30 13:17:12 GMT 2024","","HYPERON-METTALOG-SANITY","HYPERON-METTALOG-SANITY",""
"","2","D4-TYPE-PROP.10","","Wed Oct 30 13:14:28 GMT 2024","passed","Wed Oct 30 13:14:28 GMT 2024","","HYPERON-EXPERIMENTAL-SCRIPTS","HYPERON-EXPERIMENTAL-SCRIPTS",""
"","3","FACTORIAL.01","","Wed Oct 30 13:22:47 GMT 2024","passed","Wed Oct 30 13:22:47 GMT 2024","","METTA-MORPH-TESTS","METTA-MORPH-TESTS",""
"","71","E2-STATES.08","","Wed Oct 30 13:14:28 GMT 2024","failed","Wed Oct 30 13:14:28 GMT 2024","","HYPERON-EXPERIMENTAL-SCRIPTS","HYPERON-EXPERIMENTAL-SCRIPTS",""
"","7000","hyperon-mettalog_sanity.flip_test","","Wed Oct 30 13:10:17 GMT 2024","passed","Wed Oct 30 13:10:24 GMT 2024","","WHOLE-TESTS","WHOLE-TESTS",""
"","7000","quick.d1_gadt","","Wed Oct 30 13:10:17 GMT 2024","passed","Wed Oct 30 13:10:24 GMT 2024","","WHOLE-TESTS","WHOLE-TESTS",""
"","2","F1-MODULEA.01","","Wed Oct 30 13:26:06 GMT 2024","passed","Wed Oct 30 13:26:06 GMT 2024","","QUICK","QUICK",""
"","3","D4-TYPE-PROP.04","","Wed Oct 30 13:26:06 GMT 2024","passed","Wed Oct 30 13:26:06 GMT 2024","","QUICK","QUICK",""
"","4","SUBTRACTION-TEST.10","","Wed Oct 30 13:17:12 GMT 2024","passed","Wed Oct 30 13:17:12 GMT 2024","","HYPERON-METTALOG-SANITY","HYPERON-METTALOG-SANITY",""
"","13","D2-HIGHERFUNC.20","","Wed Oct 30 13:14:28 GMT 2024","passed","Wed Oct 30 13:14:28 GMT 2024","","HYPERON-EXPERIMENTAL-SCRIPTS","HYPERON-EXPERIMENTAL-SCRIPTS",""
"","3","SEQUENTIAL-NESTED.01","","Wed Oct 30 13:22:47 GMT 2024","passed","Wed Oct 30 13:22:47 GMT 2024","","METTA-MORPH-TESTS","METTA-MORPH-TESTS",""
"","2","IS-SPACE.03","","Wed Oct 30 13:17:12 GMT 2024","passed","Wed Oct 30 13:17:12 GMT 2024","","HYPERON-METTALOG-SANITY","HYPERON-METTALOG-SANITY",""
"","2","00-LANG-CASE.09","","Wed Oct 30 13:17:12 GMT 2024","passed","Wed Oct 30 13:17:12 GMT 2024","","HYPERON-METTALOG-SANITY","HYPERON-METTALOG-SANITY",""
"","2","D2-HIGHERFUNC.23","","Wed Oct 30 13:26:06 GMT 2024","passed","Wed Oct 30 13:26:06 GMT 2024","","QUICK","QUICK",""
"","2","B4-NONDETERM.05","","Wed Oct 30 13:14:28 GMT 2024","passed","Wed Oct 30 13:14:28 GMT 2024","","HYPERON-EXPERIMENTAL-SCRIPTS","HYPERON-EXPERIMENTAL-SCRIPTS",""
"","2","03-SORING-VIA-INSERT.05","","Wed Oct 30 13:17:12 GMT 2024","passed","Wed Oct 30 13:17:12 GMT 2024","","HYPERON-METTALOG-SANITY","HYPERON-METTALOG-SANITY",""
"","132","TESTS0.01","","Wed Oct 30 13:22:47 GMT 2024","passed","Wed Oct 30 13:22:47 GMT 2024","","METTA-MORPH-TESTS","METTA-MORPH-TESTS",""
"","2","F1-IMPORTS.20","","Wed Oct 30 13:26:06 GMT 2024","passed","Wed Oct 30 13:26:06 GMT 2024","","QUICK","QUICK",""
"","2","XOR-TEST.09","","Wed Oct 30 13:17:12 GMT 2024","passed","Wed Oct 30 13:17:12 GMT 2024","","HYPERON-METTALOG-SANITY","HYPERON-METTALOG-SANITY",""
"","1","OR-TEST.05","","Wed Oct 30 13:17:12 GMT 2024","passed","Wed Oct 30 13:17:12 GMT 2024","","HYPERON-METTALOG-SANITY","HYPERON-METTALOG-SANITY",""
"","2","METTALOGTESTCURRIED2.06","","Wed Oct 30 13:10:24 GMT 2024","passed","Wed Oct 30 13:10:24 GMT 2024","","ANTI-REGRESSION","ANTI-REGRESSION",""
"","3","D4-TYPE-PROP.01","","Wed Oct 30 13:26:06 GMT 2024","passed","Wed Oct 30 13:26:06 GMT 2024","","QUICK","QUICK",""
"","3","SPACE-INTERSECTION-TESTS.13","","Wed Oct 30 13:17:12 GMT 2024","passed","Wed Oct 30 13:17:12 GMT 2024","","HYPERON-METTALOG-SANITY","HYPERON-METTALOG-SANITY",""
"","7000","anti-regression.test_if_closed","","Wed Oct 30 13:10:17 GMT 2024","passed","Wed Oct 30 13:10:24 GMT 2024","","WHOLE-TESTS","WHOLE-TESTS",""
"","5","OR-TEST.01","","Wed Oct 30 13:17:12 GMT 2024","passed","Wed Oct 30 13:17:12 GMT 2024","","HYPERON-METTALOG-SANITY","HYPERON-METTALOG-SANITY",""
"","3","TYPES3.01","","Wed Oct 30 13:22:47 GMT 2024","passed","Wed Oct 30 13:22:47 GMT 2024","","METTA-MORPH-TESTS","METTA-MORPH-TESTS",""
"","1","C1-GROUNDED-BASIC.12","","Wed Oct 30 13:14:28 GMT 2024","passed","Wed Oct 30 13:14:28 GMT 2024","","HYPERON-EXPERIMENTAL-SCRIPTS","HYPERON-EXPERIMENTAL-SCRIPTS",""
"","23912","SYNTHESIZE.01","","Wed Oct 30 13:20:24 GMT 2024","passed","Wed Oct 30 13:20:47 GMT 2024","","SYNTH-BUFFER","SYNTH-BUFFER",""
"","3","00-LANG-CASE.13","","Wed Oct 30 13:17:12 GMT 2024","passed","Wed Oct 30 13:17:12 GMT 2024","","HYPERON-METTALOG-SANITY","HYPERON-METTALOG-SANITY",""
"","2","STRING-TESTS.03","","Wed Oct 30 13:17:12 GMT 2024","passed","Wed Oct 30 13:17:12 GMT 2024","","HYPERON-METTALOG-SANITY","HYPERON-METTALOG-SANITY",""
"","7","SPACE-INTERSECTION-TESTS.03","","Wed Oct 30 13:17:12 GMT 2024","passed","Wed Oct 30 13:17:12 GMT 2024","","HYPERON-METTALOG-SANITY","HYPERON-METTALOG-SANITY",""
"","2","MATCH-VOID.08","","Wed Oct 30 13:22:47 GMT 2024","passed","Wed Oct 30 13:22:47 GMT 2024","","METTA-MORPH-TESTS","METTA-MORPH-TESTS",""
"","2","MATCH-SUPERPOSED-SPACES.03","","Wed Oct 30 13:22:47 GMT 2024","passed","Wed Oct 30 13:22:47 GMT 2024","","METTA-MORPH-TESTS","METTA-MORPH-TESTS",""
"","2","SUPERPOSE-NESTED.04","","Wed Oct 30 13:22:47 GMT 2024","passed","Wed Oct 30 13:22:47 GMT 2024","","METTA-MORPH-TESTS","METTA-MORPH-TESTS",""
"","2","E3-MATCH-STATES.02","","Wed Oct 30 13:14:28 GMT 2024","passed","Wed Oct 30 13:14:28 GMT 2024","","HYPERON-EXPERIMENTAL-SCRIPTS","HYPERON-EXPERIMENTAL-SCRIPTS",""
"","18000","metta-wam-issue-116.test_spo_116378","","Wed Oct 30 13:10:17 GMT 2024","passed","Wed Oct 30 13:10:35 GMT 2024","","WHOLE-TESTS","WHOLE-TESTS",""
"","2","C2-SPACES.05","","Wed Oct 30 13:14:28 GMT 2024","passed","Wed Oct 30 13:14:28 GMT 2024","","HYPERON-EXPERIMENTAL-SCRIPTS","HYPERON-EXPERIMENTAL-SCRIPTS",""
"","2","D2-HIGHERFUNC.04","","Wed Oct 30 13:14:28 GMT 2024","passed","Wed Oct 30 13:14:28 GMT 2024","","HYPERON-EXPERIMENTAL-SCRIPTS","HYPERON-EXPERIMENTAL-SCRIPTS",""
"","1","OR-TEST.18","","Wed Oct 30 13:17:12 GMT 2024","passed","Wed Oct 30 13:17:12 GMT 2024","","HYPERON-METTALOG-SANITY","HYPERON-METTALOG-SANITY",""
"","2","B5-TYPES-PRELIM.21","","Wed Oct 30 13:14:28 GMT 2024","passed","Wed Oct 30 13:14:28 GMT 2024","","HYPERON-EXPERIMENTAL-SCRIPTS","HYPERON-EXPERIMENTAL-SCRIPTS",""
"","98","BASE-TEST-REPR-PARSE-INTERSECTION.01","","Wed Oct 30 13:17:12 GMT 2024","passed","Wed Oct 30 13:17:12 GMT 2024","","HYPERON-METTALOG-SANITY","HYPERON-METTALOG-SANITY",""
"","61","G1-DOCS.03","","Wed Oct 30 13:14:28 GMT 2024","failed","Wed Oct 30 13:14:28 GMT 2024","","HYPERON-EXPERIMENTAL-SCRIPTS","HYPERON-EXPERIMENTAL-SCRIPTS",""
"","2","A1-SYMBOLS.03","","Wed Oct 30 13:14:28 GMT 2024","passed","Wed Oct 30 13:14:28 GMT 2024","","HYPERON-EXPERIMENTAL-SCRIPTS","HYPERON-EXPERIMENTAL-SCRIPTS",""
"","2","SUPERCOLLAPSE.06","","Wed Oct 30 13:22:47 GMT 2024","passed","Wed Oct 30 13:22:47 GMT 2024","","METTA-MORPH-TESTS","METTA-MORPH-TESTS",""
"","2","F1-IMPORTS.02","","Wed Oct 30 13:10:09 GMT 2024","passed","Wed Oct 30 13:10:09 GMT 2024","","MODULE-SYSTEM","MODULE-SYSTEM",""
"","2","B4-NONDETERM.04","","Wed Oct 30 13:14:28 GMT 2024","passed","Wed Oct 30 13:14:28 GMT 2024","","HYPERON-EXPERIMENTAL-SCRIPTS","HYPERON-EXPERIMENTAL-SCRIPTS",""
"","2","D2-HIGHERFUNC.23","","Wed Oct 30 13:14:28 GMT 2024","passed","Wed Oct 30 13:14:28 GMT 2024","","HYPERON-EXPERIMENTAL-SCRIPTS","HYPERON-EXPERIMENTAL-SCRIPTS",""
"","3","INTERSECTION-TESTS.12","","Wed Oct 30 13:17:12 GMT 2024","passed","Wed Oct 30 13:17:12 GMT 2024","","HYPERON-METTALOG-SANITY","HYPERON-METTALOG-SANITY",""
"","2","CATCH-THROW-TESTS.05","","Wed Oct 30 13:17:12 GMT 2024","passed","Wed Oct 30 13:17:12 GMT 2024","","HYPERON-METTALOG-SANITY","HYPERON-METTALOG-SANITY",""
"","2","BC-COMP.05","","Wed Oct 30 13:10:24 GMT 2024","passed","Wed Oct 30 13:10:24 GMT 2024","","ANTI-REGRESSION","ANTI-REGRESSION",""
"","7000","anti-regression.comma_is_not_special","","Wed Oct 30 13:10:17 GMT 2024","passed","Wed Oct 30 13:10:24 GMT 2024","","WHOLE-TESTS","WHOLE-TESTS",""
"","2","F1-IMPORTS.11","","Wed Oct 30 13:14:28 GMT 2024","passed","Wed Oct 30 13:14:28 GMT 2024","","HYPERON-EXPERIMENTAL-SCRIPTS","HYPERON-EXPERIMENTAL-SCRIPTS",""
"","2","D4-TYPE-PROP.08","","Wed Oct 30 13:14:28 GMT 2024","passed","Wed Oct 30 13:14:28 GMT 2024","","HYPERON-EXPERIMENTAL-SCRIPTS","HYPERON-EXPERIMENTAL-SCRIPTS",""
"","7000","hyperon-experimental_scripts.d1_gadt","","Wed Oct 30 13:10:17 GMT 2024","passed","Wed Oct 30 13:10:24 GMT 2024","","WHOLE-TESTS","WHOLE-TESTS",""
"","2","03-SORING-VIA-INSERT.04","","Wed Oct 30 13:17:12 GMT 2024","passed","Wed Oct 30 13:17:12 GMT 2024","","HYPERON-METTALOG-SANITY","HYPERON-METTALOG-SANITY",""
"","2","B1-EQUAL-CHAIN.02","","Wed Oct 30 13:14:28 GMT 2024","passed","Wed Oct 30 13:14:28 GMT 2024","","HYPERON-EXPERIMENTAL-SCRIPTS","HYPERON-EXPERIMENTAL-SCRIPTS",""
"","134","SPACE-INTERSECTION-TESTS.07","","Wed Oct 30 13:17:12 GMT 2024","failed","Wed Oct 30 13:17:12 GMT 2024","","HYPERON-METTALOG-SANITY","HYPERON-METTALOG-SANITY",""
"","7000","hyperon-experimental_scripts.c3_pln_stv","","Wed Oct 30 13:10:17 GMT 2024","passed","Wed Oct 30 13:10:24 GMT 2024","","WHOLE-TESTS","WHOLE-TESTS",""
"","3","BCHAIN.04","","Wed Oct 30 13:10:24 GMT 2024","passed","Wed Oct 30 13:10:24 GMT 2024","","ANTI-REGRESSION","ANTI-REGRESSION",""
"","2","INTERSECTION-TESTS.10","","Wed Oct 30 13:17:12 GMT 2024","passed","Wed Oct 30 13:17:12 GMT 2024","","HYPERON-METTALOG-SANITY","HYPERON-METTALOG-SANITY",""
"","8000","hyperon-experimental_scripts.b5_types_prelim","","Wed Oct 30 13:10:17 GMT 2024","passed","Wed Oct 30 13:10:25 GMT 2024","","WHOLE-TESTS","WHOLE-TESTS",""
"","7000","metta-morph_tests.match_void","","Wed Oct 30 13:10:17 GMT 2024","passed","Wed Oct 30 13:10:24 GMT 2024","","WHOLE-TESTS","WHOLE-TESTS",""
"","2","F1-IMPORTS.01","","Wed Oct 30 13:26:06 GMT 2024","passed","Wed Oct 30 13:26:06 GMT 2024","","QUICK","QUICK",""
"","2","F1-IMPORTS.14","","Wed Oct 30 13:14:28 GMT 2024","passed","Wed Oct 30 13:14:28 GMT 2024","","HYPERON-EXPERIMENTAL-SCRIPTS","HYPERON-EXPERIMENTAL-SCRIPTS",""
"","7000","hyperon-experimental_scripts.a1_symbols","","Wed Oct 30 13:10:17 GMT 2024","passed","Wed Oct 30 13:10:24 GMT 2024","","WHOLE-TESTS","WHOLE-TESTS",""
"","2","OR-TEST.06","","Wed Oct 30 13:17:12 GMT 2024","passed","Wed Oct 30 13:17:12 GMT 2024","","HYPERON-METTALOG-SANITY","HYPERON-METTALOG-SANITY",""
"","45000","synth_buffer.time_synthesize","","Wed Oct 30 13:10:17 GMT 2024","failed","Wed Oct 30 13:11:02 GMT 2024","","WHOLE-TESTS","WHOLE-TESTS",""
"","3","C1-GROUNDED-BASIC.08","","Wed Oct 30 13:14:28 GMT 2024","passed","Wed Oct 30 13:14:28 GMT 2024","","HYPERON-EXPERIMENTAL-SCRIPTS","HYPERON-EXPERIMENTAL-SCRIPTS",""
"","14","E3-MATCH-STATES.06","","Wed Oct 30 13:14:28 GMT 2024","failed","Wed Oct 30 13:14:28 GMT 2024","","HYPERON-EXPERIMENTAL-SCRIPTS","HYPERON-EXPERIMENTAL-SCRIPTS",""
"","1","B2-BACKCHAIN.04","","Wed Oct 30 13:14:28 GMT 2024","passed","Wed Oct 30 13:14:28 GMT 2024","","HYPERON-EXPERIMENTAL-SCRIPTS","HYPERON-EXPERIMENTAL-SCRIPTS",""
"","11","MATCH-VOID.05","","Wed Oct 30 13:22:47 GMT 2024","passed","Wed Oct 30 13:22:47 GMT 2024","","METTA-MORPH-TESTS","METTA-MORPH-TESTS",""
"","2","OR-TEST.03","","Wed Oct 30 13:17:12 GMT 2024","passed","Wed Oct 30 13:17:12 GMT 2024","","HYPERON-METTALOG-SANITY","HYPERON-METTALOG-SANITY",""
"","2","INTERSECTION-TESTS.13","","Wed Oct 30 13:17:12 GMT 2024","passed","Wed Oct 30 13:17:12 GMT 2024","","HYPERON-METTALOG-SANITY","HYPERON-METTALOG-SANITY",""
"","3","B5-TYPES-PRELIM.07","","Wed Oct 30 13:14:28 GMT 2024","passed","Wed Oct 30 13:14:28 GMT 2024","","HYPERON-EXPERIMENTAL-SCRIPTS","HYPERON-EXPERIMENTAL-SCRIPTS",""
"","66","OR-TEST.02","","Wed Oct 30 13:17:12 GMT 2024","failed","Wed Oct 30 13:17:12 GMT 2024","","HYPERON-METTALOG-SANITY","HYPERON-METTALOG-SANITY",""
"","2","C1-GROUNDED-BASIC.18","","Wed Oct 30 13:14:28 GMT 2024","passed","Wed Oct 30 13:14:28 GMT 2024","","HYPERON-EXPERIMENTAL-SCRIPTS","HYPERON-EXPERIMENTAL-SCRIPTS",""
"","3","SUPERCOLLAPSE.08","","Wed Oct 30 13:22:47 GMT 2024","passed","Wed Oct 30 13:22:47 GMT 2024","","METTA-MORPH-TESTS","METTA-MORPH-TESTS",""
"","3","HYPERPOSE.01","","Wed Oct 30 13:22:47 GMT 2024","passed","Wed Oct 30 13:22:47 GMT 2024","","METTA-MORPH-TESTS","METTA-MORPH-TESTS",""
"","3","IDENTITY.01","","Wed Oct 30 13:22:47 GMT 2024","passed","Wed Oct 30 13:22:47 GMT 2024","","METTA-MORPH-TESTS","METTA-MORPH-TESTS",""
"","3","D4-TYPE-PROP.10","","Wed Oct 30 13:26:06 GMT 2024","passed","Wed Oct 30 13:26:06 GMT 2024","","QUICK","QUICK",""
"","3","ADD-ATOM-MATCH.01","","Wed Oct 30 13:22:47 GMT 2024","passed","Wed Oct 30 13:22:47 GMT 2024","","METTA-MORPH-TESTS","METTA-MORPH-TESTS",""
"","1","XOR-TEST.02","","Wed Oct 30 13:17:12 GMT 2024","passed","Wed Oct 30 13:17:12 GMT 2024","","HYPERON-METTALOG-SANITY","HYPERON-METTALOG-SANITY",""
"","8000","module-system.f1_imports","","Wed Oct 30 13:10:17 GMT 2024","passed","Wed Oct 30 13:10:25 GMT 2024","","WHOLE-TESTS","WHOLE-TESTS",""
"","2","F1-IMPORTS.12","","Wed Oct 30 13:14:28 GMT 2024","passed","Wed Oct 30 13:14:28 GMT 2024","","HYPERON-EXPERIMENTAL-SCRIPTS","HYPERON-EXPERIMENTAL-SCRIPTS",""
"","2","FUNCTIONAL-PROGRAMMING-TESTS.03","","Wed Oct 30 13:17:12 GMT 2024","passed","Wed Oct 30 13:17:12 GMT 2024","","HYPERON-METTALOG-SANITY","HYPERON-METTALOG-SANITY",""
"","2","BCHAIN.03","","Wed Oct 30 13:10:24 GMT 2024","passed","Wed Oct 30 13:10:24 GMT 2024","","ANTI-REGRESSION","ANTI-REGRESSION",""
"","3","TYPES.01","","Wed Oct 30 13:22:47 GMT 2024","passed","Wed Oct 30 13:22:47 GMT 2024","","METTA-MORPH-TESTS","METTA-MORPH-TESTS",""
"","74","B5-TYPES-PRELIM.24","","Wed Oct 30 13:14:28 GMT 2024","failed","Wed Oct 30 13:14:28 GMT 2024","","HYPERON-EXPERIMENTAL-SCRIPTS","HYPERON-EXPERIMENTAL-SCRIPTS",""
"","2","CATCH-THROW-TESTS.10","","Wed Oct 30 13:17:12 GMT 2024","passed","Wed Oct 30 13:17:12 GMT 2024","","HYPERON-METTALOG-SANITY","HYPERON-METTALOG-SANITY",""
"","2","TEST-IF-CLOSED.05","","Wed Oct 30 13:10:24 GMT 2024","passed","Wed Oct 30 13:10:24 GMT 2024","","ANTI-REGRESSION","ANTI-REGRESSION",""
"","7000","metta-morph_tests.match_superposed_spaces","","Wed Oct 30 13:10:17 GMT 2024","passed","Wed Oct 30 13:10:24 GMT 2024","","WHOLE-TESTS","WHOLE-TESTS",""
"","2","D4-TYPE-PROP.14","","Wed Oct 30 13:26:06 GMT 2024","passed","Wed Oct 30 13:26:06 GMT 2024","","QUICK","QUICK",""
"","14","D2-HIGHERFUNC.22","","Wed Oct 30 13:14:28 GMT 2024","passed","Wed Oct 30 13:14:28 GMT 2024","","HYPERON-EXPERIMENTAL-SCRIPTS","HYPERON-EXPERIMENTAL-SCRIPTS",""
"","2","INTERSECTION-TESTS.09","","Wed Oct 30 13:17:12 GMT 2024","passed","Wed Oct 30 13:17:12 GMT 2024","","HYPERON-METTALOG-SANITY","HYPERON-METTALOG-SANITY",""
"","2","MATCH-VOID.06","","Wed Oct 30 13:22:47 GMT 2024","passed","Wed Oct 30 13:22:47 GMT 2024","","METTA-MORPH-TESTS","METTA-MORPH-TESTS",""
"","2","D2-HIGHERFUNC.12","","Wed Oct 30 13:26:06 GMT 2024","passed","Wed Oct 30 13:26:06 GMT 2024","","QUICK","QUICK",""
"","7000","hyperon-mettalog_sanity.subtraction_test","","Wed Oct 30 13:10:17 GMT 2024","passed","Wed Oct 30 13:10:24 GMT 2024","","WHOLE-TESTS","WHOLE-TESTS",""
"","2","00-LANG-CASE.18","","Wed Oct 30 13:17:12 GMT 2024","passed","Wed Oct 30 13:17:12 GMT 2024","","HYPERON-METTALOG-SANITY","HYPERON-METTALOG-SANITY",""
"","2","SPACE-INTERSECTION-TESTS.20","","Wed Oct 30 13:17:12 GMT 2024","passed","Wed Oct 30 13:17:12 GMT 2024","","HYPERON-METTALOG-SANITY","HYPERON-METTALOG-SANITY",""
"","3","UNIQUE-TEST.09","","Wed Oct 30 13:17:12 GMT 2024","passed","Wed Oct 30 13:17:12 GMT 2024","","HYPERON-METTALOG-SANITY","HYPERON-METTALOG-SANITY",""
"","7000","hyperon-mettalog_sanity.02-curried-plus","","Wed Oct 30 13:10:17 GMT 2024","passed","Wed Oct 30 13:10:24 GMT 2024","","WHOLE-TESTS","WHOLE-TESTS",""
"","2","D2-HIGHERFUNC.06","","Wed Oct 30 13:14:28 GMT 2024","passed","Wed Oct 30 13:14:28 GMT 2024","","HYPERON-EXPERIMENTAL-SCRIPTS","HYPERON-EXPERIMENTAL-SCRIPTS",""
"","7000","hyperon-mettalog_sanity.space_subtraction_tests","","Wed Oct 30 13:10:17 GMT 2024","passed","Wed Oct 30 13:10:24 GMT 2024","","WHOLE-TESTS","WHOLE-TESTS",""
"","2","F1-MODULEA.07","","Wed Oct 30 13:14:28 GMT 2024","passed","Wed Oct 30 13:14:28 GMT 2024","","HYPERON-EXPERIMENTAL-SCRIPTS","HYPERON-EXPERIMENTAL-SCRIPTS",""
"","3","BCHAIN.06","","Wed Oct 30 13:10:24 GMT 2024","passed","Wed Oct 30 13:10:24 GMT 2024","","ANTI-REGRESSION","ANTI-REGRESSION",""
"","93","B4-NONDETERM.10","","Wed Oct 30 13:14:28 GMT 2024","passed","Wed Oct 30 13:14:28 GMT 2024","","HYPERON-EXPERIMENTAL-SCRIPTS","HYPERON-EXPERIMENTAL-SCRIPTS",""
"","3","C1-GROUNDED-BASIC.23","","Wed Oct 30 13:14:28 GMT 2024","passed","Wed Oct 30 13:14:28 GMT 2024","","HYPERON-EXPERIMENTAL-SCRIPTS","HYPERON-EXPERIMENTAL-SCRIPTS",""
"","15","F1-IMPORTS.04","","Wed Oct 30 13:10:09 GMT 2024","failed","Wed Oct 30 13:10:09 GMT 2024","","MODULE-SYSTEM","MODULE-SYSTEM",""
"","2","C1-GROUNDED-BASIC.13","","Wed Oct 30 13:14:28 GMT 2024","passed","Wed Oct 30 13:14:28 GMT 2024","","HYPERON-EXPERIMENTAL-SCRIPTS","HYPERON-EXPERIMENTAL-SCRIPTS",""
"","2","D4-TYPE-PROP.17","","Wed Oct 30 13:26:06 GMT 2024","passed","Wed Oct 30 13:26:06 GMT 2024","","QUICK","QUICK",""
"","112","C1-GROUNDED-BASIC.14","","Wed Oct 30 13:14:28 GMT 2024","failed","Wed Oct 30 13:14:28 GMT 2024","","HYPERON-EXPERIMENTAL-SCRIPTS","HYPERON-EXPERIMENTAL-SCRIPTS",""
"","2","C2-SPACES.02","","Wed Oct 30 13:14:28 GMT 2024","passed","Wed Oct 30 13:14:28 GMT 2024","","HYPERON-EXPERIMENTAL-SCRIPTS","HYPERON-EXPERIMENTAL-SCRIPTS",""
"","2","CATCH-THROW-TESTS.03","","Wed Oct 30 13:17:12 GMT 2024","passed","Wed Oct 30 13:17:12 GMT 2024","","HYPERON-METTALOG-SANITY","HYPERON-METTALOG-SANITY",""
"","2","STRING-TESTS.14","","Wed Oct 30 13:17:12 GMT 2024","passed","Wed Oct 30 13:17:12 GMT 2024","","HYPERON-METTALOG-SANITY","HYPERON-METTALOG-SANITY",""
"","3","UNIQUE-TEST.07","","Wed Oct 30 13:17:12 GMT 2024","passed","Wed Oct 30 13:17:12 GMT 2024","","HYPERON-METTALOG-SANITY","HYPERON-METTALOG-SANITY",""
"","106","D5-AUTO-TYPES.04","","Wed Oct 30 13:14:28 GMT 2024","failed","Wed Oct 30 13:14:28 GMT 2024","","HYPERON-EXPERIMENTAL-SCRIPTS","HYPERON-EXPERIMENTAL-SCRIPTS",""
"","2","B3-DIRECT.03","","Wed Oct 30 13:14:28 GMT 2024","passed","Wed Oct 30 13:14:28 GMT 2024","","HYPERON-EXPERIMENTAL-SCRIPTS","HYPERON-EXPERIMENTAL-SCRIPTS",""
"","7000","metta-morph_tests.types3","","Wed Oct 30 13:10:17 GMT 2024","passed","Wed Oct 30 13:10:24 GMT 2024","","WHOLE-TESTS","WHOLE-TESTS",""
"","7000","hyperon-mettalog_sanity.unique_test","","Wed Oct 30 13:10:17 GMT 2024","passed","Wed Oct 30 13:10:24 GMT 2024","","WHOLE-TESTS","WHOLE-TESTS",""
"","2","SUBTRACTION-TEST.05","","Wed Oct 30 13:17:12 GMT 2024","passed","Wed Oct 30 13:17:12 GMT 2024","","HYPERON-METTALOG-SANITY","HYPERON-METTALOG-SANITY",""
"","2","OR-TEST.04","","Wed Oct 30 13:17:12 GMT 2024","passed","Wed Oct 30 13:17:12 GMT 2024","","HYPERON-METTALOG-SANITY","HYPERON-METTALOG-SANITY",""
"","2","SPACE-INTERSECTION-TESTS.02","","Wed Oct 30 13:17:12 GMT 2024","passed","Wed Oct 30 13:17:12 GMT 2024","","HYPERON-METTALOG-SANITY","HYPERON-METTALOG-SANITY",""
"","2","C2-SPACES.01","","Wed Oct 30 13:14:28 GMT 2024","passed","Wed Oct 30 13:14:28 GMT 2024","","HYPERON-EXPERIMENTAL-SCRIPTS","HYPERON-EXPERIMENTAL-SCRIPTS",""
"","2","D4-TYPE-PROP.12","","Wed Oct 30 13:14:28 GMT 2024","passed","Wed Oct 30 13:14:28 GMT 2024","","HYPERON-EXPERIMENTAL-SCRIPTS","HYPERON-EXPERIMENTAL-SCRIPTS",""
"","2","A1-SYMBOLS.06","","Wed Oct 30 13:14:28 GMT 2024","passed","Wed Oct 30 13:14:28 GMT 2024","","HYPERON-EXPERIMENTAL-SCRIPTS","HYPERON-EXPERIMENTAL-SCRIPTS",""
"","2","F1-MODULEA.04","","Wed Oct 30 13:26:06 GMT 2024","passed","Wed Oct 30 13:26:06 GMT 2024","","QUICK","QUICK",""
"","2","B5-TYPES-PRELIM.26","","Wed Oct 30 13:14:28 GMT 2024","passed","Wed Oct 30 13:14:28 GMT 2024","","HYPERON-EXPERIMENTAL-SCRIPTS","HYPERON-EXPERIMENTAL-SCRIPTS",""
"","7000","hyperon-experimental_scripts.d4_type_prop","","Wed Oct 30 13:10:17 GMT 2024","passed","Wed Oct 30 13:10:24 GMT 2024","","WHOLE-TESTS","WHOLE-TESTS",""
"","4","OR-TEST.17","","Wed Oct 30 13:17:12 GMT 2024","passed","Wed Oct 30 13:17:12 GMT 2024","","HYPERON-METTALOG-SANITY","HYPERON-METTALOG-SANITY",""
"","82","D2-HIGHERFUNC.07","","Wed Oct 30 13:26:06 GMT 2024","failed","Wed Oct 30 13:26:06 GMT 2024","","QUICK","QUICK",""
"","3","D2-HIGHERFUNC.27","","Wed Oct 30 13:14:28 GMT 2024","passed","Wed Oct 30 13:14:28 GMT 2024","","HYPERON-EXPERIMENTAL-SCRIPTS","HYPERON-EXPERIMENTAL-SCRIPTS",""
"","95","B5-TYPES-PRELIM.11","","Wed Oct 30 13:14:28 GMT 2024","failed","Wed Oct 30 13:14:28 GMT 2024","","HYPERON-EXPERIMENTAL-SCRIPTS","HYPERON-EXPERIMENTAL-SCRIPTS",""
"","6","UNIQUE-TEST.14","","Wed Oct 30 13:17:12 GMT 2024","passed","Wed Oct 30 13:17:12 GMT 2024","","HYPERON-METTALOG-SANITY","HYPERON-METTALOG-SANITY",""
"","2","D4-TYPE-PROP.16","","Wed Oct 30 13:14:28 GMT 2024","passed","Wed Oct 30 13:14:28 GMT 2024","","HYPERON-EXPERIMENTAL-SCRIPTS","HYPERON-EXPERIMENTAL-SCRIPTS",""
